id;date_text;event_ref;context
d1;1889 год;;Статистическiя свѣдѣнiя для составленiя отчета и обзора о состоянiи Енисейской губернiи за 1889 годъ
d2;1890 г.;;Начато: 14 Iюня 1890 г. Окончено: 11 Iюля 1890 г.
d3;1890 г.;;Начато: 14 Iюня 1890 г. Окончено: 11 Iюля 1890 г.
d4;1889 год;;Всеподдан ѣйше донося Вашему Императорскому Величеству, что въ управляемой мною губерн iи все обстоитъ благополучно, повергаю на Высочайшее усмотр ѣн iе Ваше годовой отчетъ о состоян iи губерн iи за 1889 годъ.
d5;1890 года;;№402 14/28 Iюня 1890 года. Гор. Красноярскъ
d6;1890 г.;;№440 11 Iюля 1890 г. Въ Канцеляр iю Г. Иркутскаго Генералъ -Губерна -
d7;1889 год;;Им ѣю честь препроводить при семъ (на усмотр ѣнiе Вашего Высокопревосходительства) коп iю съ всеподдан ѣйшаго отчета и обзора о состоян iи Енисейской губерн iи за 1889 годъ.
d8;1889 год;;Им ѣю честь представить при семъ Вашему Высокопр -ву коп iю съ всеподдан ѣйшаго отчета и обзора о состоян iи Енисейской губерн iи за 1889 годъ. В ѣрно Членъ Секретарь Г. Хиту*
d9;1888 г.;;Циркуляръ М.В.Д. отъ 18 окт. 1888 г. * №*/88
d10;1889 год;;За 1889 годъ
d11;1889 года;;"съ в ы ш е с р е д н я г о Снято хл ѣба 2177633 четверти, бол ѣе предыдущаго года на 420133 четверти. Изъ урожая хл ѣба приходится на душу 4,7 четвер. Отъ неблагопр iятныхъ атмосферныхъ явлен iй, градобит iя и проч., а также появлен iя, преимущественно по Красноярскому округу, въ конц ѣ мая и начале Iюня ""кобылки "" и ""земляной блохи "" и по случаю затоплен iя въ н ѣкоторыхъ округахъ полей водою во время разлит iя весною р ѣкъ, погибло хл ѣба въ округахъ Красноярскомъ 1969 десятинъ, Енисейскомъ 3489* десятинъ, Канскомъ Ачинскомъ 398 десятинъ и Минусинскомъ 4766 ½ десят. всего по стоимости семянъ и обработк ѣ земли на сумму 305345 руб. 6 коп. Урожай хл ѣбовъ л ѣта 1889 года въ общемъ былъ удовлетворительный и на продовольств iе жителей и обс ѣменен iе полей достаточный, а по Минусинскому и Канскому о к р у г а м ъ ( п о * ) д а ж е в о в с е з н а ч и т е л ь н ы м ъ о с т а т к о м ъ , ( * ) п о к р ы в а ю щ и м ъ в с ю п о т р е б -"
d12;1867 г.;;"б а 20 9 66 3 ч ет в . 1 ч ет в . 6 ¾ га рн ца . Н ез а в и си мо се го п р о д о в о л ь ст в iя жит е л е й г у б е р н i и о б е с п е ч и в а е т с я сл ѣ д у ю щ и м и п р о д о в о л ь с т в е н н ым и к а п и т а л а м и : а ) г у б е р н с к i й 9 5 0 5 3 ру б . 29 ко п , н а х о д я щ i йс я в ъ о б ра щ енiи в ъ го су д а рс т в ен н о мъ б а нк ѣ и в ъ п ро ц ен т н ы х ъ б у ма г а х ъ , б) м ѣщанскими 11512 руб. 59 ½ коп. и о со б о м ѣ щ а н и н о м го р . М и н у си н ска 7 7 61 ру б . 1 ко п . , х ра н я щи мс я д л я п ри ра щ енiя п ро ц ен т а ми в ъ М и н уси н ско мъ го ро д ск о мъ о б ще с т в ен н о мъ б а н кѣ, в ) кр ест ь я н ски мъ 1 69 7 ру б . , х ра н я щи мся в ъ Е н и сейс ко мъ о т д ѣл ен iи го су д а рст в ен н а го б а н ка ; г) п ро д о в о л ьст в ен н ы мъ ка п и т а л о мъ в ъ К а н ско мъ округ ѣ, собиравшемся въ 1867 г. въ числ ѣ окладныхъ сборовъ – 18267 руб. 41 коп. д) капитал о мъ , в ы р у ч ен н ы мъ о т ъ п ро д а жи и з ъ н ѣко т о р ы х ъ ма га з и н о в ъ х лѣб а , х ра н ящи мся в ъ Е н и сейско мъ о т д ѣл ен iи го су д а рст в ен н а го б а н к а , в ъ ко л ичеств ѣ 17064 руб. 88 коп.; е) капитал о мъ о б ще ст в ен н о й з а п а ш ки д л я у д о в л ет в о ре нiя н у ж д ъ к рес т ь я н ъ въ Ачинскомъ округ ѣ 4434 руб. 36 коп. Минусинскомъ 164726 руб. 35 коп. и*"
d13;1890 года;;дится 1309049 руб. На золотыхъ пр iискахъ было рабочихъ 11236 челов., мен ѣе предыдущаго г о д а н а 4 4 9 ч е л о в . З о л о т а д о б ы т о 262 пуд. 16 ф. 50 зол. 36 десят., мен ѣе предыдущаго года на 24 п. 14 ф. 98 з. 67 д. Города Енисейской губерн iи, мало нас е л е н н ы е и н е о ж и в л е н н ы е з а в о д с к о ю и ф а б р и ч н о ю д ѣ я т е л ь н о с т ь ю , н е м о г у т ъ и м ѣ т ь з н а ч и т е л ь н ы х ъ т о рг о в ы х ъ о б о р о т о в ъ . Т о р г о в ы х ъ с в ид ѣ т е л ь с т в ъ и б и л е т о в ъ б ы л о в з я т о 6 3 0 3 , б о л ѣ е п р е д ы д у щ а г о г од а н а 1 4 8 9 . Окладныхъ податей и записныхъ сборовъ съ недоимками прежнихъ л ѣтъ по счетамъ Казенной Палаты считалось къ поступлен iю 1256053 руб. 15 ¾ коп., въ число этой суммы в зыскано 566174 руб. 43 ¼ коп., осталось къ 1му Января 1890 года 689880 руб. 72 ½ коп., значительная часть недоимки состои т ъ з а к р е с т ь я н а м и и з ъ с с ы л ь н ы х ъ и п о с е л е н ц а м и , а т а к ж е у м е р ш и м и , н е с п о с о б н ы м и к ъ р а б о тѣ , п р и ч и с л е нн ы м и к ъ о б щ е с т в а м ъ п о р а с п о р я-
d14;1889 год;;"выше горизонта весеннихъ водъ. Сторожевой домъ и службы к ъ нему окрашены. 2) Въ район ѣ выше и ниже шлюза на 64 версты производились работы по спрямлен iю р. Яковой, сд ѣланъ 20 спрямлен iй, въ общемъ вынуто 3466,44 куб. саж. Сторожевой домъ у* на 64 верстъ окрашенъ. 3) По сооружен iю шлюза и плотины на 114 вер ст ѣ на р. Мал о й К а с ѣ п р о и з в е д е н ы с л ѣ д у ю щi е р а б о т ы : о к о н ч е н а в ы е м к а к о т л о в а н а н а * о б * с о о р у ж е н i я , п р и * въ 1889 году вынуто земли *121,65 куб. с а ж . ; з а б и т о п о д ъ о с н о в а н i е в с ѣ к р у г л ы я и в с ѣ ш п у н т о в ы е с в а и , о к о н ч е н а п о с т р о й к о ю н и ж н я я г ол о в а ш л ю з а , в ъ в е р х н е й г о л о в ѣ в ы р у б л е н о о б щ е е о с н о в а н i е д л я ш л юз а и п л о т и н ы в ы с о т о ю 0 5 с а ж . ; у л о ж е н ъ к о р о л ь и ф а х б а у м ъ и н а р у б л е н ы с т ѣ н ы , з а и с к л ю ч ен i е м ъ л и ш ь н ѣ с к о л ь к и х ъ в ѣ н ц о в , в ы р ы т о о б * р у с л о д л и н о ю 2 0 с а ж . ; ш и р и н о ю 4 с а ж . , г л у б и н о ю въ 60, верхнемъ конц ѣ 0,70 с аж., въ"
d15;1890 года;;"о б щ е с т в е н ны й же сочинен iй 9763 въ 12705 томахъ на сумму 18960 руб. 64 коп., въ течен iе г о д а б и б л i о т е к а у в е л и ч и л а с ь н а 5 7 1 с о ч и н е нi е и 7 5 5 т о м о в ъ н а с у м м у 1 4 2 0 р у б . Е н и с е й с кi й м у з е й и м ѣ е т ъ п р е д м ет о в ъ е с т е с т в е н н ои с т о р и ч е с к а г о о т дѣ л а 4 0 1 1 , а н т р о п о л о г и ч е с к а г о 5 5 8 , т е х н и ч е с к а г о 5 7 0 , р и с у н к о в ъ, п л а н о в ъ и с т а р и н н ы х ъ а к т о в ъ 7 4 и м ѣ с т н ы х ъ п р о и з в е д е н i й 1 7 3 1 . В ъ о т ч е т н о м ъ г о д у о т к р ы т ъ М уз е й в ъ г о р . К р а с н о я р с кѣ , п р и м узе ѣ им ѣ е т с я б и б л и о т е к а . К о д н ю о т к р ы тi я б и б л и о т е к а с о с т о я л а и з ъ 3 5 0 0 н а з в а нi й ( о к о л о 6 / т . отд ѣ л ь н ы х ъ т о м о в ъ ) , о т д ѣ л н ы х ъ ж е предметовъ въ музе ѣ было 2500 экз.; къ 1 му же января 1890 года въ Красноярс к о м ъ м у з е ѣ н а х о д и л о с ь п р е д м е т о в ъ в ъ с е л ь с к ох о з я й с т в е н н о м ъ о т дѣ л ѣ 4 2 3 , в ъ з о о л о г и ч е с к о м ъ 1 6 9 9 , в ъ м и н е р а л о г и ч е с к о м ъ 7 1 4 , п а л е о н т ол о г и ч е с к о м ъ 5 1 , а р х е о л о г и ч ес к о м ъ 3 5 0 , э т н о г р а ф и ч е с к о м ъ 2 6 3 ,"
d16;1889 год;;за 1889 годъ.
d17;1889 год;;статей Обзора Енисейской губернiи за 1889 годъ.
d18;1889 год;;"Обзоръ Енисейской губерніи за 1889 годъ. I. Географическое положеніе губерніи. Енисейская губернія занимаетъ западную часть Восто чной Сибири, между 52° 21 1 и 77° 33 1 сѣв. шир. и 95° и 128 ° вост. долготы отъ острова Ферро. Наибольшая длина ея отъ границы Китая до мыса на восточной половинѣ Таймырскаго полуострова 2 800, а наибольшая ширина отъ запада къ востоку до 1300 верстъ. Енисейская губернія граничитъ съ сѣвера Ледовитымъ моремъ, съ сѣверо -востока Якутской областью, съ востока и юго-востока – Киренскимъ и Нижнеудинскимъ округами Иркутской губерніи, съ юга – владѣніями Китайской Имперіи, съ запада – Западною Сибирью, а именно: на юго -занадѣ и западѣ – съ округами Кузнецкимъ, Маріинскимъ и Нарымскимъ Томской губерніи и сѣверо -западѣ – Березовскимъ округомъ Тобольской губерніи. Въ юго -западной части губерніи, на пространствѣ около 500 верстъ, границами с лужитъ горный хребетъ, извѣстный подъ именемъ Кузнецкаго Алатау и рѣки Урюпъ и Чулымъ. Отъ Китайской Имперіи, на всемъ протяженіи, губернія отдѣлена цѣпью Саянскихъ горъ, отъ Нижнеудинскаго округа на большомъ протяженіи – рѣками Бирюсою и впадающею въ нее Тагуломъ; граница Киренскаго округа совпадаетъ на югѣ съ р. Ангарою, на сѣверѣ – съ Нижнею Тунгузкою, а вся сѣверо-восточная граница губерніи, на протяженіи до 700 верстъ – съ р. Анабаромъ. Площадь Енисейской губерніи простирается, по исчисленію Стрѣльбицкаго 1874 года, до 2259562,3 кв. верстъ или 46699 кв. миль, въ томъ числѣ: Квадр. верстъ. Квадр. миль. Красноярскій округъ на – – – – 18011,4 372,25 Ачинскій – – – – – 51177,0 1057,71 Канскій – – – – – 72989,5 1508,52 Минусинскій – – – – – 93497,1 1932,36 Енисейскій – – – – – 399012,7 8246,65 Туруханскій край: а) материка съ озерами – – – – 1616374,6 33406,66 б) подъ островами: въ Тазовской губѣ – – – – 5000,0 103,34 въ Енисейской „ – – – – 2900,0 59,94 въ Таймырской „ – – – – 550,0 11,36 Каменные – – – – – 50,0 1,03 По своей громадной величинѣ Енисейская губернія занимаетъ второе мѣсто въ ряду губерній Имперіи. Поверхность губерніи представляетъ большое разнообразіе и состоитъ изъ го рныхъ цѣпей и степныхъ пространствъ (въ Минусинскомъ округѣ) и низменныхъ тундръ (въ Туруханскомъ краѣ); впрочемъ обитаемыя части губерніи имѣютъ преимущественно гористый характеръ. Горные хребты, пересѣкающіе губернію въ разныхъ направленіяхъ, обусло вливаютъ и общую покатость ея къ сѣверу. Другая замѣчательная покатость съ востока на западъ обозначается направленіемъ трехъ Тунгузокъ, главныхъ притоковъ Енисея. Изъ хребтовъ самый значительный Саянскій въ Минусинскомъ округѣ, составляющій какъ бы продолженіе Алтайской горной возвышенности; въ связи съ нимъ тянется на сѣверѣ Кузнецкій –Алатау; изъ горныхъ кряжей на западной сторонѣ Енисея замѣчателенъ еще Кемчугскій. Покатость съ востока"
d19;1874 года;;"Обзоръ Енисейской губерніи за 1889 годъ. I. Географическое положеніе губерніи. Енисейская губернія занимаетъ западную часть Восто чной Сибири, между 52° 21 1 и 77° 33 1 сѣв. шир. и 95° и 128 ° вост. долготы отъ острова Ферро. Наибольшая длина ея отъ границы Китая до мыса на восточной половинѣ Таймырскаго полуострова 2 800, а наибольшая ширина отъ запада къ востоку до 1300 верстъ. Енисейская губернія граничитъ съ сѣвера Ледовитымъ моремъ, съ сѣверо -востока Якутской областью, съ востока и юго-востока – Киренскимъ и Нижнеудинскимъ округами Иркутской губерніи, съ юга – владѣніями Китайской Имперіи, съ запада – Западною Сибирью, а именно: на юго -занадѣ и западѣ – съ округами Кузнецкимъ, Маріинскимъ и Нарымскимъ Томской губерніи и сѣверо -западѣ – Березовскимъ округомъ Тобольской губерніи. Въ юго -западной части губерніи, на пространствѣ около 500 верстъ, границами с лужитъ горный хребетъ, извѣстный подъ именемъ Кузнецкаго Алатау и рѣки Урюпъ и Чулымъ. Отъ Китайской Имперіи, на всемъ протяженіи, губернія отдѣлена цѣпью Саянскихъ горъ, отъ Нижнеудинскаго округа на большомъ протяженіи – рѣками Бирюсою и впадающею въ нее Тагуломъ; граница Киренскаго округа совпадаетъ на югѣ съ р. Ангарою, на сѣверѣ – съ Нижнею Тунгузкою, а вся сѣверо-восточная граница губерніи, на протяженіи до 700 верстъ – съ р. Анабаромъ. Площадь Енисейской губерніи простирается, по исчисленію Стрѣльбицкаго 1874 года, до 2259562,3 кв. верстъ или 46699 кв. миль, въ томъ числѣ: Квадр. верстъ. Квадр. миль. Красноярскій округъ на – – – – 18011,4 372,25 Ачинскій – – – – – 51177,0 1057,71 Канскій – – – – – 72989,5 1508,52 Минусинскій – – – – – 93497,1 1932,36 Енисейскій – – – – – 399012,7 8246,65 Туруханскій край: а) материка съ озерами – – – – 1616374,6 33406,66 б) подъ островами: въ Тазовской губѣ – – – – 5000,0 103,34 въ Енисейской „ – – – – 2900,0 59,94 въ Таймырской „ – – – – 550,0 11,36 Каменные – – – – – 50,0 1,03 По своей громадной величинѣ Енисейская губернія занимаетъ второе мѣсто въ ряду губерній Имперіи. Поверхность губерніи представляетъ большое разнообразіе и состоитъ изъ го рныхъ цѣпей и степныхъ пространствъ (въ Минусинскомъ округѣ) и низменныхъ тундръ (въ Туруханскомъ краѣ); впрочемъ обитаемыя части губерніи имѣютъ преимущественно гористый характеръ. Горные хребты, пересѣкающіе губернію въ разныхъ направленіяхъ, обусло вливаютъ и общую покатость ея къ сѣверу. Другая замѣчательная покатость съ востока на западъ обозначается направленіемъ трехъ Тунгузокъ, главныхъ притоковъ Енисея. Изъ хребтовъ самый значительный Саянскій въ Минусинскомъ округѣ, составляющій какъ бы продолженіе Алтайской горной возвышенности; въ связи съ нимъ тянется на сѣверѣ Кузнецкій –Алатау; изъ горныхъ кряжей на западной сторонѣ Енисея замѣчателенъ еще Кемчугскій. Покатость съ востока"
d20;1888 года;;"берніи простирается до 700 верстъ; рѣка эта носитъ характеръ быстрой, горной рѣки и плаваніе по ней крайне эатрудняется отъ значительнаго числа пороговъ; главнѣйшими изъ нихъ считаются: Стрѣлочный, Гребенской и Мурскій. Подкаменная Тунгузка беретъ на чало въ Енисейскомъ округѣ, имѣетъ теченія до 1000 верстъ, частію судоходна и вливается въ Енисей подъ 61° 85 1 сѣв. шир. Нижняя Тунгузка издавна играла важную роль въ исторіи завоеванія Сибири: она служила казакамъ главнымъ путемъ къ рѣкѣ Ленѣ. По Ту руханскому краю Нижняя Тунгузка протекаетъ на протяженіи 850 верстъ и вливается въ Енисей подъ 65° 47 1 сѣв. шир.; берега ея не населены и посѣщаются, какъ и Подкаменной Тунгузки, одними бродячими инородцами тунгузскихъ родовъ. Изъ второстепенныхъ притоко въ Енисея съ правой стороны можно назвать Усъ, Ою, Тубу, Сыду, Ману и Канъ; ни одна изъ этихъ рѣкъ не протекаетъ менѣе 160 верстъ; Канъ же имѣетъ теченія до 500 верстъ. Съ лѣвой стороны Енисей принимаетъ въ себя рѣки, менѣе значительныя по длинѣ; изъ числ а ихъ стоитъ упомянуть объ Абаканѣ и Туруханѣ. Абаканъ беретъ начало въ Томской губерніи изъ Абаканскихъ горъ, служащихъ водораздѣломъ этой рѣки съ притоками Телецкаго озера. Абаканъ орошаетъ западную часть Минусинскаго округа; въ верхнемъ теченіи рѣка эта пробивается чрезъ узкія и скалистыя ущелья; только отъ устья р. Таштыпа долина Абакана расширяется. Длина теченія Абакана до 400 верстъ. Туруханъ течетъ по тундрамъ и вливается въ Енисей подъ 65° 50 1 сѣв. шир. Изъ рѣкъ, впадающихъ въ Ледовитое море , замѣчательны по величинѣ – Анабара, Хатанга и Тазъ; первая беретъ начало подъ 66° сѣв. шир., течетъ на протяженіи 1000 верстъ и вливается въ Анабарскій заливъ подъ 73° 1 1 сѣв. шир.; русло ея порожисто, берега отчасти тундристы, отчасти скалисты и покр ыты лѣсомъ; долина Анабары весьма мало населена и посѣщается только звѣропромышленниками. Хатанга вытекаетъ изъ Хатангскаго озера и имѣетъ болѣе 1000 верстъ теченія. Рѣка Тазъ течетъ въ сѣверо -западномъ углу губерніи по пустынной мѣстности на протяженіи около 700 верстъ и вливается въ Тазовскую губу. Кромѣ означенныхъ рѣкъ, губернію орошаютъ еще рѣки системы Оби, изъ коихъ самыя большія Чулымъ и Кеть. Озеръ въ губерніи также много; изъ соленыхъ и горько -соленыхъ въ Минусинскомъ и Ачинскомъ округахъ замѣчательны: Степное, Калараевское, Татарское и Шира; два послѣднія замѣчательны минеральными и цѣлебными свойствами. Большія прѣсноводныя озера – Ессейское, Пясино и Таймырское находятся въ Туруханскомъ краѣ. Климатъ Енисейской губерніи, по преимуществу, континенталенъ. II. Естественныя и производительныя силы губерніи и экономическая дѣятельность населенія. а) Земледѣліе. (Приложеніемъ этой статьи служитъ вѣдомость № 1.) Посѣвы по губерніи вообще начались: озимые съ половины Іюля и до Сентября мѣсяца 1888 года, а яровые съ конца Апрѣля и въ продолженіе Мая 1889 года. Посѣвъ яровыхъ хлѣбовъ противъ 1888 года начался нѣсколько позднѣе, по случаю холода и долго -лежавшаго на поляхъ снѣга. Всходы хлѣбовъ сначала вообще были удовлетворительны и подавали надежду на хорошій урожай, за исключеніемъ Енисейскаго округа, въ которомъ, по случаю долгаго лежанія снѣговъ на поляхъ, поздняго посѣва, холодной весенней погоды и продолжавшейся засухи, всходы хлѣбовъ были не совсѣмъ удовлетворительны. По прочимъ же округамъ нѣсколько повліяло на всходы хлѣбовъ изобиліе дождей и разлитіе рѣкъ весною, по-"
d21;1889 года;;"берніи простирается до 700 верстъ; рѣка эта носитъ характеръ быстрой, горной рѣки и плаваніе по ней крайне эатрудняется отъ значительнаго числа пороговъ; главнѣйшими изъ нихъ считаются: Стрѣлочный, Гребенской и Мурскій. Подкаменная Тунгузка беретъ на чало въ Енисейскомъ округѣ, имѣетъ теченія до 1000 верстъ, частію судоходна и вливается въ Енисей подъ 61° 85 1 сѣв. шир. Нижняя Тунгузка издавна играла важную роль въ исторіи завоеванія Сибири: она служила казакамъ главнымъ путемъ къ рѣкѣ Ленѣ. По Ту руханскому краю Нижняя Тунгузка протекаетъ на протяженіи 850 верстъ и вливается въ Енисей подъ 65° 47 1 сѣв. шир.; берега ея не населены и посѣщаются, какъ и Подкаменной Тунгузки, одними бродячими инородцами тунгузскихъ родовъ. Изъ второстепенныхъ притоко въ Енисея съ правой стороны можно назвать Усъ, Ою, Тубу, Сыду, Ману и Канъ; ни одна изъ этихъ рѣкъ не протекаетъ менѣе 160 верстъ; Канъ же имѣетъ теченія до 500 верстъ. Съ лѣвой стороны Енисей принимаетъ въ себя рѣки, менѣе значительныя по длинѣ; изъ числ а ихъ стоитъ упомянуть объ Абаканѣ и Туруханѣ. Абаканъ беретъ начало въ Томской губерніи изъ Абаканскихъ горъ, служащихъ водораздѣломъ этой рѣки съ притоками Телецкаго озера. Абаканъ орошаетъ западную часть Минусинскаго округа; въ верхнемъ теченіи рѣка эта пробивается чрезъ узкія и скалистыя ущелья; только отъ устья р. Таштыпа долина Абакана расширяется. Длина теченія Абакана до 400 верстъ. Туруханъ течетъ по тундрамъ и вливается въ Енисей подъ 65° 50 1 сѣв. шир. Изъ рѣкъ, впадающихъ въ Ледовитое море , замѣчательны по величинѣ – Анабара, Хатанга и Тазъ; первая беретъ начало подъ 66° сѣв. шир., течетъ на протяженіи 1000 верстъ и вливается въ Анабарскій заливъ подъ 73° 1 1 сѣв. шир.; русло ея порожисто, берега отчасти тундристы, отчасти скалисты и покр ыты лѣсомъ; долина Анабары весьма мало населена и посѣщается только звѣропромышленниками. Хатанга вытекаетъ изъ Хатангскаго озера и имѣетъ болѣе 1000 верстъ теченія. Рѣка Тазъ течетъ въ сѣверо -западномъ углу губерніи по пустынной мѣстности на протяженіи около 700 верстъ и вливается въ Тазовскую губу. Кромѣ означенныхъ рѣкъ, губернію орошаютъ еще рѣки системы Оби, изъ коихъ самыя большія Чулымъ и Кеть. Озеръ въ губерніи также много; изъ соленыхъ и горько -соленыхъ въ Минусинскомъ и Ачинскомъ округахъ замѣчательны: Степное, Калараевское, Татарское и Шира; два послѣднія замѣчательны минеральными и цѣлебными свойствами. Большія прѣсноводныя озера – Ессейское, Пясино и Таймырское находятся въ Туруханскомъ краѣ. Климатъ Енисейской губерніи, по преимуществу, континенталенъ. II. Естественныя и производительныя силы губерніи и экономическая дѣятельность населенія. а) Земледѣліе. (Приложеніемъ этой статьи служитъ вѣдомость № 1.) Посѣвы по губерніи вообще начались: озимые съ половины Іюля и до Сентября мѣсяца 1888 года, а яровые съ конца Апрѣля и въ продолженіе Мая 1889 года. Посѣвъ яровыхъ хлѣбовъ противъ 1888 года начался нѣсколько позднѣе, по случаю холода и долго -лежавшаго на поляхъ снѣга. Всходы хлѣбовъ сначала вообще были удовлетворительны и подавали надежду на хорошій урожай, за исключеніемъ Енисейскаго округа, въ которомъ, по случаю долгаго лежанія снѣговъ на поляхъ, поздняго посѣва, холодной весенней погоды и продолжавшейся засухи, всходы хлѣбовъ были не совсѣмъ удовлетворительны. По прочимъ же округамъ нѣсколько повліяло на всходы хлѣбовъ изобиліе дождей и разлитіе рѣкъ весною, по-"
d22;1888 года;;"берніи простирается до 700 верстъ; рѣка эта носитъ характеръ быстрой, горной рѣки и плаваніе по ней крайне эатрудняется отъ значительнаго числа пороговъ; главнѣйшими изъ нихъ считаются: Стрѣлочный, Гребенской и Мурскій. Подкаменная Тунгузка беретъ на чало въ Енисейскомъ округѣ, имѣетъ теченія до 1000 верстъ, частію судоходна и вливается въ Енисей подъ 61° 85 1 сѣв. шир. Нижняя Тунгузка издавна играла важную роль въ исторіи завоеванія Сибири: она служила казакамъ главнымъ путемъ къ рѣкѣ Ленѣ. По Ту руханскому краю Нижняя Тунгузка протекаетъ на протяженіи 850 верстъ и вливается въ Енисей подъ 65° 47 1 сѣв. шир.; берега ея не населены и посѣщаются, какъ и Подкаменной Тунгузки, одними бродячими инородцами тунгузскихъ родовъ. Изъ второстепенныхъ притоко въ Енисея съ правой стороны можно назвать Усъ, Ою, Тубу, Сыду, Ману и Канъ; ни одна изъ этихъ рѣкъ не протекаетъ менѣе 160 верстъ; Канъ же имѣетъ теченія до 500 верстъ. Съ лѣвой стороны Енисей принимаетъ въ себя рѣки, менѣе значительныя по длинѣ; изъ числ а ихъ стоитъ упомянуть объ Абаканѣ и Туруханѣ. Абаканъ беретъ начало въ Томской губерніи изъ Абаканскихъ горъ, служащихъ водораздѣломъ этой рѣки съ притоками Телецкаго озера. Абаканъ орошаетъ западную часть Минусинскаго округа; въ верхнемъ теченіи рѣка эта пробивается чрезъ узкія и скалистыя ущелья; только отъ устья р. Таштыпа долина Абакана расширяется. Длина теченія Абакана до 400 верстъ. Туруханъ течетъ по тундрамъ и вливается въ Енисей подъ 65° 50 1 сѣв. шир. Изъ рѣкъ, впадающихъ въ Ледовитое море , замѣчательны по величинѣ – Анабара, Хатанга и Тазъ; первая беретъ начало подъ 66° сѣв. шир., течетъ на протяженіи 1000 верстъ и вливается въ Анабарскій заливъ подъ 73° 1 1 сѣв. шир.; русло ея порожисто, берега отчасти тундристы, отчасти скалисты и покр ыты лѣсомъ; долина Анабары весьма мало населена и посѣщается только звѣропромышленниками. Хатанга вытекаетъ изъ Хатангскаго озера и имѣетъ болѣе 1000 верстъ теченія. Рѣка Тазъ течетъ въ сѣверо -западномъ углу губерніи по пустынной мѣстности на протяженіи около 700 верстъ и вливается въ Тазовскую губу. Кромѣ означенныхъ рѣкъ, губернію орошаютъ еще рѣки системы Оби, изъ коихъ самыя большія Чулымъ и Кеть. Озеръ въ губерніи также много; изъ соленыхъ и горько -соленыхъ въ Минусинскомъ и Ачинскомъ округахъ замѣчательны: Степное, Калараевское, Татарское и Шира; два послѣднія замѣчательны минеральными и цѣлебными свойствами. Большія прѣсноводныя озера – Ессейское, Пясино и Таймырское находятся въ Туруханскомъ краѣ. Климатъ Енисейской губерніи, по преимуществу, континенталенъ. II. Естественныя и производительныя силы губерніи и экономическая дѣятельность населенія. а) Земледѣліе. (Приложеніемъ этой статьи служитъ вѣдомость № 1.) Посѣвы по губерніи вообще начались: озимые съ половины Іюля и до Сентября мѣсяца 1888 года, а яровые съ конца Апрѣля и въ продолженіе Мая 1889 года. Посѣвъ яровыхъ хлѣбовъ противъ 1888 года начался нѣсколько позднѣе, по случаю холода и долго -лежавшаго на поляхъ снѣга. Всходы хлѣбовъ сначала вообще были удовлетворительны и подавали надежду на хорошій урожай, за исключеніемъ Енисейскаго округа, въ которомъ, по случаю долгаго лежанія снѣговъ на поляхъ, поздняго посѣва, холодной весенней погоды и продолжавшейся засухи, всходы хлѣбовъ были не совсѣмъ удовлетворительны. По прочимъ же округамъ нѣсколько повліяло на всходы хлѣбовъ изобиліе дождей и разлитіе рѣкъ весною, по-"
d23;1888 г.;;Овса – – – – ,, – 70 ,, – 70 ,, – 60 ,, – 45 Туруханскомъ краѣ: Муки ржаной – – – – 1 – 20 ,, – 90 1 – 20 1 – 30 – пшеничной – – – 1 90 2 – – 1 – 70 1 – 80 Овса – – – – ,, – – ,, – – ,, – – ,, – – Осенью 1888 г. и весною 1889 года было посѣяно хлѣба: П о о к р у г а м ъ . Озимаго. Яроваго. Картофеля. Ч Е Т В Е Р Т Е Й .
d24;1889 года;;Овса – – – – ,, – 70 ,, – 70 ,, – 60 ,, – 45 Туруханскомъ краѣ: Муки ржаной – – – – 1 – 20 ,, – 90 1 – 20 1 – 30 – пшеничной – – – 1 90 2 – – 1 – 70 1 – 80 Овса – – – – ,, – – ,, – – ,, – – ,, – – Осенью 1888 г. и весною 1889 года было посѣяно хлѣба: П о о к р у г а м ъ . Озимаго. Яроваго. Картофеля. Ч Е Т В Е Р Т Е Й .
d25;1890 года;;"б) Обезпеченіе народнаго продовольствія. Къ 1-му Января 1890 года въ экономическихъ сел ьскихъ магазинахъ находилось на лицо запаснаго хлѣба: озимаго и яроваго 209 663 четв. 1 четв 6¾ гарнца; въ ссудахъ и недоимкахъ озимаго и яроваго 179459 четв. 6 четв., а именно: П о о к р у г а м ъ . Число магазиновъ. Находилось налицо. Состояло въ ссудахъ и недоимкахъ. Озимаго. Яроваго. Озимаго. Яроваго."
d26;1889 года;;"гор. Красноярскѣ до 65 четв., Енисейскѣ до 221 четв., Канскѣ до 90 3¼ четв., Ачинскѣ до 288 четв. и Минусинскѣ до 1976¼ четв. Въ сравненіи съ предшествовавшимъ годомъ въ запасныхъ магазинахъ было хлѣба н а лицо менѣе на 20047 четв. 6 четв. 5¾ гарнц. и въ ссудахъ менѣе же на 24965 четв. 6 четв. 5¼ гарнц. Урожай лѣта 1889 года въ общемъ былъ удовлетворительный и на продовольствіе жителей и обсѣмененіе полей достаточный, а по Минусинскому и Канскому округа мъ получился даже весьма значительный остатокъ, съ избыткомъ покрывающій всю потребность губ ерніи, а потому принимать какія -либо особенныя мѣры къ обезпеченію продовольствіемъ жителей губерніи не предстоитъ надобности; также не предстоитъ надобности к ъ принятію мѣръ къ обезпеченію продовольствіемъ жителей и Енисейскаго округа, такъ какъ по округу собрано хлѣба болѣе, чѣ мъ въ прошломъ году, и притомъ какъ гор. Енисейскъ, такъ и его округъ запасаютъ хлѣбъ сплавомъ изъ Минусинскаго округа; въ случаѣ ж е крайней необходимости можно разрѣшить сельскимъ обществамъ покупку сѣмянъ на ихъ деньги, хранящіяся подъ книжками государственнаго банка, вырученныя отъ продажи хлѣба въ минувшихъ годахъ изъ ихъ экономическихъ магазиновъ. Затѣмъ продовольствіе жителей обезпечивается имѣющимися продовольственными капиталами: 1) губернскимъ, заключающимся въ безсрочномъ вкладѣ по книжкѣ Государственнаго Банка за № 17863 , въ числѣ 75053 руб. 29 коп. и въ процентныхъ бумагахъ на сумму 20000 р. съ процентами; 2) мѣщански мъ, состоящимъ изъ 11512 р. 59½ к., хранящимся въ Енисейскомъ Отдѣленіи Государственнаго Банка, по книжкамъ за №№ 3157, 409, 4561, 4562 и 4 563, а именно городовъ: Красноярска – 4841 руб. 18½ коп., Енисейска 4030 руб. 63 коп., Канска 596 руб. 94 коп., Ачинска 2043 руб., 84 коп. и особо мѣщанъ гор. Минусинска 7761 руб. 1 коп., хранящимся въ Минусинскомъ городскомъ общественномъ банкѣ; 3) крестьянскимъ, въ размѣрѣ 1697 р., хранящимся въ Енисейскомъ Отдѣленіи Государственнаго Банка, н а книжкахъ подъ №№ 3009 и 4755 ; 4 ) продовольственнымъ капиталомъ въ Канскомъ округѣ, собиравшимся до 1867 года, въ числѣ окладныхъ сборовъ, 18267 руб. 41 коп., и капиталомъ, вырученнымъ отъ продажи изъ нѣкоторыхъ магазиновъ хлѣба, хранящимся въ Енисейскомъ Отдѣленіи Гос ударственнаго Банка, по книжкамъ за №№ 437, 2932 и 3 135, въ количествѣ 17064 руб. 88 коп.; 5 ) капиталомъ общественной запашки для удовлетворенія нуждъ крестьянъ: въ Ачинскомъ округѣ: наличными деньгами 270 руб. 36 коп. въ книжкѣ сберег. кассы 350 руб. и въ ссудахъ 3814 руб., Минусинскомъ – наличными деньгами 7117 руб. 56 коп., процентными бумагами 84700 руб., въ ссудахъ и недоимкахъ 18908 руб. 79 коп., всего 164726 руб. 35 коп., и въ Канскомъ округѣ наличными деньгами 1943 руб. 76½ коп. и въ процентных ъ бумагахъ 16100 руб. и 6) капиталами ссудосберегательныхъ товариществъ въ селеніяхъ Канска го округа: Рыбинскомъ, Тинскомъ и Тасѣевскомъ, обороты которыхъ достигли болѣе 15000 руб.; въ селеніяхъ Минусинскаго округа: Новоселовскомъ, Тесинскомъ и Абаканско мъ, обороты коихъ до 18000 руб., и капиталомъ въ 3825 руб., обращавшимся въ открытомъ въ минувшемъ году (1 -го Марта) въ Красноярскомъ округѣ Сухобузимскомъ сельскомъ банкѣ. Затѣмъ жители Туруханскаго края, преимущественно инородцы, занимающіеся звѣроловствомъ, обезпечиваются имѣющимся казеннымъ и сплавленнымъ частными лицами хлѣбомъ; но по случаю упадка промышленности казеннаго хлѣба оказывается недостаточно для продовольствія нуждающихся.–"
d27;1867 года;;"гор. Красноярскѣ до 65 четв., Енисейскѣ до 221 четв., Канскѣ до 90 3¼ четв., Ачинскѣ до 288 четв. и Минусинскѣ до 1976¼ четв. Въ сравненіи съ предшествовавшимъ годомъ въ запасныхъ магазинахъ было хлѣба н а лицо менѣе на 20047 четв. 6 четв. 5¾ гарнц. и въ ссудахъ менѣе же на 24965 четв. 6 четв. 5¼ гарнц. Урожай лѣта 1889 года въ общемъ былъ удовлетворительный и на продовольствіе жителей и обсѣмененіе полей достаточный, а по Минусинскому и Канскому округа мъ получился даже весьма значительный остатокъ, съ избыткомъ покрывающій всю потребность губ ерніи, а потому принимать какія -либо особенныя мѣры къ обезпеченію продовольствіемъ жителей губерніи не предстоитъ надобности; также не предстоитъ надобности к ъ принятію мѣръ къ обезпеченію продовольствіемъ жителей и Енисейскаго округа, такъ какъ по округу собрано хлѣба болѣе, чѣ мъ въ прошломъ году, и притомъ какъ гор. Енисейскъ, такъ и его округъ запасаютъ хлѣбъ сплавомъ изъ Минусинскаго округа; въ случаѣ ж е крайней необходимости можно разрѣшить сельскимъ обществамъ покупку сѣмянъ на ихъ деньги, хранящіяся подъ книжками государственнаго банка, вырученныя отъ продажи хлѣба въ минувшихъ годахъ изъ ихъ экономическихъ магазиновъ. Затѣмъ продовольствіе жителей обезпечивается имѣющимися продовольственными капиталами: 1) губернскимъ, заключающимся въ безсрочномъ вкладѣ по книжкѣ Государственнаго Банка за № 17863 , въ числѣ 75053 руб. 29 коп. и въ процентныхъ бумагахъ на сумму 20000 р. съ процентами; 2) мѣщански мъ, состоящимъ изъ 11512 р. 59½ к., хранящимся въ Енисейскомъ Отдѣленіи Государственнаго Банка, по книжкамъ за №№ 3157, 409, 4561, 4562 и 4 563, а именно городовъ: Красноярска – 4841 руб. 18½ коп., Енисейска 4030 руб. 63 коп., Канска 596 руб. 94 коп., Ачинска 2043 руб., 84 коп. и особо мѣщанъ гор. Минусинска 7761 руб. 1 коп., хранящимся въ Минусинскомъ городскомъ общественномъ банкѣ; 3) крестьянскимъ, въ размѣрѣ 1697 р., хранящимся въ Енисейскомъ Отдѣленіи Государственнаго Банка, н а книжкахъ подъ №№ 3009 и 4755 ; 4 ) продовольственнымъ капиталомъ въ Канскомъ округѣ, собиравшимся до 1867 года, въ числѣ окладныхъ сборовъ, 18267 руб. 41 коп., и капиталомъ, вырученнымъ отъ продажи изъ нѣкоторыхъ магазиновъ хлѣба, хранящимся въ Енисейскомъ Отдѣленіи Гос ударственнаго Банка, по книжкамъ за №№ 437, 2932 и 3 135, въ количествѣ 17064 руб. 88 коп.; 5 ) капиталомъ общественной запашки для удовлетворенія нуждъ крестьянъ: въ Ачинскомъ округѣ: наличными деньгами 270 руб. 36 коп. въ книжкѣ сберег. кассы 350 руб. и въ ссудахъ 3814 руб., Минусинскомъ – наличными деньгами 7117 руб. 56 коп., процентными бумагами 84700 руб., въ ссудахъ и недоимкахъ 18908 руб. 79 коп., всего 164726 руб. 35 коп., и въ Канскомъ округѣ наличными деньгами 1943 руб. 76½ коп. и въ процентных ъ бумагахъ 16100 руб. и 6) капиталами ссудосберегательныхъ товариществъ въ селеніяхъ Канска го округа: Рыбинскомъ, Тинскомъ и Тасѣевскомъ, обороты которыхъ достигли болѣе 15000 руб.; въ селеніяхъ Минусинскаго округа: Новоселовскомъ, Тесинскомъ и Абаканско мъ, обороты коихъ до 18000 руб., и капиталомъ въ 3825 руб., обращавшимся въ открытомъ въ минувшемъ году (1 -го Марта) въ Красноярскомъ округѣ Сухобузимскомъ сельскомъ банкѣ. Затѣмъ жители Туруханскаго края, преимущественно инородцы, занимающіеся звѣроловствомъ, обезпечиваются имѣющимся казеннымъ и сплавленнымъ частными лицами хлѣбомъ; но по случаю упадка промышленности казеннаго хлѣба оказывается недостаточно для продовольствія нуждающихся.–"
d28;1 Января 1890 года;;"тельствъ на мелочной торгъ: 3 класса годовыхъ 150, полугодовыхъ 17; 4 класса годовыхъ 176, полугодовыхъ 52, 5 класса годовыхъ 949, полугодовыхъ 213, свидѣтельствъ на разводный торгъ годовыхъ 144 , полугодовыхъ 61; па разносный торгъ: годовыхъ 57 , полугодовыхъ 18; приказчичьихъ свидѣтельствъ: 1 класса годовыхъ 288, полугодовыхъ 35; 2 класса годовыхъ 1020, полугодовыхъ 327; паспортовъ для членовъ купеческихъ семействъ: 1 -й гильдіи годовыхъ 6; 2 -й годовыхъ 138; промысловыхъ свидѣтельствъ отъ 10 до 16 -ти работниковъ 3 класса годовыхъ 6, 5 класса годовыхъ 4, отъ 5 до 9 работниковъ: 3 класса годовыхъ 4, полугодовыхъ 1, 4 класса г одовыхъ 2, 5 класса годовыхъ 20 , полугодовыхъ 2, отъ 2 до 4 -х работниковъ: 3 класса годовыхъ 41, полуг одовыхъ 9, 4 класса годовыхъ 23 , полугодовыхъ 4, 5 класса годовыхъ 65, полугодовыхъ 19; билетовъ: къ свидѣтельствамъ 1 -й гильдіи: 3 класса годовыхъ 26 , полу годовыхъ 1, 4 класса годовыхъ 9 , полугодовыхъ 2; 5 класса годовыхъ 12; 2 -й гильдіи 3 класса годовыхъ 90 , полугодовыхъ 5; 4 класса годовыхъ 16, полугодовыхъ 24, 5 класса годовыхъ 644, полугодовыхъ 57; мелочнаго торга 3 класса годовыхъ 116, полугодовыхъ 34; 4 класса годовыхъ 26; полугодовыхъ 6; 5 класса годовыхъ 124, полуго довыхъ 116; ярмарочныхъ документовъ IV разряда: билетовъ 1 -й гильдіи 2, 2 -й гильдіи 35; на мелочной торгъ 61; приказчичьихъ свидѣтельствъ 4 разряда 1 класса 5, 2 класса 72. Всего свидѣтельствъ и билетовъ выдано 63 03, болѣе предыдущаго года на 1 489. Изъ чис ла выданныхъ торговыхъ свидѣтельствъ и билетовъ приходится на округа: Красноярскій 1587, Енисейскій 1238, Ачинскій 1046, Канскій 1206, Минусинскій 1202 и Туруханскій край 4. Изъ приведеннаго ряда цифръ выданныхъ свидѣтельствъ и билетовъ видно, что торгов ля въ отчетномъ году нѣсколько улучшилась. Ярмарокъ, обороты которыхъ простирались бы на сумму болѣе 300 т. руб., не было. Обороты болѣе важныхъ ярмарокъ въ Ачинскомъ округѣ были: Никольской (Балахтинской волости) 62321 руб. и Петропавловской (Ужурской волости) 66715 руб. Въ Минусінскомъ округѣ на трехъ ярмаркахъ, Абаканской, Георгіевской и Каратузской, оборотъ простирался на 105 тысячъ руб. Привозную торговлю составляютъ мануфактурные, колоніальные и галантерейные товары и виноградныя вина; вывозъ же: хлѣбъ, желѣзо, кожи, овчина, конскій волосъ и щетина. е) Движеніе населенія. (Приложеніемъ къ этой статьѣ служитъ вѣдомость № 3). Къ 1 Января 1890 года состояло жителей въ Енисейской губерніи: мужскаго пола 261702, женскаго 193059, всего 454758. Населеніе губерніи располагается по городамъ и округамъ слѣдующимъ образомъ: а) Въ городахъ:"
d29;1889 год;;"На 100 душъ населенія приходится умершихъ въ городахъ 5,1 и округахъ 3,5 . 3, Браковъ а) въ городахъ – – – – – – – 308 б) – округахъ – – – – – – – 3040 Итого въ губерніи – 3348 На 100 душъ населенія приходится браковъ въ городахъ 0,8 в округахъ 0,7 . III. Подати и повинности. (Приложеніемъ въ сей статьѣ служатъ двѣ вѣдомости № 4). а) Окладные сборы. Къ 1889 году оставалось по губерніи въ недоимкѣ 459328 руб. 62 ½ коп.; причиталось на отчетный годъ оклада 450527 руб. 29 ½ коп., въ теченіе отчетнаго года вновь причислено: недоимки 11492 руб. 60 ¼ коп. и оклада 23308 руб. 41 коп., изъ того числа исключено: недоимки 17374 руб. 37 ¼ коп. и оклада 11530 руб. 76 ½ коп., поступило недоимки 53735 руб. 55 коп. и оклада 359476 руб. 18 ¼ коп., затѣмъ къ 1 Января 1890 г. осталось недоимки 399711 руб. 29 ¾ коп. и оклада 102828 руб. 75 ¾ коп. всего 502540 руб. 5 ½ коп. б) Губернскіе земскіе сборы. Къ 1889 году оставалось въ недоимкѣ 143789 руб. 11 коп., причиталось на отчетный годъ оклада 177882 руб. 31 коп., въ теченіе отчетнаго года вновь причислено: недоимки 890 руб. 69 ½ коп. и оклада 1938 руб. 68 коп., изъ того числа исключено: недоимки 5320 руб. 63 ½ коп. и оклада 9835 руб. 20 ¼ коп., поступило недоимки 21585 руб. 60 коп. и оклада 129883 руб. 78 ½ коп., затѣмъ къ 1-му Января 1890 года осталось недоимки 117773 руб. 57 ¼ коп. и оклада 40102 руб. ¼ коп., итого 157875 руб. 57 ½ коп. в) Частные земскіе сборы. Къ 1889 году оставалось въ недоимкѣ 31323 руб. 10 коп., причиталось на отчетный годъ оклада 1085 руб. 20 коп., въ теченіе отчетнаго года вновь причислено: недоимки 921 руб. 4 ½ коп. и оклада 11 руб. 4 ½ коп., изъ того числа исключено недоимки 2276 руб. 23 ½ коп. и оклада 105 руб. 75 ½ коп., поступило недоимки 814 руб. 81 коп. и оклада 678 руб. 4 9 ½ коп.; затѣмъ къ 1 Января 1890 г. осталось: въ недоимкѣ 29153 руб. 10 коп. и оклада 311 руб. 99 ¼ коп., всего 29465 руб. 9 ¼ коп. Всего по счетамъ Енисейской Казенной Палаты слѣдовало поступить по губерніи податей и сборовъ 1302498 руб. 11 ¾ коп., въ то число дѣйствительно поступило 566174 руб. 43 ¼ коп. , исключено 46442 р. 96 коп. и осталось къ 1 Января 1890 г. 689880 руб. 72 ½ коп., болѣе предыдущаго года на 55430 руб. 89 коп. Изъ означенной недоимки считается большею частію на крестьянахъ, причисленныхъ изъ ссыльныхъ, и инородцахъ 358970 руб. 81 ½ коп., купцахъ и мѣщанахъ 34831 руб. 47 ¾ коп., поселенцахъ 278959 руб. 92 ¾ и налога съ недвижимыхъ имуществъ 17118 руб. 50 ½ коп. г) Отправленіе денежныхъ повинностей: Въ Енисейской губерніи было отне сено обывателями денежныхъ повинностей: губернскихъ: а) на устройство и содержаніе мостовъ, гатей, перевозовъ черезъ рѣки и ремонтъ верстовыхъ столбовъ 11121 руб. 28 коп.; б) на содержаніе подводъ при окружныхъ полицейскихъ управленіяхъ и по селеніямъ, на-"
d30;1 Января 1890 г.;;"На 100 душъ населенія приходится умершихъ въ городахъ 5,1 и округахъ 3,5 . 3, Браковъ а) въ городахъ – – – – – – – 308 б) – округахъ – – – – – – – 3040 Итого въ губерніи – 3348 На 100 душъ населенія приходится браковъ въ городахъ 0,8 в округахъ 0,7 . III. Подати и повинности. (Приложеніемъ въ сей статьѣ служатъ двѣ вѣдомости № 4). а) Окладные сборы. Къ 1889 году оставалось по губерніи въ недоимкѣ 459328 руб. 62 ½ коп.; причиталось на отчетный годъ оклада 450527 руб. 29 ½ коп., въ теченіе отчетнаго года вновь причислено: недоимки 11492 руб. 60 ¼ коп. и оклада 23308 руб. 41 коп., изъ того числа исключено: недоимки 17374 руб. 37 ¼ коп. и оклада 11530 руб. 76 ½ коп., поступило недоимки 53735 руб. 55 коп. и оклада 359476 руб. 18 ¼ коп., затѣмъ къ 1 Января 1890 г. осталось недоимки 399711 руб. 29 ¾ коп. и оклада 102828 руб. 75 ¾ коп. всего 502540 руб. 5 ½ коп. б) Губернскіе земскіе сборы. Къ 1889 году оставалось въ недоимкѣ 143789 руб. 11 коп., причиталось на отчетный годъ оклада 177882 руб. 31 коп., въ теченіе отчетнаго года вновь причислено: недоимки 890 руб. 69 ½ коп. и оклада 1938 руб. 68 коп., изъ того числа исключено: недоимки 5320 руб. 63 ½ коп. и оклада 9835 руб. 20 ¼ коп., поступило недоимки 21585 руб. 60 коп. и оклада 129883 руб. 78 ½ коп., затѣмъ къ 1-му Января 1890 года осталось недоимки 117773 руб. 57 ¼ коп. и оклада 40102 руб. ¼ коп., итого 157875 руб. 57 ½ коп. в) Частные земскіе сборы. Къ 1889 году оставалось въ недоимкѣ 31323 руб. 10 коп., причиталось на отчетный годъ оклада 1085 руб. 20 коп., въ теченіе отчетнаго года вновь причислено: недоимки 921 руб. 4 ½ коп. и оклада 11 руб. 4 ½ коп., изъ того числа исключено недоимки 2276 руб. 23 ½ коп. и оклада 105 руб. 75 ½ коп., поступило недоимки 814 руб. 81 коп. и оклада 678 руб. 4 9 ½ коп.; затѣмъ къ 1 Января 1890 г. осталось: въ недоимкѣ 29153 руб. 10 коп. и оклада 311 руб. 99 ¼ коп., всего 29465 руб. 9 ¼ коп. Всего по счетамъ Енисейской Казенной Палаты слѣдовало поступить по губерніи податей и сборовъ 1302498 руб. 11 ¾ коп., въ то число дѣйствительно поступило 566174 руб. 43 ¼ коп. , исключено 46442 р. 96 коп. и осталось къ 1 Января 1890 г. 689880 руб. 72 ½ коп., болѣе предыдущаго года на 55430 руб. 89 коп. Изъ означенной недоимки считается большею частію на крестьянахъ, причисленныхъ изъ ссыльныхъ, и инородцахъ 358970 руб. 81 ½ коп., купцахъ и мѣщанахъ 34831 руб. 47 ¾ коп., поселенцахъ 278959 руб. 92 ¾ и налога съ недвижимыхъ имуществъ 17118 руб. 50 ½ коп. г) Отправленіе денежныхъ повинностей: Въ Енисейской губерніи было отне сено обывателями денежныхъ повинностей: губернскихъ: а) на устройство и содержаніе мостовъ, гатей, перевозовъ черезъ рѣки и ремонтъ верстовыхъ столбовъ 11121 руб. 28 коп.; б) на содержаніе подводъ при окружныхъ полицейскихъ управленіяхъ и по селеніямъ, на-"
d31;1889 год;;"На 100 душъ населенія приходится умершихъ въ городахъ 5,1 и округахъ 3,5 . 3, Браковъ а) въ городахъ – – – – – – – 308 б) – округахъ – – – – – – – 3040 Итого въ губерніи – 3348 На 100 душъ населенія приходится браковъ въ городахъ 0,8 в округахъ 0,7 . III. Подати и повинности. (Приложеніемъ въ сей статьѣ служатъ двѣ вѣдомости № 4). а) Окладные сборы. Къ 1889 году оставалось по губерніи въ недоимкѣ 459328 руб. 62 ½ коп.; причиталось на отчетный годъ оклада 450527 руб. 29 ½ коп., въ теченіе отчетнаго года вновь причислено: недоимки 11492 руб. 60 ¼ коп. и оклада 23308 руб. 41 коп., изъ того числа исключено: недоимки 17374 руб. 37 ¼ коп. и оклада 11530 руб. 76 ½ коп., поступило недоимки 53735 руб. 55 коп. и оклада 359476 руб. 18 ¼ коп., затѣмъ къ 1 Января 1890 г. осталось недоимки 399711 руб. 29 ¾ коп. и оклада 102828 руб. 75 ¾ коп. всего 502540 руб. 5 ½ коп. б) Губернскіе земскіе сборы. Къ 1889 году оставалось въ недоимкѣ 143789 руб. 11 коп., причиталось на отчетный годъ оклада 177882 руб. 31 коп., въ теченіе отчетнаго года вновь причислено: недоимки 890 руб. 69 ½ коп. и оклада 1938 руб. 68 коп., изъ того числа исключено: недоимки 5320 руб. 63 ½ коп. и оклада 9835 руб. 20 ¼ коп., поступило недоимки 21585 руб. 60 коп. и оклада 129883 руб. 78 ½ коп., затѣмъ къ 1-му Января 1890 года осталось недоимки 117773 руб. 57 ¼ коп. и оклада 40102 руб. ¼ коп., итого 157875 руб. 57 ½ коп. в) Частные земскіе сборы. Къ 1889 году оставалось въ недоимкѣ 31323 руб. 10 коп., причиталось на отчетный годъ оклада 1085 руб. 20 коп., въ теченіе отчетнаго года вновь причислено: недоимки 921 руб. 4 ½ коп. и оклада 11 руб. 4 ½ коп., изъ того числа исключено недоимки 2276 руб. 23 ½ коп. и оклада 105 руб. 75 ½ коп., поступило недоимки 814 руб. 81 коп. и оклада 678 руб. 4 9 ½ коп.; затѣмъ къ 1 Января 1890 г. осталось: въ недоимкѣ 29153 руб. 10 коп. и оклада 311 руб. 99 ¼ коп., всего 29465 руб. 9 ¼ коп. Всего по счетамъ Енисейской Казенной Палаты слѣдовало поступить по губерніи податей и сборовъ 1302498 руб. 11 ¾ коп., въ то число дѣйствительно поступило 566174 руб. 43 ¼ коп. , исключено 46442 р. 96 коп. и осталось къ 1 Января 1890 г. 689880 руб. 72 ½ коп., болѣе предыдущаго года на 55430 руб. 89 коп. Изъ означенной недоимки считается большею частію на крестьянахъ, причисленныхъ изъ ссыльныхъ, и инородцахъ 358970 руб. 81 ½ коп., купцахъ и мѣщанахъ 34831 руб. 47 ¾ коп., поселенцахъ 278959 руб. 92 ¾ и налога съ недвижимыхъ имуществъ 17118 руб. 50 ½ коп. г) Отправленіе денежныхъ повинностей: Въ Енисейской губерніи было отне сено обывателями денежныхъ повинностей: губернскихъ: а) на устройство и содержаніе мостовъ, гатей, перевозовъ черезъ рѣки и ремонтъ верстовыхъ столбовъ 11121 руб. 28 коп.; б) на содержаніе подводъ при окружныхъ полицейскихъ управленіяхъ и по селеніямъ, на-"
d32;1890 года;;"На 100 душъ населенія приходится умершихъ въ городахъ 5,1 и округахъ 3,5 . 3, Браковъ а) въ городахъ – – – – – – – 308 б) – округахъ – – – – – – – 3040 Итого въ губерніи – 3348 На 100 душъ населенія приходится браковъ въ городахъ 0,8 в округахъ 0,7 . III. Подати и повинности. (Приложеніемъ въ сей статьѣ служатъ двѣ вѣдомости № 4). а) Окладные сборы. Къ 1889 году оставалось по губерніи въ недоимкѣ 459328 руб. 62 ½ коп.; причиталось на отчетный годъ оклада 450527 руб. 29 ½ коп., въ теченіе отчетнаго года вновь причислено: недоимки 11492 руб. 60 ¼ коп. и оклада 23308 руб. 41 коп., изъ того числа исключено: недоимки 17374 руб. 37 ¼ коп. и оклада 11530 руб. 76 ½ коп., поступило недоимки 53735 руб. 55 коп. и оклада 359476 руб. 18 ¼ коп., затѣмъ къ 1 Января 1890 г. осталось недоимки 399711 руб. 29 ¾ коп. и оклада 102828 руб. 75 ¾ коп. всего 502540 руб. 5 ½ коп. б) Губернскіе земскіе сборы. Къ 1889 году оставалось въ недоимкѣ 143789 руб. 11 коп., причиталось на отчетный годъ оклада 177882 руб. 31 коп., въ теченіе отчетнаго года вновь причислено: недоимки 890 руб. 69 ½ коп. и оклада 1938 руб. 68 коп., изъ того числа исключено: недоимки 5320 руб. 63 ½ коп. и оклада 9835 руб. 20 ¼ коп., поступило недоимки 21585 руб. 60 коп. и оклада 129883 руб. 78 ½ коп., затѣмъ къ 1-му Января 1890 года осталось недоимки 117773 руб. 57 ¼ коп. и оклада 40102 руб. ¼ коп., итого 157875 руб. 57 ½ коп. в) Частные земскіе сборы. Къ 1889 году оставалось въ недоимкѣ 31323 руб. 10 коп., причиталось на отчетный годъ оклада 1085 руб. 20 коп., въ теченіе отчетнаго года вновь причислено: недоимки 921 руб. 4 ½ коп. и оклада 11 руб. 4 ½ коп., изъ того числа исключено недоимки 2276 руб. 23 ½ коп. и оклада 105 руб. 75 ½ коп., поступило недоимки 814 руб. 81 коп. и оклада 678 руб. 4 9 ½ коп.; затѣмъ къ 1 Января 1890 г. осталось: въ недоимкѣ 29153 руб. 10 коп. и оклада 311 руб. 99 ¼ коп., всего 29465 руб. 9 ¼ коп. Всего по счетамъ Енисейской Казенной Палаты слѣдовало поступить по губерніи податей и сборовъ 1302498 руб. 11 ¾ коп., въ то число дѣйствительно поступило 566174 руб. 43 ¼ коп. , исключено 46442 р. 96 коп. и осталось къ 1 Января 1890 г. 689880 руб. 72 ½ коп., болѣе предыдущаго года на 55430 руб. 89 коп. Изъ означенной недоимки считается большею частію на крестьянахъ, причисленныхъ изъ ссыльныхъ, и инородцахъ 358970 руб. 81 ½ коп., купцахъ и мѣщанахъ 34831 руб. 47 ¾ коп., поселенцахъ 278959 руб. 92 ¾ и налога съ недвижимыхъ имуществъ 17118 руб. 50 ½ коп. г) Отправленіе денежныхъ повинностей: Въ Енисейской губерніи было отне сено обывателями денежныхъ повинностей: губернскихъ: а) на устройство и содержаніе мостовъ, гатей, перевозовъ черезъ рѣки и ремонтъ верстовыхъ столбовъ 11121 руб. 28 коп.; б) на содержаніе подводъ при окружныхъ полицейскихъ управленіяхъ и по селеніямъ, на-"
d33;1889 год;;"На 100 душъ населенія приходится умершихъ въ городахъ 5,1 и округахъ 3,5 . 3, Браковъ а) въ городахъ – – – – – – – 308 б) – округахъ – – – – – – – 3040 Итого въ губерніи – 3348 На 100 душъ населенія приходится браковъ въ городахъ 0,8 в округахъ 0,7 . III. Подати и повинности. (Приложеніемъ въ сей статьѣ служатъ двѣ вѣдомости № 4). а) Окладные сборы. Къ 1889 году оставалось по губерніи въ недоимкѣ 459328 руб. 62 ½ коп.; причиталось на отчетный годъ оклада 450527 руб. 29 ½ коп., въ теченіе отчетнаго года вновь причислено: недоимки 11492 руб. 60 ¼ коп. и оклада 23308 руб. 41 коп., изъ того числа исключено: недоимки 17374 руб. 37 ¼ коп. и оклада 11530 руб. 76 ½ коп., поступило недоимки 53735 руб. 55 коп. и оклада 359476 руб. 18 ¼ коп., затѣмъ къ 1 Января 1890 г. осталось недоимки 399711 руб. 29 ¾ коп. и оклада 102828 руб. 75 ¾ коп. всего 502540 руб. 5 ½ коп. б) Губернскіе земскіе сборы. Къ 1889 году оставалось въ недоимкѣ 143789 руб. 11 коп., причиталось на отчетный годъ оклада 177882 руб. 31 коп., въ теченіе отчетнаго года вновь причислено: недоимки 890 руб. 69 ½ коп. и оклада 1938 руб. 68 коп., изъ того числа исключено: недоимки 5320 руб. 63 ½ коп. и оклада 9835 руб. 20 ¼ коп., поступило недоимки 21585 руб. 60 коп. и оклада 129883 руб. 78 ½ коп., затѣмъ къ 1-му Января 1890 года осталось недоимки 117773 руб. 57 ¼ коп. и оклада 40102 руб. ¼ коп., итого 157875 руб. 57 ½ коп. в) Частные земскіе сборы. Къ 1889 году оставалось въ недоимкѣ 31323 руб. 10 коп., причиталось на отчетный годъ оклада 1085 руб. 20 коп., въ теченіе отчетнаго года вновь причислено: недоимки 921 руб. 4 ½ коп. и оклада 11 руб. 4 ½ коп., изъ того числа исключено недоимки 2276 руб. 23 ½ коп. и оклада 105 руб. 75 ½ коп., поступило недоимки 814 руб. 81 коп. и оклада 678 руб. 4 9 ½ коп.; затѣмъ къ 1 Января 1890 г. осталось: въ недоимкѣ 29153 руб. 10 коп. и оклада 311 руб. 99 ¼ коп., всего 29465 руб. 9 ¼ коп. Всего по счетамъ Енисейской Казенной Палаты слѣдовало поступить по губерніи податей и сборовъ 1302498 руб. 11 ¾ коп., въ то число дѣйствительно поступило 566174 руб. 43 ¼ коп. , исключено 46442 р. 96 коп. и осталось къ 1 Января 1890 г. 689880 руб. 72 ½ коп., болѣе предыдущаго года на 55430 руб. 89 коп. Изъ означенной недоимки считается большею частію на крестьянахъ, причисленныхъ изъ ссыльныхъ, и инородцахъ 358970 руб. 81 ½ коп., купцахъ и мѣщанахъ 34831 руб. 47 ¾ коп., поселенцахъ 278959 руб. 92 ¾ и налога съ недвижимыхъ имуществъ 17118 руб. 50 ½ коп. г) Отправленіе денежныхъ повинностей: Въ Енисейской губерніи было отне сено обывателями денежныхъ повинностей: губернскихъ: а) на устройство и содержаніе мостовъ, гатей, перевозовъ черезъ рѣки и ремонтъ верстовыхъ столбовъ 11121 руб. 28 коп.; б) на содержаніе подводъ при окружныхъ полицейскихъ управленіяхъ и по селеніямъ, на-"
d34;1 Января 1890 г.;;"На 100 душъ населенія приходится умершихъ въ городахъ 5,1 и округахъ 3,5 . 3, Браковъ а) въ городахъ – – – – – – – 308 б) – округахъ – – – – – – – 3040 Итого въ губерніи – 3348 На 100 душъ населенія приходится браковъ въ городахъ 0,8 в округахъ 0,7 . III. Подати и повинности. (Приложеніемъ въ сей статьѣ служатъ двѣ вѣдомости № 4). а) Окладные сборы. Къ 1889 году оставалось по губерніи въ недоимкѣ 459328 руб. 62 ½ коп.; причиталось на отчетный годъ оклада 450527 руб. 29 ½ коп., въ теченіе отчетнаго года вновь причислено: недоимки 11492 руб. 60 ¼ коп. и оклада 23308 руб. 41 коп., изъ того числа исключено: недоимки 17374 руб. 37 ¼ коп. и оклада 11530 руб. 76 ½ коп., поступило недоимки 53735 руб. 55 коп. и оклада 359476 руб. 18 ¼ коп., затѣмъ къ 1 Января 1890 г. осталось недоимки 399711 руб. 29 ¾ коп. и оклада 102828 руб. 75 ¾ коп. всего 502540 руб. 5 ½ коп. б) Губернскіе земскіе сборы. Къ 1889 году оставалось въ недоимкѣ 143789 руб. 11 коп., причиталось на отчетный годъ оклада 177882 руб. 31 коп., въ теченіе отчетнаго года вновь причислено: недоимки 890 руб. 69 ½ коп. и оклада 1938 руб. 68 коп., изъ того числа исключено: недоимки 5320 руб. 63 ½ коп. и оклада 9835 руб. 20 ¼ коп., поступило недоимки 21585 руб. 60 коп. и оклада 129883 руб. 78 ½ коп., затѣмъ къ 1-му Января 1890 года осталось недоимки 117773 руб. 57 ¼ коп. и оклада 40102 руб. ¼ коп., итого 157875 руб. 57 ½ коп. в) Частные земскіе сборы. Къ 1889 году оставалось въ недоимкѣ 31323 руб. 10 коп., причиталось на отчетный годъ оклада 1085 руб. 20 коп., въ теченіе отчетнаго года вновь причислено: недоимки 921 руб. 4 ½ коп. и оклада 11 руб. 4 ½ коп., изъ того числа исключено недоимки 2276 руб. 23 ½ коп. и оклада 105 руб. 75 ½ коп., поступило недоимки 814 руб. 81 коп. и оклада 678 руб. 4 9 ½ коп.; затѣмъ къ 1 Января 1890 г. осталось: въ недоимкѣ 29153 руб. 10 коп. и оклада 311 руб. 99 ¼ коп., всего 29465 руб. 9 ¼ коп. Всего по счетамъ Енисейской Казенной Палаты слѣдовало поступить по губерніи податей и сборовъ 1302498 руб. 11 ¾ коп., въ то число дѣйствительно поступило 566174 руб. 43 ¼ коп. , исключено 46442 р. 96 коп. и осталось къ 1 Января 1890 г. 689880 руб. 72 ½ коп., болѣе предыдущаго года на 55430 руб. 89 коп. Изъ означенной недоимки считается большею частію на крестьянахъ, причисленныхъ изъ ссыльныхъ, и инородцахъ 358970 руб. 81 ½ коп., купцахъ и мѣщанахъ 34831 руб. 47 ¾ коп., поселенцахъ 278959 руб. 92 ¾ и налога съ недвижимыхъ имуществъ 17118 руб. 50 ½ коп. г) Отправленіе денежныхъ повинностей: Въ Енисейской губерніи было отне сено обывателями денежныхъ повинностей: губернскихъ: а) на устройство и содержаніе мостовъ, гатей, перевозовъ черезъ рѣки и ремонтъ верстовыхъ столбовъ 11121 руб. 28 коп.; б) на содержаніе подводъ при окружныхъ полицейскихъ управленіяхъ и по селеніямъ, на-"
d35;1 Января 1890 г.;;"На 100 душъ населенія приходится умершихъ въ городахъ 5,1 и округахъ 3,5 . 3, Браковъ а) въ городахъ – – – – – – – 308 б) – округахъ – – – – – – – 3040 Итого въ губерніи – 3348 На 100 душъ населенія приходится браковъ въ городахъ 0,8 в округахъ 0,7 . III. Подати и повинности. (Приложеніемъ въ сей статьѣ служатъ двѣ вѣдомости № 4). а) Окладные сборы. Къ 1889 году оставалось по губерніи въ недоимкѣ 459328 руб. 62 ½ коп.; причиталось на отчетный годъ оклада 450527 руб. 29 ½ коп., въ теченіе отчетнаго года вновь причислено: недоимки 11492 руб. 60 ¼ коп. и оклада 23308 руб. 41 коп., изъ того числа исключено: недоимки 17374 руб. 37 ¼ коп. и оклада 11530 руб. 76 ½ коп., поступило недоимки 53735 руб. 55 коп. и оклада 359476 руб. 18 ¼ коп., затѣмъ къ 1 Января 1890 г. осталось недоимки 399711 руб. 29 ¾ коп. и оклада 102828 руб. 75 ¾ коп. всего 502540 руб. 5 ½ коп. б) Губернскіе земскіе сборы. Къ 1889 году оставалось въ недоимкѣ 143789 руб. 11 коп., причиталось на отчетный годъ оклада 177882 руб. 31 коп., въ теченіе отчетнаго года вновь причислено: недоимки 890 руб. 69 ½ коп. и оклада 1938 руб. 68 коп., изъ того числа исключено: недоимки 5320 руб. 63 ½ коп. и оклада 9835 руб. 20 ¼ коп., поступило недоимки 21585 руб. 60 коп. и оклада 129883 руб. 78 ½ коп., затѣмъ къ 1-му Января 1890 года осталось недоимки 117773 руб. 57 ¼ коп. и оклада 40102 руб. ¼ коп., итого 157875 руб. 57 ½ коп. в) Частные земскіе сборы. Къ 1889 году оставалось въ недоимкѣ 31323 руб. 10 коп., причиталось на отчетный годъ оклада 1085 руб. 20 коп., въ теченіе отчетнаго года вновь причислено: недоимки 921 руб. 4 ½ коп. и оклада 11 руб. 4 ½ коп., изъ того числа исключено недоимки 2276 руб. 23 ½ коп. и оклада 105 руб. 75 ½ коп., поступило недоимки 814 руб. 81 коп. и оклада 678 руб. 4 9 ½ коп.; затѣмъ къ 1 Января 1890 г. осталось: въ недоимкѣ 29153 руб. 10 коп. и оклада 311 руб. 99 ¼ коп., всего 29465 руб. 9 ¼ коп. Всего по счетамъ Енисейской Казенной Палаты слѣдовало поступить по губерніи податей и сборовъ 1302498 руб. 11 ¾ коп., въ то число дѣйствительно поступило 566174 руб. 43 ¼ коп. , исключено 46442 р. 96 коп. и осталось къ 1 Января 1890 г. 689880 руб. 72 ½ коп., болѣе предыдущаго года на 55430 руб. 89 коп. Изъ означенной недоимки считается большею частію на крестьянахъ, причисленныхъ изъ ссыльныхъ, и инородцахъ 358970 руб. 81 ½ коп., купцахъ и мѣщанахъ 34831 руб. 47 ¾ коп., поселенцахъ 278959 руб. 92 ¾ и налога съ недвижимыхъ имуществъ 17118 руб. 50 ½ коп. г) Отправленіе денежныхъ повинностей: Въ Енисейской губерніи было отне сено обывателями денежныхъ повинностей: губернскихъ: а) на устройство и содержаніе мостовъ, гатей, перевозовъ черезъ рѣки и ремонтъ верстовыхъ столбовъ 11121 руб. 28 коп.; б) на содержаніе подводъ при окружныхъ полицейскихъ управленіяхъ и по селеніямъ, на-"
d36;1889 год;;"емъ домовъ для постояннаго помѣщенія земскихъ засѣдателей и судебныхъ слѣдователей окружныхъ судовъ и квартирныя окружнымъ исправникамъ и ихъ помощникамъ 40102 руб. 20 коп.; в) на содержаніе при Казенной Палатѣ чиновниковъ для производства дѣлъ по земскимъ повинностямъ, на усиленіе средствъ казначействъ губерніи, на содержаніе при губернскомъ управленіи стола по земской повинности, на расходы по веденію дѣлопроизводства въ распорядительныхъ комитетахъ и на содержаніе Статистич ескаго Комитета 6691 руб. 50 коп.; г) на содержаніе сельско -врачебной части 13800 руб.; д) на снабженіе сельскихъ врачей походными аптечками, на распространеніе оспопрививанія и содержаніе учениковъ оспопрививанія 2025 руб.; е) содержаніе окружныхъ п о воинской повинности присутствій 3921 руб. 2 коп.; ж) на содержаніе и постройку новыхъ тюремно -ночлежныхъ помѣщеній и караульныхъ домовъ и ремонтъ ночлежныхъ помѣщеній 10550 руб. 90 коп.; з) на уплату страховыхъ денегъ при пересылкѣ черезъ почту суммъ губернскаго земскаго сбора и на удовлетвореніе непредвидимыхъ расходовъ 6988 руб. 9 коп.; и) на содержаніе благотворительныхъ заведеній Приказа Общественнаго Призрѣнія 49942 руб. 85 ¼ коп.; і) содержаніе губернскаго и окружныхъ по крестьянскимъ дѣламъ при сутствій 4000 руб.; к) въ пособіе государственному казначейству на содержаніе общаго и окружныхъ управленій 11505 руб. 50 коп.; л) на усиленіе средствъ Государственнаго Контроля 618 руб. 50 коп.; м) на пособіе церковно-приходскимъ школамъ 5000 руб.; н) на расходы по мѣропріятію противъ чумы на рогатомъ скотѣ 1838 руб. 3 коп. Итого губернскихъ 154304 руб. 65 коп.; 2] частныхъ: въ пособіе губернскому казначейству и на содержаніе Архіерейскихъ домовъ и монастырей 3150 руб. и 5% запасной суммы 157 руб. и 3] внутреннихъ: а) на содержаніе волостныхъ правленій, инородныхъ управъ, писарей волостныхъ и сельскихъ и при экономическихъ магазинахъ, сельскихъ богадѣленъ, лечебницъ, сборныхъ избъ и пожарной части 141542 руб. 10 ¼ коп.; б) на содержаніе учебныхъ заведеній, учительской семинаріи, повивальной школы и проч. 17864 руб. 75 ½ коп. и в) на содержаніе и ремонтъ общественныхъ и церковныхъ зданій и проч. 15547 руб. 54 ¼ коп., итого внутреннихъ 174954 руб. 40 коп. д) Городскіе доходы и расходы. Названiе городовъ Въ 1889 году въ приходѣ. Въ 1889 году въ расходѣ. Остатокъ ""+"" или передержка – противъ годоваго дохода. р. к. р. к. р. к. Въ г. Красноярскѣ – – – – 60859 9 63109 91 -2250 82 – Енисейскѣ – – – – 40114 57½ 30227 10½ +9887 47 – Канскѣ – – – – 18110 2 20907 70 –2797 68 – Ачинскѣ – – – – 24471 36¼ 20737 28½ +3734 7¾ – Минусинскѣ – – – – 24571 70¾ 28263 63½ –3691 92¾ – Туруханскѣ – – – – 242 – 242 – – – И Т О Г О – 168368 75½ 163487 63½ +4881 12"
d37;1889 год;;"емъ домовъ для постояннаго помѣщенія земскихъ засѣдателей и судебныхъ слѣдователей окружныхъ судовъ и квартирныя окружнымъ исправникамъ и ихъ помощникамъ 40102 руб. 20 коп.; в) на содержаніе при Казенной Палатѣ чиновниковъ для производства дѣлъ по земскимъ повинностямъ, на усиленіе средствъ казначействъ губерніи, на содержаніе при губернскомъ управленіи стола по земской повинности, на расходы по веденію дѣлопроизводства въ распорядительныхъ комитетахъ и на содержаніе Статистич ескаго Комитета 6691 руб. 50 коп.; г) на содержаніе сельско -врачебной части 13800 руб.; д) на снабженіе сельскихъ врачей походными аптечками, на распространеніе оспопрививанія и содержаніе учениковъ оспопрививанія 2025 руб.; е) содержаніе окружныхъ п о воинской повинности присутствій 3921 руб. 2 коп.; ж) на содержаніе и постройку новыхъ тюремно -ночлежныхъ помѣщеній и караульныхъ домовъ и ремонтъ ночлежныхъ помѣщеній 10550 руб. 90 коп.; з) на уплату страховыхъ денегъ при пересылкѣ черезъ почту суммъ губернскаго земскаго сбора и на удовлетвореніе непредвидимыхъ расходовъ 6988 руб. 9 коп.; и) на содержаніе благотворительныхъ заведеній Приказа Общественнаго Призрѣнія 49942 руб. 85 ¼ коп.; і) содержаніе губернскаго и окружныхъ по крестьянскимъ дѣламъ при сутствій 4000 руб.; к) въ пособіе государственному казначейству на содержаніе общаго и окружныхъ управленій 11505 руб. 50 коп.; л) на усиленіе средствъ Государственнаго Контроля 618 руб. 50 коп.; м) на пособіе церковно-приходскимъ школамъ 5000 руб.; н) на расходы по мѣропріятію противъ чумы на рогатомъ скотѣ 1838 руб. 3 коп. Итого губернскихъ 154304 руб. 65 коп.; 2] частныхъ: въ пособіе губернскому казначейству и на содержаніе Архіерейскихъ домовъ и монастырей 3150 руб. и 5% запасной суммы 157 руб. и 3] внутреннихъ: а) на содержаніе волостныхъ правленій, инородныхъ управъ, писарей волостныхъ и сельскихъ и при экономическихъ магазинахъ, сельскихъ богадѣленъ, лечебницъ, сборныхъ избъ и пожарной части 141542 руб. 10 ¼ коп.; б) на содержаніе учебныхъ заведеній, учительской семинаріи, повивальной школы и проч. 17864 руб. 75 ½ коп. и в) на содержаніе и ремонтъ общественныхъ и церковныхъ зданій и проч. 15547 руб. 54 ¼ коп., итого внутреннихъ 174954 руб. 40 коп. д) Городскіе доходы и расходы. Названiе городовъ Въ 1889 году въ приходѣ. Въ 1889 году въ расходѣ. Остатокъ ""+"" или передержка – противъ годоваго дохода. р. к. р. к. р. к. Въ г. Красноярскѣ – – – – 60859 9 63109 91 -2250 82 – Енисейскѣ – – – – 40114 57½ 30227 10½ +9887 47 – Канскѣ – – – – 18110 2 20907 70 –2797 68 – Ачинскѣ – – – – 24471 36¼ 20737 28½ +3734 7¾ – Минусинскѣ – – – – 24571 70¾ 28263 63½ –3691 92¾ – Туруханскѣ – – – – 242 – 242 – – – И Т О Г О – 168368 75½ 163487 63½ +4881 12"
d38;16 Мая 1870 года;;"Въ сравненіи съ прошлымъ годомъ городскіе доходы увеличились на 27766 руб. 77 ¾ коп., а расходы тоже увеличились на 24053 руб. 10 коп. Дефицитъ оказался въ городахъ Красноярскѣ, Канскѣ и Минусинскѣ. Въ вѣдѣніи городскихъ думъ состояли слѣдующіе капиталы: 1) Красноярской: а) потомственной почетной гражданки Т. И. Щеголевой и сына ея И. С. Щ еголева на содержаніе 12 -ти стипендіатовъ ремесленнаго училища 89800 руб.; б) стипендіи Генералъ-Маіора Замятина 5400 руб.; в) продовольственнаго капитала для бѣдныхъ 436 руб. 54 коп. и хлѣба на 4372 руб. 10 коп. общаго благотворительнаго капитала 9425 руб. 64 коп.; д) Т. И. и И. С. Щеголевыхъ на содержаніе Красноярской богодѣльни на 50 кроватей 106331 р уб. 41 коп.; е) Т. И . Щеголевой на содержаніе сиропитательнаго дома, еще неоткрытаго, 85855 руб. 80 к оп.; ж) ея же на вспомоществованіе пострадавшимъ отъ пожара 14760 р уб. 90 коп.; 3) Щеголевыхъ на устройств о безплатной столовой 8100 руб.; и) ИМПЕРАТОРА АЛЕКСАНДРА II – 1200 руб.; і) пожертвованный Н. К . Переплетчиковымъ на содержаніе въ г. Красноярскѣ мѣщанской женской школы 1000 руб. и к) капиталъ на учрежденіе городской ссудной кассы въ % бумагахъ 4000 р уб. Изъ числа поименованныхъ капиталовъ: городской – употребляется на городскіе расходы, а на % съ прочихъ капиталовъ содержатся ремесленное училище, богадѣльня, стипендіатъ въ Красноярской мужской гимназіи; проценты съ благотворительныхъ капиталовъ раздаются бѣднымъ единовременно предъ Св. Пасхою и Рождествомъ Христовымъ и постоянное пособіе производится лицамъ бѣднѣйшимъ по усмотрѣнiю членовъ Комитета Синельниковскаго благотворительнаго общества. Продовольственный капиталъ имѣетъ значеніе запаснаго капитала, на который въ неурожайные годы закупается хлѣбъ для продажи бѣднымъ жителямъ по умѣреннымъ цѣнамъ и на предметъ регулированія цѣнъ на хлѣбъ отъ произвольнаго повышенія таковыхъ окрестными жителями. 2 , Ачинской – запаснаго капитала 27523 руб. 34 ¾ коп.; 3, Минусинской – 14661 р уб. 47 коп., каковой капиталъ хранится въ городскомъ общественномъ банкѣ, для приращенія процентами. 4 , Канской – неприкосновеннаго капитала 6708 р уб. 92 к оп. и 5 , Минусинской – запаснаго 10089 руб. 57 коп. Городовое полож еніе, 16 Мая 1870 года, введено во всѣхъ городахъ губерніи, за исключеніемъ заштатнаго города Туруханска. Обороты городскихъ общественныхъ банковъ въ отчетномъ году были слѣдующіе: Енисейскаго 294340 руб. 64 ½ коп., Канскаго 132066 руб. 96 коп. и Минусинскаго 316202 р уб. 77 ¼ коп. Чистой прибыли получено въ 1-мъ банкѣ – 4352 руб. 81 ¼ коп., во 2-мъ – 1519 руб. и 3-мъ – 2349 руб. 92 ¼ коп. е) Акцизные сборы. Акцизнаго сбора въ теченіе очетнаго год а поступило съ вина и спирта 1401041 р уб. 92 к оп. съ бандероли и дополнительный акцизъ 8835 р уб., акциза съ дрожжей 960 р уб., съ портера, пива, всѣхъ сортовъ и меда 5354 р уб. 45 к оп., за патенты 180959 р уб. 07 к оп., за проданное казенное имущество и штрафовъ 4579 р уб. 52 к оп., за порчу контрольныхъ снарядовъ 29 руб., попудной платы съ соли 2110 руб., за наемъ помѣщеній въ казенныхъ домахъ 341 р уб., случайныхъ доходовъ 74 коп., всего 1604210 руб. 70 коп., болѣе предыдущаго года 253465 руб. 81 коп. Въ губерніи находилось винокуренныхъ заводовъ 11, водочныхъ 3, пивоваренныхъ 5, оптовыхъ складовъ 56, трактирныхъ заведеній 35, ренсковыхъ погребовъ 45, пивныхъ лавокъ 48, буфетовъ 12"
d39;1 Января 1874 года;;наго положенія 1 Января 1874 года.
d40;1876 г.;;братьевъ, по 50 ст. устава 4 ) по циркуляру Министерства Внутреннихъ Дѣлъ 30-го Іюня 1876 г. № 35 – – 2 Итого – 222 б) назначена отсрочка:
d41;1888 год;;"д) не явилось Итого – 1658 Израсходовано по призыву, пріему на службу и на содержаніе губернскаго и пяти окружныхъ присутствій: а) отъ казны 2767 руб. 25 коп., б) изъ земскихъ сборовъ 3901 руб. 32 коп., всего въ теченіе года 6668 руб. 57 коп. ІІ. Общественное благоустройство и благочиніе. а) Казенныя и общественныя зданія. Въ отчетномъ году въ казенныхъ зда ніяхь произведенъ мелочной ремонтъ тюремн ыхъ зданій и этаповъ на сумму 3567 руб. 64 коп.; присутственныхъ мѣстъ 731 руб. 11 коп.; начато постройкою, зданіе Красноярской мужской гимназіи на спеціальные средства Министерства Народнаго Просвѣщенія и на пожертвованные Почетнымъ Попечителемъ гимназіи И. Г. Гадаловымъ деньги. На счетъ земскаго сбора пост- роены мосты чрезъ Пойму, Канскаго округа, на сумму 20200 руб.; Казачинскій и Зыр янскій, въ Енисей- скомъ округѣ, на 11797 руб. 24 коп. и окончены постройкою зданія для тюремно -ночлежныхъ помѣ - щеній: по Красноярскому округу Таскинское и Бартатское на 4983 руб. 92 коп.; по Ачинскому округу Петропавловское и Назаровское 6724 руб. и по Минусинскому округу Усть -Ербинское, Абаканское и Городчанское 9690 руб. Въ городѣ Красноярскѣ возведено 1 каменное общественное зданіе (каменная постройка къ городскому училищу). Разрѣш ено частныхъ построекъ 2 каменныхъ и 35 деревянныхъ. Въ гор. Енисейскѣ разрѣшено 14 деревянныхъ построекъ. б) Сухопутныя сообщенія: дороги, мосты, перевозы и почты. Почтовыя дороги, за исключеніемъ нѣкоторыхъ станцій Ачинскаго округа, были вообще въ до - вольно удовлетворительномъ состояніи. Въ 1888 году въ первый разъ прим ѣнено было исправленіе зимняго тракта – треугольниками на счетъ повознаго сбора, взимаемаго съ проходящихъ по тракту обозовъ. Исправленіе э то произво - дилось на участкѣ отъ г. Ачи нска до дер. Сухой Красноярскаго округа – подъ наблюденіемъ дорож - наго инженера, а въ остальныхъ частяхъ тракта – подъ наблюденіемъ земской полиціи, при надзорѣ"
d42;1889 год;;"дорожныхъ мастеровъ. Хотя этотъ новый способъ не могъ еще привиться вполнѣ правильно, но всетаки далъ удовлетворительные результаты, особенно на участкѣ, находившемся подъ наблюденіемъ дорожнаго инженера. Почтовыхъ учрежденій съ пріемомъ корреспонденціи было 13 и соединенныхъ почтово -телеграфныхъ учрежденій 11. Почтовыхъ станцій 55 съ 297 пара ми лошадей, на 1 станціи 13 паръ, на 1 ст. 10 паръ, на 24 ст. по 9 паръ и на 29 ст. по 2 пары. Станціи были распредѣлены по слѣдующимъ трактамъ: а) главному сибирскому трак ту, пролегающему чрезъ губернію , разстояніе котораго отъ первой, находящейся на гр аницѣ Томской губерніи, Бѣлоярской станціи, до гор. Ачинска 13 верстъ; отъ Ачинска до Красноярска 165 верстъ; отъ Красноярска до Канска 216 верстъ и отъ Канска до половиноЧеремховской станціи, находящейся на границѣ Иркутской губерніи, 125 верстъ; всег о 519 верстъ; б) отъ Красноярска чрезъ Енисейскъ до гор. Туруханска на 1415 ¼ вер. и в) отъ гор. Ачинска до Минусинска на 325 верстъ. Кромѣ этого перевозятъ почты на обывательскихъ лошадяхъ: между Рыбальского станціею Минусинскаго тракта и Балахтинскимъ селеніемъ, на разстояніи 56 -ти верстъ; въ Канскомъ округѣ между открытыми отдѣленіями въ селеніяхъ Устьянскомъ и Тасѣевскомъ и Канскою конторою, на разстояніи отъ Канска до Устьянскаго 40 верстъ и отъ Устьянскаго до Тасѣевскаго 130 верстъ, по проселочному тракту, и въ Ен исейскомъ округѣ, отъ Каргинско й конторы до почтоваго отдѣленія въ селеніи Рыбномъ на Ангарѣ, на разстояніи 121 версты по проселочному тракту. Почты въ 1889 году, какъ и въ предыдущіе годы, слѣдовали вообще удовлетворительно, особенно замѣтныя промедленія происходили отъ неустранимыхъ причинъ, по случаю распутицы весною и осенью или вскрытія и замерзанія рѣкъ. Жалобъ проѣзжающими на почтовыхъ станціяхъ записано 97 , изъ коихъ 41 разслѣдованіемъ подтвердилась, а остальныя 56 оставлены безъ послѣдствій. Телеграфная линія простирается на 1210 верстъ. Почтоваго дохода въ теченіе года поступило по губернской и 5 -ти уѣзднымъ почтовымъ конторамъ и 19-ти почтовымъ отдѣленіямъ 56771 руб. 1 коп., и телеграфнаго 52812 руб. 29 коп. За отчетный годъ по почтово-телеграфному вѣдомству произведено расходовъ 70223 руб. 94 коп. г) Водяныя сообщенія. Главное движеніе судоходства совершается по р. Енисею , протекающему во всѣхъ округахъ губерніи, кромѣ Канскаго. Отъ гор. Красноярска до г.г. Енисейска и Ми нусинска поддерживалось пароходное сообщеніе 8-ю пароходами: изъ нихъ 5 Потомственнаго Почетнаго Гражданина, Красноярскаго 1 -й гильдіи купца Н. Г. Гадалова „Москва’’ въ 60 силъ; „Россія’’ и „Графъ Игнатьевъ’’ въ 100 силъ; „Усердный’’ въ 125 силъ и 3 Ангарс ко-Енисейскаго пароходства „Св. Николай’’ въ 140 силъ; „Иннокентій’’ въ 64 силы и „Илимъ’’ въ 32 силы . Пароходы рейстровали: „Графъ Игнатьевъ’’ между городами Красноярскомъ и Енисейскомъ и сдѣлалъ одинъ рейсъ отъ Енисейска до Караульной гривы; „Россія’’ между Красноярскомъ и Минусинскомъ; „Москва’’ между Красно ярскомъ, Енисейскомъ и Гальчихо й; „Усердный’’ между Минусинскомъ, Красноярскомъ и Енисейскомъ и „Товарищъ’’ между заводом"
d43;1882 г.;;"купца Окулова (по р. Тубѣ) Минусинскаго округа и дер . Мотыгиной (по р. Ангарѣ) Енисейскаго округа; „Св. Николай” рейсироваль между Енисейскомъ, Красноярскомъ и Минусинскомъ. Въ продолженіе навигаціи на 6 рейсировавшихъ пароходахъ перевезено пассажировъ до 11028 челов. И разнаго груза до 170375 пуд. Вывози мый изъ Красноярска грузъ заключался преимущественно въ привозномъ Россійскомъ товарѣ, какъ то: мануфактурномъ, бакалейномъ, москательномъ, галантерейномъ, скобяномъ и проч.; доставляемый же въ Красноярскъ пароходами Гадалова грузъ заключался въ китайск ихъ чаяхъ: байховомъ и кирпичномъ, рыбѣ, пушнинѣ, соли, зерновомъ и молотомъ хлѣбѣ на сумму до 48021 руб. Кромѣ рейсированія по р . Енисею, пароходъ „Св. Николай” , вмѣстѣ съ туэрами „Св. Иннокентій” и „Илимъ’’, перевезли изъ Красноярска до д. Гольтявиной, на р. Ангарѣ, въ 450 верстахъ отъ ея устья хлѣба до 29072 п. До дер. Гольтявиной всѣ три парохода работали вмѣстѣ, а отъ дер. Гольтявиной до устья рѣки Илима работали только туэра и перевезли хлѣба 14821 пудъ. Рейсовъ же по р. Енисею пароходы „Иннокентій ” и „Илимъ” не совершали, такъ какъ они приспособлены для буксированія судовъ по цѣпи въ порожистыхъ мѣстахъ р. Ангары. Въ гор. Ачинскѣ по р. Чулыму приходило изъ Западной Сибири 5 пассажирно -буксирныхъ пароходовъ; 2 Тобольскаго 1 -й гильдіи купца Корнилов а, 2 тамошняго же купца Плотникова и 1 Екатеринбургскаго купца Функсъ. На пароходахъ этихъ приплавлено въ Ачинскъ груза, заключающагося въ мануфактурныхъ товарахъ, пріисковомъ желѣзѣ, соли, крупчаткѣ и проч. до 299750 пуд. , изъ котораго часть осталась в ъ гор. Ачинскѣ, а большинство товаровъ отправлено на лошадяхъ въ разные пункты по Московско -Иркутскому и Минусинскому трактамъ. Изъ Ачинска же вывезено этими пароходами до 500 т. ящиковъ чая. Кромѣ того въ Ачинскомъ округѣ по р. Енисею приплыли 26 и судовъ 52 плота съ хлѣбомъ, лѣсомъ, дровами и сѣномъ. Въ устраиваемомъ по ВЫСОЧАЙШЕМУ повелѣнію, послѣдовавшему въ 27 день Іюля 1882 г. Объ-Енисейскомъ водномъ каналѣ, въ отчетномъ году были произведены слѣдующія работы: 1) Въ шлюзѣ и плотинѣ на 15 верстѣ: пло тина окончена и насланъ мостъ. Шлюзъ законченъ вполнѣ, ящики и затылки засыпаны, остается насыпать дамбу между шлюзомъ и плотиною; ворота окончены за исключеніемъ оберлоповъ и бегельмостика. Фашинные откосы ниже и выше шлюза окончены. Отводное русло заг раждено шпунтовою перемычкою въ 10 саж. длиною и засыпано землею, въ количествѣ 208 куб. саж. Дамба отсыпана на 0,30 саж . выше горизонта весеннихъ водъ. Сторожевой домъ и службы къ нему окрашены. 2) Въ районѣ выше и ниже шлюза на 64 верстѣ производились ра боты по спрямленію р. Язевой: сдѣлано 20 спрямленій, въ общемъ вынуто 3466,44 куб. саж. Сторожевой домъ у шлюза на 64 верстѣ окрашенъ. 3) Пo сооруженію шлюза и плотины на 114 верстѣ, на р. Маломъ Касѣ, произведены слѣдующія работы: окончена выемка котлован а подъ оба сооруженія, при чемъ въ 1889 г. вынуто земли 1121,65 куб. саж. Забиты подъ основаніе всѣ круглыя и всѣ шпунтовыя сваи. Окончена постройкою нижняя голова шлюза. Въ верхней головѣ вырублено общее основаніе для шлюза и плотины высотою 05 саж., уложенъ король и фахбаумъ и нарублены стѣны , за исключеніемъ лишь нѣсколькихъ вѣнцовъ. Вырыто отводное русло длиною 20 саж., шириною 4 саж., глубиною въ верхнемъ концѣ 0,70 саж., въ нижнемь 0,30 саж. Построены двѣ однорядныя перемычки для огражденія котлована отъ затопленія водою во время работъ и нужныя хозяйственныя пост-"
d44;1889 г.;;"купца Окулова (по р. Тубѣ) Минусинскаго округа и дер . Мотыгиной (по р. Ангарѣ) Енисейскаго округа; „Св. Николай” рейсироваль между Енисейскомъ, Красноярскомъ и Минусинскомъ. Въ продолженіе навигаціи на 6 рейсировавшихъ пароходахъ перевезено пассажировъ до 11028 челов. И разнаго груза до 170375 пуд. Вывози мый изъ Красноярска грузъ заключался преимущественно въ привозномъ Россійскомъ товарѣ, какъ то: мануфактурномъ, бакалейномъ, москательномъ, галантерейномъ, скобяномъ и проч.; доставляемый же въ Красноярскъ пароходами Гадалова грузъ заключался въ китайск ихъ чаяхъ: байховомъ и кирпичномъ, рыбѣ, пушнинѣ, соли, зерновомъ и молотомъ хлѣбѣ на сумму до 48021 руб. Кромѣ рейсированія по р . Енисею, пароходъ „Св. Николай” , вмѣстѣ съ туэрами „Св. Иннокентій” и „Илимъ’’, перевезли изъ Красноярска до д. Гольтявиной, на р. Ангарѣ, въ 450 верстахъ отъ ея устья хлѣба до 29072 п. До дер. Гольтявиной всѣ три парохода работали вмѣстѣ, а отъ дер. Гольтявиной до устья рѣки Илима работали только туэра и перевезли хлѣба 14821 пудъ. Рейсовъ же по р. Енисею пароходы „Иннокентій ” и „Илимъ” не совершали, такъ какъ они приспособлены для буксированія судовъ по цѣпи въ порожистыхъ мѣстахъ р. Ангары. Въ гор. Ачинскѣ по р. Чулыму приходило изъ Западной Сибири 5 пассажирно -буксирныхъ пароходовъ; 2 Тобольскаго 1 -й гильдіи купца Корнилов а, 2 тамошняго же купца Плотникова и 1 Екатеринбургскаго купца Функсъ. На пароходахъ этихъ приплавлено въ Ачинскъ груза, заключающагося въ мануфактурныхъ товарахъ, пріисковомъ желѣзѣ, соли, крупчаткѣ и проч. до 299750 пуд. , изъ котораго часть осталась в ъ гор. Ачинскѣ, а большинство товаровъ отправлено на лошадяхъ въ разные пункты по Московско -Иркутскому и Минусинскому трактамъ. Изъ Ачинска же вывезено этими пароходами до 500 т. ящиковъ чая. Кромѣ того въ Ачинскомъ округѣ по р. Енисею приплыли 26 и судовъ 52 плота съ хлѣбомъ, лѣсомъ, дровами и сѣномъ. Въ устраиваемомъ по ВЫСОЧАЙШЕМУ повелѣнію, послѣдовавшему въ 27 день Іюля 1882 г. Объ-Енисейскомъ водномъ каналѣ, въ отчетномъ году были произведены слѣдующія работы: 1) Въ шлюзѣ и плотинѣ на 15 верстѣ: пло тина окончена и насланъ мостъ. Шлюзъ законченъ вполнѣ, ящики и затылки засыпаны, остается насыпать дамбу между шлюзомъ и плотиною; ворота окончены за исключеніемъ оберлоповъ и бегельмостика. Фашинные откосы ниже и выше шлюза окончены. Отводное русло заг раждено шпунтовою перемычкою въ 10 саж. длиною и засыпано землею, въ количествѣ 208 куб. саж. Дамба отсыпана на 0,30 саж . выше горизонта весеннихъ водъ. Сторожевой домъ и службы къ нему окрашены. 2) Въ районѣ выше и ниже шлюза на 64 верстѣ производились ра боты по спрямленію р. Язевой: сдѣлано 20 спрямленій, въ общемъ вынуто 3466,44 куб. саж. Сторожевой домъ у шлюза на 64 верстѣ окрашенъ. 3) Пo сооруженію шлюза и плотины на 114 верстѣ, на р. Маломъ Касѣ, произведены слѣдующія работы: окончена выемка котлован а подъ оба сооруженія, при чемъ въ 1889 г. вынуто земли 1121,65 куб. саж. Забиты подъ основаніе всѣ круглыя и всѣ шпунтовыя сваи. Окончена постройкою нижняя голова шлюза. Въ верхней головѣ вырублено общее основаніе для шлюза и плотины высотою 05 саж., уложенъ король и фахбаумъ и нарублены стѣны , за исключеніемъ лишь нѣсколькихъ вѣнцовъ. Вырыто отводное русло длиною 20 саж., шириною 4 саж., глубиною въ верхнемъ концѣ 0,70 саж., въ нижнемь 0,30 саж. Построены двѣ однорядныя перемычки для огражденія котлована отъ затопленія водою во время работъ и нужныя хозяйственныя пост-"
d45;15 Сентября 1888;;"ройки. 4) По сооруженію шлюзо -плотины на 128 вер. (ст. Мокряки), законченъ котлованъ шлюзоплотины, поставленнный въ руслѣ рѣки, за исключеніемъ уступа подъ ряжевое основаніе въ верхней головѣ шлюзо -плотины; выемку земли въ этомъ уступѣ признано болѣе удобнымъ произвести по забивкѣ шпунтовыхъ рядовъ въ верхней головѣ. Для отвода р. Малаго Кас а прорыто русло длиною 141,50 саж., шириною отъ 2,50 до 3 саж. Для огражденія котлована отъ рѣки построены двѣ однорядныя перемычки изъ 4 -хъ досокъ. Въ верхней головѣ шлюзо -плотины забито 290 круглыхъ свай в 15 пoг. саж. досчанныхъ шпунтовыхъ рядовъ. Въ колодной части круглыхъ свай забито 509 и шпунтовыхъ рядовъ 1,50 пог. саж. 5) По сооруженію шлюзо -плотины на 144 верстѣ (ст. Налимный): Для огражденія котлована забито перемычекъ 2, общимъ протяженіемъ 32 пог. саж. Въ котлованѣ вынуто земли 1934,26 куб. са ж. Ипостроены хозяйственн ыя строенія. Водоотводное русло длиною 83,20 саж., шириною по дну 2 саж. Кромѣ означенныхъ работъ сдѣлано два спрямительныхъ перекопа, одинъ выше шлюзо -плотины, въ немъ вынуто земли 225,21 куб. саж., другой ниже шлюзоплотины, в ъ немъ земли вынуто 304,10 куб. саж. 6) Въ двухъ камерномъ шлюзѣ и плотинѣ на 155 и 153 вер. (ст. Безымянный): сваи какъ круглыя, такъ и шпунтовыя, въ двухъ -камерномъ шлюзѣ забиты всѣ и короли уложены . Окончена нарубка нижней головы шлюза, ящики и затылк и головы завалены. Въ средней головѣ нарубка окончена, ящики и затылки завалены землей на 0,80 саж. выше короля. Въ верхней камерѣ шлюза стѣны его возведены на высоту 1 -й пог. сажени; въ верхней камерѣ нарубка окончена, ящики и затылки на всю высоту зава лены землей . Въ выходѣ изъ двухъ-камернаго шлюза вын уто всего земли 605,39 куб. саж., подходъ длиною 43,25 саж., выходъ 16,30 саж. Для отвода р. Малаго Каса ниже плотины прорыто четыре спрям ительныхъ перекопа, изъ коихъ 1 -й длиною 25 саж., 2 -й 40 саж., 3-й 19 саж. и 4 -й 11 саж., во всѣхъ четырехъ перекопахъ вынуто земли 407,25 куб. саж. Плотина на 153 верстѣ окончена, осталась только засыпка затылковъ. Выше плотин ы роется спрямительный перекопъ длиною 10 саж., при чемъ вынуто земли 40 куб. саж. Между плотиною и шлюзомъ расчище ны берега отъ лѣса на протяженіи 250 саж., при чемъ вырублено лѣса 1300 кв. саж. Кромѣ всѣхъ выше -поименованныхъ работъ построены два судна по утвержденному Министерствомъ Путей Сообщенія типу. Построенъ Сторожевой домъ со службами на станѣ Николаевскомъ. На работахъ находилось съ 15 Сентября 1888 до Января 1889 года 255 челов. , убыло въ Декабрѣ 15 челов. Прибыло въ Январѣ 42 , Февралѣ 100, Мартѣ 284 челов. До Апрѣля въ разное время расчитано до 36 челов. Въ Маѣ прибыло 868 челов. На производство всѣхъ выше приведенныхъ работъ израсходовано въ 1889 году 334987 руб. г) Народная нравственность. (Приложеніемъ къ этой статьѣ служитъ вѣдомость № 5 .) Въ теченіе отчетнаго года судебными мѣстами Енисейской губерніи разсмотрѣно 1609 преступленій и дѣлъ, болѣе предыдущаго года на 578, по коимъ суждено 1608 мущ. и 178 женщ., всего 1786 челов., болѣе предыдущаго года на 57. Болѣе всего совершено преступленій: по уложенію о наказаніяхъ: кража 372 , или 23,1%, смертоубійство 148 , или 9, 1%, грабежъ 131, или 8,1% , о преступленіяхъ дѣтей противъ родителей и по другимъ совѣстнымъ дѣламъ 129, или 8,0%, о происшествіяхъ 125, или 7,7%, о нанесеніи увѣчья,"
d46;1889 года;;"ройки. 4) По сооруженію шлюзо -плотины на 128 вер. (ст. Мокряки), законченъ котлованъ шлюзоплотины, поставленнный въ руслѣ рѣки, за исключеніемъ уступа подъ ряжевое основаніе въ верхней головѣ шлюзо -плотины; выемку земли въ этомъ уступѣ признано болѣе удобнымъ произвести по забивкѣ шпунтовыхъ рядовъ въ верхней головѣ. Для отвода р. Малаго Кас а прорыто русло длиною 141,50 саж., шириною отъ 2,50 до 3 саж. Для огражденія котлована отъ рѣки построены двѣ однорядныя перемычки изъ 4 -хъ досокъ. Въ верхней головѣ шлюзо -плотины забито 290 круглыхъ свай в 15 пoг. саж. досчанныхъ шпунтовыхъ рядовъ. Въ колодной части круглыхъ свай забито 509 и шпунтовыхъ рядовъ 1,50 пог. саж. 5) По сооруженію шлюзо -плотины на 144 верстѣ (ст. Налимный): Для огражденія котлована забито перемычекъ 2, общимъ протяженіемъ 32 пог. саж. Въ котлованѣ вынуто земли 1934,26 куб. са ж. Ипостроены хозяйственн ыя строенія. Водоотводное русло длиною 83,20 саж., шириною по дну 2 саж. Кромѣ означенныхъ работъ сдѣлано два спрямительныхъ перекопа, одинъ выше шлюзо -плотины, въ немъ вынуто земли 225,21 куб. саж., другой ниже шлюзоплотины, в ъ немъ земли вынуто 304,10 куб. саж. 6) Въ двухъ камерномъ шлюзѣ и плотинѣ на 155 и 153 вер. (ст. Безымянный): сваи какъ круглыя, такъ и шпунтовыя, въ двухъ -камерномъ шлюзѣ забиты всѣ и короли уложены . Окончена нарубка нижней головы шлюза, ящики и затылк и головы завалены. Въ средней головѣ нарубка окончена, ящики и затылки завалены землей на 0,80 саж. выше короля. Въ верхней камерѣ шлюза стѣны его возведены на высоту 1 -й пог. сажени; въ верхней камерѣ нарубка окончена, ящики и затылки на всю высоту зава лены землей . Въ выходѣ изъ двухъ-камернаго шлюза вын уто всего земли 605,39 куб. саж., подходъ длиною 43,25 саж., выходъ 16,30 саж. Для отвода р. Малаго Каса ниже плотины прорыто четыре спрям ительныхъ перекопа, изъ коихъ 1 -й длиною 25 саж., 2 -й 40 саж., 3-й 19 саж. и 4 -й 11 саж., во всѣхъ четырехъ перекопахъ вынуто земли 407,25 куб. саж. Плотина на 153 верстѣ окончена, осталась только засыпка затылковъ. Выше плотин ы роется спрямительный перекопъ длиною 10 саж., при чемъ вынуто земли 40 куб. саж. Между плотиною и шлюзомъ расчище ны берега отъ лѣса на протяженіи 250 саж., при чемъ вырублено лѣса 1300 кв. саж. Кромѣ всѣхъ выше -поименованныхъ работъ построены два судна по утвержденному Министерствомъ Путей Сообщенія типу. Построенъ Сторожевой домъ со службами на станѣ Николаевскомъ. На работахъ находилось съ 15 Сентября 1888 до Января 1889 года 255 челов. , убыло въ Декабрѣ 15 челов. Прибыло въ Январѣ 42 , Февралѣ 100, Мартѣ 284 челов. До Апрѣля въ разное время расчитано до 36 челов. Въ Маѣ прибыло 868 челов. На производство всѣхъ выше приведенныхъ работъ израсходовано въ 1889 году 334987 руб. г) Народная нравственность. (Приложеніемъ къ этой статьѣ служитъ вѣдомость № 5 .) Въ теченіе отчетнаго года судебными мѣстами Енисейской губерніи разсмотрѣно 1609 преступленій и дѣлъ, болѣе предыдущаго года на 578, по коимъ суждено 1608 мущ. и 178 женщ., всего 1786 челов., болѣе предыдущаго года на 57. Болѣе всего совершено преступленій: по уложенію о наказаніяхъ: кража 372 , или 23,1%, смертоубійство 148 , или 9, 1%, грабежъ 131, или 8,1% , о преступленіяхъ дѣтей противъ родителей и по другимъ совѣстнымъ дѣламъ 129, или 8,0%, о происшествіяхъ 125, или 7,7%, о нанесеніи увѣчья,"
d47;1889 год;;"ройки. 4) По сооруженію шлюзо -плотины на 128 вер. (ст. Мокряки), законченъ котлованъ шлюзоплотины, поставленнный въ руслѣ рѣки, за исключеніемъ уступа подъ ряжевое основаніе въ верхней головѣ шлюзо -плотины; выемку земли въ этомъ уступѣ признано болѣе удобнымъ произвести по забивкѣ шпунтовыхъ рядовъ въ верхней головѣ. Для отвода р. Малаго Кас а прорыто русло длиною 141,50 саж., шириною отъ 2,50 до 3 саж. Для огражденія котлована отъ рѣки построены двѣ однорядныя перемычки изъ 4 -хъ досокъ. Въ верхней головѣ шлюзо -плотины забито 290 круглыхъ свай в 15 пoг. саж. досчанныхъ шпунтовыхъ рядовъ. Въ колодной части круглыхъ свай забито 509 и шпунтовыхъ рядовъ 1,50 пог. саж. 5) По сооруженію шлюзо -плотины на 144 верстѣ (ст. Налимный): Для огражденія котлована забито перемычекъ 2, общимъ протяженіемъ 32 пог. саж. Въ котлованѣ вынуто земли 1934,26 куб. са ж. Ипостроены хозяйственн ыя строенія. Водоотводное русло длиною 83,20 саж., шириною по дну 2 саж. Кромѣ означенныхъ работъ сдѣлано два спрямительныхъ перекопа, одинъ выше шлюзо -плотины, въ немъ вынуто земли 225,21 куб. саж., другой ниже шлюзоплотины, в ъ немъ земли вынуто 304,10 куб. саж. 6) Въ двухъ камерномъ шлюзѣ и плотинѣ на 155 и 153 вер. (ст. Безымянный): сваи какъ круглыя, такъ и шпунтовыя, въ двухъ -камерномъ шлюзѣ забиты всѣ и короли уложены . Окончена нарубка нижней головы шлюза, ящики и затылк и головы завалены. Въ средней головѣ нарубка окончена, ящики и затылки завалены землей на 0,80 саж. выше короля. Въ верхней камерѣ шлюза стѣны его возведены на высоту 1 -й пог. сажени; въ верхней камерѣ нарубка окончена, ящики и затылки на всю высоту зава лены землей . Въ выходѣ изъ двухъ-камернаго шлюза вын уто всего земли 605,39 куб. саж., подходъ длиною 43,25 саж., выходъ 16,30 саж. Для отвода р. Малаго Каса ниже плотины прорыто четыре спрям ительныхъ перекопа, изъ коихъ 1 -й длиною 25 саж., 2 -й 40 саж., 3-й 19 саж. и 4 -й 11 саж., во всѣхъ четырехъ перекопахъ вынуто земли 407,25 куб. саж. Плотина на 153 верстѣ окончена, осталась только засыпка затылковъ. Выше плотин ы роется спрямительный перекопъ длиною 10 саж., при чемъ вынуто земли 40 куб. саж. Между плотиною и шлюзомъ расчище ны берега отъ лѣса на протяженіи 250 саж., при чемъ вырублено лѣса 1300 кв. саж. Кромѣ всѣхъ выше -поименованныхъ работъ построены два судна по утвержденному Министерствомъ Путей Сообщенія типу. Построенъ Сторожевой домъ со службами на станѣ Николаевскомъ. На работахъ находилось съ 15 Сентября 1888 до Января 1889 года 255 челов. , убыло въ Декабрѣ 15 челов. Прибыло въ Январѣ 42 , Февралѣ 100, Мартѣ 284 челов. До Апрѣля въ разное время расчитано до 36 челов. Въ Маѣ прибыло 868 челов. На производство всѣхъ выше приведенныхъ работъ израсходовано въ 1889 году 334987 руб. г) Народная нравственность. (Приложеніемъ къ этой статьѣ служитъ вѣдомость № 5 .) Въ теченіе отчетнаго года судебными мѣстами Енисейской губерніи разсмотрѣно 1609 преступленій и дѣлъ, болѣе предыдущаго года на 578, по коимъ суждено 1608 мущ. и 178 женщ., всего 1786 челов., болѣе предыдущаго года на 57. Болѣе всего совершено преступленій: по уложенію о наказаніяхъ: кража 372 , или 23,1%, смертоубійство 148 , или 9, 1%, грабежъ 131, или 8,1% , о преступленіяхъ дѣтей противъ родителей и по другимъ совѣстнымъ дѣламъ 129, или 8,0%, о происшествіяхъ 125, или 7,7%, о нанесеніи увѣчья,"
d48;1889 год;;"женщ., 30 дѣтей, административно сосланными 8 мущ. , 53 женщ. , 121 дитя. Всего прибыло 64 мущ. , 360 женщ., 437 дѣтей. Кромѣ причисленія на поселеніе означенныхъ ссыльныхъ, въ отчетномъ году были распредѣлены на поселеніе также и каторжные, окончившіе сроки прису жденныхъ имъ работъ. Такихъ поступило 15 мущ ., которые распредѣлены но округамъ: Красноярскому 11 мущ.; Енисейскому 1, при немъ семейства 1 ж. и 1 д.; Канскому 2 мущ., при нихъ семейства 1 м. , 3 ж. и 3 д. , и по Минусинскому 1 м., при немъ семейства 1 м., 2 ж. и 2 д. Передвиженіе ссыльныхъ въ предѣлахъ губерніи производится по Московскому тракту и до городовъ Енисейска и Минусинска этапнымъ порядкомъ; а въ пункты, расположенные въ сторонѣ отъ почтовыхъ трактовъ, натуральною повинностью сельскаго насел енія губерніи. Этаповъ было 7, полуэтаповъ 9 и пересыльныхъ тюремъ 3 . Положеніе ссыльныхъ весьма неудовлетворительно, такъ какъ изъ нихъ только самая ограниченная часть, менѣе испорченная и неотвыкшая отъ труда, обезпечена и водворена въ мѣстахъ поселеніе; прочіе же ссыльные, причиняя значительный матеріальный ущербъ коренному населенію, въ довершеніе всего этого, неблагопріятно вліяютъ на него въ нравственномъ отношеніи. Къ отчетному году оставалось въ тюрьмахъ ареста нтовъ: подсудимыхъ 1160 мущ. , 86 женщ., пересыльныхъ и срочныхъ 934 мущ. , 382 женщ. , всего 2094 мущ. , 468 женщ. Въ 1889 году поступило 21884 мущ. , 3860 женщ., выбыло 22088 мущ. , 3974 женщ. Къ 1 -му Января 1890 года осталось подсудимыхъ 1220 мущ., 111 женщ., пересыльныхъ и срочныхъ 670 мущ., 243 женщ. Всѣхъ содержащихся въ тюрьмахъ въ теченіе года было въ Красноярскѣ 10301 мущ. , 2026 женщ., Енисейскѣ 609 мущ. , 28 женщ., Канскѣ 2166 мущ., 244 жен щ., Ачинскѣ 9377 мущ. , 1923 женщ. и Минусинскѣ 1523 мущ. , 107 женщ., всего 23976 мущ. и 4328 женщ.; кромѣ сего въ теченіе года перебывало арестованныхъ при 36 волостныхъ правленіяхъ губерніи 1897 мущ., 88 женщ. Въ городѣ Красноярскѣ арестанты размѣщались въ каменномъ тюремномъ замкѣ и деревянной пересыльной тюрьмѣ. Зданіе тюремнаго замка въ отношеніи прочности удовлетворительно, но не соотвѣтствуетъ числу содержащихся въ немъ арестантовъ. Для помѣщенія подсудимыхъ и срочныхъ, женщинъ, фельдшеровъ, бани, прачешной устроены особыя зданія. Срочные и подсудимые арестанты содержались отдѣльно отъ пересыльныхъ. Всѣ содержащіеся, смотря по роду преступленій, распредѣляются и по отдѣльнымъ камерамъ. Хозяйственною частью и продовольствіемъ арестантовъ завѣдывалъ смотритель замка подъ непосредственнымъ наблюденіемъ директоровъ тюремнаго комитета. Мясо вообще и коммисаріатскіе припасы для больныхъ были поставляемы съ подрядовъ, а остальные припасы заготовлялись хозяйственнымъ способомъ. Всѣ арестанты получали доброкачественную пищу, а потому и жалобъ на неудовлет ворительность ея не было. Для нравственнаго исправленія арестантовъ еженедѣльно по Субботамъ и Воскресеньямъ, въ двунадесятые праздники и въ табельные дни священникомъ тюремной церкви отправлялось богослуженіе, въ дни же Св. Четыредесятницы – ежедневно въ устроенной при тюремномъ замкѣ школѣ священникомъ разъяснились содержащимся тексты Св. Писанія и читались житія Святыхъ; грамотные арестанты были снабжаемы книгами духовно-нравственнаго содержанія изъ тюремной библіотеки. Нѣкоторые арестанты занимались портняжнымъ, сапожнымъ, столярнымъ и другими ремеслами въ отдѣльномъ деревянномъ зданіи. Всѣ хозяйственныя работы по острогу исполнялись арестантами. Пересыльная тюрьма хотя и новая, въ три 2-хъ этажныхъ деревянныхъ зданія, выстроенныхъ въ 1885 г., но ни по удобст-"
d49;1890 года;;"женщ., 30 дѣтей, административно сосланными 8 мущ. , 53 женщ. , 121 дитя. Всего прибыло 64 мущ. , 360 женщ., 437 дѣтей. Кромѣ причисленія на поселеніе означенныхъ ссыльныхъ, въ отчетномъ году были распредѣлены на поселеніе также и каторжные, окончившіе сроки прису жденныхъ имъ работъ. Такихъ поступило 15 мущ ., которые распредѣлены но округамъ: Красноярскому 11 мущ.; Енисейскому 1, при немъ семейства 1 ж. и 1 д.; Канскому 2 мущ., при нихъ семейства 1 м. , 3 ж. и 3 д. , и по Минусинскому 1 м., при немъ семейства 1 м., 2 ж. и 2 д. Передвиженіе ссыльныхъ въ предѣлахъ губерніи производится по Московскому тракту и до городовъ Енисейска и Минусинска этапнымъ порядкомъ; а въ пункты, расположенные въ сторонѣ отъ почтовыхъ трактовъ, натуральною повинностью сельскаго насел енія губерніи. Этаповъ было 7, полуэтаповъ 9 и пересыльныхъ тюремъ 3 . Положеніе ссыльныхъ весьма неудовлетворительно, такъ какъ изъ нихъ только самая ограниченная часть, менѣе испорченная и неотвыкшая отъ труда, обезпечена и водворена въ мѣстахъ поселеніе; прочіе же ссыльные, причиняя значительный матеріальный ущербъ коренному населенію, въ довершеніе всего этого, неблагопріятно вліяютъ на него въ нравственномъ отношеніи. Къ отчетному году оставалось въ тюрьмахъ ареста нтовъ: подсудимыхъ 1160 мущ. , 86 женщ., пересыльныхъ и срочныхъ 934 мущ. , 382 женщ. , всего 2094 мущ. , 468 женщ. Въ 1889 году поступило 21884 мущ. , 3860 женщ., выбыло 22088 мущ. , 3974 женщ. Къ 1 -му Января 1890 года осталось подсудимыхъ 1220 мущ., 111 женщ., пересыльныхъ и срочныхъ 670 мущ., 243 женщ. Всѣхъ содержащихся въ тюрьмахъ въ теченіе года было въ Красноярскѣ 10301 мущ. , 2026 женщ., Енисейскѣ 609 мущ. , 28 женщ., Канскѣ 2166 мущ., 244 жен щ., Ачинскѣ 9377 мущ. , 1923 женщ. и Минусинскѣ 1523 мущ. , 107 женщ., всего 23976 мущ. и 4328 женщ.; кромѣ сего въ теченіе года перебывало арестованныхъ при 36 волостныхъ правленіяхъ губерніи 1897 мущ., 88 женщ. Въ городѣ Красноярскѣ арестанты размѣщались въ каменномъ тюремномъ замкѣ и деревянной пересыльной тюрьмѣ. Зданіе тюремнаго замка въ отношеніи прочности удовлетворительно, но не соотвѣтствуетъ числу содержащихся въ немъ арестантовъ. Для помѣщенія подсудимыхъ и срочныхъ, женщинъ, фельдшеровъ, бани, прачешной устроены особыя зданія. Срочные и подсудимые арестанты содержались отдѣльно отъ пересыльныхъ. Всѣ содержащіеся, смотря по роду преступленій, распредѣляются и по отдѣльнымъ камерамъ. Хозяйственною частью и продовольствіемъ арестантовъ завѣдывалъ смотритель замка подъ непосредственнымъ наблюденіемъ директоровъ тюремнаго комитета. Мясо вообще и коммисаріатскіе припасы для больныхъ были поставляемы съ подрядовъ, а остальные припасы заготовлялись хозяйственнымъ способомъ. Всѣ арестанты получали доброкачественную пищу, а потому и жалобъ на неудовлет ворительность ея не было. Для нравственнаго исправленія арестантовъ еженедѣльно по Субботамъ и Воскресеньямъ, въ двунадесятые праздники и въ табельные дни священникомъ тюремной церкви отправлялось богослуженіе, въ дни же Св. Четыредесятницы – ежедневно въ устроенной при тюремномъ замкѣ школѣ священникомъ разъяснились содержащимся тексты Св. Писанія и читались житія Святыхъ; грамотные арестанты были снабжаемы книгами духовно-нравственнаго содержанія изъ тюремной библіотеки. Нѣкоторые арестанты занимались портняжнымъ, сапожнымъ, столярнымъ и другими ремеслами въ отдѣльномъ деревянномъ зданіи. Всѣ хозяйственныя работы по острогу исполнялись арестантами. Пересыльная тюрьма хотя и новая, въ три 2-хъ этажныхъ деревянныхъ зданія, выстроенныхъ въ 1885 г., но ни по удобст-"
d50;1885 г.;;"женщ., 30 дѣтей, административно сосланными 8 мущ. , 53 женщ. , 121 дитя. Всего прибыло 64 мущ. , 360 женщ., 437 дѣтей. Кромѣ причисленія на поселеніе означенныхъ ссыльныхъ, въ отчетномъ году были распредѣлены на поселеніе также и каторжные, окончившіе сроки прису жденныхъ имъ работъ. Такихъ поступило 15 мущ ., которые распредѣлены но округамъ: Красноярскому 11 мущ.; Енисейскому 1, при немъ семейства 1 ж. и 1 д.; Канскому 2 мущ., при нихъ семейства 1 м. , 3 ж. и 3 д. , и по Минусинскому 1 м., при немъ семейства 1 м., 2 ж. и 2 д. Передвиженіе ссыльныхъ въ предѣлахъ губерніи производится по Московскому тракту и до городовъ Енисейска и Минусинска этапнымъ порядкомъ; а въ пункты, расположенные въ сторонѣ отъ почтовыхъ трактовъ, натуральною повинностью сельскаго насел енія губерніи. Этаповъ было 7, полуэтаповъ 9 и пересыльныхъ тюремъ 3 . Положеніе ссыльныхъ весьма неудовлетворительно, такъ какъ изъ нихъ только самая ограниченная часть, менѣе испорченная и неотвыкшая отъ труда, обезпечена и водворена въ мѣстахъ поселеніе; прочіе же ссыльные, причиняя значительный матеріальный ущербъ коренному населенію, въ довершеніе всего этого, неблагопріятно вліяютъ на него въ нравственномъ отношеніи. Къ отчетному году оставалось въ тюрьмахъ ареста нтовъ: подсудимыхъ 1160 мущ. , 86 женщ., пересыльныхъ и срочныхъ 934 мущ. , 382 женщ. , всего 2094 мущ. , 468 женщ. Въ 1889 году поступило 21884 мущ. , 3860 женщ., выбыло 22088 мущ. , 3974 женщ. Къ 1 -му Января 1890 года осталось подсудимыхъ 1220 мущ., 111 женщ., пересыльныхъ и срочныхъ 670 мущ., 243 женщ. Всѣхъ содержащихся въ тюрьмахъ въ теченіе года было въ Красноярскѣ 10301 мущ. , 2026 женщ., Енисейскѣ 609 мущ. , 28 женщ., Канскѣ 2166 мущ., 244 жен щ., Ачинскѣ 9377 мущ. , 1923 женщ. и Минусинскѣ 1523 мущ. , 107 женщ., всего 23976 мущ. и 4328 женщ.; кромѣ сего въ теченіе года перебывало арестованныхъ при 36 волостныхъ правленіяхъ губерніи 1897 мущ., 88 женщ. Въ городѣ Красноярскѣ арестанты размѣщались въ каменномъ тюремномъ замкѣ и деревянной пересыльной тюрьмѣ. Зданіе тюремнаго замка въ отношеніи прочности удовлетворительно, но не соотвѣтствуетъ числу содержащихся въ немъ арестантовъ. Для помѣщенія подсудимыхъ и срочныхъ, женщинъ, фельдшеровъ, бани, прачешной устроены особыя зданія. Срочные и подсудимые арестанты содержались отдѣльно отъ пересыльныхъ. Всѣ содержащіеся, смотря по роду преступленій, распредѣляются и по отдѣльнымъ камерамъ. Хозяйственною частью и продовольствіемъ арестантовъ завѣдывалъ смотритель замка подъ непосредственнымъ наблюденіемъ директоровъ тюремнаго комитета. Мясо вообще и коммисаріатскіе припасы для больныхъ были поставляемы съ подрядовъ, а остальные припасы заготовлялись хозяйственнымъ способомъ. Всѣ арестанты получали доброкачественную пищу, а потому и жалобъ на неудовлет ворительность ея не было. Для нравственнаго исправленія арестантовъ еженедѣльно по Субботамъ и Воскресеньямъ, въ двунадесятые праздники и въ табельные дни священникомъ тюремной церкви отправлялось богослуженіе, въ дни же Св. Четыредесятницы – ежедневно въ устроенной при тюремномъ замкѣ школѣ священникомъ разъяснились содержащимся тексты Св. Писанія и читались житія Святыхъ; грамотные арестанты были снабжаемы книгами духовно-нравственнаго содержанія изъ тюремной библіотеки. Нѣкоторые арестанты занимались портняжнымъ, сапожнымъ, столярнымъ и другими ремеслами въ отдѣльномъ деревянномъ зданіи. Всѣ хозяйственныя работы по острогу исполнялись арестантами. Пересыльная тюрьма хотя и новая, въ три 2-хъ этажныхъ деревянныхъ зданія, выстроенныхъ въ 1885 г., но ни по удобст-"
d51;25 Марта 1886 года;;"ву, ни по вмѣстимости не соотвѣтствуетъ своему назначенію и требуетъ ежегодно большаго ремонта. При тюрьмѣ находятся кухня, амбаръ, подвалъ и каменная кладовая. Для помѣщенія дѣтей преступниковъ, отдѣльно отъ родителе й, открытъ въ гор. Красноярскѣ 25 Марта 1886 года пріютъ для арестантскихъ дѣтей, домъ для котораго построенъ въ 1885 году на средства тюремнаго комитета и пожертвованныя разными лицами деньги. Тюремныя помѣщенія въ городахъ Енисейскѣ и Ачинскѣ удовлетвор ительны; въ Канскѣ же и Минусинскѣ, по числу содержащихся, оказываются тѣсными. Неудобство это, по возможности, устранялось чрезъ разныя приспособленія и поправки на счетъ казны и суммъ тюремныхъ отдѣленій. Относительно нравственнаго исправленія арестантовъ и проч. соблюдались тѣ же мѣры, какъ и въ губернской тюрьмѣ. Движеніе суммъ тюремнаго Комитета въ теченіе отчетнаго года было слѣдующее: Въ комитетѣ Въ 4 отдѣленіяхъ. Къ 1-му Января 1889 года оставалось 5510 руб. 91 коп. 5102 руб. 10 ¼ коп. Въ 1889 году поступило Всего казенныхъ и частныхъ 105481 руб. 73 ¼ коп. 79462 руб. 38 ½ коп. Въ 1889 году израсходовано 105028 руб. 66 ¾ коп. 79972 руб. 46 ½ коп. Осталось въ 1-му Января 1890 года 5963 руб. 97 ½ коп. 4592 руб. 2 ¼ коп. Кромѣ сего тюремный комитетъ и его отдѣленія имѣло въ долгахъ къ 1 -му Января 1889 года 36720 руб. 82 ½ коп., а къ 1 -му Января 1890 года долга состоитъ 21702 руб. 34 коп., такъ что капиталъ комитета съ отдѣленіями долженъ считаться въ 1890 году 32258 руб. 33 ¾ коп . – Расходы были слѣдующіе: 1) на содержаніе наличнаго состава служащихъ и канцелярскіе расходы 36961 руб. 2 коп.; 2) на содержаніе арестантовъ и тюремныхъ учрежденій 128684 руб. 34 коп. и 3) н а содержаніе пріюта арестантскихъ дѣтей, пособіе отдѣленіямъ, возвратъ долговъ и временная ссуда отдѣленіямъ 19355 руб. 77 ¼ коп., всего 185001 руб. 13 ¼ коп. Движеніе суммъ экономическаго поселенческаго капитала въ теченіе отчетнаго года было слѣдующее: къ 1 -му Января 1889 года оставалось: а) наличными деньгами 11395 руб. 28 ¾ коп.; б) свидѣтельствомъ Енисейскаго отдѣленія Государственнаго Банка на 5600 руб., в) закладными листами Государственнаго дворянскаго земельнаго банка на 10000 руб.; г) трем я билетами Воронежскаго Коммерческаго банка на сумму 6153 руб. и д) билетомъ Государственнаго Банка 5% 2 внутр. займа 100 руб., всего 33248 руб. 28 ¾ коп. Въ теченіе отчетнаго года поступило: 1) съ поселенцевъ 15 коп. сбора, на основаніи 744 ст. XIV т. Уст. о ссыльн. 2270 руб. 74 коп. 2) съ золотопромышленниковъ на основ. 651 ст. XIV т. Уст. о ссыльн., за поселенцевъ, бывшихъ у нихъ на промыслахъ, въ экономическій капиталъ по 1 руб. 50 коп. и на устройство осѣдлости по 1 руб. съ каждаго, 8940 руб. 23 коп.; 3) выручено за билеты, выдаваемые ссыльнымъ, 704 руб. 49 коп.; 4) деньги, банковые билеты и имущество, оставшіеся послѣ смерти поселе нцевъ, поступившіе на основ. 786 и 793 ст. XIV т. Уст. о ссыльн. 1986 руб. 92 коп.; 5) оставшіяся невыданными поселенца мъ въ пособіе, за смертію ихъ и по другимъ причинамъ 1777. руб. 44 ½ коп.; 6 ) взыскано съ поселенцевъ въ возвратъ за леченіе ихъ въ больницахъ 79 руб. 4 ¼ коп.; 7) невыданныя ссыльнымъ, за неявкой получателей 4 р. 40 к., 8) по книжкѣ Енисейскаго Отдѣленіе Государственнаго Байка на деньги, вырученныя отъ продажи закладныхъ листовъ Государственнаго Дворянскаго Земельнаго Банка, 10600 руб. и 9) по книжкѣ того же Отдѣленія 17 руб."
d52;1885 год;;"ву, ни по вмѣстимости не соотвѣтствуетъ своему назначенію и требуетъ ежегодно большаго ремонта. При тюрьмѣ находятся кухня, амбаръ, подвалъ и каменная кладовая. Для помѣщенія дѣтей преступниковъ, отдѣльно отъ родителе й, открытъ въ гор. Красноярскѣ 25 Марта 1886 года пріютъ для арестантскихъ дѣтей, домъ для котораго построенъ въ 1885 году на средства тюремнаго комитета и пожертвованныя разными лицами деньги. Тюремныя помѣщенія въ городахъ Енисейскѣ и Ачинскѣ удовлетвор ительны; въ Канскѣ же и Минусинскѣ, по числу содержащихся, оказываются тѣсными. Неудобство это, по возможности, устранялось чрезъ разныя приспособленія и поправки на счетъ казны и суммъ тюремныхъ отдѣленій. Относительно нравственнаго исправленія арестантовъ и проч. соблюдались тѣ же мѣры, какъ и въ губернской тюрьмѣ. Движеніе суммъ тюремнаго Комитета въ теченіе отчетнаго года было слѣдующее: Въ комитетѣ Въ 4 отдѣленіяхъ. Къ 1-му Января 1889 года оставалось 5510 руб. 91 коп. 5102 руб. 10 ¼ коп. Въ 1889 году поступило Всего казенныхъ и частныхъ 105481 руб. 73 ¼ коп. 79462 руб. 38 ½ коп. Въ 1889 году израсходовано 105028 руб. 66 ¾ коп. 79972 руб. 46 ½ коп. Осталось въ 1-му Января 1890 года 5963 руб. 97 ½ коп. 4592 руб. 2 ¼ коп. Кромѣ сего тюремный комитетъ и его отдѣленія имѣло въ долгахъ къ 1 -му Января 1889 года 36720 руб. 82 ½ коп., а къ 1 -му Января 1890 года долга состоитъ 21702 руб. 34 коп., такъ что капиталъ комитета съ отдѣленіями долженъ считаться въ 1890 году 32258 руб. 33 ¾ коп . – Расходы были слѣдующіе: 1) на содержаніе наличнаго состава служащихъ и канцелярскіе расходы 36961 руб. 2 коп.; 2) на содержаніе арестантовъ и тюремныхъ учрежденій 128684 руб. 34 коп. и 3) н а содержаніе пріюта арестантскихъ дѣтей, пособіе отдѣленіямъ, возвратъ долговъ и временная ссуда отдѣленіямъ 19355 руб. 77 ¼ коп., всего 185001 руб. 13 ¼ коп. Движеніе суммъ экономическаго поселенческаго капитала въ теченіе отчетнаго года было слѣдующее: къ 1 -му Января 1889 года оставалось: а) наличными деньгами 11395 руб. 28 ¾ коп.; б) свидѣтельствомъ Енисейскаго отдѣленія Государственнаго Банка на 5600 руб., в) закладными листами Государственнаго дворянскаго земельнаго банка на 10000 руб.; г) трем я билетами Воронежскаго Коммерческаго банка на сумму 6153 руб. и д) билетомъ Государственнаго Банка 5% 2 внутр. займа 100 руб., всего 33248 руб. 28 ¾ коп. Въ теченіе отчетнаго года поступило: 1) съ поселенцевъ 15 коп. сбора, на основаніи 744 ст. XIV т. Уст. о ссыльн. 2270 руб. 74 коп. 2) съ золотопромышленниковъ на основ. 651 ст. XIV т. Уст. о ссыльн., за поселенцевъ, бывшихъ у нихъ на промыслахъ, въ экономическій капиталъ по 1 руб. 50 коп. и на устройство осѣдлости по 1 руб. съ каждаго, 8940 руб. 23 коп.; 3) выручено за билеты, выдаваемые ссыльнымъ, 704 руб. 49 коп.; 4) деньги, банковые билеты и имущество, оставшіеся послѣ смерти поселе нцевъ, поступившіе на основ. 786 и 793 ст. XIV т. Уст. о ссыльн. 1986 руб. 92 коп.; 5) оставшіяся невыданными поселенца мъ въ пособіе, за смертію ихъ и по другимъ причинамъ 1777. руб. 44 ½ коп.; 6 ) взыскано съ поселенцевъ въ возвратъ за леченіе ихъ въ больницахъ 79 руб. 4 ¼ коп.; 7) невыданныя ссыльнымъ, за неявкой получателей 4 р. 40 к., 8) по книжкѣ Енисейскаго Отдѣленіе Государственнаго Байка на деньги, вырученныя отъ продажи закладныхъ листовъ Государственнаго Дворянскаго Земельнаго Банка, 10600 руб. и 9) по книжкѣ того же Отдѣленія 17 руб."
d53;1889 года;;"ву, ни по вмѣстимости не соотвѣтствуетъ своему назначенію и требуетъ ежегодно большаго ремонта. При тюрьмѣ находятся кухня, амбаръ, подвалъ и каменная кладовая. Для помѣщенія дѣтей преступниковъ, отдѣльно отъ родителе й, открытъ въ гор. Красноярскѣ 25 Марта 1886 года пріютъ для арестантскихъ дѣтей, домъ для котораго построенъ въ 1885 году на средства тюремнаго комитета и пожертвованныя разными лицами деньги. Тюремныя помѣщенія въ городахъ Енисейскѣ и Ачинскѣ удовлетвор ительны; въ Канскѣ же и Минусинскѣ, по числу содержащихся, оказываются тѣсными. Неудобство это, по возможности, устранялось чрезъ разныя приспособленія и поправки на счетъ казны и суммъ тюремныхъ отдѣленій. Относительно нравственнаго исправленія арестантовъ и проч. соблюдались тѣ же мѣры, какъ и въ губернской тюрьмѣ. Движеніе суммъ тюремнаго Комитета въ теченіе отчетнаго года было слѣдующее: Въ комитетѣ Въ 4 отдѣленіяхъ. Къ 1-му Января 1889 года оставалось 5510 руб. 91 коп. 5102 руб. 10 ¼ коп. Въ 1889 году поступило Всего казенныхъ и частныхъ 105481 руб. 73 ¼ коп. 79462 руб. 38 ½ коп. Въ 1889 году израсходовано 105028 руб. 66 ¾ коп. 79972 руб. 46 ½ коп. Осталось въ 1-му Января 1890 года 5963 руб. 97 ½ коп. 4592 руб. 2 ¼ коп. Кромѣ сего тюремный комитетъ и его отдѣленія имѣло въ долгахъ къ 1 -му Января 1889 года 36720 руб. 82 ½ коп., а къ 1 -му Января 1890 года долга состоитъ 21702 руб. 34 коп., такъ что капиталъ комитета съ отдѣленіями долженъ считаться въ 1890 году 32258 руб. 33 ¾ коп . – Расходы были слѣдующіе: 1) на содержаніе наличнаго состава служащихъ и канцелярскіе расходы 36961 руб. 2 коп.; 2) на содержаніе арестантовъ и тюремныхъ учрежденій 128684 руб. 34 коп. и 3) н а содержаніе пріюта арестантскихъ дѣтей, пособіе отдѣленіямъ, возвратъ долговъ и временная ссуда отдѣленіямъ 19355 руб. 77 ¼ коп., всего 185001 руб. 13 ¼ коп. Движеніе суммъ экономическаго поселенческаго капитала въ теченіе отчетнаго года было слѣдующее: къ 1 -му Января 1889 года оставалось: а) наличными деньгами 11395 руб. 28 ¾ коп.; б) свидѣтельствомъ Енисейскаго отдѣленія Государственнаго Банка на 5600 руб., в) закладными листами Государственнаго дворянскаго земельнаго банка на 10000 руб.; г) трем я билетами Воронежскаго Коммерческаго банка на сумму 6153 руб. и д) билетомъ Государственнаго Банка 5% 2 внутр. займа 100 руб., всего 33248 руб. 28 ¾ коп. Въ теченіе отчетнаго года поступило: 1) съ поселенцевъ 15 коп. сбора, на основаніи 744 ст. XIV т. Уст. о ссыльн. 2270 руб. 74 коп. 2) съ золотопромышленниковъ на основ. 651 ст. XIV т. Уст. о ссыльн., за поселенцевъ, бывшихъ у нихъ на промыслахъ, въ экономическій капиталъ по 1 руб. 50 коп. и на устройство осѣдлости по 1 руб. съ каждаго, 8940 руб. 23 коп.; 3) выручено за билеты, выдаваемые ссыльнымъ, 704 руб. 49 коп.; 4) деньги, банковые билеты и имущество, оставшіеся послѣ смерти поселе нцевъ, поступившіе на основ. 786 и 793 ст. XIV т. Уст. о ссыльн. 1986 руб. 92 коп.; 5) оставшіяся невыданными поселенца мъ въ пособіе, за смертію ихъ и по другимъ причинамъ 1777. руб. 44 ½ коп.; 6 ) взыскано съ поселенцевъ въ возвратъ за леченіе ихъ въ больницахъ 79 руб. 4 ¼ коп.; 7) невыданныя ссыльнымъ, за неявкой получателей 4 р. 40 к., 8) по книжкѣ Енисейскаго Отдѣленіе Государственнаго Байка на деньги, вырученныя отъ продажи закладныхъ листовъ Государственнаго Дворянскаго Земельнаго Банка, 10600 руб. и 9) по книжкѣ того же Отдѣленія 17 руб."
d54;1889 год;;"ву, ни по вмѣстимости не соотвѣтствуетъ своему назначенію и требуетъ ежегодно большаго ремонта. При тюрьмѣ находятся кухня, амбаръ, подвалъ и каменная кладовая. Для помѣщенія дѣтей преступниковъ, отдѣльно отъ родителе й, открытъ въ гор. Красноярскѣ 25 Марта 1886 года пріютъ для арестантскихъ дѣтей, домъ для котораго построенъ въ 1885 году на средства тюремнаго комитета и пожертвованныя разными лицами деньги. Тюремныя помѣщенія въ городахъ Енисейскѣ и Ачинскѣ удовлетвор ительны; въ Канскѣ же и Минусинскѣ, по числу содержащихся, оказываются тѣсными. Неудобство это, по возможности, устранялось чрезъ разныя приспособленія и поправки на счетъ казны и суммъ тюремныхъ отдѣленій. Относительно нравственнаго исправленія арестантовъ и проч. соблюдались тѣ же мѣры, какъ и въ губернской тюрьмѣ. Движеніе суммъ тюремнаго Комитета въ теченіе отчетнаго года было слѣдующее: Въ комитетѣ Въ 4 отдѣленіяхъ. Къ 1-му Января 1889 года оставалось 5510 руб. 91 коп. 5102 руб. 10 ¼ коп. Въ 1889 году поступило Всего казенныхъ и частныхъ 105481 руб. 73 ¼ коп. 79462 руб. 38 ½ коп. Въ 1889 году израсходовано 105028 руб. 66 ¾ коп. 79972 руб. 46 ½ коп. Осталось въ 1-му Января 1890 года 5963 руб. 97 ½ коп. 4592 руб. 2 ¼ коп. Кромѣ сего тюремный комитетъ и его отдѣленія имѣло въ долгахъ къ 1 -му Января 1889 года 36720 руб. 82 ½ коп., а къ 1 -му Января 1890 года долга состоитъ 21702 руб. 34 коп., такъ что капиталъ комитета съ отдѣленіями долженъ считаться въ 1890 году 32258 руб. 33 ¾ коп . – Расходы были слѣдующіе: 1) на содержаніе наличнаго состава служащихъ и канцелярскіе расходы 36961 руб. 2 коп.; 2) на содержаніе арестантовъ и тюремныхъ учрежденій 128684 руб. 34 коп. и 3) н а содержаніе пріюта арестантскихъ дѣтей, пособіе отдѣленіямъ, возвратъ долговъ и временная ссуда отдѣленіямъ 19355 руб. 77 ¼ коп., всего 185001 руб. 13 ¼ коп. Движеніе суммъ экономическаго поселенческаго капитала въ теченіе отчетнаго года было слѣдующее: къ 1 -му Января 1889 года оставалось: а) наличными деньгами 11395 руб. 28 ¾ коп.; б) свидѣтельствомъ Енисейскаго отдѣленія Государственнаго Банка на 5600 руб., в) закладными листами Государственнаго дворянскаго земельнаго банка на 10000 руб.; г) трем я билетами Воронежскаго Коммерческаго банка на сумму 6153 руб. и д) билетомъ Государственнаго Банка 5% 2 внутр. займа 100 руб., всего 33248 руб. 28 ¾ коп. Въ теченіе отчетнаго года поступило: 1) съ поселенцевъ 15 коп. сбора, на основаніи 744 ст. XIV т. Уст. о ссыльн. 2270 руб. 74 коп. 2) съ золотопромышленниковъ на основ. 651 ст. XIV т. Уст. о ссыльн., за поселенцевъ, бывшихъ у нихъ на промыслахъ, въ экономическій капиталъ по 1 руб. 50 коп. и на устройство осѣдлости по 1 руб. съ каждаго, 8940 руб. 23 коп.; 3) выручено за билеты, выдаваемые ссыльнымъ, 704 руб. 49 коп.; 4) деньги, банковые билеты и имущество, оставшіеся послѣ смерти поселе нцевъ, поступившіе на основ. 786 и 793 ст. XIV т. Уст. о ссыльн. 1986 руб. 92 коп.; 5) оставшіяся невыданными поселенца мъ въ пособіе, за смертію ихъ и по другимъ причинамъ 1777. руб. 44 ½ коп.; 6 ) взыскано съ поселенцевъ въ возвратъ за леченіе ихъ въ больницахъ 79 руб. 4 ¼ коп.; 7) невыданныя ссыльнымъ, за неявкой получателей 4 р. 40 к., 8) по книжкѣ Енисейскаго Отдѣленіе Государственнаго Байка на деньги, вырученныя отъ продажи закладныхъ листовъ Государственнаго Дворянскаго Земельнаго Банка, 10600 руб. и 9) по книжкѣ того же Отдѣленія 17 руб."
d55;1889 год;;"ву, ни по вмѣстимости не соотвѣтствуетъ своему назначенію и требуетъ ежегодно большаго ремонта. При тюрьмѣ находятся кухня, амбаръ, подвалъ и каменная кладовая. Для помѣщенія дѣтей преступниковъ, отдѣльно отъ родителе й, открытъ въ гор. Красноярскѣ 25 Марта 1886 года пріютъ для арестантскихъ дѣтей, домъ для котораго построенъ въ 1885 году на средства тюремнаго комитета и пожертвованныя разными лицами деньги. Тюремныя помѣщенія въ городахъ Енисейскѣ и Ачинскѣ удовлетвор ительны; въ Канскѣ же и Минусинскѣ, по числу содержащихся, оказываются тѣсными. Неудобство это, по возможности, устранялось чрезъ разныя приспособленія и поправки на счетъ казны и суммъ тюремныхъ отдѣленій. Относительно нравственнаго исправленія арестантовъ и проч. соблюдались тѣ же мѣры, какъ и въ губернской тюрьмѣ. Движеніе суммъ тюремнаго Комитета въ теченіе отчетнаго года было слѣдующее: Въ комитетѣ Въ 4 отдѣленіяхъ. Къ 1-му Января 1889 года оставалось 5510 руб. 91 коп. 5102 руб. 10 ¼ коп. Въ 1889 году поступило Всего казенныхъ и частныхъ 105481 руб. 73 ¼ коп. 79462 руб. 38 ½ коп. Въ 1889 году израсходовано 105028 руб. 66 ¾ коп. 79972 руб. 46 ½ коп. Осталось въ 1-му Января 1890 года 5963 руб. 97 ½ коп. 4592 руб. 2 ¼ коп. Кромѣ сего тюремный комитетъ и его отдѣленія имѣло въ долгахъ къ 1 -му Января 1889 года 36720 руб. 82 ½ коп., а къ 1 -му Января 1890 года долга состоитъ 21702 руб. 34 коп., такъ что капиталъ комитета съ отдѣленіями долженъ считаться въ 1890 году 32258 руб. 33 ¾ коп . – Расходы были слѣдующіе: 1) на содержаніе наличнаго состава служащихъ и канцелярскіе расходы 36961 руб. 2 коп.; 2) на содержаніе арестантовъ и тюремныхъ учрежденій 128684 руб. 34 коп. и 3) н а содержаніе пріюта арестантскихъ дѣтей, пособіе отдѣленіямъ, возвратъ долговъ и временная ссуда отдѣленіямъ 19355 руб. 77 ¼ коп., всего 185001 руб. 13 ¼ коп. Движеніе суммъ экономическаго поселенческаго капитала въ теченіе отчетнаго года было слѣдующее: къ 1 -му Января 1889 года оставалось: а) наличными деньгами 11395 руб. 28 ¾ коп.; б) свидѣтельствомъ Енисейскаго отдѣленія Государственнаго Банка на 5600 руб., в) закладными листами Государственнаго дворянскаго земельнаго банка на 10000 руб.; г) трем я билетами Воронежскаго Коммерческаго банка на сумму 6153 руб. и д) билетомъ Государственнаго Банка 5% 2 внутр. займа 100 руб., всего 33248 руб. 28 ¾ коп. Въ теченіе отчетнаго года поступило: 1) съ поселенцевъ 15 коп. сбора, на основаніи 744 ст. XIV т. Уст. о ссыльн. 2270 руб. 74 коп. 2) съ золотопромышленниковъ на основ. 651 ст. XIV т. Уст. о ссыльн., за поселенцевъ, бывшихъ у нихъ на промыслахъ, въ экономическій капиталъ по 1 руб. 50 коп. и на устройство осѣдлости по 1 руб. съ каждаго, 8940 руб. 23 коп.; 3) выручено за билеты, выдаваемые ссыльнымъ, 704 руб. 49 коп.; 4) деньги, банковые билеты и имущество, оставшіеся послѣ смерти поселе нцевъ, поступившіе на основ. 786 и 793 ст. XIV т. Уст. о ссыльн. 1986 руб. 92 коп.; 5) оставшіяся невыданными поселенца мъ въ пособіе, за смертію ихъ и по другимъ причинамъ 1777. руб. 44 ½ коп.; 6 ) взыскано съ поселенцевъ въ возвратъ за леченіе ихъ въ больницахъ 79 руб. 4 ¼ коп.; 7) невыданныя ссыльнымъ, за неявкой получателей 4 р. 40 к., 8) по книжкѣ Енисейскаго Отдѣленіе Государственнаго Байка на деньги, вырученныя отъ продажи закладныхъ листовъ Государственнаго Дворянскаго Земельнаго Банка, 10600 руб. и 9) по книжкѣ того же Отдѣленія 17 руб."
d56;1890 года;;"ву, ни по вмѣстимости не соотвѣтствуетъ своему назначенію и требуетъ ежегодно большаго ремонта. При тюрьмѣ находятся кухня, амбаръ, подвалъ и каменная кладовая. Для помѣщенія дѣтей преступниковъ, отдѣльно отъ родителе й, открытъ въ гор. Красноярскѣ 25 Марта 1886 года пріютъ для арестантскихъ дѣтей, домъ для котораго построенъ въ 1885 году на средства тюремнаго комитета и пожертвованныя разными лицами деньги. Тюремныя помѣщенія въ городахъ Енисейскѣ и Ачинскѣ удовлетвор ительны; въ Канскѣ же и Минусинскѣ, по числу содержащихся, оказываются тѣсными. Неудобство это, по возможности, устранялось чрезъ разныя приспособленія и поправки на счетъ казны и суммъ тюремныхъ отдѣленій. Относительно нравственнаго исправленія арестантовъ и проч. соблюдались тѣ же мѣры, какъ и въ губернской тюрьмѣ. Движеніе суммъ тюремнаго Комитета въ теченіе отчетнаго года было слѣдующее: Въ комитетѣ Въ 4 отдѣленіяхъ. Къ 1-му Января 1889 года оставалось 5510 руб. 91 коп. 5102 руб. 10 ¼ коп. Въ 1889 году поступило Всего казенныхъ и частныхъ 105481 руб. 73 ¼ коп. 79462 руб. 38 ½ коп. Въ 1889 году израсходовано 105028 руб. 66 ¾ коп. 79972 руб. 46 ½ коп. Осталось въ 1-му Января 1890 года 5963 руб. 97 ½ коп. 4592 руб. 2 ¼ коп. Кромѣ сего тюремный комитетъ и его отдѣленія имѣло въ долгахъ къ 1 -му Января 1889 года 36720 руб. 82 ½ коп., а къ 1 -му Января 1890 года долга состоитъ 21702 руб. 34 коп., такъ что капиталъ комитета съ отдѣленіями долженъ считаться въ 1890 году 32258 руб. 33 ¾ коп . – Расходы были слѣдующіе: 1) на содержаніе наличнаго состава служащихъ и канцелярскіе расходы 36961 руб. 2 коп.; 2) на содержаніе арестантовъ и тюремныхъ учрежденій 128684 руб. 34 коп. и 3) н а содержаніе пріюта арестантскихъ дѣтей, пособіе отдѣленіямъ, возвратъ долговъ и временная ссуда отдѣленіямъ 19355 руб. 77 ¼ коп., всего 185001 руб. 13 ¼ коп. Движеніе суммъ экономическаго поселенческаго капитала въ теченіе отчетнаго года было слѣдующее: къ 1 -му Января 1889 года оставалось: а) наличными деньгами 11395 руб. 28 ¾ коп.; б) свидѣтельствомъ Енисейскаго отдѣленія Государственнаго Банка на 5600 руб., в) закладными листами Государственнаго дворянскаго земельнаго банка на 10000 руб.; г) трем я билетами Воронежскаго Коммерческаго банка на сумму 6153 руб. и д) билетомъ Государственнаго Банка 5% 2 внутр. займа 100 руб., всего 33248 руб. 28 ¾ коп. Въ теченіе отчетнаго года поступило: 1) съ поселенцевъ 15 коп. сбора, на основаніи 744 ст. XIV т. Уст. о ссыльн. 2270 руб. 74 коп. 2) съ золотопромышленниковъ на основ. 651 ст. XIV т. Уст. о ссыльн., за поселенцевъ, бывшихъ у нихъ на промыслахъ, въ экономическій капиталъ по 1 руб. 50 коп. и на устройство осѣдлости по 1 руб. съ каждаго, 8940 руб. 23 коп.; 3) выручено за билеты, выдаваемые ссыльнымъ, 704 руб. 49 коп.; 4) деньги, банковые билеты и имущество, оставшіеся послѣ смерти поселе нцевъ, поступившіе на основ. 786 и 793 ст. XIV т. Уст. о ссыльн. 1986 руб. 92 коп.; 5) оставшіяся невыданными поселенца мъ въ пособіе, за смертію ихъ и по другимъ причинамъ 1777. руб. 44 ½ коп.; 6 ) взыскано съ поселенцевъ въ возвратъ за леченіе ихъ въ больницахъ 79 руб. 4 ¼ коп.; 7) невыданныя ссыльнымъ, за неявкой получателей 4 р. 40 к., 8) по книжкѣ Енисейскаго Отдѣленіе Государственнаго Байка на деньги, вырученныя отъ продажи закладныхъ листовъ Государственнаго Дворянскаго Земельнаго Банка, 10600 руб. и 9) по книжкѣ того же Отдѣленія 17 руб."
d57;1889 года;;"ву, ни по вмѣстимости не соотвѣтствуетъ своему назначенію и требуетъ ежегодно большаго ремонта. При тюрьмѣ находятся кухня, амбаръ, подвалъ и каменная кладовая. Для помѣщенія дѣтей преступниковъ, отдѣльно отъ родителе й, открытъ въ гор. Красноярскѣ 25 Марта 1886 года пріютъ для арестантскихъ дѣтей, домъ для котораго построенъ въ 1885 году на средства тюремнаго комитета и пожертвованныя разными лицами деньги. Тюремныя помѣщенія въ городахъ Енисейскѣ и Ачинскѣ удовлетвор ительны; въ Канскѣ же и Минусинскѣ, по числу содержащихся, оказываются тѣсными. Неудобство это, по возможности, устранялось чрезъ разныя приспособленія и поправки на счетъ казны и суммъ тюремныхъ отдѣленій. Относительно нравственнаго исправленія арестантовъ и проч. соблюдались тѣ же мѣры, какъ и въ губернской тюрьмѣ. Движеніе суммъ тюремнаго Комитета въ теченіе отчетнаго года было слѣдующее: Въ комитетѣ Въ 4 отдѣленіяхъ. Къ 1-му Января 1889 года оставалось 5510 руб. 91 коп. 5102 руб. 10 ¼ коп. Въ 1889 году поступило Всего казенныхъ и частныхъ 105481 руб. 73 ¼ коп. 79462 руб. 38 ½ коп. Въ 1889 году израсходовано 105028 руб. 66 ¾ коп. 79972 руб. 46 ½ коп. Осталось въ 1-му Января 1890 года 5963 руб. 97 ½ коп. 4592 руб. 2 ¼ коп. Кромѣ сего тюремный комитетъ и его отдѣленія имѣло въ долгахъ къ 1 -му Января 1889 года 36720 руб. 82 ½ коп., а къ 1 -му Января 1890 года долга состоитъ 21702 руб. 34 коп., такъ что капиталъ комитета съ отдѣленіями долженъ считаться въ 1890 году 32258 руб. 33 ¾ коп . – Расходы были слѣдующіе: 1) на содержаніе наличнаго состава служащихъ и канцелярскіе расходы 36961 руб. 2 коп.; 2) на содержаніе арестантовъ и тюремныхъ учрежденій 128684 руб. 34 коп. и 3) н а содержаніе пріюта арестантскихъ дѣтей, пособіе отдѣленіямъ, возвратъ долговъ и временная ссуда отдѣленіямъ 19355 руб. 77 ¼ коп., всего 185001 руб. 13 ¼ коп. Движеніе суммъ экономическаго поселенческаго капитала въ теченіе отчетнаго года было слѣдующее: къ 1 -му Января 1889 года оставалось: а) наличными деньгами 11395 руб. 28 ¾ коп.; б) свидѣтельствомъ Енисейскаго отдѣленія Государственнаго Банка на 5600 руб., в) закладными листами Государственнаго дворянскаго земельнаго банка на 10000 руб.; г) трем я билетами Воронежскаго Коммерческаго банка на сумму 6153 руб. и д) билетомъ Государственнаго Банка 5% 2 внутр. займа 100 руб., всего 33248 руб. 28 ¾ коп. Въ теченіе отчетнаго года поступило: 1) съ поселенцевъ 15 коп. сбора, на основаніи 744 ст. XIV т. Уст. о ссыльн. 2270 руб. 74 коп. 2) съ золотопромышленниковъ на основ. 651 ст. XIV т. Уст. о ссыльн., за поселенцевъ, бывшихъ у нихъ на промыслахъ, въ экономическій капиталъ по 1 руб. 50 коп. и на устройство осѣдлости по 1 руб. съ каждаго, 8940 руб. 23 коп.; 3) выручено за билеты, выдаваемые ссыльнымъ, 704 руб. 49 коп.; 4) деньги, банковые билеты и имущество, оставшіеся послѣ смерти поселе нцевъ, поступившіе на основ. 786 и 793 ст. XIV т. Уст. о ссыльн. 1986 руб. 92 коп.; 5) оставшіяся невыданными поселенца мъ въ пособіе, за смертію ихъ и по другимъ причинамъ 1777. руб. 44 ½ коп.; 6 ) взыскано съ поселенцевъ въ возвратъ за леченіе ихъ въ больницахъ 79 руб. 4 ¼ коп.; 7) невыданныя ссыльнымъ, за неявкой получателей 4 р. 40 к., 8) по книжкѣ Енисейскаго Отдѣленіе Государственнаго Байка на деньги, вырученныя отъ продажи закладныхъ листовъ Государственнаго Дворянскаго Земельнаго Банка, 10600 руб. и 9) по книжкѣ того же Отдѣленія 17 руб."
d58;1890 года;;"ву, ни по вмѣстимости не соотвѣтствуетъ своему назначенію и требуетъ ежегодно большаго ремонта. При тюрьмѣ находятся кухня, амбаръ, подвалъ и каменная кладовая. Для помѣщенія дѣтей преступниковъ, отдѣльно отъ родителе й, открытъ въ гор. Красноярскѣ 25 Марта 1886 года пріютъ для арестантскихъ дѣтей, домъ для котораго построенъ въ 1885 году на средства тюремнаго комитета и пожертвованныя разными лицами деньги. Тюремныя помѣщенія въ городахъ Енисейскѣ и Ачинскѣ удовлетвор ительны; въ Канскѣ же и Минусинскѣ, по числу содержащихся, оказываются тѣсными. Неудобство это, по возможности, устранялось чрезъ разныя приспособленія и поправки на счетъ казны и суммъ тюремныхъ отдѣленій. Относительно нравственнаго исправленія арестантовъ и проч. соблюдались тѣ же мѣры, какъ и въ губернской тюрьмѣ. Движеніе суммъ тюремнаго Комитета въ теченіе отчетнаго года было слѣдующее: Въ комитетѣ Въ 4 отдѣленіяхъ. Къ 1-му Января 1889 года оставалось 5510 руб. 91 коп. 5102 руб. 10 ¼ коп. Въ 1889 году поступило Всего казенныхъ и частныхъ 105481 руб. 73 ¼ коп. 79462 руб. 38 ½ коп. Въ 1889 году израсходовано 105028 руб. 66 ¾ коп. 79972 руб. 46 ½ коп. Осталось въ 1-му Января 1890 года 5963 руб. 97 ½ коп. 4592 руб. 2 ¼ коп. Кромѣ сего тюремный комитетъ и его отдѣленія имѣло въ долгахъ къ 1 -му Января 1889 года 36720 руб. 82 ½ коп., а къ 1 -му Января 1890 года долга состоитъ 21702 руб. 34 коп., такъ что капиталъ комитета съ отдѣленіями долженъ считаться въ 1890 году 32258 руб. 33 ¾ коп . – Расходы были слѣдующіе: 1) на содержаніе наличнаго состава служащихъ и канцелярскіе расходы 36961 руб. 2 коп.; 2) на содержаніе арестантовъ и тюремныхъ учрежденій 128684 руб. 34 коп. и 3) н а содержаніе пріюта арестантскихъ дѣтей, пособіе отдѣленіямъ, возвратъ долговъ и временная ссуда отдѣленіямъ 19355 руб. 77 ¼ коп., всего 185001 руб. 13 ¼ коп. Движеніе суммъ экономическаго поселенческаго капитала въ теченіе отчетнаго года было слѣдующее: къ 1 -му Января 1889 года оставалось: а) наличными деньгами 11395 руб. 28 ¾ коп.; б) свидѣтельствомъ Енисейскаго отдѣленія Государственнаго Банка на 5600 руб., в) закладными листами Государственнаго дворянскаго земельнаго банка на 10000 руб.; г) трем я билетами Воронежскаго Коммерческаго банка на сумму 6153 руб. и д) билетомъ Государственнаго Банка 5% 2 внутр. займа 100 руб., всего 33248 руб. 28 ¾ коп. Въ теченіе отчетнаго года поступило: 1) съ поселенцевъ 15 коп. сбора, на основаніи 744 ст. XIV т. Уст. о ссыльн. 2270 руб. 74 коп. 2) съ золотопромышленниковъ на основ. 651 ст. XIV т. Уст. о ссыльн., за поселенцевъ, бывшихъ у нихъ на промыслахъ, въ экономическій капиталъ по 1 руб. 50 коп. и на устройство осѣдлости по 1 руб. съ каждаго, 8940 руб. 23 коп.; 3) выручено за билеты, выдаваемые ссыльнымъ, 704 руб. 49 коп.; 4) деньги, банковые билеты и имущество, оставшіеся послѣ смерти поселе нцевъ, поступившіе на основ. 786 и 793 ст. XIV т. Уст. о ссыльн. 1986 руб. 92 коп.; 5) оставшіяся невыданными поселенца мъ въ пособіе, за смертію ихъ и по другимъ причинамъ 1777. руб. 44 ½ коп.; 6 ) взыскано съ поселенцевъ въ возвратъ за леченіе ихъ въ больницахъ 79 руб. 4 ¼ коп.; 7) невыданныя ссыльнымъ, за неявкой получателей 4 р. 40 к., 8) по книжкѣ Енисейскаго Отдѣленіе Государственнаго Байка на деньги, вырученныя отъ продажи закладныхъ листовъ Государственнаго Дворянскаго Земельнаго Банка, 10600 руб. и 9) по книжкѣ того же Отдѣленія 17 руб."
d59;1890 год;;"ву, ни по вмѣстимости не соотвѣтствуетъ своему назначенію и требуетъ ежегодно большаго ремонта. При тюрьмѣ находятся кухня, амбаръ, подвалъ и каменная кладовая. Для помѣщенія дѣтей преступниковъ, отдѣльно отъ родителе й, открытъ въ гор. Красноярскѣ 25 Марта 1886 года пріютъ для арестантскихъ дѣтей, домъ для котораго построенъ въ 1885 году на средства тюремнаго комитета и пожертвованныя разными лицами деньги. Тюремныя помѣщенія въ городахъ Енисейскѣ и Ачинскѣ удовлетвор ительны; въ Канскѣ же и Минусинскѣ, по числу содержащихся, оказываются тѣсными. Неудобство это, по возможности, устранялось чрезъ разныя приспособленія и поправки на счетъ казны и суммъ тюремныхъ отдѣленій. Относительно нравственнаго исправленія арестантовъ и проч. соблюдались тѣ же мѣры, какъ и въ губернской тюрьмѣ. Движеніе суммъ тюремнаго Комитета въ теченіе отчетнаго года было слѣдующее: Въ комитетѣ Въ 4 отдѣленіяхъ. Къ 1-му Января 1889 года оставалось 5510 руб. 91 коп. 5102 руб. 10 ¼ коп. Въ 1889 году поступило Всего казенныхъ и частныхъ 105481 руб. 73 ¼ коп. 79462 руб. 38 ½ коп. Въ 1889 году израсходовано 105028 руб. 66 ¾ коп. 79972 руб. 46 ½ коп. Осталось въ 1-му Января 1890 года 5963 руб. 97 ½ коп. 4592 руб. 2 ¼ коп. Кромѣ сего тюремный комитетъ и его отдѣленія имѣло въ долгахъ къ 1 -му Января 1889 года 36720 руб. 82 ½ коп., а къ 1 -му Января 1890 года долга состоитъ 21702 руб. 34 коп., такъ что капиталъ комитета съ отдѣленіями долженъ считаться въ 1890 году 32258 руб. 33 ¾ коп . – Расходы были слѣдующіе: 1) на содержаніе наличнаго состава служащихъ и канцелярскіе расходы 36961 руб. 2 коп.; 2) на содержаніе арестантовъ и тюремныхъ учрежденій 128684 руб. 34 коп. и 3) н а содержаніе пріюта арестантскихъ дѣтей, пособіе отдѣленіямъ, возвратъ долговъ и временная ссуда отдѣленіямъ 19355 руб. 77 ¼ коп., всего 185001 руб. 13 ¼ коп. Движеніе суммъ экономическаго поселенческаго капитала въ теченіе отчетнаго года было слѣдующее: къ 1 -му Января 1889 года оставалось: а) наличными деньгами 11395 руб. 28 ¾ коп.; б) свидѣтельствомъ Енисейскаго отдѣленія Государственнаго Банка на 5600 руб., в) закладными листами Государственнаго дворянскаго земельнаго банка на 10000 руб.; г) трем я билетами Воронежскаго Коммерческаго банка на сумму 6153 руб. и д) билетомъ Государственнаго Банка 5% 2 внутр. займа 100 руб., всего 33248 руб. 28 ¾ коп. Въ теченіе отчетнаго года поступило: 1) съ поселенцевъ 15 коп. сбора, на основаніи 744 ст. XIV т. Уст. о ссыльн. 2270 руб. 74 коп. 2) съ золотопромышленниковъ на основ. 651 ст. XIV т. Уст. о ссыльн., за поселенцевъ, бывшихъ у нихъ на промыслахъ, въ экономическій капиталъ по 1 руб. 50 коп. и на устройство осѣдлости по 1 руб. съ каждаго, 8940 руб. 23 коп.; 3) выручено за билеты, выдаваемые ссыльнымъ, 704 руб. 49 коп.; 4) деньги, банковые билеты и имущество, оставшіеся послѣ смерти поселе нцевъ, поступившіе на основ. 786 и 793 ст. XIV т. Уст. о ссыльн. 1986 руб. 92 коп.; 5) оставшіяся невыданными поселенца мъ въ пособіе, за смертію ихъ и по другимъ причинамъ 1777. руб. 44 ½ коп.; 6 ) взыскано съ поселенцевъ въ возвратъ за леченіе ихъ въ больницахъ 79 руб. 4 ¼ коп.; 7) невыданныя ссыльнымъ, за неявкой получателей 4 р. 40 к., 8) по книжкѣ Енисейскаго Отдѣленіе Государственнаго Байка на деньги, вырученныя отъ продажи закладныхъ листовъ Государственнаго Дворянскаго Земельнаго Банка, 10600 руб. и 9) по книжкѣ того же Отдѣленія 17 руб."
d60;1889 года;;"ву, ни по вмѣстимости не соотвѣтствуетъ своему назначенію и требуетъ ежегодно большаго ремонта. При тюрьмѣ находятся кухня, амбаръ, подвалъ и каменная кладовая. Для помѣщенія дѣтей преступниковъ, отдѣльно отъ родителе й, открытъ въ гор. Красноярскѣ 25 Марта 1886 года пріютъ для арестантскихъ дѣтей, домъ для котораго построенъ въ 1885 году на средства тюремнаго комитета и пожертвованныя разными лицами деньги. Тюремныя помѣщенія въ городахъ Енисейскѣ и Ачинскѣ удовлетвор ительны; въ Канскѣ же и Минусинскѣ, по числу содержащихся, оказываются тѣсными. Неудобство это, по возможности, устранялось чрезъ разныя приспособленія и поправки на счетъ казны и суммъ тюремныхъ отдѣленій. Относительно нравственнаго исправленія арестантовъ и проч. соблюдались тѣ же мѣры, какъ и въ губернской тюрьмѣ. Движеніе суммъ тюремнаго Комитета въ теченіе отчетнаго года было слѣдующее: Въ комитетѣ Въ 4 отдѣленіяхъ. Къ 1-му Января 1889 года оставалось 5510 руб. 91 коп. 5102 руб. 10 ¼ коп. Въ 1889 году поступило Всего казенныхъ и частныхъ 105481 руб. 73 ¼ коп. 79462 руб. 38 ½ коп. Въ 1889 году израсходовано 105028 руб. 66 ¾ коп. 79972 руб. 46 ½ коп. Осталось въ 1-му Января 1890 года 5963 руб. 97 ½ коп. 4592 руб. 2 ¼ коп. Кромѣ сего тюремный комитетъ и его отдѣленія имѣло въ долгахъ къ 1 -му Января 1889 года 36720 руб. 82 ½ коп., а къ 1 -му Января 1890 года долга состоитъ 21702 руб. 34 коп., такъ что капиталъ комитета съ отдѣленіями долженъ считаться въ 1890 году 32258 руб. 33 ¾ коп . – Расходы были слѣдующіе: 1) на содержаніе наличнаго состава служащихъ и канцелярскіе расходы 36961 руб. 2 коп.; 2) на содержаніе арестантовъ и тюремныхъ учрежденій 128684 руб. 34 коп. и 3) н а содержаніе пріюта арестантскихъ дѣтей, пособіе отдѣленіямъ, возвратъ долговъ и временная ссуда отдѣленіямъ 19355 руб. 77 ¼ коп., всего 185001 руб. 13 ¼ коп. Движеніе суммъ экономическаго поселенческаго капитала въ теченіе отчетнаго года было слѣдующее: къ 1 -му Января 1889 года оставалось: а) наличными деньгами 11395 руб. 28 ¾ коп.; б) свидѣтельствомъ Енисейскаго отдѣленія Государственнаго Банка на 5600 руб., в) закладными листами Государственнаго дворянскаго земельнаго банка на 10000 руб.; г) трем я билетами Воронежскаго Коммерческаго банка на сумму 6153 руб. и д) билетомъ Государственнаго Банка 5% 2 внутр. займа 100 руб., всего 33248 руб. 28 ¾ коп. Въ теченіе отчетнаго года поступило: 1) съ поселенцевъ 15 коп. сбора, на основаніи 744 ст. XIV т. Уст. о ссыльн. 2270 руб. 74 коп. 2) съ золотопромышленниковъ на основ. 651 ст. XIV т. Уст. о ссыльн., за поселенцевъ, бывшихъ у нихъ на промыслахъ, въ экономическій капиталъ по 1 руб. 50 коп. и на устройство осѣдлости по 1 руб. съ каждаго, 8940 руб. 23 коп.; 3) выручено за билеты, выдаваемые ссыльнымъ, 704 руб. 49 коп.; 4) деньги, банковые билеты и имущество, оставшіеся послѣ смерти поселе нцевъ, поступившіе на основ. 786 и 793 ст. XIV т. Уст. о ссыльн. 1986 руб. 92 коп.; 5) оставшіяся невыданными поселенца мъ въ пособіе, за смертію ихъ и по другимъ причинамъ 1777. руб. 44 ½ коп.; 6 ) взыскано съ поселенцевъ въ возвратъ за леченіе ихъ въ больницахъ 79 руб. 4 ¼ коп.; 7) невыданныя ссыльнымъ, за неявкой получателей 4 р. 40 к., 8) по книжкѣ Енисейскаго Отдѣленіе Государственнаго Байка на деньги, вырученныя отъ продажи закладныхъ листовъ Государственнаго Дворянскаго Земельнаго Банка, 10600 руб. и 9) по книжкѣ того же Отдѣленія 17 руб."
d61;1890 года;;"96 коп. итого въ приходѣ 26381 руб. 22 ¾ коп. За тоже время израсходовано: 1) уплачено Приказу Общественнаго Призрѣнія за леченіе поселенцевъ въ городовыхъ больницахъ 20724 руб. 92 ½ коп.; 2) выдано въ пособіе поселенцамъ, подлежащимъ по 749 ст. и 750 ст . XIV т. Уст. о ссыльн. призрѣнію въ богодѣльняхъ 12486 руб. 30 коп. 3) перечислено въ доходъ казны за билетные бланки для ссыльно-поселенцевъ 600 руб. 65 коп. и 4) перечислено въ губернскую повинность неправильно поступившія въ экономическій поселенч ескій капиталъ 37 ½ коп.; 5) проданы закладные листы Дворянскаго Банка 10000 руб.; 6) израсходовано на пересылку при продажѣ закладныхъ листовъ 16 руб. 7 коп.; 7) уплачено пріюту арестантскихъ дѣтей 19 руб. 13 коп.; 8) уплачено Енисейскому Приказу Общественнаго Призрѣнія за призрѣніе ссыльныхъ въ Красноярской больницѣ 474 руб. 37 1 3 коп.; 9) выдано Ужурскому старостѣ въ возвратъ израсходован ыхъ на погребеніе поселенца 6 руб. 65 коп. и 10) выдано ссыльнымъ неправильно поступивші я въ поселенческій капиталъ 17 руб. 3 коп., итого въ расходѣ 25750 руб. 2 ¼ коп., затѣмъ къ 1 -му Января 1890 года осталось: а) наличными деньгами 11408 руб. 53 ¼ коп.; б) свидѣтельство Енисейскаго отдѣленія Государственнаго Банка 5600 руб.; в) книжки Ени сейскаго Отдѣленія Государственнаго Банка 10600 руб.; г) три билета Воронежскаго Коммерческаго банка на сумму 6153 руб.; д) билетъ Государственнаго Банка 5% 2 -го внутренняго займа 100 руб., и 9) книжка на 17 руб. 96 коп., всего 33248 руб. 28 ¾ коп. ж) Пожары. (Приложеніемъ къ этой статьѣ служитъ вѣдомость № 6.) Въ теченіе отчетнаго год а было въ губерніи пожаровъ 125 , болѣе предыдущаго года на 29 , причиненный ими убытокъ простирался до 75347 руб. 40 коп., менѣе предшествовавшаго года на 1804 руб. 94 коп. з) Различныя происшествія. Кромѣ истребленія хлѣба отъ града и другихъ атмосферныхъ явленій и пожаровъ, другихъ народныхъ бѣдствій не было. Народное здравіе и общественное призрѣніе. а) Врачи. Всѣхъ врачей по Енисейской губерніи, гражданскаго вѣдомст ва, въ отчетномъ году состояло 39. Распредѣленіе ихъ по городамъ было слѣдующее: въ Красноярскѣ 18, Е нисейскѣ 9, Канскѣ 3, Ачинскѣ 4 , Минусинскѣ 4 и Туруханскѣ 1; изъ нихъ окружныхъ: судебно -полицейскихъ врачей 11, сельскихъ 5, больничныхъ 5, вольно -практикующихъ 3, училищныхъ 2, Инспекторъ и 2 члена Врачебной Управы; на золотыхъ промыслахъ 3, ветеринаровъ 7. Въ общемъ числѣ врачей -женщинъ 2, одна больничная и одна на золотыхъ промыслахъ Енисейскаго округа. б) Аптеки. Въ отчетномъ 1889 году по Енисейско й губерніи, во всѣхъ городахъ, кромѣ заштатнаго города Туруханска, имѣлись вольныя аптеки, изъ коихъ одна сельская въ гор. Канскѣ. Общій оборотъ аптекъ и число поступившихъ въ оныя рецептовъ былъ слѣдующій:"
d62;1889 год;;"96 коп. итого въ приходѣ 26381 руб. 22 ¾ коп. За тоже время израсходовано: 1) уплачено Приказу Общественнаго Призрѣнія за леченіе поселенцевъ въ городовыхъ больницахъ 20724 руб. 92 ½ коп.; 2) выдано въ пособіе поселенцамъ, подлежащимъ по 749 ст. и 750 ст . XIV т. Уст. о ссыльн. призрѣнію въ богодѣльняхъ 12486 руб. 30 коп. 3) перечислено въ доходъ казны за билетные бланки для ссыльно-поселенцевъ 600 руб. 65 коп. и 4) перечислено въ губернскую повинность неправильно поступившія въ экономическій поселенч ескій капиталъ 37 ½ коп.; 5) проданы закладные листы Дворянскаго Банка 10000 руб.; 6) израсходовано на пересылку при продажѣ закладныхъ листовъ 16 руб. 7 коп.; 7) уплачено пріюту арестантскихъ дѣтей 19 руб. 13 коп.; 8) уплачено Енисейскому Приказу Общественнаго Призрѣнія за призрѣніе ссыльныхъ въ Красноярской больницѣ 474 руб. 37 1 3 коп.; 9) выдано Ужурскому старостѣ въ возвратъ израсходован ыхъ на погребеніе поселенца 6 руб. 65 коп. и 10) выдано ссыльнымъ неправильно поступивші я въ поселенческій капиталъ 17 руб. 3 коп., итого въ расходѣ 25750 руб. 2 ¼ коп., затѣмъ къ 1 -му Января 1890 года осталось: а) наличными деньгами 11408 руб. 53 ¼ коп.; б) свидѣтельство Енисейскаго отдѣленія Государственнаго Банка 5600 руб.; в) книжки Ени сейскаго Отдѣленія Государственнаго Банка 10600 руб.; г) три билета Воронежскаго Коммерческаго банка на сумму 6153 руб.; д) билетъ Государственнаго Банка 5% 2 -го внутренняго займа 100 руб., и 9) книжка на 17 руб. 96 коп., всего 33248 руб. 28 ¾ коп. ж) Пожары. (Приложеніемъ къ этой статьѣ служитъ вѣдомость № 6.) Въ теченіе отчетнаго год а было въ губерніи пожаровъ 125 , болѣе предыдущаго года на 29 , причиненный ими убытокъ простирался до 75347 руб. 40 коп., менѣе предшествовавшаго года на 1804 руб. 94 коп. з) Различныя происшествія. Кромѣ истребленія хлѣба отъ града и другихъ атмосферныхъ явленій и пожаровъ, другихъ народныхъ бѣдствій не было. Народное здравіе и общественное призрѣніе. а) Врачи. Всѣхъ врачей по Енисейской губерніи, гражданскаго вѣдомст ва, въ отчетномъ году состояло 39. Распредѣленіе ихъ по городамъ было слѣдующее: въ Красноярскѣ 18, Е нисейскѣ 9, Канскѣ 3, Ачинскѣ 4 , Минусинскѣ 4 и Туруханскѣ 1; изъ нихъ окружныхъ: судебно -полицейскихъ врачей 11, сельскихъ 5, больничныхъ 5, вольно -практикующихъ 3, училищныхъ 2, Инспекторъ и 2 члена Врачебной Управы; на золотыхъ промыслахъ 3, ветеринаровъ 7. Въ общемъ числѣ врачей -женщинъ 2, одна больничная и одна на золотыхъ промыслахъ Енисейскаго округа. б) Аптеки. Въ отчетномъ 1889 году по Енисейско й губерніи, во всѣхъ городахъ, кромѣ заштатнаго города Туруханска, имѣлись вольныя аптеки, изъ коихъ одна сельская въ гор. Канскѣ. Общій оборотъ аптекъ и число поступившихъ въ оныя рецептовъ былъ слѣдующій:"
d63;1887 года;;"который, обращаясь въ кред итныхъ учрежденіяхъ, достигъ давно уже ц ыфры, вполнѣ достаточной для возведенія новыхъ больнич ныхъ зданій, но часть этого капитала была израсходована Приказомъ Общ. Призрѣнія, по недостатку собственныхъ средствъ для содержанія богоугодныхъ заведеній, на эту послѣднюю надобность и, за уменьшеніемъ, такимъ образомъ строительнаго капитала, возведеніе новыхъ зданій для больницъ не могло осуществитьс я. Въ послѣднее время, по улучш енію хозяйственной части Приказа и ассигнованіи на содержаніе больницъ, согласно Высочайшаго повелѣнія 28 Апрѣля 1887 года пособій изъ губернскаго земскаго сбора, явилась возможность возратить въ строительный капиталъ, пожертвованный на больницы, часть позаимствованныхъ изъ него денегъ и къ концу отчетнаго года капиталъ этотъ достиг ъ до 200/т. руб., что , въ свою очередь, дало возможность вновь возбудить вопросъ о возведеніи новыхъ больничныхъ зданій во всѣхъ городахъ губерніи и, по сношеніи Главнаго мѣстнаго Начальства съ Министерствомъ Внутреннихъ Дѣлъ, въ 1888 году послѣдовало разрѣшеніе на составленіе строительныхъ предположеній для сказанныхъ построекъ. Новыя больницы въ губ. предполагаются къ постройкѣ сообразно дѣйствительной потребности, на большее, чѣмъ существуетъ нынѣ, число кроватей, а именно: Красноярская на 200, Енисейская на 60, Канская на 50 и Ачинская на 40; Минусинская остается при прежнемъ размѣрѣ 35 кроватей. Въ отчетномъ году вопросъ о постройкѣ больницъ рѣшенъ въ утвердительномъ смыслѣ и на возведеніе новыхъ зданій во всѣхъ городахъ губ. выработаны проэкты и составляются смѣты, а на постройку больницы въ г. Канскѣ составлены и утверждены уже всѣ строительные документы и постройка начата будетъ въ 1890 году. При Красноярской городовой больницѣ вѣдѣнія Приказа Общ. Призрѣнія состоитъ единственный д ля всей губерніи домъ для умалишенныхъ на 20 кроватей. Заведеніе это помѣщается въ совершенно несоотвѣтствующемъ назначенію, крайне ветхомъ и тѣсномъ зданіи, всегда переполненномъ больными, а потому, при предполагамой постройкѣ новыхъ больничныхъ зданій въ Красноярскѣ проэктируется возведеніе и новаго деревяннаго дома для умалишенныхъ, примѣнительно на сколько дозволятъ средства, къ современнымъ требованіямъ отъ подобнаго рода заведеній. Общее число содержавшихся въ домѣ умалишенныхъ психическихъ больны хъ въ отчетномъ году достигало до 89 чел., изъ нихъ было мущинъ 72 и женщинъ 17. При посредствѣ общества врачей Енисейской губерніи на пожертвованныя частными лицами средства въ гор. Красноярскѣ устроена амбулаторная лечебница и при ней хирургическій бара къ для 6 больныхъ; заведеніе это какъ въ отношеніи помѣщенія и обстановки, такъ и по пользѣ, приносимой мѣстному населенію, вполнѣ удовлетворяетъ своему наз наченію. Зданіе лечебницы залож ено на капиталъ въ 10/т. руб., пожертвованный Львомъ Петровичемъ К узнецовымъ; хирургическій же баракъ выстроенъ на средства Александры Петровны Кузнецовой, которая, кромѣ того , снабдила его всѣмъ необходимымъ и содержитъ н а свой счетъ. Въ Туруханскомъ ж е краѣ, при квартирѣ окружнаго врача устроенъ амбулаторный пріемн ый покой, съ безплатнымъ отпускомъ лекарствъ; а также и при квартирахъ сельскихъ фельдшеровъ въ прочихъ округахъ губерніи. Въ г. Красноярскѣ по иниціативѣ общества врачей открыта фельдшерская школа, въ которой обучается 10 ученицъ. Число пользованныхъ въ городовыхъ больницахъ въ отчетномъ году было слѣдующее:"
d64;1888 год;;"который, обращаясь въ кред итныхъ учрежденіяхъ, достигъ давно уже ц ыфры, вполнѣ достаточной для возведенія новыхъ больнич ныхъ зданій, но часть этого капитала была израсходована Приказомъ Общ. Призрѣнія, по недостатку собственныхъ средствъ для содержанія богоугодныхъ заведеній, на эту послѣднюю надобность и, за уменьшеніемъ, такимъ образомъ строительнаго капитала, возведеніе новыхъ зданій для больницъ не могло осуществитьс я. Въ послѣднее время, по улучш енію хозяйственной части Приказа и ассигнованіи на содержаніе больницъ, согласно Высочайшаго повелѣнія 28 Апрѣля 1887 года пособій изъ губернскаго земскаго сбора, явилась возможность возратить въ строительный капиталъ, пожертвованный на больницы, часть позаимствованныхъ изъ него денегъ и къ концу отчетнаго года капиталъ этотъ достиг ъ до 200/т. руб., что , въ свою очередь, дало возможность вновь возбудить вопросъ о возведеніи новыхъ больничныхъ зданій во всѣхъ городахъ губерніи и, по сношеніи Главнаго мѣстнаго Начальства съ Министерствомъ Внутреннихъ Дѣлъ, въ 1888 году послѣдовало разрѣшеніе на составленіе строительныхъ предположеній для сказанныхъ построекъ. Новыя больницы въ губ. предполагаются къ постройкѣ сообразно дѣйствительной потребности, на большее, чѣмъ существуетъ нынѣ, число кроватей, а именно: Красноярская на 200, Енисейская на 60, Канская на 50 и Ачинская на 40; Минусинская остается при прежнемъ размѣрѣ 35 кроватей. Въ отчетномъ году вопросъ о постройкѣ больницъ рѣшенъ въ утвердительномъ смыслѣ и на возведеніе новыхъ зданій во всѣхъ городахъ губ. выработаны проэкты и составляются смѣты, а на постройку больницы въ г. Канскѣ составлены и утверждены уже всѣ строительные документы и постройка начата будетъ въ 1890 году. При Красноярской городовой больницѣ вѣдѣнія Приказа Общ. Призрѣнія состоитъ единственный д ля всей губерніи домъ для умалишенныхъ на 20 кроватей. Заведеніе это помѣщается въ совершенно несоотвѣтствующемъ назначенію, крайне ветхомъ и тѣсномъ зданіи, всегда переполненномъ больными, а потому, при предполагамой постройкѣ новыхъ больничныхъ зданій въ Красноярскѣ проэктируется возведеніе и новаго деревяннаго дома для умалишенныхъ, примѣнительно на сколько дозволятъ средства, къ современнымъ требованіямъ отъ подобнаго рода заведеній. Общее число содержавшихся въ домѣ умалишенныхъ психическихъ больны хъ въ отчетномъ году достигало до 89 чел., изъ нихъ было мущинъ 72 и женщинъ 17. При посредствѣ общества врачей Енисейской губерніи на пожертвованныя частными лицами средства въ гор. Красноярскѣ устроена амбулаторная лечебница и при ней хирургическій бара къ для 6 больныхъ; заведеніе это какъ въ отношеніи помѣщенія и обстановки, такъ и по пользѣ, приносимой мѣстному населенію, вполнѣ удовлетворяетъ своему наз наченію. Зданіе лечебницы залож ено на капиталъ въ 10/т. руб., пожертвованный Львомъ Петровичемъ К узнецовымъ; хирургическій же баракъ выстроенъ на средства Александры Петровны Кузнецовой, которая, кромѣ того , снабдила его всѣмъ необходимымъ и содержитъ н а свой счетъ. Въ Туруханскомъ ж е краѣ, при квартирѣ окружнаго врача устроенъ амбулаторный пріемн ый покой, съ безплатнымъ отпускомъ лекарствъ; а также и при квартирахъ сельскихъ фельдшеровъ въ прочихъ округахъ губерніи. Въ г. Красноярскѣ по иниціативѣ общества врачей открыта фельдшерская школа, въ которой обучается 10 ученицъ. Число пользованныхъ въ городовыхъ больницахъ въ отчетномъ году было слѣдующее:"
d65;1890 год;;"который, обращаясь въ кред итныхъ учрежденіяхъ, достигъ давно уже ц ыфры, вполнѣ достаточной для возведенія новыхъ больнич ныхъ зданій, но часть этого капитала была израсходована Приказомъ Общ. Призрѣнія, по недостатку собственныхъ средствъ для содержанія богоугодныхъ заведеній, на эту послѣднюю надобность и, за уменьшеніемъ, такимъ образомъ строительнаго капитала, возведеніе новыхъ зданій для больницъ не могло осуществитьс я. Въ послѣднее время, по улучш енію хозяйственной части Приказа и ассигнованіи на содержаніе больницъ, согласно Высочайшаго повелѣнія 28 Апрѣля 1887 года пособій изъ губернскаго земскаго сбора, явилась возможность возратить въ строительный капиталъ, пожертвованный на больницы, часть позаимствованныхъ изъ него денегъ и къ концу отчетнаго года капиталъ этотъ достиг ъ до 200/т. руб., что , въ свою очередь, дало возможность вновь возбудить вопросъ о возведеніи новыхъ больничныхъ зданій во всѣхъ городахъ губерніи и, по сношеніи Главнаго мѣстнаго Начальства съ Министерствомъ Внутреннихъ Дѣлъ, въ 1888 году послѣдовало разрѣшеніе на составленіе строительныхъ предположеній для сказанныхъ построекъ. Новыя больницы въ губ. предполагаются къ постройкѣ сообразно дѣйствительной потребности, на большее, чѣмъ существуетъ нынѣ, число кроватей, а именно: Красноярская на 200, Енисейская на 60, Канская на 50 и Ачинская на 40; Минусинская остается при прежнемъ размѣрѣ 35 кроватей. Въ отчетномъ году вопросъ о постройкѣ больницъ рѣшенъ въ утвердительномъ смыслѣ и на возведеніе новыхъ зданій во всѣхъ городахъ губ. выработаны проэкты и составляются смѣты, а на постройку больницы въ г. Канскѣ составлены и утверждены уже всѣ строительные документы и постройка начата будетъ въ 1890 году. При Красноярской городовой больницѣ вѣдѣнія Приказа Общ. Призрѣнія состоитъ единственный д ля всей губерніи домъ для умалишенныхъ на 20 кроватей. Заведеніе это помѣщается въ совершенно несоотвѣтствующемъ назначенію, крайне ветхомъ и тѣсномъ зданіи, всегда переполненномъ больными, а потому, при предполагамой постройкѣ новыхъ больничныхъ зданій въ Красноярскѣ проэктируется возведеніе и новаго деревяннаго дома для умалишенныхъ, примѣнительно на сколько дозволятъ средства, къ современнымъ требованіямъ отъ подобнаго рода заведеній. Общее число содержавшихся въ домѣ умалишенныхъ психическихъ больны хъ въ отчетномъ году достигало до 89 чел., изъ нихъ было мущинъ 72 и женщинъ 17. При посредствѣ общества врачей Енисейской губерніи на пожертвованныя частными лицами средства въ гор. Красноярскѣ устроена амбулаторная лечебница и при ней хирургическій бара къ для 6 больныхъ; заведеніе это какъ въ отношеніи помѣщенія и обстановки, такъ и по пользѣ, приносимой мѣстному населенію, вполнѣ удовлетворяетъ своему наз наченію. Зданіе лечебницы залож ено на капиталъ въ 10/т. руб., пожертвованный Львомъ Петровичемъ К узнецовымъ; хирургическій же баракъ выстроенъ на средства Александры Петровны Кузнецовой, которая, кромѣ того , снабдила его всѣмъ необходимымъ и содержитъ н а свой счетъ. Въ Туруханскомъ ж е краѣ, при квартирѣ окружнаго врача устроенъ амбулаторный пріемн ый покой, съ безплатнымъ отпускомъ лекарствъ; а также и при квартирахъ сельскихъ фельдшеровъ въ прочихъ округахъ губерніи. Въ г. Красноярскѣ по иниціативѣ общества врачей открыта фельдшерская школа, въ которой обучается 10 ученицъ. Число пользованныхъ въ городовыхъ больницахъ въ отчетномъ году было слѣдующее:"
d66;1889 г.;;Н а з в а н i е б о л ь н и ц ъ Оставалосъ къ 1889 г. Въ 1889 году Осталосъ къ 1890 г. Общiй % смертност. по каждой больницѣ Заболѣло Выздоровѣло Умерло Красноярская – – 146 1032 908 126 144 10,7 Енисейская – – 78 559 504 77 56 12,0 Ачинская – – – 32 373 363 42 – 10,3 Канская – – – 44 325 254 49 66 13,2 Минусинская – – 31 665 629 34 33 4,8
d67;1889 год;;Н а з в а н i е б о л ь н и ц ъ Оставалосъ къ 1889 г. Въ 1889 году Осталосъ къ 1890 г. Общiй % смертност. по каждой больницѣ Заболѣло Выздоровѣло Умерло Красноярская – – 146 1032 908 126 144 10,7 Енисейская – – 78 559 504 77 56 12,0 Ачинская – – – 32 373 363 42 – 10,3 Канская – – – 44 325 254 49 66 13,2 Минусинская – – 31 665 629 34 33 4,8
d68;1890 г.;;Н а з в а н i е б о л ь н и ц ъ Оставалосъ къ 1889 г. Въ 1889 году Осталосъ къ 1890 г. Общiй % смертност. по каждой больницѣ Заболѣло Выздоровѣло Умерло Красноярская – – 146 1032 908 126 144 10,7 Енисейская – – 78 559 504 77 56 12,0 Ачинская – – – 32 373 363 42 – 10,3 Канская – – – 44 325 254 49 66 13,2 Минусинская – – 31 665 629 34 33 4,8
d69;1889 г.;;Красноярской больницѣ, хотя и увеличено въ 1889 г., но все -таки въ зимнее время бываетъ весьма
d70;1889 г.;;1889 г.
d71;1889 год;;Въ 1889 году
d72;1890 г.;;1890 г.
d73;1889 года;;"Итого – 489 4986 4786 217 472 – Кромѣ поименованныхъ выше больницъ существуютъ въ гор. Красноярскѣ: 1) родильный пріютъ, въ которомъ въ теченіе отчетнаго года было роженицъ 100; и 2) пріютъ для дѣтей, въ которомъ къ 1 -му Января 1889 года оставалось дѣтей 9, въ отчетномъ году прибыло 19, умерло 19, выздоровѣло 4 и осталось къ 1890 году 5; 3) хирургическій баракъ при лечебницѣ, въ которомъ въ теченіе отчетнаго года было больныхъ 32. Въ Енисейскомъ округѣ 2 пріемныхъ покоя, въ которыхъ въ 1886 году находилось больныхъ 27, и на частныхъ золотыхъ промыслахъ сѣверной системы 20 пріисковыхъ больницъ, отъ 5 до 20 кроватей каждая, в ъ нихъ находилось въ отчетномъ году больныхъ 937, умерло 17. Сельское населеніе губерніи пользовалось даровыми лѣкарствами изъ имѣющихся на 15 фельдшерскихъ пунктахъ сельскихъ аптечекъ, а пріисковые рабочіе изъ частныхъ аптекъ золотопромышленниковъ."
d74;1890 год;;"Итого – 489 4986 4786 217 472 – Кромѣ поименованныхъ выше больницъ существуютъ въ гор. Красноярскѣ: 1) родильный пріютъ, въ которомъ въ теченіе отчетнаго года было роженицъ 100; и 2) пріютъ для дѣтей, въ которомъ къ 1 -му Января 1889 года оставалось дѣтей 9, въ отчетномъ году прибыло 19, умерло 19, выздоровѣло 4 и осталось къ 1890 году 5; 3) хирургическій баракъ при лечебницѣ, въ которомъ въ теченіе отчетнаго года было больныхъ 32. Въ Енисейскомъ округѣ 2 пріемныхъ покоя, въ которыхъ въ 1886 году находилось больныхъ 27, и на частныхъ золотыхъ промыслахъ сѣверной системы 20 пріисковыхъ больницъ, отъ 5 до 20 кроватей каждая, в ъ нихъ находилось въ отчетномъ году больныхъ 937, умерло 17. Сельское населеніе губерніи пользовалось даровыми лѣкарствами изъ имѣющихся на 15 фельдшерскихъ пунктахъ сельскихъ аптечекъ, а пріисковые рабочіе изъ частныхъ аптекъ золотопромышленниковъ."
d75;1886 год;;"Итого – 489 4986 4786 217 472 – Кромѣ поименованныхъ выше больницъ существуютъ въ гор. Красноярскѣ: 1) родильный пріютъ, въ которомъ въ теченіе отчетнаго года было роженицъ 100; и 2) пріютъ для дѣтей, въ которомъ къ 1 -му Января 1889 года оставалось дѣтей 9, въ отчетномъ году прибыло 19, умерло 19, выздоровѣло 4 и осталось къ 1890 году 5; 3) хирургическій баракъ при лечебницѣ, въ которомъ въ теченіе отчетнаго года было больныхъ 32. Въ Енисейскомъ округѣ 2 пріемныхъ покоя, въ которыхъ въ 1886 году находилось больныхъ 27, и на частныхъ золотыхъ промыслахъ сѣверной системы 20 пріисковыхъ больницъ, отъ 5 до 20 кроватей каждая, в ъ нихъ находилось въ отчетномъ году больныхъ 937, умерло 17. Сельское населеніе губерніи пользовалось даровыми лѣкарствами изъ имѣющихся на 15 фельдшерскихъ пунктахъ сельскихъ аптечекъ, а пріисковые рабочіе изъ частныхъ аптекъ золотопромышленниковъ."
d76;1890 года;;"Нормальныя аптеки ревизовались Инспекторомъ Врачебной Управы, при его общемъ обзорѣ губерніи; при чемъ провѣрялась и правильность оцѣнки лѣкарствъ; въ отчетномъ году не открыто никакихъ злоупотребленій. д) Эпидеміи Эпизоотіи. Главными эпидемическими и заразными болѣзнями, увеличившими процентъ заболѣеваемости, въ отчетномъ году были: гриппъ („инфлюэнца’’), маларія, тифозныя заболѣванія, сифлисъ и венерическія болѣзни. Отношеніе заболѣваемости этими группами болѣзней къ числу населенія сост авляло 3,44%. Гриппъ появился въ Октябрѣ мѣсяцѣ этого года и съ неимовѣрною быстротою охватилъ всю губернію, былъ также перенесенъ на золотые промысла, только нѣтъ свѣдѣній о проявленіи этой эпидеміи на дальнемъ сѣверѣ въ Туруханскомъ краѣ, хотя и тутъ о тмѣчено нѣсколько заболѣваній, похожихъ на гриппъ. Эпидемія гриппа составляла 18 часть всѣхъ прочихъ заболѣваній, но къ счастью болѣзнь была скоропроходящая и съ незначительною смертностію 0,41. Въ отчетномъ году на домашнихъ животныхъ существовали слѣдующія болѣзни: повальное воспаленіе легкихъ рогатаго скота, оспа овецъ, бѣшенство у лошадей и рогатаго скота и чесотка на рогатомъ скотѣ. Всѣми названными болѣзнями въ теченіи года заболѣло 236 головъ, выздоровѣло 105 , пало 1 10 и осталось къ 1 -му Января 1890 года больныхъ 21 голова. Изъ нихъ воспаленіемъ легкихъ заболѣло 56, выздоровѣло 9 и пало 36; оспою овецъ заболѣло 146, выздоровѣло 90 и пало 56, бѣшенствомъ заболѣло и пало 18 лошадей и коровъ, чесоткой заболѣло 16, выздоровѣло 6.– Кромѣ означенныхъ болѣзней почти во всѣхъ округахъ губерніи встрѣчались одиночные случаи падежа домашнихъ животныхъ, особенно во 2 -хъ трети года, но случаи эти не имѣли заразнаго характера и распространенія болѣзней отъ нихъ не происходило. Св ойства болѣзней въ этихъ случаяхъ не были изслѣдованы по недостатку спеціалистовъ, такъ какъ весь наличный ветеринарный персоналъ губерніи (3 врача и 5 фельдшеровъ) былъ командированъ на все лѣто на границы губерніи для прегражденія заноса чумной эпизоот іи изъ сосѣдней Томской губерніи и для освидѣтельствованія и выдержанія на карантинахъ гуртовъ скота, прогоняемыхъ изъ Западной Сибири е) Насильственныя и случайныя смерти. (Приложеніемъ къ этой статьѣ служитъ вѣдомость № 7) Смертоубійствъ въ отчетномъ г оду въ Енисейской губерніи было 111 , а жертвами мущ. 99 и женщ. 7 2; самоубійцъ мущ. 25, женщ. 5 , скоропостижно-умершихъ мущ. 30; найдено мертвыхъ тѣлъ мущ. 3, женщ. 2 , жертвами случайной смерти мущ. 244 , женщ. 64; всего же отъ неестественной смерти умерло 402 мущ. и 85 женщ. ж) Богодѣльни и другія благотворительныя учрежденія. На счетъ Енисейскаго Приказа Общественнаго Призрѣнія, кромѣ 5 городовыхъ больницъ, содержались въ гор. Красноярскѣ: а) богадѣльня на 20 кроватей и 2 запасныхъ, для лицъ разнаго зв анія, въ которой содержалось 17 мущ. , 12 женщ. и богодѣльня для инвалидовъ на 20 же кроватей, въ которой никто не призрѣвался; на содержаніе ихъ израсходовано 774 руб. 76 ¼ коп.; б) домъ умалишенныхъ, и в) родовспомогательное отдѣленіе и пріютъ для дѣте й, на содержаніе которыхъ вмѣстѣ съ Красноярскою городского больницею израсходовано 19772 руб. 62 ¾ коп.; на ок -"
d77;1888 год;;"ружныя же: въ Енисейскѣ 9608 руб. ½ коп. Кан скѣ 7119 руб. 48 ¼ коп. Ачинскѣ 14287 руб. 41 ¼ коп. и Минусинскѣ 5863 руб. 51 коп. Въ Красноярской Щеголевой богадѣ льнѣ содержалось 50 челов. разнаго званія лиць бѣдныхъ и престарѣлыхъ; содержаніе ихъ обошлось въ 4252 руб. 34 коп. Въ 1888 году Красноярскимъ Синельниковскомъ обществомъ благотворителей и попеченія сиротъ, у твержденнымъ 24 Мая 1874 г. Г. Министромъ Внутреннихъ Дѣлъ, открыта дешевая столовая для бѣдныхъ. Капиталъ этого общества къ 1-му Января 1890 года простирался до 7500 руб. Въ гор. Енисейскѣ одна богодѣльня содержится на средства города, въ ней было при зрѣно въ отчетномъ году 14 мущ. и 26 женщ.; содержаніе которыхъ стоило 496 руб. 27 ½ коп.; а другая богодѣльня при молитвенномъ еврейскомъ домѣ содержится на подаянія благотворителей; въ ней было призрѣно 5 мущ. и 5 женщ. Въ гор. Ачинскѣ одна богодѣльня, построенная на благотворительный капиталъ; въ ней призрѣвалось 15 челов. на свои средства; отопленіе и освѣщеніе зданія, погребеніе умершихъ и другіе мелочные расходы производятся изъ суммъ города. Въ гор. Минусинскѣ 1 богодѣльня, въ ней помѣщается нѣско лько человѣкъ и содержится подояніемъ. Сельскихъ богодѣленъ было 12, именно, одна въ Красноярскомъ округѣ, въ селѣ Кекурскомъ Нахвальской волости, гдѣ отведено деревянное зданіе для помѣщенія престарѣлыхъ и безродныхъ, которые содержится на % съ капитала, пожертвованнаго умершимъ купцомъ Мотонинымъ; одна въ Енисейскомъ округѣ; Ачинскомъ 4 богадѣльни, въ которыхъ призрѣвались совершенно дряхлые, большею частью ссыльно -поселенцы: въ селѣ Покровскомъ 3 м. , 2 ж., въ Назаровскомь 18 м., 7 ж.; въ Балахтинском ъ 11 м. , 5 ж., и Ужурскомъ 19 м. , 2 ж., въ Минусинскомъ округѣ 5 богодѣленъ: въ с.с. Новоселовскомъ, Абаканскомъ, Тесинскомъ, Шушенскомъ и Бейскомъ; въ этихъ богадѣльняхъ призрѣвалось 41 челок.; въ Канскомъ округѣ 1 богодѣльня въ селѣ Таштыпскомъ, которая отопляется и освѣщается на счетъ общества, а содержаніе призрѣваемымъ доставляется благотворителями. Кромѣ сего къ числу благотворительныхъ заведеній относится Александровскій домъ призрѣнія бѣдныхъ дѣтей въ гор. Енисейскѣ, построенный въ память собы тія 4 Апрѣля 1966 года. Въ теченіе года призрѣвалось въ немъ 22 ч. дѣтей бѣдныхъ мѣщанъ, на что употреблено 2967 руб. 40 коп. Въ вѣдѣніи Приказа Общественнаго Призрѣнія состояли къ 1 -му Января 1890 г. слѣдующіе капиталы:"
d78;24 Мая 1874 г.;;"ружныя же: въ Енисейскѣ 9608 руб. ½ коп. Кан скѣ 7119 руб. 48 ¼ коп. Ачинскѣ 14287 руб. 41 ¼ коп. и Минусинскѣ 5863 руб. 51 коп. Въ Красноярской Щеголевой богадѣ льнѣ содержалось 50 челов. разнаго званія лиць бѣдныхъ и престарѣлыхъ; содержаніе ихъ обошлось въ 4252 руб. 34 коп. Въ 1888 году Красноярскимъ Синельниковскомъ обществомъ благотворителей и попеченія сиротъ, у твержденнымъ 24 Мая 1874 г. Г. Министромъ Внутреннихъ Дѣлъ, открыта дешевая столовая для бѣдныхъ. Капиталъ этого общества къ 1-му Января 1890 года простирался до 7500 руб. Въ гор. Енисейскѣ одна богодѣльня содержится на средства города, въ ней было при зрѣно въ отчетномъ году 14 мущ. и 26 женщ.; содержаніе которыхъ стоило 496 руб. 27 ½ коп.; а другая богодѣльня при молитвенномъ еврейскомъ домѣ содержится на подаянія благотворителей; въ ней было призрѣно 5 мущ. и 5 женщ. Въ гор. Ачинскѣ одна богодѣльня, построенная на благотворительный капиталъ; въ ней призрѣвалось 15 челов. на свои средства; отопленіе и освѣщеніе зданія, погребеніе умершихъ и другіе мелочные расходы производятся изъ суммъ города. Въ гор. Минусинскѣ 1 богодѣльня, въ ней помѣщается нѣско лько человѣкъ и содержится подояніемъ. Сельскихъ богодѣленъ было 12, именно, одна въ Красноярскомъ округѣ, въ селѣ Кекурскомъ Нахвальской волости, гдѣ отведено деревянное зданіе для помѣщенія престарѣлыхъ и безродныхъ, которые содержится на % съ капитала, пожертвованнаго умершимъ купцомъ Мотонинымъ; одна въ Енисейскомъ округѣ; Ачинскомъ 4 богадѣльни, въ которыхъ призрѣвались совершенно дряхлые, большею частью ссыльно -поселенцы: въ селѣ Покровскомъ 3 м. , 2 ж., въ Назаровскомь 18 м., 7 ж.; въ Балахтинском ъ 11 м. , 5 ж., и Ужурскомъ 19 м. , 2 ж., въ Минусинскомъ округѣ 5 богодѣленъ: въ с.с. Новоселовскомъ, Абаканскомъ, Тесинскомъ, Шушенскомъ и Бейскомъ; въ этихъ богадѣльняхъ призрѣвалось 41 челок.; въ Канскомъ округѣ 1 богодѣльня въ селѣ Таштыпскомъ, которая отопляется и освѣщается на счетъ общества, а содержаніе призрѣваемымъ доставляется благотворителями. Кромѣ сего къ числу благотворительныхъ заведеній относится Александровскій домъ призрѣнія бѣдныхъ дѣтей въ гор. Енисейскѣ, построенный въ память собы тія 4 Апрѣля 1966 года. Въ теченіе года призрѣвалось въ немъ 22 ч. дѣтей бѣдныхъ мѣщанъ, на что употреблено 2967 руб. 40 коп. Въ вѣдѣніи Приказа Общественнаго Призрѣнія состояли къ 1 -му Января 1890 г. слѣдующіе капиталы:"
d79;1890 года;;"ружныя же: въ Енисейскѣ 9608 руб. ½ коп. Кан скѣ 7119 руб. 48 ¼ коп. Ачинскѣ 14287 руб. 41 ¼ коп. и Минусинскѣ 5863 руб. 51 коп. Въ Красноярской Щеголевой богадѣ льнѣ содержалось 50 челов. разнаго званія лиць бѣдныхъ и престарѣлыхъ; содержаніе ихъ обошлось въ 4252 руб. 34 коп. Въ 1888 году Красноярскимъ Синельниковскомъ обществомъ благотворителей и попеченія сиротъ, у твержденнымъ 24 Мая 1874 г. Г. Министромъ Внутреннихъ Дѣлъ, открыта дешевая столовая для бѣдныхъ. Капиталъ этого общества къ 1-му Января 1890 года простирался до 7500 руб. Въ гор. Енисейскѣ одна богодѣльня содержится на средства города, въ ней было при зрѣно въ отчетномъ году 14 мущ. и 26 женщ.; содержаніе которыхъ стоило 496 руб. 27 ½ коп.; а другая богодѣльня при молитвенномъ еврейскомъ домѣ содержится на подаянія благотворителей; въ ней было призрѣно 5 мущ. и 5 женщ. Въ гор. Ачинскѣ одна богодѣльня, построенная на благотворительный капиталъ; въ ней призрѣвалось 15 челов. на свои средства; отопленіе и освѣщеніе зданія, погребеніе умершихъ и другіе мелочные расходы производятся изъ суммъ города. Въ гор. Минусинскѣ 1 богодѣльня, въ ней помѣщается нѣско лько человѣкъ и содержится подояніемъ. Сельскихъ богодѣленъ было 12, именно, одна въ Красноярскомъ округѣ, въ селѣ Кекурскомъ Нахвальской волости, гдѣ отведено деревянное зданіе для помѣщенія престарѣлыхъ и безродныхъ, которые содержится на % съ капитала, пожертвованнаго умершимъ купцомъ Мотонинымъ; одна въ Енисейскомъ округѣ; Ачинскомъ 4 богадѣльни, въ которыхъ призрѣвались совершенно дряхлые, большею частью ссыльно -поселенцы: въ селѣ Покровскомъ 3 м. , 2 ж., въ Назаровскомь 18 м., 7 ж.; въ Балахтинском ъ 11 м. , 5 ж., и Ужурскомъ 19 м. , 2 ж., въ Минусинскомъ округѣ 5 богодѣленъ: въ с.с. Новоселовскомъ, Абаканскомъ, Тесинскомъ, Шушенскомъ и Бейскомъ; въ этихъ богадѣльняхъ призрѣвалось 41 челок.; въ Канскомъ округѣ 1 богодѣльня въ селѣ Таштыпскомъ, которая отопляется и освѣщается на счетъ общества, а содержаніе призрѣваемымъ доставляется благотворителями. Кромѣ сего къ числу благотворительныхъ заведеній относится Александровскій домъ призрѣнія бѣдныхъ дѣтей въ гор. Енисейскѣ, построенный въ память собы тія 4 Апрѣля 1966 года. Въ теченіе года призрѣвалось въ немъ 22 ч. дѣтей бѣдныхъ мѣщанъ, на что употреблено 2967 руб. 40 коп. Въ вѣдѣніи Приказа Общественнаго Призрѣнія состояли къ 1 -му Января 1890 г. слѣдующіе капиталы:"
d80;1890 г.;;"ружныя же: въ Енисейскѣ 9608 руб. ½ коп. Кан скѣ 7119 руб. 48 ¼ коп. Ачинскѣ 14287 руб. 41 ¼ коп. и Минусинскѣ 5863 руб. 51 коп. Въ Красноярской Щеголевой богадѣ льнѣ содержалось 50 челов. разнаго званія лиць бѣдныхъ и престарѣлыхъ; содержаніе ихъ обошлось въ 4252 руб. 34 коп. Въ 1888 году Красноярскимъ Синельниковскомъ обществомъ благотворителей и попеченія сиротъ, у твержденнымъ 24 Мая 1874 г. Г. Министромъ Внутреннихъ Дѣлъ, открыта дешевая столовая для бѣдныхъ. Капиталъ этого общества къ 1-му Января 1890 года простирался до 7500 руб. Въ гор. Енисейскѣ одна богодѣльня содержится на средства города, въ ней было при зрѣно въ отчетномъ году 14 мущ. и 26 женщ.; содержаніе которыхъ стоило 496 руб. 27 ½ коп.; а другая богодѣльня при молитвенномъ еврейскомъ домѣ содержится на подаянія благотворителей; въ ней было призрѣно 5 мущ. и 5 женщ. Въ гор. Ачинскѣ одна богодѣльня, построенная на благотворительный капиталъ; въ ней призрѣвалось 15 челов. на свои средства; отопленіе и освѣщеніе зданія, погребеніе умершихъ и другіе мелочные расходы производятся изъ суммъ города. Въ гор. Минусинскѣ 1 богодѣльня, въ ней помѣщается нѣско лько человѣкъ и содержится подояніемъ. Сельскихъ богодѣленъ было 12, именно, одна въ Красноярскомъ округѣ, въ селѣ Кекурскомъ Нахвальской волости, гдѣ отведено деревянное зданіе для помѣщенія престарѣлыхъ и безродныхъ, которые содержится на % съ капитала, пожертвованнаго умершимъ купцомъ Мотонинымъ; одна въ Енисейскомъ округѣ; Ачинскомъ 4 богадѣльни, въ которыхъ призрѣвались совершенно дряхлые, большею частью ссыльно -поселенцы: въ селѣ Покровскомъ 3 м. , 2 ж., въ Назаровскомь 18 м., 7 ж.; въ Балахтинском ъ 11 м. , 5 ж., и Ужурскомъ 19 м. , 2 ж., въ Минусинскомъ округѣ 5 богодѣленъ: въ с.с. Новоселовскомъ, Абаканскомъ, Тесинскомъ, Шушенскомъ и Бейскомъ; въ этихъ богадѣльняхъ призрѣвалось 41 челок.; въ Канскомъ округѣ 1 богодѣльня въ селѣ Таштыпскомъ, которая отопляется и освѣщается на счетъ общества, а содержаніе призрѣваемымъ доставляется благотворителями. Кромѣ сего къ числу благотворительныхъ заведеній относится Александровскій домъ призрѣнія бѣдныхъ дѣтей въ гор. Енисейскѣ, построенный въ память собы тія 4 Апрѣля 1966 года. Въ теченіе года призрѣвалось въ немъ 22 ч. дѣтей бѣдныхъ мѣщанъ, на что употреблено 2967 руб. 40 коп. Въ вѣдѣніи Приказа Общественнаго Призрѣнія состояли къ 1 -му Января 1890 г. слѣдующіе капиталы:"
d81;1890 года;;"И т о г о – 275689 88¾ 219573 64¼ 188544 38¾ 306719 14¼ Изъ числа оставшихся къ 1 -му Января 1890 года 306719 руб. 14 ¼ коп. находятся въ обращеніи въ кредитныхъ учрежденіяхъ, а денежные знаки или бумаги этихъ учрежденій хранятся въ губернскомъ казначействѣ, въ денежномъ ящикѣ Приказа Общественнаго П ризрѣнія: облигаціями главнаго общества россійскихъ желѣзныхъ дорогъ на сумму 129500 р., 5 % билетами Государственнаго Банка 145100 руб., Облигаціями Восточнаго займа 1000, 4 ½ и 4% свидѣтельствовами Енисейскаго Отдѣленія Государственнаго Банка 16650 руб. и книжками сберегательной кассы при томъ же Отдѣленіи Банка на 5599 руб. 65 коп. и на безсрочномъ вкладѣ въ виду предстоящаго расхода на постройку Канской больницы 10717 руб., затѣмъ наличными деньгами 152 руб. 49 ¼ коп. а) Учебныя и воспитательныя заведенія. (Приложеніемъ къ этой статьѣ служитъ вѣдомость № 8*.) Учебныхъ заведеній въ губерніи къ 1 -му Января 1890 года считалось 171 и учащихся въ нихъ 3785 м. и 1609 ж. п., всего 5394 челов. Въ общее число учебныхъ заведеній входятъ: а) 43 сельскихъ начальныхъ училища съ 20 16 учащимися обоего пола (1497 м. п.); б) 70 церковно -приходскихъ школъ и 26 школъ грамотности съ 1398 учащимися обоего пола (981 м.). Сельскія начальныя училища учреждены на основаніи У ст. 1828 года и до сихъ поръ ещ е не преобр азованы, за исключеніемъ слѣдующихъ училищъ: Аскызскаго – преобразованнаго въ 1888 году въ 2 -хъ классное Министерства Народнаго Просвѣщенія и Рыбинскаго, Ужурскаго, Абаканскаго, Идринскаго и Новоселовскаго, преобразованныхъ въ отчетномъ году. Существующі я училища въ Енисейской губерніи, какъ во внутреннемъ, такъ и во внѣшнемъ отношеніи улучшились; шесть училищъ обзавелись новыми зданіями. Начальныя училища содержанія преимущественно на средства городскихъ и сельскихъ обществъ (казной содержится лишь одно училище 970 руб.) и частныхъ лицъ. Въ матеріально мъ отношеніи училища обезпечены недостаточно. Учебно -воспитательная часть въ начальныхъ училищахъ въ отчетномъ году улучшилась. Къ числу улучшеній относятся: введеніе въ школы учебниковъ, признанныхъ лу чшими; составленіе росписаній по программѣ; пополненіе и приведеніе въ порядокъ школьныхъ библіотекъ; принятіе въ составъ учителей лицъ съ образованымъ, спеціально-педагическимъ цензомъ; пополненіе школъ учебными руководствами и пособіями и т. п. Къ числу воспитательныхъ заведеній относятся пріютъ арестантскихъ дѣтей, о которомъ упомянуто"
d82;1890 года;;"И т о г о – 275689 88¾ 219573 64¼ 188544 38¾ 306719 14¼ Изъ числа оставшихся къ 1 -му Января 1890 года 306719 руб. 14 ¼ коп. находятся въ обращеніи въ кредитныхъ учрежденіяхъ, а денежные знаки или бумаги этихъ учрежденій хранятся въ губернскомъ казначействѣ, въ денежномъ ящикѣ Приказа Общественнаго П ризрѣнія: облигаціями главнаго общества россійскихъ желѣзныхъ дорогъ на сумму 129500 р., 5 % билетами Государственнаго Банка 145100 руб., Облигаціями Восточнаго займа 1000, 4 ½ и 4% свидѣтельствовами Енисейскаго Отдѣленія Государственнаго Банка 16650 руб. и книжками сберегательной кассы при томъ же Отдѣленіи Банка на 5599 руб. 65 коп. и на безсрочномъ вкладѣ въ виду предстоящаго расхода на постройку Канской больницы 10717 руб., затѣмъ наличными деньгами 152 руб. 49 ¼ коп. а) Учебныя и воспитательныя заведенія. (Приложеніемъ къ этой статьѣ служитъ вѣдомость № 8*.) Учебныхъ заведеній въ губерніи къ 1 -му Января 1890 года считалось 171 и учащихся въ нихъ 3785 м. и 1609 ж. п., всего 5394 челов. Въ общее число учебныхъ заведеній входятъ: а) 43 сельскихъ начальныхъ училища съ 20 16 учащимися обоего пола (1497 м. п.); б) 70 церковно -приходскихъ школъ и 26 школъ грамотности съ 1398 учащимися обоего пола (981 м.). Сельскія начальныя училища учреждены на основаніи У ст. 1828 года и до сихъ поръ ещ е не преобр азованы, за исключеніемъ слѣдующихъ училищъ: Аскызскаго – преобразованнаго въ 1888 году въ 2 -хъ классное Министерства Народнаго Просвѣщенія и Рыбинскаго, Ужурскаго, Абаканскаго, Идринскаго и Новоселовскаго, преобразованныхъ въ отчетномъ году. Существующі я училища въ Енисейской губерніи, какъ во внутреннемъ, такъ и во внѣшнемъ отношеніи улучшились; шесть училищъ обзавелись новыми зданіями. Начальныя училища содержанія преимущественно на средства городскихъ и сельскихъ обществъ (казной содержится лишь одно училище 970 руб.) и частныхъ лицъ. Въ матеріально мъ отношеніи училища обезпечены недостаточно. Учебно -воспитательная часть въ начальныхъ училищахъ въ отчетномъ году улучшилась. Къ числу улучшеній относятся: введеніе въ школы учебниковъ, признанныхъ лу чшими; составленіе росписаній по программѣ; пополненіе и приведеніе въ порядокъ школьныхъ библіотекъ; принятіе въ составъ учителей лицъ съ образованымъ, спеціально-педагическимъ цензомъ; пополненіе школъ учебными руководствами и пособіями и т. п. Къ числу воспитательныхъ заведеній относятся пріютъ арестантскихъ дѣтей, о которомъ упомянуто"
d83;1828 года;;"И т о г о – 275689 88¾ 219573 64¼ 188544 38¾ 306719 14¼ Изъ числа оставшихся къ 1 -му Января 1890 года 306719 руб. 14 ¼ коп. находятся въ обращеніи въ кредитныхъ учрежденіяхъ, а денежные знаки или бумаги этихъ учрежденій хранятся въ губернскомъ казначействѣ, въ денежномъ ящикѣ Приказа Общественнаго П ризрѣнія: облигаціями главнаго общества россійскихъ желѣзныхъ дорогъ на сумму 129500 р., 5 % билетами Государственнаго Банка 145100 руб., Облигаціями Восточнаго займа 1000, 4 ½ и 4% свидѣтельствовами Енисейскаго Отдѣленія Государственнаго Банка 16650 руб. и книжками сберегательной кассы при томъ же Отдѣленіи Банка на 5599 руб. 65 коп. и на безсрочномъ вкладѣ въ виду предстоящаго расхода на постройку Канской больницы 10717 руб., затѣмъ наличными деньгами 152 руб. 49 ¼ коп. а) Учебныя и воспитательныя заведенія. (Приложеніемъ къ этой статьѣ служитъ вѣдомость № 8*.) Учебныхъ заведеній въ губерніи къ 1 -му Января 1890 года считалось 171 и учащихся въ нихъ 3785 м. и 1609 ж. п., всего 5394 челов. Въ общее число учебныхъ заведеній входятъ: а) 43 сельскихъ начальныхъ училища съ 20 16 учащимися обоего пола (1497 м. п.); б) 70 церковно -приходскихъ школъ и 26 школъ грамотности съ 1398 учащимися обоего пола (981 м.). Сельскія начальныя училища учреждены на основаніи У ст. 1828 года и до сихъ поръ ещ е не преобр азованы, за исключеніемъ слѣдующихъ училищъ: Аскызскаго – преобразованнаго въ 1888 году въ 2 -хъ классное Министерства Народнаго Просвѣщенія и Рыбинскаго, Ужурскаго, Абаканскаго, Идринскаго и Новоселовскаго, преобразованныхъ въ отчетномъ году. Существующі я училища въ Енисейской губерніи, какъ во внутреннемъ, такъ и во внѣшнемъ отношеніи улучшились; шесть училищъ обзавелись новыми зданіями. Начальныя училища содержанія преимущественно на средства городскихъ и сельскихъ обществъ (казной содержится лишь одно училище 970 руб.) и частныхъ лицъ. Въ матеріально мъ отношеніи училища обезпечены недостаточно. Учебно -воспитательная часть въ начальныхъ училищахъ въ отчетномъ году улучшилась. Къ числу улучшеній относятся: введеніе въ школы учебниковъ, признанныхъ лу чшими; составленіе росписаній по программѣ; пополненіе и приведеніе въ порядокъ школьныхъ библіотекъ; принятіе въ составъ учителей лицъ съ образованымъ, спеціально-педагическимъ цензомъ; пополненіе школъ учебными руководствами и пособіями и т. п. Къ числу воспитательныхъ заведеній относятся пріютъ арестантскихъ дѣтей, о которомъ упомянуто"
d84;1888 год;;"И т о г о – 275689 88¾ 219573 64¼ 188544 38¾ 306719 14¼ Изъ числа оставшихся къ 1 -му Января 1890 года 306719 руб. 14 ¼ коп. находятся въ обращеніи въ кредитныхъ учрежденіяхъ, а денежные знаки или бумаги этихъ учрежденій хранятся въ губернскомъ казначействѣ, въ денежномъ ящикѣ Приказа Общественнаго П ризрѣнія: облигаціями главнаго общества россійскихъ желѣзныхъ дорогъ на сумму 129500 р., 5 % билетами Государственнаго Банка 145100 руб., Облигаціями Восточнаго займа 1000, 4 ½ и 4% свидѣтельствовами Енисейскаго Отдѣленія Государственнаго Банка 16650 руб. и книжками сберегательной кассы при томъ же Отдѣленіи Банка на 5599 руб. 65 коп. и на безсрочномъ вкладѣ въ виду предстоящаго расхода на постройку Канской больницы 10717 руб., затѣмъ наличными деньгами 152 руб. 49 ¼ коп. а) Учебныя и воспитательныя заведенія. (Приложеніемъ къ этой статьѣ служитъ вѣдомость № 8*.) Учебныхъ заведеній въ губерніи къ 1 -му Января 1890 года считалось 171 и учащихся въ нихъ 3785 м. и 1609 ж. п., всего 5394 челов. Въ общее число учебныхъ заведеній входятъ: а) 43 сельскихъ начальныхъ училища съ 20 16 учащимися обоего пола (1497 м. п.); б) 70 церковно -приходскихъ школъ и 26 школъ грамотности съ 1398 учащимися обоего пола (981 м.). Сельскія начальныя училища учреждены на основаніи У ст. 1828 года и до сихъ поръ ещ е не преобр азованы, за исключеніемъ слѣдующихъ училищъ: Аскызскаго – преобразованнаго въ 1888 году въ 2 -хъ классное Министерства Народнаго Просвѣщенія и Рыбинскаго, Ужурскаго, Абаканскаго, Идринскаго и Новоселовскаго, преобразованныхъ въ отчетномъ году. Существующі я училища въ Енисейской губерніи, какъ во внутреннемъ, такъ и во внѣшнемъ отношеніи улучшились; шесть училищъ обзавелись новыми зданіями. Начальныя училища содержанія преимущественно на средства городскихъ и сельскихъ обществъ (казной содержится лишь одно училище 970 руб.) и частныхъ лицъ. Въ матеріально мъ отношеніи училища обезпечены недостаточно. Учебно -воспитательная часть въ начальныхъ училищахъ въ отчетномъ году улучшилась. Къ числу улучшеній относятся: введеніе въ школы учебниковъ, признанныхъ лу чшими; составленіе росписаній по программѣ; пополненіе и приведеніе въ порядокъ школьныхъ библіотекъ; принятіе въ составъ учителей лицъ съ образованымъ, спеціально-педагическимъ цензомъ; пополненіе школъ учебными руководствами и пособіями и т. п. Къ числу воспитательныхъ заведеній относятся пріютъ арестантскихъ дѣтей, о которомъ упомянуто"
d85;1889 год;;"въ ст. о тюрьмахъ, и Красноярское Щеголевское ремесленное училище, содержимое на % съ капитала, пожертвованнаго потомственною почетною гражданкою Т. И. Щеголевой 80000 руб., сыномъ ея И. С. Щеголевымъ 4000 руб. и Красноярскимъ мѣщаниномъ Н. К. Переплетчиковымъ 200 р., всего 84200 руб. Училище помѣщается въ каменномъ зданіи, пожертвованномъ Щеголевой. Въ училищѣ обучалось 22 мальчика, изъ нихъ 12 состояли пансіонерами Щеголевымъ, и 10 своекоштныхъ, съ платою по 125 руб. Какъ пансіонеры, такъ и своекошные, а также и прислуга, помѣщаются на всемъ готовомъ содержаніи вь самомъ училищѣ. На содержаніе этого училища употреблено 6499 руб. 62 коп. Существующее число школъ въ губерніи все еще далеко не удовлетворяетъ потребности въ образованіи. 6) Музеи. Въ Енисейской губерніи къ 1889 году было два Музея – въ Минусинскѣ и Енисейскѣ; 12 -го же Февраля отчетнаго года открытъ Музей въ гор. Красноярскѣ; при музеѣ имѣется библіотека. Ко дню открытія библіотека состояла изъ 3500 иазваній (около 6000 отдѣльныхъ томовъ), отдѣльныхъ же предметовъ въ Музеѣ было 2500 экземпляровъ. Общее состояніе Музеевъ къ 1 Января 1890 года характеризуется слѣдующими данными. Красноярскій музей имѣетъ предметовъ: въ сельско -хозяйственномъ отдѣлѣ 423, въ зоологическомъ 1199, въ Минералогическомъ 714, па леонтологическомъ 51, археологическомъ 350, этнографическомъ 263, въ мѣстномъ промышленномъ 12 3, художественнопромышленномь 257, нумизматическом ъ 675, въ э нтомологическомъ коллекцій 667, всего 4722. Въ библіотекѣ же 3500 названій въ 6500 переплетовъ. Минусинскій музей имѣлъ предметовъ естественно -историческаго отдѣла 8473, антропологическаго 7 99, археологическаго 6361, промыш леннаго 1919, сельско -хозяйственнаго 1655, образовательнаго 10255 и нумизматическаго 828, всего 30341, болѣе предшествовавшаго года на 1172. Въ общественной библіотекѣ было сочиненій 9763, въ 12705 томахъ, на сумму 18960 руб. 64 коп., въ теченіе года библіотека увеличилась на 571 сочиненіе и 755 томовъ, на сумму 1420 руб. Енисейскій музей имѣлъ предметовъ естественно историческаго отдѣла 4011, антропологическаго 558, техническаго 570 , рисунковъ, плановъ и старинныхъ акто въ 74 и не мѣстныхъ произведеній 1731. Красноярскій музей, до пріисканiя средствъ на постройку зданія на отведенномъ Городского Думою мѣстѣ, временно помѣщается въ наемномъ зданіи; Минусинскій музей въ отчетномъ году переведенъ въ собственное зданіе, постройка котораго обошлась въ 21000 руб."
d86;1 Января 1890 года;;"въ ст. о тюрьмахъ, и Красноярское Щеголевское ремесленное училище, содержимое на % съ капитала, пожертвованнаго потомственною почетною гражданкою Т. И. Щеголевой 80000 руб., сыномъ ея И. С. Щеголевымъ 4000 руб. и Красноярскимъ мѣщаниномъ Н. К. Переплетчиковымъ 200 р., всего 84200 руб. Училище помѣщается въ каменномъ зданіи, пожертвованномъ Щеголевой. Въ училищѣ обучалось 22 мальчика, изъ нихъ 12 состояли пансіонерами Щеголевымъ, и 10 своекоштныхъ, съ платою по 125 руб. Какъ пансіонеры, такъ и своекошные, а также и прислуга, помѣщаются на всемъ готовомъ содержаніи вь самомъ училищѣ. На содержаніе этого училища употреблено 6499 руб. 62 коп. Существующее число школъ въ губерніи все еще далеко не удовлетворяетъ потребности въ образованіи. 6) Музеи. Въ Енисейской губерніи къ 1889 году было два Музея – въ Минусинскѣ и Енисейскѣ; 12 -го же Февраля отчетнаго года открытъ Музей въ гор. Красноярскѣ; при музеѣ имѣется библіотека. Ко дню открытія библіотека состояла изъ 3500 иазваній (около 6000 отдѣльныхъ томовъ), отдѣльныхъ же предметовъ въ Музеѣ было 2500 экземпляровъ. Общее состояніе Музеевъ къ 1 Января 1890 года характеризуется слѣдующими данными. Красноярскій музей имѣетъ предметовъ: въ сельско -хозяйственномъ отдѣлѣ 423, въ зоологическомъ 1199, въ Минералогическомъ 714, па леонтологическомъ 51, археологическомъ 350, этнографическомъ 263, въ мѣстномъ промышленномъ 12 3, художественнопромышленномь 257, нумизматическом ъ 675, въ э нтомологическомъ коллекцій 667, всего 4722. Въ библіотекѣ же 3500 названій въ 6500 переплетовъ. Минусинскій музей имѣлъ предметовъ естественно -историческаго отдѣла 8473, антропологическаго 7 99, археологическаго 6361, промыш леннаго 1919, сельско -хозяйственнаго 1655, образовательнаго 10255 и нумизматическаго 828, всего 30341, болѣе предшествовавшаго года на 1172. Въ общественной библіотекѣ было сочиненій 9763, въ 12705 томахъ, на сумму 18960 руб. 64 коп., въ теченіе года библіотека увеличилась на 571 сочиненіе и 755 томовъ, на сумму 1420 руб. Енисейскій музей имѣлъ предметовъ естественно историческаго отдѣла 4011, антропологическаго 558, техническаго 570 , рисунковъ, плановъ и старинныхъ акто въ 74 и не мѣстныхъ произведеній 1731. Красноярскій музей, до пріисканiя средствъ на постройку зданія на отведенномъ Городского Думою мѣстѣ, временно помѣщается въ наемномъ зданіи; Минусинскій музей въ отчетномъ году переведенъ въ собственное зданіе, постройка котораго обошлась въ 21000 руб."
d87;1889 год;;За 1889 годъ.
d88;1889 год;;за 1889 годъ.
d89;1889 год;;за 1889 годъ.
d90;1889 год;;За 1889 годъ.
d91;1 Января 1890 года;;*** П о с т у п и л о Осталось къ 1 Января 1890 года. ОКЛАДА Недоимки ОКЛАДА Недоимки ОКЛАДА ВСЕГО 1 2 1 2 1 2 П о л о в и н ы П о л о в и н ы П о л о в и н ы р. к. р. к. р. к. р. к. р. к. р. к. р. к. р. к. р. к. а
d92;1889 год;;за 1889 годъ.
d93;1889 год;;за 1889 годъ.
d94;1889 год;;за 1889 годъ.
