id;date_text;event_ref;context
d1;1870 г.;;Красноярская городская дума Отчетъ о состоянiи Енисейской губернiи за 1870 г. Статистическiе свѣдѣнiя о посѣвѣ и урожаѣ хлѣба, о числѣ обывательскихъ квартиръ. 15 Января 1871 г. 2 Ноября 1871 г. на 19 листахъ Красноярский
d2;15 Января 1871 г.;;Красноярская городская дума Отчетъ о состоянiи Енисейской губернiи за 1870 г. Статистическiе свѣдѣнiя о посѣвѣ и урожаѣ хлѣба, о числѣ обывательскихъ квартиръ. 15 Января 1871 г. 2 Ноября 1871 г. на 19 листахъ Красноярский
d3;2 Ноября 1871 г.;;Красноярская городская дума Отчетъ о состоянiи Енисейской губернiи за 1870 г. Статистическiе свѣдѣнiя о посѣвѣ и урожаѣ хлѣба, о числѣ обывательскихъ квартиръ. 15 Января 1871 г. 2 Ноября 1871 г. на 19 листахъ Красноярский
d4;1870 г.;;3 Опись бумагамъ въ дѣлѣ 1870 г. подъ № 661. Предписанiе Нач. губернiи № 13823 Отпускъ съ вѣдомости № 1592 Предпис. Губ. правленiя № 3630 Вѣдомость Отпускъ рапорта въ Губ. прав. № 1724 Отношенiи Кр. Квар. Коммисiи № 457, 513 Цирк. пред. Начальн. губ. съ формами отъ Отпускъ свѣдѣнiй къ отчету Отпускъ съ отнош. въ Статист. Ком. № 471 Итого: 1. 2. 1. 1. 1. 3. 4. 6. 1. 20
d5;15 Октября 1870;;5 15 Октября 1870 Красноярской Городской Думѣ Предписываю Городской Дум ѣ представить Г. Начальнику Губерн iи въ непродолжительномъ времени, согласно отосланной въ думу при предписан iи Г. бывшаго Начальника Губерн iи отъ 2 ч. Сентября 1858 года форм ѣ в ѣдомость о посѣвѣ и урожаѣ хлѣба у занимающихся хлѣбопашествомъ купцовъ и мѣщанъ г. Красноярска, присоединя къ тому свѣденiе сколько къ 1 ч. Октября ЕНИСЕЙСКОЕ ОБЩЕЕ ГУБЕРНСКОЕ УПРАВЛЕНIЕ Отд ѣленiе 3 Столъ 1 О доставленiи свѣденiя о посѣвѣ и урожаѣ хлѣба 14 Октября 1870 года. № № 13823. г. Красноярскъ Требуемая симъ предписанiемъ вѣдомость Городск** Дума** доставлена Г. Начальнику губернiи 17го Октября за № 1592.
d6;1858 года;;5 15 Октября 1870 Красноярской Городской Думѣ Предписываю Городской Дум ѣ представить Г. Начальнику Губерн iи въ непродолжительномъ времени, согласно отосланной въ думу при предписан iи Г. бывшаго Начальника Губерн iи отъ 2 ч. Сентября 1858 года форм ѣ в ѣдомость о посѣвѣ и урожаѣ хлѣба у занимающихся хлѣбопашествомъ купцовъ и мѣщанъ г. Красноярска, присоединя къ тому свѣденiе сколько къ 1 ч. Октября ЕНИСЕЙСКОЕ ОБЩЕЕ ГУБЕРНСКОЕ УПРАВЛЕНIЕ Отд ѣленiе 3 Столъ 1 О доставленiи свѣденiя о посѣвѣ и урожаѣ хлѣба 14 Октября 1870 года. № № 13823. г. Красноярскъ Требуемая симъ предписанiемъ вѣдомость Городск** Дума** доставлена Г. Начальнику губернiи 17го Октября за № 1592.
d7;14 Октября 1870 года;;5 15 Октября 1870 Красноярской Городской Думѣ Предписываю Городской Дум ѣ представить Г. Начальнику Губерн iи въ непродолжительномъ времени, согласно отосланной въ думу при предписан iи Г. бывшаго Начальника Губерн iи отъ 2 ч. Сентября 1858 года форм ѣ в ѣдомость о посѣвѣ и урожаѣ хлѣба у занимающихся хлѣбопашествомъ купцовъ и мѣщанъ г. Красноярска, присоединя къ тому свѣденiе сколько къ 1 ч. Октября ЕНИСЕЙСКОЕ ОБЩЕЕ ГУБЕРНСКОЕ УПРАВЛЕНIЕ Отд ѣленiе 3 Столъ 1 О доставленiи свѣденiя о посѣвѣ и урожаѣ хлѣба 14 Октября 1870 года. № № 13823. г. Красноярскъ Требуемая симъ предписанiемъ вѣдомость Городск** Дума** доставлена Г. Начальнику губернiи 17го Октября за № 1592.
d8;1870 год;;7 Отпускъ Его Превосходительству Господину Енисейскому Гражданскому Губернатору Красноярской Городской Думы ВѢдомость О посѢвѢ и урожаѢ хлѢба и сборѢ сѢна Енисейской Губернiи Губернскаго города Красноярска Въ 1870 году. № 1592 11 Октября 1870 г. отъ Сентября за №
d9;11 Октября 1870 г.;;7 Отпускъ Его Превосходительству Господину Енисейскому Гражданскому Губернатору Красноярской Городской Думы ВѢдомость О посѢвѢ и урожаѢ хлѢба и сборѢ сѢна Енисейской Губернiи Губернскаго города Красноярска Въ 1870 году. № 1592 11 Октября 1870 г. отъ Сентября за №
d10;1870 года;;"8 Наименованiе города Число душъ Посѣяно Собрано Степень урожая Состоянiе Красноярскаго Общ. хлѣбнаго магазина къ 1 ч. Октября 1870 года. Губернскiй городъ Красноярскъ Енисейской губернiи Ревизскихъ Обоего пола Озимаго Яроваго Картоф. Озимаго Яроваго Картоф. Сѣна Озимаго Яроваго Картоф. состоитъ налицо въ ссудахъ въ недоимкахъ Озимаго Яроваго Озимаго Яроваго Озимаго Яроваго четвертей четвериковъ гарнцевъ четвертей четвериковъ гарнцевъ четвертей четвериковъ гарнцевъ четвертей четвериковъ гарнцевъ четвертей четвериковъ гарнцевъ четвертей четвериковъ гарнцевъ возовъ четвертей четвериковъ гарнцевъ четвертей четвериковъ гарнцевъ четвертей четвериковъ гарнцевъ четвертей четвериковъ гарнцевъ четвертей четвериковъ гарнцевъ четвертей четвериковъ гарнцевъ четвертей четвериковъ гарнцевъ четвертей четвериковъ гарнцевъ четвертей четвериковъ гарнцевъ — — — — 159 — 6 ½ — — — — — — — — — 95 3 3 ½ 2115 4340 400 25 2800 250 2000 2400 225 159 6 ½ 95 3 3 ½ Примѣчанiе 1, Въ 1870 г. раздачи хлѣба на посѣвъ не было по неимѣнiю надобности въ семенахъ; 2, капитала хлѣбному магазину принадлежащаго состоитъ налицо 207 р. 96 1/2 к. Серiями 1500 руб., а въ векселяхъ 1774 р. 70 коп. Запаснаго хлѣба на продажу бѣднымъ жителямъ муки * 26 кулей 4 п. 13 1/2 купленной въ 1867 году по 1 р. 15 к. на 274 р.8 3/4 к."
d11;1870 г.;;"8 Наименованiе города Число душъ Посѣяно Собрано Степень урожая Состоянiе Красноярскаго Общ. хлѣбнаго магазина къ 1 ч. Октября 1870 года. Губернскiй городъ Красноярскъ Енисейской губернiи Ревизскихъ Обоего пола Озимаго Яроваго Картоф. Озимаго Яроваго Картоф. Сѣна Озимаго Яроваго Картоф. состоитъ налицо въ ссудахъ въ недоимкахъ Озимаго Яроваго Озимаго Яроваго Озимаго Яроваго четвертей четвериковъ гарнцевъ четвертей четвериковъ гарнцевъ четвертей четвериковъ гарнцевъ четвертей четвериковъ гарнцевъ четвертей четвериковъ гарнцевъ четвертей четвериковъ гарнцевъ возовъ четвертей четвериковъ гарнцевъ четвертей четвериковъ гарнцевъ четвертей четвериковъ гарнцевъ четвертей четвериковъ гарнцевъ четвертей четвериковъ гарнцевъ четвертей четвериковъ гарнцевъ четвертей четвериковъ гарнцевъ четвертей четвериковъ гарнцевъ четвертей четвериковъ гарнцевъ — — — — 159 — 6 ½ — — — — — — — — — 95 3 3 ½ 2115 4340 400 25 2800 250 2000 2400 225 159 6 ½ 95 3 3 ½ Примѣчанiе 1, Въ 1870 г. раздачи хлѣба на посѣвъ не было по неимѣнiю надобности въ семенахъ; 2, капитала хлѣбному магазину принадлежащаго состоитъ налицо 207 р. 96 1/2 к. Серiями 1500 руб., а въ векселяхъ 1774 р. 70 коп. Запаснаго хлѣба на продажу бѣднымъ жителямъ муки * 26 кулей 4 п. 13 1/2 купленной въ 1867 году по 1 р. 15 к. на 274 р.8 3/4 к."
d12;1867 год;;"8 Наименованiе города Число душъ Посѣяно Собрано Степень урожая Состоянiе Красноярскаго Общ. хлѣбнаго магазина къ 1 ч. Октября 1870 года. Губернскiй городъ Красноярскъ Енисейской губернiи Ревизскихъ Обоего пола Озимаго Яроваго Картоф. Озимаго Яроваго Картоф. Сѣна Озимаго Яроваго Картоф. состоитъ налицо въ ссудахъ въ недоимкахъ Озимаго Яроваго Озимаго Яроваго Озимаго Яроваго четвертей четвериковъ гарнцевъ четвертей четвериковъ гарнцевъ четвертей четвериковъ гарнцевъ четвертей четвериковъ гарнцевъ четвертей четвериковъ гарнцевъ четвертей четвериковъ гарнцевъ возовъ четвертей четвериковъ гарнцевъ четвертей четвериковъ гарнцевъ четвертей четвериковъ гарнцевъ четвертей четвериковъ гарнцевъ четвертей четвериковъ гарнцевъ четвертей четвериковъ гарнцевъ четвертей четвериковъ гарнцевъ четвертей четвериковъ гарнцевъ четвертей четвериковъ гарнцевъ — — — — 159 — 6 ½ — — — — — — — — — 95 3 3 ½ 2115 4340 400 25 2800 250 2000 2400 225 159 6 ½ 95 3 3 ½ Примѣчанiе 1, Въ 1870 г. раздачи хлѣба на посѣвъ не было по неимѣнiю надобности въ семенахъ; 2, капитала хлѣбному магазину принадлежащаго состоитъ налицо 207 р. 96 1/2 к. Серiями 1500 руб., а въ векселяхъ 1774 р. 70 коп. Запаснаго хлѣба на продажу бѣднымъ жителямъ муки * 26 кулей 4 п. 13 1/2 купленной въ 1867 году по 1 р. 15 к. на 274 р.8 3/4 к."
d13;1870 года;;"9 Наименованiе города Число душъ Посѣяно Собрано Степень урожая Состоянiе Красноярскаго Общ. хлѣбнаго магазина къ 1 ч. Октября 1870 года. Губернскiй городъ Красноярскъ Енисейской губернiи Ревизскихъ Обоего пола Озимаго Яроваго Картоф. Озимаго Яроваго Картоф. Сѣна Озимаго Яроваго Картоф. состоитъ налицо въ ссудахъ въ недоимкахъ Озимаго Яроваго Озимаго Яроваго Озимаго Яроваго четвертей четвериковъ гарнцевъ четвертей четвериковъ гарнцевъ четвертей четвериковъ гарнцевъ четвертей четвериковъ гарнцевъ четвертей четвериковъ гарнцевъ четвертей четвериковъ гарнцевъ возовъ четвертей четвериковъ гарнцевъ четвертей четвериковъ гарнцевъ четвертей четвериковъ гарнцевъ четвертей четвериковъ гарнцевъ четвертей четвериковъ гарнцевъ четвертей четвериковъ гарнцевъ четвертей четвериковъ гарнцевъ четвертей четвериковъ гарнцевъ четвертей четвериковъ гарнцевъ — — — — 159 — 6 ½ — — — — — — — — — 95 3 3 ½ 2115 4340 400 25 2800 250 2000 2400 225 159 6 ½ 95 3 3 ½ Примѣчанiе 1, Въ 1870 г. раздачи хлѣба на посѣвъ не было по неимѣнiю надобности въ семенахъ; 2, капитала хлѣбному магазину принадлежащаго состоитъ налицо 207 р. 96 1/2 к. Серiями 1500 руб., а въ векселяхъ 1774 р. 70 коп. Запаснаго хлѣба на продажу бѣднымъ жителямъ муки * 26 кулей 4 п. 13 1/2 купленной въ 1867 году по 1 р. 15 к. на 274 р.8 3/4 к. По пробному умолоту урожай самъ 7 й Урожай самъ 10 й"
d14;1870 г.;;"9 Наименованiе города Число душъ Посѣяно Собрано Степень урожая Состоянiе Красноярскаго Общ. хлѣбнаго магазина къ 1 ч. Октября 1870 года. Губернскiй городъ Красноярскъ Енисейской губернiи Ревизскихъ Обоего пола Озимаго Яроваго Картоф. Озимаго Яроваго Картоф. Сѣна Озимаго Яроваго Картоф. состоитъ налицо въ ссудахъ въ недоимкахъ Озимаго Яроваго Озимаго Яроваго Озимаго Яроваго четвертей четвериковъ гарнцевъ четвертей четвериковъ гарнцевъ четвертей четвериковъ гарнцевъ четвертей четвериковъ гарнцевъ четвертей четвериковъ гарнцевъ четвертей четвериковъ гарнцевъ возовъ четвертей четвериковъ гарнцевъ четвертей четвериковъ гарнцевъ четвертей четвериковъ гарнцевъ четвертей четвериковъ гарнцевъ четвертей четвериковъ гарнцевъ четвертей четвериковъ гарнцевъ четвертей четвериковъ гарнцевъ четвертей четвериковъ гарнцевъ четвертей четвериковъ гарнцевъ — — — — 159 — 6 ½ — — — — — — — — — 95 3 3 ½ 2115 4340 400 25 2800 250 2000 2400 225 159 6 ½ 95 3 3 ½ Примѣчанiе 1, Въ 1870 г. раздачи хлѣба на посѣвъ не было по неимѣнiю надобности въ семенахъ; 2, капитала хлѣбному магазину принадлежащаго состоитъ налицо 207 р. 96 1/2 к. Серiями 1500 руб., а въ векселяхъ 1774 р. 70 коп. Запаснаго хлѣба на продажу бѣднымъ жителямъ муки * 26 кулей 4 п. 13 1/2 купленной въ 1867 году по 1 р. 15 к. на 274 р.8 3/4 к. По пробному умолоту урожай самъ 7 й Урожай самъ 10 й"
d15;1867 год;;"9 Наименованiе города Число душъ Посѣяно Собрано Степень урожая Состоянiе Красноярскаго Общ. хлѣбнаго магазина къ 1 ч. Октября 1870 года. Губернскiй городъ Красноярскъ Енисейской губернiи Ревизскихъ Обоего пола Озимаго Яроваго Картоф. Озимаго Яроваго Картоф. Сѣна Озимаго Яроваго Картоф. состоитъ налицо въ ссудахъ въ недоимкахъ Озимаго Яроваго Озимаго Яроваго Озимаго Яроваго четвертей четвериковъ гарнцевъ четвертей четвериковъ гарнцевъ четвертей четвериковъ гарнцевъ четвертей четвериковъ гарнцевъ четвертей четвериковъ гарнцевъ четвертей четвериковъ гарнцевъ возовъ четвертей четвериковъ гарнцевъ четвертей четвериковъ гарнцевъ четвертей четвериковъ гарнцевъ четвертей четвериковъ гарнцевъ четвертей четвериковъ гарнцевъ четвертей четвериковъ гарнцевъ четвертей четвериковъ гарнцевъ четвертей четвериковъ гарнцевъ четвертей четвериковъ гарнцевъ — — — — 159 — 6 ½ — — — — — — — — — 95 3 3 ½ 2115 4340 400 25 2800 250 2000 2400 225 159 6 ½ 95 3 3 ½ Примѣчанiе 1, Въ 1870 г. раздачи хлѣба на посѣвъ не было по неимѣнiю надобности въ семенахъ; 2, капитала хлѣбному магазину принадлежащаго состоитъ налицо 207 р. 96 1/2 к. Серiями 1500 руб., а въ векселяхъ 1774 р. 70 коп. Запаснаго хлѣба на продажу бѣднымъ жителямъ муки * 26 кулей 4 п. 13 1/2 купленной въ 1867 году по 1 р. 15 к. на 274 р.8 3/4 к. По пробному умолоту урожай самъ 7 й Урожай самъ 10 й"
d16;10 Мая 1861 г.;;11 Указъ ЕГО ИМПЕРАТОРСКАГО ВЕЛИЧЕСТВА, САМОДЕРЖЦА ВСЕРОССIЙСКАГО. Изъ Енисейскаго Губернскаго Правленiя, Красноярской Городской Думѣ По указу ЕГО ИМПЕРАТОРСКАГО ВЕЛИЧЕСТВА, Губернское Правленiе слушали: На основанiи предложенiя Г. исправлявшаго должность Енисейскаго Губернатора, отъ 10 Мая 1861 г., за № 779, Губернское Правленiе обязано къ 15 ч. Января мѣсяца каждаго года доставлять къ Г. Начальнику губернiи за каждый истекшiй годъ сколь возможно вѣрныя свѣдѣнiя о стоимости безвозмѣзднаго исправленiя разныхъ повинностей для войскъ въ натурѣ, какъ то: отводъ квартиръ, пастбищъ, мѣстъ подъ лагери, отпускъ дровъ и проч., по переложенiи этихъ повинностей на денежный счетъ сообразно-дѣйствительной ихъ цѣнности. О доставленiи этихъ свѣдѣнiй къ 1 ч. Декабря каждаго истекшаго года, Губернскимъ Правленiемъ 24 Мая 1861 г. было предписано всѣмъ здѣшней губернiи городовымъ хозяйственнымъ управленiямъ, полицейскимъ управленiямъ и квартирнымъ коммиссiямъ. Приказали: Такъ какъ срокъ на доставленiе означенныхъ свѣдѣнiй уже приближается, то посему о немедленномъ доставленiи таковыхъ за настоящiй 1870 г. подтвердить указами помянутымъ выше мѣстамъ, предваривъ ихъ, что если свѣдѣнiя эти не будутъ доставлены къ 1 ч. будущаго Декабря мѣсяца, то за истребованiемъ таковыхъ Правленiе вынужденнымъ найдется въ окружныя мѣста послать эстафеты на счетъ виновныхъ. Октября 17 дня 1870 года. Совѣтникъ Рейтлингеръ 24 Октября За N 1424 Секретарь * * * 1 Отдѣленiя Столоначальник * * * 2 Столъ II.
d17;24 Мая 1861 г.;;11 Указъ ЕГО ИМПЕРАТОРСКАГО ВЕЛИЧЕСТВА, САМОДЕРЖЦА ВСЕРОССIЙСКАГО. Изъ Енисейскаго Губернскаго Правленiя, Красноярской Городской Думѣ По указу ЕГО ИМПЕРАТОРСКАГО ВЕЛИЧЕСТВА, Губернское Правленiе слушали: На основанiи предложенiя Г. исправлявшаго должность Енисейскаго Губернатора, отъ 10 Мая 1861 г., за № 779, Губернское Правленiе обязано къ 15 ч. Января мѣсяца каждаго года доставлять къ Г. Начальнику губернiи за каждый истекшiй годъ сколь возможно вѣрныя свѣдѣнiя о стоимости безвозмѣзднаго исправленiя разныхъ повинностей для войскъ въ натурѣ, какъ то: отводъ квартиръ, пастбищъ, мѣстъ подъ лагери, отпускъ дровъ и проч., по переложенiи этихъ повинностей на денежный счетъ сообразно-дѣйствительной ихъ цѣнности. О доставленiи этихъ свѣдѣнiй къ 1 ч. Декабря каждаго истекшаго года, Губернскимъ Правленiемъ 24 Мая 1861 г. было предписано всѣмъ здѣшней губернiи городовымъ хозяйственнымъ управленiямъ, полицейскимъ управленiямъ и квартирнымъ коммиссiямъ. Приказали: Такъ какъ срокъ на доставленiе означенныхъ свѣдѣнiй уже приближается, то посему о немедленномъ доставленiи таковыхъ за настоящiй 1870 г. подтвердить указами помянутымъ выше мѣстамъ, предваривъ ихъ, что если свѣдѣнiя эти не будутъ доставлены къ 1 ч. будущаго Декабря мѣсяца, то за истребованiемъ таковыхъ Правленiе вынужденнымъ найдется въ окружныя мѣста послать эстафеты на счетъ виновныхъ. Октября 17 дня 1870 года. Совѣтникъ Рейтлингеръ 24 Октября За N 1424 Секретарь * * * 1 Отдѣленiя Столоначальник * * * 2 Столъ II.
d18;1870 г.;;11 Указъ ЕГО ИМПЕРАТОРСКАГО ВЕЛИЧЕСТВА, САМОДЕРЖЦА ВСЕРОССIЙСКАГО. Изъ Енисейскаго Губернскаго Правленiя, Красноярской Городской Думѣ По указу ЕГО ИМПЕРАТОРСКАГО ВЕЛИЧЕСТВА, Губернское Правленiе слушали: На основанiи предложенiя Г. исправлявшаго должность Енисейскаго Губернатора, отъ 10 Мая 1861 г., за № 779, Губернское Правленiе обязано къ 15 ч. Января мѣсяца каждаго года доставлять къ Г. Начальнику губернiи за каждый истекшiй годъ сколь возможно вѣрныя свѣдѣнiя о стоимости безвозмѣзднаго исправленiя разныхъ повинностей для войскъ въ натурѣ, какъ то: отводъ квартиръ, пастбищъ, мѣстъ подъ лагери, отпускъ дровъ и проч., по переложенiи этихъ повинностей на денежный счетъ сообразно-дѣйствительной ихъ цѣнности. О доставленiи этихъ свѣдѣнiй къ 1 ч. Декабря каждаго истекшаго года, Губернскимъ Правленiемъ 24 Мая 1861 г. было предписано всѣмъ здѣшней губернiи городовымъ хозяйственнымъ управленiямъ, полицейскимъ управленiямъ и квартирнымъ коммиссiямъ. Приказали: Такъ какъ срокъ на доставленiе означенныхъ свѣдѣнiй уже приближается, то посему о немедленномъ доставленiи таковыхъ за настоящiй 1870 г. подтвердить указами помянутымъ выше мѣстамъ, предваривъ ихъ, что если свѣдѣнiя эти не будутъ доставлены къ 1 ч. будущаго Декабря мѣсяца, то за истребованiемъ таковыхъ Правленiе вынужденнымъ найдется въ окружныя мѣста послать эстафеты на счетъ виновныхъ. Октября 17 дня 1870 года. Совѣтникъ Рейтлингеръ 24 Октября За N 1424 Секретарь * * * 1 Отдѣленiя Столоначальник * * * 2 Столъ II.
d19;1870 года;;11 Указъ ЕГО ИМПЕРАТОРСКАГО ВЕЛИЧЕСТВА, САМОДЕРЖЦА ВСЕРОССIЙСКАГО. Изъ Енисейскаго Губернскаго Правленiя, Красноярской Городской Думѣ По указу ЕГО ИМПЕРАТОРСКАГО ВЕЛИЧЕСТВА, Губернское Правленiе слушали: На основанiи предложенiя Г. исправлявшаго должность Енисейскаго Губернатора, отъ 10 Мая 1861 г., за № 779, Губернское Правленiе обязано къ 15 ч. Января мѣсяца каждаго года доставлять къ Г. Начальнику губернiи за каждый истекшiй годъ сколь возможно вѣрныя свѣдѣнiя о стоимости безвозмѣзднаго исправленiя разныхъ повинностей для войскъ въ натурѣ, какъ то: отводъ квартиръ, пастбищъ, мѣстъ подъ лагери, отпускъ дровъ и проч., по переложенiи этихъ повинностей на денежный счетъ сообразно-дѣйствительной ихъ цѣнности. О доставленiи этихъ свѣдѣнiй къ 1 ч. Декабря каждаго истекшаго года, Губернскимъ Правленiемъ 24 Мая 1861 г. было предписано всѣмъ здѣшней губернiи городовымъ хозяйственнымъ управленiямъ, полицейскимъ управленiямъ и квартирнымъ коммиссiямъ. Приказали: Такъ какъ срокъ на доставленiе означенныхъ свѣдѣнiй уже приближается, то посему о немедленномъ доставленiи таковыхъ за настоящiй 1870 г. подтвердить указами помянутымъ выше мѣстамъ, предваривъ ихъ, что если свѣдѣнiя эти не будутъ доставлены къ 1 ч. будущаго Декабря мѣсяца, то за истребованiемъ таковыхъ Правленiе вынужденнымъ найдется въ окружныя мѣста послать эстафеты на счетъ виновныхъ. Октября 17 дня 1870 года. Совѣтникъ Рейтлингеръ 24 Октября За N 1424 Секретарь * * * 1 Отдѣленiя Столоначальник * * * 2 Столъ II.
d20;1870 год;;13 Вѣдомость Красноярской Квартирной Коммисiи, о числѣ отвѣденныхъ ею натурою обывательскихъ квартиръ въ 1870 году разнымъ лицамъ, имеющимъ право на полученiе таковыхъ, съ переложенiемъ повинности этой на денежную. 1870 года. Октября 29 дня, *457. Кому отводились квартиры? Число отведенныхъ полугодовыхъ квартиръ На какой срокъ Стоимость годовой квартиры Всего рубли. рубли. Штабъ Офицерамъ: семейнымъ ... 10 На полгода 200 1000 холостымъ ... 2 160 Оберъ Офицерамъ: семейнымъ ... 44 140 6260 холостымъ ... 22 100 1100 Воинскому Священнику: семейному ... 2 140 Повивальнымъ бабкамъ, по холостому положенiю ........................ 4 100 200 Полицейскимъ приставамъ: семейнымъ ...
d21;1870 года;;13 Вѣдомость Красноярской Квартирной Коммисiи, о числѣ отвѣденныхъ ею натурою обывательскихъ квартиръ въ 1870 году разнымъ лицамъ, имеющимъ право на полученiе таковыхъ, съ переложенiемъ повинности этой на денежную. 1870 года. Октября 29 дня, *457. Кому отводились квартиры? Число отведенныхъ полугодовыхъ квартиръ На какой срокъ Стоимость годовой квартиры Всего рубли. рубли. Штабъ Офицерамъ: семейнымъ ... 10 На полгода 200 1000 холостымъ ... 2 160 Оберъ Офицерамъ: семейнымъ ... 44 140 6260 холостымъ ... 22 100 1100 Воинскому Священнику: семейному ... 2 140 Повивальнымъ бабкамъ, по холостому положенiю ........................ 4 100 200 Полицейскимъ приставамъ: семейнымъ ...
d22;1870 г.;;15 Въ Енисейское Губернское Правленiе Рапортъ Въ исполненiе указа Губернскаго Правленiя отъ 17 Октября за № 3630 Городская Дума имѣетъ честь донести, что стоимость размѣра повинностей для войскъ а) по собраннымъ отъ квартирной повинности свѣдѣнiямъ стоимость квартирной повинности въ 1870 г., отнесенной жителями города простирается до 14564 р. б) пастбищъ для войскъ отвѣдено на 100 р. и в) употреблено изъ городскихъ доходовъ для воинскихъ карауловъ на тулупы, лопаты, кенги и будки 820 руб. Итого стоимость безъ* исправленiя разныхъ повинностей для войскъ въ натурѣ, по переложенiи этихъ повинностей на денежный счетъ простирается до 15484 руб. № 1724. 4 Ноября 1870 г. по 1 отдѣл. 2 столу о стоимости безъ * исправленiя разныхъ повинностей*
d23;4 Ноября 1870 г.;;15 Въ Енисейское Губернское Правленiе Рапортъ Въ исполненiе указа Губернскаго Правленiя отъ 17 Октября за № 3630 Городская Дума имѣетъ честь донести, что стоимость размѣра повинностей для войскъ а) по собраннымъ отъ квартирной повинности свѣдѣнiямъ стоимость квартирной повинности въ 1870 г., отнесенной жителями города простирается до 14564 р. б) пастбищъ для войскъ отвѣдено на 100 р. и в) употреблено изъ городскихъ доходовъ для воинскихъ карауловъ на тулупы, лопаты, кенги и будки 820 руб. Итого стоимость безъ* исправленiя разныхъ повинностей для войскъ въ натурѣ, по переложенiи этихъ повинностей на денежный счетъ простирается до 15484 руб. № 1724. 4 Ноября 1870 г. по 1 отдѣл. 2 столу о стоимости безъ * исправленiя разныхъ повинностей*
d24;1870 год;;17 Въ Красноярскую Городскую Думу Вслѣдствiе отношенiя Думы отъ 20 Октября с.г. за № 1624, квартирная коммисiя составивъ свѣдѣнiе о количествѣ отведенныхъ квартиръ для воинскихъ чиновъ въ 1870 году съ переложенiемъ таковыхъ на денежный счетъ, по примѣру прошлыхъ лѣтъ, свѣдѣнiе это присемъ честь имѣетъ препроводить. Предсѣдатель Коммисiи Полицеймейстеръ *** Депутатъ отъ гражданъ *** КРАСНОЯРСКАЯ КВАРТИРНАЯ КОММИСIЯ 29 Октября 1870 года № № 457. г. Красноярскъ
d25;29 Октября 1870 года;;17 Въ Красноярскую Городскую Думу Вслѣдствiе отношенiя Думы отъ 20 Октября с.г. за № 1624, квартирная коммисiя составивъ свѣдѣнiе о количествѣ отведенныхъ квартиръ для воинскихъ чиновъ въ 1870 году съ переложенiемъ таковыхъ на денежный счетъ, по примѣру прошлыхъ лѣтъ, свѣдѣнiе это присемъ честь имѣетъ препроводить. Предсѣдатель Коммисiи Полицеймейстеръ *** Депутатъ отъ гражданъ *** КРАСНОЯРСКАЯ КВАРТИРНАЯ КОММИСIЯ 29 Октября 1870 года № № 457. г. Красноярскъ
d26;1870 г.;;19 Въ Красноярскую Городскую Думу Вслѣдствiе отношенiя оной отъ 24 ч. с.г. за № 2018, Квартирная Коммисiя препровождая присемъ вѣдомость о числѣ отведенныхъ квартиръ въ 1870 г. натурою разнымъ лицамъ имеющимъ по закону право на полученiе таковыхъ, съ переложенiемъ этой повинности на денежный счетъ, честь имѣетъ увѣдомить Городскую Думу, что подобная же вѣдомость, вслѣдствiе отношенiя КРАСНОЯРСКАЯ КВАРТИРНАЯ КОММИСIЯ 25 Декабря 1870 года № № 513й г. Красноярскъ
d27;25 Декабря 1870 года;;19 Въ Красноярскую Городскую Думу Вслѣдствiе отношенiя оной отъ 24 ч. с.г. за № 2018, Квартирная Коммисiя препровождая присемъ вѣдомость о числѣ отведенныхъ квартиръ въ 1870 г. натурою разнымъ лицамъ имеющимъ по закону право на полученiе таковыхъ, съ переложенiемъ этой повинности на денежный счетъ, честь имѣетъ увѣдомить Городскую Думу, что подобная же вѣдомость, вслѣдствiе отношенiя КРАСНОЯРСКАЯ КВАРТИРНАЯ КОММИСIЯ 25 Декабря 1870 года № № 513й г. Красноярскъ
d28;1870 г.;;21 Вѣдомость О числ ѣ отведенныхъ Красноярскою Квартирною Коммисiею, натурою обывательскихъ квартиръ въ 1870 г., разнымъ лицамъ имеющимъ по закону право на полученiе таковыхъ, съ переложен iемъ повинности этой на денежную. Кому отводились квартиры? Число отведенныхъ полугодовыхъ квартиръ На какой срокъ Стоимость годовой квартиры Всего рубли. Штабъ Офицерамъ: семейнымъ 10 200 1000 холостымъ 2 160 160 Оберъ Офицерамъ: семейнымъ 44 140 3080 холостымъ 22 100 1100 Воинскому Священнику: семейному 2 140 Повивальнымъ бабкамъ ......... 4 100 200 Полицейскимъ приставамъ: семейн. 2 140 холост. 2 100 Помощникамъ ихъ семейн. 4 140 280 холост. 4 100 200 Для канцелярiи Жандармскаго Управленiя ................... 2 300 Къ № 513 му
d29;1870 год;;"23 Начальникъ Енисейской губернiи имѣетъ честь просить всѣ присутственныя мѣста и всѣхъ должностныхъ лицъ, обязанныхъ ежегоднымъ представленiемъ свѣденiй ко Всеподданѣйшему отчету о состоянiи Енисейской губернiи и къ статистическому отчету, принять всѣ зависящiя мѣры, чтобы ожидаемыя данныя за истекшiй 1870 годъ были представлены никакъ не позже 1 марта текущаго года, не ожидая новыхъ предписанiй и повторенiй; свѣденiя къ первому отчету должны быть доставлены по вновь изданнымъ и при семъ разсылаемымъ формамъ, ко второму же — по формамъ прежнимъ. Кромѣ сего считаетъ необходимымъ обратить особенное вниманiе, на то, чтобы цифры вѣдомостей объяснялись возможно полнѣе тщательно составленнымъ текстомъ, — согласно требованiямъ проэкта отчета и приложенiя къ оному, чтобы тѣ статьи приложенiя, къ которымъ не слѣдуетъ вѣдомостей не были оставлены безъ объясненiя и наконецъ, чтобы свѣденiя за города и округа по тому и другому отчету не были смѣшаны, а составлены особо. Данныя по каждому отчету должны присылаться при особыхъ донесенiяхъ, адресуя: Начальнику губернiи, по губернскому статистическому комитету. Затребованы формы вѣдомостей 19 Января 1871 г. за № 109."
d30;19 Января 1871 г.;;"23 Начальникъ Енисейской губернiи имѣетъ честь просить всѣ присутственныя мѣста и всѣхъ должностныхъ лицъ, обязанныхъ ежегоднымъ представленiемъ свѣденiй ко Всеподданѣйшему отчету о состоянiи Енисейской губернiи и къ статистическому отчету, принять всѣ зависящiя мѣры, чтобы ожидаемыя данныя за истекшiй 1870 годъ были представлены никакъ не позже 1 марта текущаго года, не ожидая новыхъ предписанiй и повторенiй; свѣденiя къ первому отчету должны быть доставлены по вновь изданнымъ и при семъ разсылаемымъ формамъ, ко второму же — по формамъ прежнимъ. Кромѣ сего считаетъ необходимымъ обратить особенное вниманiе, на то, чтобы цифры вѣдомостей объяснялись возможно полнѣе тщательно составленнымъ текстомъ, — согласно требованiямъ проэкта отчета и приложенiя къ оному, чтобы тѣ статьи приложенiя, къ которымъ не слѣдуетъ вѣдомостей не были оставлены безъ объясненiя и наконецъ, чтобы свѣденiя за города и округа по тому и другому отчету не были смѣшаны, а составлены особо. Данныя по каждому отчету должны присылаться при особыхъ донесенiяхъ, адресуя: Начальнику губернiи, по губернскому статистическому комитету. Затребованы формы вѣдомостей 19 Января 1871 г. за № 109."
d31;1870 год;;С в ѣдѣнiе Составленное Красноярскою Городскою Управою ко 2 приложенiю Всеподданнѣйшаго отчета. за 1870 годъ. 1. Естественныя и производительныя силы города Красноярска и экономическая дѣятельность его населенiя: Земледѣлiе Красноярскими жителями на 1870 годъ пос ѣяно яроваго хлѣба 400 четвертей картофеля 25 четвертей, собрано яроваго хлѣба 2800 четвертей картофеля 25** четвертей, с ѣна 2000 возовъ, степень урожая яроваго хлѣба самъ 7й, картофеля самъ 10й, а зимовой хлѣбъ равно и другiе продукты какъ то: пенька, ленъ, маслобойные семена, табакъ, свекловица по непроизводительности здѣшняго климата жители нес ѣют. Задѣльная плата
d32;1870 год;;С в ѣдѣнiе Составленное Красноярскою Городскою Управою ко 2 приложенiю Всеподданнѣйшаго отчета. за 1870 годъ. 1. Естественныя и производительныя силы города Красноярска и экономическая дѣятельность его населенiя: Земледѣлiе Красноярскими жителями на 1870 годъ пос ѣяно яроваго хлѣба 400 четвертей картофеля 25 четвертей, собрано яроваго хлѣба 2800 четвертей картофеля 25** четвертей, с ѣна 2000 возовъ, степень урожая яроваго хлѣба самъ 7й, картофеля самъ 10й, а зимовой хлѣбъ равно и другiе продукты какъ то: пенька, ленъ, маслобойные семена, табакъ, свекловица по непроизводительности здѣшняго климата жители нес ѣют. Задѣльная плата
d33;1871 года;;32 на землед ѣльческiй трудъ простиралась въ сутки до 1 руб. обеспеченiе народнаго продовольствiя Въ Красноярск ѣ находится хл ѣбный магазинъ принадлежащiй мѣщанскому обществу, въ которомъ къ 1 числу Января 1871 года состоитъ на лицо яроваго хлѣба 159 четвертей 6 1/2 гарнц., въ недоимкахъ яроваго 95 четвертей 3 четверика 3 1/2 гарнца. Капитала хлѣбному магазину принадлежащаго состоитъ на лицо 207 руб. 96 1/2 коп., сер iями 1500 руб. и въ векселяхъ 1774 р. 70 копѣекъ. промыслы городскаго населенiя: Главная промышленность жителей заключается отъ золотыхъ промысловъ, гд ѣ зад ѣльная плата въ теченiи рабочихъ ***овъ на одного рабочаго причитается до 120 руб.
d34;1869 год;;33 Торговля Въ город ѣ Красноярск ѣ биржи общественнаго банка н ѣтъ, общественныхъ складочныхъ магазиновъ неимѣется, а замѣняютъ оныя состоящiя въ каменныхъ гостинныхъ дворахъ лавки, въ которыхъ торговый классъ складываетъ: чай, сахаръ, табакъ, жел ѣзо и бакалейный товаръ на сумму до 100.000 рублей. Въ город ѣ Красноярскѣ въ 1869 году открыта ярмарка съ 20 Декабря по 10 е Января, но торговыхъ оборотовъ за неявкою торговцевъ небыло. Базары бываютъ два раза въ недѣлю въ пятницу и субботу, на нихъ продается разнаго рода хлѣбъ, дрова, сѣно, съѣстныя припасы и крестьянскiя издѣлiя, продажа этихъ предметовъ производится каждый базарный день отъ 200 до 2500 р. Губернск iй городъ
d35;1870 год;;34 Красноярскъ лежитъ при р. Енисѣй по коей для золотыхъ промысловъ проходитъ до 501 барокъ преимущественно съ хлѣбнымъ запасомъ и плотовъ до 50, съ товарными вѣщами чаемъ, сахаромъ, свѣчами, медомъ и желѣзомъ всего на сумму до 100.000 рублей, чрезъ городъ Красноярскъ проходитъ три почтовыхъ тракта Московск iй, Иркутскiй и Енисейскiй, но настоящiй торговый путь удаленъ от города на 9 верстъ и пролегаетъ изъ села Арейскаго въ деревню Песчанку проселочною дорогою по мимо г. Красноярска. Въ 1870 году выдано торговыхъ и промысловыхъ свидѣтельствъ по 1й гильдiи 12. — 2й по III кл. 59. — по V кл. 11.
d36;1870 года;;35 на мелочной торгъ по III кл. 150. по V кл. 185. на развозный . . . 17. на разносный 4. на мѣщанскiе промысла 47. приказчикамъ 1го класса 79. 2 го класса 261. II. Подати и повинности: окладныя сборы: городъ Красноярскъ по платежу Государственному Казначейству подушной подати Государственной и Губернской повинности отнесенъ къ 1 му разряду. Число окладныхъ м ѣщанъ къ 1 числу Января 1870 года состояло 2112 душъ съ нихъ слѣдовало недоимки прежнихъ л ѣтъ и оклада 1870 года податей 10835 рублей 49 3/4 к. Земскихъ повинностей государственной 3519 рублей 80 коп., Губернской 3747 руб. 80 коп. въ то число вступило
d37;1870 года;;35 на мелочной торгъ по III кл. 150. по V кл. 185. на развозный . . . 17. на разносный 4. на мѣщанскiе промысла 47. приказчикамъ 1го класса 79. 2 го класса 261. II. Подати и повинности: окладныя сборы: городъ Красноярскъ по платежу Государственному Казначейству подушной подати Государственной и Губернской повинности отнесенъ къ 1 му разряду. Число окладныхъ м ѣщанъ къ 1 числу Января 1870 года состояло 2112 душъ съ нихъ слѣдовало недоимки прежнихъ л ѣтъ и оклада 1870 года податей 10835 рублей 49 3/4 к. Земскихъ повинностей государственной 3519 рублей 80 коп., Губернской 3747 руб. 80 коп. въ то число вступило
d38;1871 г.;;36 податей 4544 руб. 99 3/4 коп. Земской повинности Государственной 2120 руб. 29 1/2 коп. губернской 1087 руб. 89 1/4 к. За т ѣмъ къ 1 числу Января 1871 г. осталось въ недоимкахъ податей 6290 р. 50 к. земской повинности государственной 1399 р. 50 1/2 к. губернской 2659 р. 90 3/4 коп., а всего 10349 р. 91 1/4 коп. изъ числа этой недоимки 5555 руб. 46 1/2 к. считаются за мѣщанами изъ поселенцевъ выбывшими разными случаями, объ исключен iи которыхъ съ недоимкою прежня Дума вошла съ представлен iями въ Енисейскую Казенную палату 8, 17 и 19 Декабря 1869 года за № № 1861, 1939 и 1961, 17 го Марта 1870 г. за № 496, 10 и 17 Августа 1870 года за № № 1196 и 1270, а остальные взыскиваются мѣщанскимъ старостою.
d39;19 Декабря 1869 года;;36 податей 4544 руб. 99 3/4 коп. Земской повинности Государственной 2120 руб. 29 1/2 коп. губернской 1087 руб. 89 1/4 к. За т ѣмъ къ 1 числу Января 1871 г. осталось въ недоимкахъ податей 6290 р. 50 к. земской повинности государственной 1399 р. 50 1/2 к. губернской 2659 р. 90 3/4 коп., а всего 10349 р. 91 1/4 коп. изъ числа этой недоимки 5555 руб. 46 1/2 к. считаются за мѣщанами изъ поселенцевъ выбывшими разными случаями, объ исключен iи которыхъ съ недоимкою прежня Дума вошла съ представлен iями въ Енисейскую Казенную палату 8, 17 и 19 Декабря 1869 года за № № 1861, 1939 и 1961, 17 го Марта 1870 г. за № 496, 10 и 17 Августа 1870 года за № № 1196 и 1270, а остальные взыскиваются мѣщанскимъ старостою.
d40;1870 г.;;36 податей 4544 руб. 99 3/4 коп. Земской повинности Государственной 2120 руб. 29 1/2 коп. губернской 1087 руб. 89 1/4 к. За т ѣмъ къ 1 числу Января 1871 г. осталось въ недоимкахъ податей 6290 р. 50 к. земской повинности государственной 1399 р. 50 1/2 к. губернской 2659 р. 90 3/4 коп., а всего 10349 р. 91 1/4 коп. изъ числа этой недоимки 5555 руб. 46 1/2 к. считаются за мѣщанами изъ поселенцевъ выбывшими разными случаями, объ исключен iи которыхъ съ недоимкою прежня Дума вошла съ представлен iями въ Енисейскую Казенную палату 8, 17 и 19 Декабря 1869 года за № № 1861, 1939 и 1961, 17 го Марта 1870 г. за № 496, 10 и 17 Августа 1870 года за № № 1196 и 1270, а остальные взыскиваются мѣщанскимъ старостою.
d41;17 Августа 1870 года;;36 податей 4544 руб. 99 3/4 коп. Земской повинности Государственной 2120 руб. 29 1/2 коп. губернской 1087 руб. 89 1/4 к. За т ѣмъ къ 1 числу Января 1871 г. осталось въ недоимкахъ податей 6290 р. 50 к. земской повинности государственной 1399 р. 50 1/2 к. губернской 2659 р. 90 3/4 коп., а всего 10349 р. 91 1/4 коп. изъ числа этой недоимки 5555 руб. 46 1/2 к. считаются за мѣщанами изъ поселенцевъ выбывшими разными случаями, объ исключен iи которыхъ съ недоимкою прежня Дума вошла съ представлен iями въ Енисейскую Казенную палату 8, 17 и 19 Декабря 1869 года за № № 1861, 1939 и 1961, 17 го Марта 1870 г. за № 496, 10 и 17 Августа 1870 года за № № 1196 и 1270, а остальные взыскиваются мѣщанскимъ старостою.
d42;1870 год;;37 Городскiе доходы и расходы Городскiе доходы и расходы въ 1870 году были въ слѣдующемъ видѣ: Доходы Доходовъ съ городскихъ оброчныхъ статей 5141 р. 19 1/2 к. Сборовъ съ владѣльцовъ недвижимыхъ имуществъ — р. — к. Сборовъ съ промышленниковъ 4430 р. 54 1/2 к. Налоговъ косвенныхъ 2212 р. 99 3/4 к. Доходовъ вспомогательныхъ 96 р. — к. Доходовъ мелочныхъ и случайныхъ 440 р. 3 3/4 к. Доходовъ чрезвычайныхъ 5436 р. 13 к. Расходы 17757 — 40 1/2 На содержанiе мѣстъ и лицъ Городскаго управленiя 8903 р. 1 1/2 к. Содержанiе имуществъ и наемъ отъ города помѣщенiй 1204 р. 32 к. народное благоустройство города 1518 р. 18 3/4 к. На выдачу воинскимъ чинамъ квартирныхъ денегъ и другiя издержки
d43;1871 года;;38 по военной части 681 р. 80 к. На содержанiе учебныхъ благотворительныхъ и другихъ общеполезныхъ заведенiй 1609 р. 50 к. Уплата долговъ и составленiе запасныхъ капиталовъ — р. — к На мелочные расходы 288 р. 88 к. расходовъ единовременныхъ 1331 р. 81 1/4 к. Капитала къ 1му числу Января 15537 - 51 1/2 к. 1871 года состояло: Городскихъ доходовъ 5009 р. 19 1/2 к. пожарнаго капитала 11841 р. — к. пенсiоннаго и запаснаго 1824 — 79 к. долговъ на городѣ нѣтъ, городской недоимки за разныя оброчныя статьи считается на жителяхъ города Красноярска 6685 р. 95 к. взысканiе которыхъ производитъ частiю городская управа, а частiю Красноярская Городская Полицейская Управа
d44;1870 год;;39 Отправленiе натуральныхъ повинностей: а, подводная повинность: подводной повинности жители г. Красноярска неотносятъ. б, дорожная повинность: Исправленiе дорогъ пролегающихъ отъ Красноярска по Московскому, Иркутскому и Енисейскому трактамъ жителями города Красноярска натурою неотправлялась, а таковые исправлялись на счетъ городскихъ доходовъ, исправленiе дорогъ въ 1870 году простиралось до 237 р. 30 коп. в, квартирная повинность: Квартирная повинность въ 1870 году жителями города отправлялась натурою, въ 1870 году отведено квартиръ: Штабъ офицерскихъ 8 квартиръ
d45;1870 год;;39 Отправленiе натуральныхъ повинностей: а, подводная повинность: подводной повинности жители г. Красноярска неотносятъ. б, дорожная повинность: Исправленiе дорогъ пролегающихъ отъ Красноярска по Московскому, Иркутскому и Енисейскому трактамъ жителями города Красноярска натурою неотправлялась, а таковые исправлялись на счетъ городскихъ доходовъ, исправленiе дорогъ въ 1870 году простиралось до 237 р. 30 коп. в, квартирная повинность: Квартирная повинность въ 1870 году жителями города отправлялась натурою, въ 1870 году отведено квартиръ: Штабъ офицерскихъ 8 квартиръ
d46;1870 год;;39 Отправленiе натуральныхъ повинностей: а, подводная повинность: подводной повинности жители г. Красноярска неотносятъ. б, дорожная повинность: Исправленiе дорогъ пролегающихъ отъ Красноярска по Московскому, Иркутскому и Енисейскому трактамъ жителями города Красноярска натурою неотправлялась, а таковые исправлялись на счетъ городскихъ доходовъ, исправленiе дорогъ въ 1870 году простиралось до 237 р. 30 коп. в, квартирная повинность: Квартирная повинность въ 1870 году жителями города отправлялась натурою, въ 1870 году отведено квартиръ: Штабъ офицерскихъ 8 квартиръ
d47;1870 год;;40 оберъ офицерскихъ 48 квартиръ для нижнихъ воинскихъ чиновъ 123. повинность эта по переложенiи на денежную простиралась до 14564 р. Объ устройствѣ быта отставныхъ и безсрочно отпускныхъ нижнихъ чиновъ: Отставныхъ и безсрочно отпускныхъ нижнихъ чиновъ въ 1870 году причислено къ Красноярскому мѣщанскому обществу съ правомъ на получен iе отъ казны пособ iя 14 челов ѣкъ изъ нихъ 4 челов ѣка занимаются письмоводствомъ, 2., находятся сторожами въ разныхъ присутственныхъ м ѣстахъ а остальные 8 занимаются ремесленными и поденными работами. Вс ѣ эти нижн iе чины над ѣла город-
d48;1870 год;;41 Въ Красноярск iй Губернск iй статистическiй Комитетъ. Городская Управа имѣетъ честь препроводить присемъ Св ѣдѣнiе составленное оною ко 2 приложен iю Всеподданѣйшаго отчета за 1870 годъ. Управѣ Марта 5 д. 1871 года № 471
d49;1871 года;;41 Въ Красноярск iй Губернск iй статистическiй Комитетъ. Городская Управа имѣетъ честь препроводить присемъ Св ѣдѣнiе составленное оною ко 2 приложен iю Всеподданѣйшаго отчета за 1870 годъ. Управѣ Марта 5 д. 1871 года № 471
d50;1869 г.;;45 ОБЗОРЪ ЕНИСЕЙСКОЙ ГУБЕРНIИ ЗА 1870 Г. Всходы озимыхъ хлѣбовъ осенью 1869 г., а такъ же всходы и произростаніе яровыхъ хлѣбовъ весною 1870 г. обѣщали хорошій урожай, но надежды эти не оправдались, — урожай оказался только посредственнымъ, нѣсколько худшимъ предъидущаго года, впрочемъ вполнѣ обеспечивающимъ народное продовольствіе губерніи. Причины посредственности урожая были неблагопріятныя физическія явленія въ срединѣ и концѣ лѣта, почти во всѣхъ мѣстностяхъ губерніи, какъ то: сильные вѣтра, градобитія, иней и ранніе морозы. Кромѣ того въ двухъ округахъ — Красноярскомъ и Енисейскомъ произростанію хлѣбовъ помѣшали: въ первомъ — сильные дожди при довольно холодной весенней погодѣ, вслѣдствіе чего появилась дикорастущая трава, заглушившая всходы, а во второмъ — сильный разливъ рѣкъ, отчего поля, залитыя водою, были засѣяны 1) ЕСТЕСТВЕННЫЯ И ПРОИЗВОДИТЕЛЬНЫЯ СИЛЫ ГУБЕРНІИ И ЭКОНОМИЧЕСКАЯ ДѢЯТЕЛЬНОСТЬ ЕЯ НАСЕЛЕНІЯ. а] Земледѣліе. ГОСУДАРСТВЕННАЯ ПУБЛИЧНАЯ ИСТОРИЧЕСКАЯ БИБЛИОТЕКА РСФСР 28345 1984 г.
d51;1870 г.;;45 ОБЗОРЪ ЕНИСЕЙСКОЙ ГУБЕРНIИ ЗА 1870 Г. Всходы озимыхъ хлѣбовъ осенью 1869 г., а такъ же всходы и произростаніе яровыхъ хлѣбовъ весною 1870 г. обѣщали хорошій урожай, но надежды эти не оправдались, — урожай оказался только посредственнымъ, нѣсколько худшимъ предъидущаго года, впрочемъ вполнѣ обеспечивающимъ народное продовольствіе губерніи. Причины посредственности урожая были неблагопріятныя физическія явленія въ срединѣ и концѣ лѣта, почти во всѣхъ мѣстностяхъ губерніи, какъ то: сильные вѣтра, градобитія, иней и ранніе морозы. Кромѣ того въ двухъ округахъ — Красноярскомъ и Енисейскомъ произростанію хлѣбовъ помѣшали: въ первомъ — сильные дожди при довольно холодной весенней погодѣ, вслѣдствіе чего появилась дикорастущая трава, заглушившая всходы, а во второмъ — сильный разливъ рѣкъ, отчего поля, залитыя водою, были засѣяны 1) ЕСТЕСТВЕННЫЯ И ПРОИЗВОДИТЕЛЬНЫЯ СИЛЫ ГУБЕРНІИ И ЭКОНОМИЧЕСКАЯ ДѢЯТЕЛЬНОСТЬ ЕЯ НАСЕЛЕНІЯ. а] Земледѣліе. ГОСУДАРСТВЕННАЯ ПУБЛИЧНАЯ ИСТОРИЧЕСКАЯ БИБЛИОТЕКА РСФСР 28345 1984 г.
d52;1 Января 1871 г.;;"47 — 3 — чайшій и выгоднѣйшій способъ сбыта излишняго запаснаго хлѣба, чѣмъ и поддерживаютъ ихъ благосостояніе, и кромѣ того они вліяютъ на увеличеніе распашекъ и засѣвовъ. Другія отрасли земледѣлія, какъ то: производство пеньки, льна, маслобойныхъ семянъ, табаку, огородныхъ овощей не имѣютъ большаго значенія въ губерніи, — жители занимаются ими почти исключительно для собственныхъ домашнихъ потребностей. Приложеніемъ къ этой статьѣ служитъ вѣдомость № 1. Въ отчетномъ году засѣяно было сельскимъ и городскимъ населеніемъ озимаго и яроваго хлѣба 410452 четверт. и картофеля — 16996 четвертей; снято перваго — 1,701,433 четв., а втораго 125,226 четв. Сравнительно съ предъидущимъ годомъ снято хлѣба менѣе на 245310 четв., но народное продовольствіе оказалось вполнѣ обеспеченнымъ, — за удовлетвореніемъ всѣхъ нуждъ остался еще избытокъ до 130000 четв. Всѣхъ хлѣбныхъ запасныхъ магазиновъ въ губерніи 281; къ 1 Января сего года въ нихъ находилось на лицо: озимаго хлѣба — 148369 четв., яроваго — 103219 четв., въ недоимкѣ состояло перваго 65618 четв., втораго 32758, противу предъидущаго года въ недоимкѣ меньше: озимаго на 9311 четв., яроваго на 73. Хотя жителямъ нѣкоторыхъ мѣстностей, которые пострадали отъ наводненій и другихъ неблагопріятныхъ условій, повліявшихъ вредно на урожай, взносъ хлѣба въ сельскіе магазины отсроченъ до урожая настоящаго года, но за всѣмъ тѣмъ показанный долгъ съ 1 Января значительно уменьшился вслѣдствіе взносовъ хлѣба въ число недоимки съ этаго мѣсяца. Общаго продовольственнаго капитала по всѣмъ окружнымъ казначействамъ къ 1 Января 1871 г. состояло на лицо 3101 р. 52 к., недоимки по сбору — 992 р. 51/4 к. и въ долгу по ссудамъ и на хлѣбномъ запасномъ капиталѣ 34435 р. 78 к. Продовольственный хлѣбный капиталъ Енисейской губерніи простирался б] Обеспеченіе народнаго продовольствія."
d53;1869 г.;;48 — 4 — до 65655 р. 55 к. и находится въ обращеніи въ государственномъ банкѣ, вкладомъ на безсрочное время. Въ промыслахъ городскаго и сельскаго населенія, вообще весьма незначительныхъ, въ теченіе отчетнаго года существенныхъ измѣненій не произошло и новыхъ не возникло. Значительнаго усиленія промышленности заводской или фабричной, которое бы имѣло серіозное вліяніе на благосостояніе населенія, такъ же не послѣдовало. Золотой промыселъ дѣйствительно далъ работу большему числу рукъ, чѣмъ въ 1869 г., именно: 16492 рабоч. (а въ 1869 г. рабочихъ на промыслахъ было 13247 чел.) и преимущественно сибирскому населенію, но по результатамъ добыча золота не была значительна, такъ какъ получено золота болѣе противу 1869 г. только на 21 пуд. 28 ф. 51 зол. 80 дол., число же рабочихъ увеличилось на 3245 человѣкъ. Весьма незначительное увеличеніе количества добытаго золота сравнительно съ увеличеніемъ числа рабочихъ объясняется главнымъ образомъ поздним начатіемъ работъ по случаю большой воды грунтовой и въ рѣчькахъ, по которымъ расположены пріиски, ибо морозы держались долго и оттепели наступили вдругъ, а за тѣмъ выработкой пріисковъ. Послѣднее подтверждается во 1-хъ) уменьшеніемъ съ году на годъ процентнаго содержанія золота, такъ среднее количество золота въ 100 пудахъ песку было въ 1867 г. 511/2 дол., въ 1868 г. — 51 д., въ 1869 г. — 451/2 д. и въ 1870 г. — 441/2 д., и во 2-хъ) развитіемъ съ году на годъ добычи золота въ одиночку, или небольшими артелями, преимущественно ручнымъ способомъ, на выработывающихся пріискахъ или даже и на пріискахъ совсѣмъ брошенныхъ. Такіе рабочіе, называемые „золотничными“, работаютъ безъ всякаго урочнаго положенія, добытое золото сдаютъ ежедневно въ промысловую контору, за которое тотчасъ же получаютъ наличныя деньги. Они находятся на полномъ своемъ содержав] Промыслы сельскаго и городскаго населенiя и, г] Промышленность заводская и фабричная:
d54;1869 г.;;48 — 4 — до 65655 р. 55 к. и находится въ обращеніи въ государственномъ банкѣ, вкладомъ на безсрочное время. Въ промыслахъ городскаго и сельскаго населенія, вообще весьма незначительныхъ, въ теченіе отчетнаго года существенныхъ измѣненій не произошло и новыхъ не возникло. Значительнаго усиленія промышленности заводской или фабричной, которое бы имѣло серіозное вліяніе на благосостояніе населенія, такъ же не послѣдовало. Золотой промыселъ дѣйствительно далъ работу большему числу рукъ, чѣмъ въ 1869 г., именно: 16492 рабоч. (а въ 1869 г. рабочихъ на промыслахъ было 13247 чел.) и преимущественно сибирскому населенію, но по результатамъ добыча золота не была значительна, такъ какъ получено золота болѣе противу 1869 г. только на 21 пуд. 28 ф. 51 зол. 80 дол., число же рабочихъ увеличилось на 3245 человѣкъ. Весьма незначительное увеличеніе количества добытаго золота сравнительно съ увеличеніемъ числа рабочихъ объясняется главнымъ образомъ поздним начатіемъ работъ по случаю большой воды грунтовой и въ рѣчькахъ, по которымъ расположены пріиски, ибо морозы держались долго и оттепели наступили вдругъ, а за тѣмъ выработкой пріисковъ. Послѣднее подтверждается во 1-хъ) уменьшеніемъ съ году на годъ процентнаго содержанія золота, такъ среднее количество золота въ 100 пудахъ песку было въ 1867 г. 511/2 дол., въ 1868 г. — 51 д., въ 1869 г. — 451/2 д. и въ 1870 г. — 441/2 д., и во 2-хъ) развитіемъ съ году на годъ добычи золота въ одиночку, или небольшими артелями, преимущественно ручнымъ способомъ, на выработывающихся пріискахъ или даже и на пріискахъ совсѣмъ брошенныхъ. Такіе рабочіе, называемые „золотничными“, работаютъ безъ всякаго урочнаго положенія, добытое золото сдаютъ ежедневно въ промысловую контору, за которое тотчасъ же получаютъ наличныя деньги. Они находятся на полномъ своемъ содержав] Промыслы сельскаго и городскаго населенiя и, г] Промышленность заводская и фабричная:
d55;1869 г.;;48 — 4 — до 65655 р. 55 к. и находится въ обращеніи въ государственномъ банкѣ, вкладомъ на безсрочное время. Въ промыслахъ городскаго и сельскаго населенія, вообще весьма незначительныхъ, въ теченіе отчетнаго года существенныхъ измѣненій не произошло и новыхъ не возникло. Значительнаго усиленія промышленности заводской или фабричной, которое бы имѣло серіозное вліяніе на благосостояніе населенія, такъ же не послѣдовало. Золотой промыселъ дѣйствительно далъ работу большему числу рукъ, чѣмъ въ 1869 г., именно: 16492 рабоч. (а въ 1869 г. рабочихъ на промыслахъ было 13247 чел.) и преимущественно сибирскому населенію, но по результатамъ добыча золота не была значительна, такъ какъ получено золота болѣе противу 1869 г. только на 21 пуд. 28 ф. 51 зол. 80 дол., число же рабочихъ увеличилось на 3245 человѣкъ. Весьма незначительное увеличеніе количества добытаго золота сравнительно съ увеличеніемъ числа рабочихъ объясняется главнымъ образомъ поздним начатіемъ работъ по случаю большой воды грунтовой и въ рѣчькахъ, по которымъ расположены пріиски, ибо морозы держались долго и оттепели наступили вдругъ, а за тѣмъ выработкой пріисковъ. Послѣднее подтверждается во 1-хъ) уменьшеніемъ съ году на годъ процентнаго содержанія золота, такъ среднее количество золота въ 100 пудахъ песку было въ 1867 г. 511/2 дол., въ 1868 г. — 51 д., въ 1869 г. — 451/2 д. и въ 1870 г. — 441/2 д., и во 2-хъ) развитіемъ съ году на годъ добычи золота въ одиночку, или небольшими артелями, преимущественно ручнымъ способомъ, на выработывающихся пріискахъ или даже и на пріискахъ совсѣмъ брошенныхъ. Такіе рабочіе, называемые „золотничными“, работаютъ безъ всякаго урочнаго положенія, добытое золото сдаютъ ежедневно въ промысловую контору, за которое тотчасъ же получаютъ наличныя деньги. Они находятся на полномъ своемъ содержав] Промыслы сельскаго и городскаго населенiя и, г] Промышленность заводская и фабричная:
d56;1867 г.;;48 — 4 — до 65655 р. 55 к. и находится въ обращеніи въ государственномъ банкѣ, вкладомъ на безсрочное время. Въ промыслахъ городскаго и сельскаго населенія, вообще весьма незначительныхъ, въ теченіе отчетнаго года существенныхъ измѣненій не произошло и новыхъ не возникло. Значительнаго усиленія промышленности заводской или фабричной, которое бы имѣло серіозное вліяніе на благосостояніе населенія, такъ же не послѣдовало. Золотой промыселъ дѣйствительно далъ работу большему числу рукъ, чѣмъ въ 1869 г., именно: 16492 рабоч. (а въ 1869 г. рабочихъ на промыслахъ было 13247 чел.) и преимущественно сибирскому населенію, но по результатамъ добыча золота не была значительна, такъ какъ получено золота болѣе противу 1869 г. только на 21 пуд. 28 ф. 51 зол. 80 дол., число же рабочихъ увеличилось на 3245 человѣкъ. Весьма незначительное увеличеніе количества добытаго золота сравнительно съ увеличеніемъ числа рабочихъ объясняется главнымъ образомъ поздним начатіемъ работъ по случаю большой воды грунтовой и въ рѣчькахъ, по которымъ расположены пріиски, ибо морозы держались долго и оттепели наступили вдругъ, а за тѣмъ выработкой пріисковъ. Послѣднее подтверждается во 1-хъ) уменьшеніемъ съ году на годъ процентнаго содержанія золота, такъ среднее количество золота въ 100 пудахъ песку было въ 1867 г. 511/2 дол., въ 1868 г. — 51 д., въ 1869 г. — 451/2 д. и въ 1870 г. — 441/2 д., и во 2-хъ) развитіемъ съ году на годъ добычи золота въ одиночку, или небольшими артелями, преимущественно ручнымъ способомъ, на выработывающихся пріискахъ или даже и на пріискахъ совсѣмъ брошенныхъ. Такіе рабочіе, называемые „золотничными“, работаютъ безъ всякаго урочнаго положенія, добытое золото сдаютъ ежедневно въ промысловую контору, за которое тотчасъ же получаютъ наличныя деньги. Они находятся на полномъ своемъ содержав] Промыслы сельскаго и городскаго населенiя и, г] Промышленность заводская и фабричная:
d57;1868 г.;;48 — 4 — до 65655 р. 55 к. и находится въ обращеніи въ государственномъ банкѣ, вкладомъ на безсрочное время. Въ промыслахъ городскаго и сельскаго населенія, вообще весьма незначительныхъ, въ теченіе отчетнаго года существенныхъ измѣненій не произошло и новыхъ не возникло. Значительнаго усиленія промышленности заводской или фабричной, которое бы имѣло серіозное вліяніе на благосостояніе населенія, такъ же не послѣдовало. Золотой промыселъ дѣйствительно далъ работу большему числу рукъ, чѣмъ въ 1869 г., именно: 16492 рабоч. (а въ 1869 г. рабочихъ на промыслахъ было 13247 чел.) и преимущественно сибирскому населенію, но по результатамъ добыча золота не была значительна, такъ какъ получено золота болѣе противу 1869 г. только на 21 пуд. 28 ф. 51 зол. 80 дол., число же рабочихъ увеличилось на 3245 человѣкъ. Весьма незначительное увеличеніе количества добытаго золота сравнительно съ увеличеніемъ числа рабочихъ объясняется главнымъ образомъ поздним начатіемъ работъ по случаю большой воды грунтовой и въ рѣчькахъ, по которымъ расположены пріиски, ибо морозы держались долго и оттепели наступили вдругъ, а за тѣмъ выработкой пріисковъ. Послѣднее подтверждается во 1-хъ) уменьшеніемъ съ году на годъ процентнаго содержанія золота, такъ среднее количество золота въ 100 пудахъ песку было въ 1867 г. 511/2 дол., въ 1868 г. — 51 д., въ 1869 г. — 451/2 д. и въ 1870 г. — 441/2 д., и во 2-хъ) развитіемъ съ году на годъ добычи золота въ одиночку, или небольшими артелями, преимущественно ручнымъ способомъ, на выработывающихся пріискахъ или даже и на пріискахъ совсѣмъ брошенныхъ. Такіе рабочіе, называемые „золотничными“, работаютъ безъ всякаго урочнаго положенія, добытое золото сдаютъ ежедневно въ промысловую контору, за которое тотчасъ же получаютъ наличныя деньги. Они находятся на полномъ своемъ содержав] Промыслы сельскаго и городскаго населенiя и, г] Промышленность заводская и фабричная:
d58;1869 г.;;48 — 4 — до 65655 р. 55 к. и находится въ обращеніи въ государственномъ банкѣ, вкладомъ на безсрочное время. Въ промыслахъ городскаго и сельскаго населенія, вообще весьма незначительныхъ, въ теченіе отчетнаго года существенныхъ измѣненій не произошло и новыхъ не возникло. Значительнаго усиленія промышленности заводской или фабричной, которое бы имѣло серіозное вліяніе на благосостояніе населенія, такъ же не послѣдовало. Золотой промыселъ дѣйствительно далъ работу большему числу рукъ, чѣмъ въ 1869 г., именно: 16492 рабоч. (а въ 1869 г. рабочихъ на промыслахъ было 13247 чел.) и преимущественно сибирскому населенію, но по результатамъ добыча золота не была значительна, такъ какъ получено золота болѣе противу 1869 г. только на 21 пуд. 28 ф. 51 зол. 80 дол., число же рабочихъ увеличилось на 3245 человѣкъ. Весьма незначительное увеличеніе количества добытаго золота сравнительно съ увеличеніемъ числа рабочихъ объясняется главнымъ образомъ поздним начатіемъ работъ по случаю большой воды грунтовой и въ рѣчькахъ, по которымъ расположены пріиски, ибо морозы держались долго и оттепели наступили вдругъ, а за тѣмъ выработкой пріисковъ. Послѣднее подтверждается во 1-хъ) уменьшеніемъ съ году на годъ процентнаго содержанія золота, такъ среднее количество золота въ 100 пудахъ песку было въ 1867 г. 511/2 дол., въ 1868 г. — 51 д., въ 1869 г. — 451/2 д. и въ 1870 г. — 441/2 д., и во 2-хъ) развитіемъ съ году на годъ добычи золота въ одиночку, или небольшими артелями, преимущественно ручнымъ способомъ, на выработывающихся пріискахъ или даже и на пріискахъ совсѣмъ брошенныхъ. Такіе рабочіе, называемые „золотничными“, работаютъ безъ всякаго урочнаго положенія, добытое золото сдаютъ ежедневно въ промысловую контору, за которое тотчасъ же получаютъ наличныя деньги. Они находятся на полномъ своемъ содержав] Промыслы сельскаго и городскаго населенiя и, г] Промышленность заводская и фабричная:
d59;1870 г.;;48 — 4 — до 65655 р. 55 к. и находится въ обращеніи въ государственномъ банкѣ, вкладомъ на безсрочное время. Въ промыслахъ городскаго и сельскаго населенія, вообще весьма незначительныхъ, въ теченіе отчетнаго года существенныхъ измѣненій не произошло и новыхъ не возникло. Значительнаго усиленія промышленности заводской или фабричной, которое бы имѣло серіозное вліяніе на благосостояніе населенія, такъ же не послѣдовало. Золотой промыселъ дѣйствительно далъ работу большему числу рукъ, чѣмъ въ 1869 г., именно: 16492 рабоч. (а въ 1869 г. рабочихъ на промыслахъ было 13247 чел.) и преимущественно сибирскому населенію, но по результатамъ добыча золота не была значительна, такъ какъ получено золота болѣе противу 1869 г. только на 21 пуд. 28 ф. 51 зол. 80 дол., число же рабочихъ увеличилось на 3245 человѣкъ. Весьма незначительное увеличеніе количества добытаго золота сравнительно съ увеличеніемъ числа рабочихъ объясняется главнымъ образомъ поздним начатіемъ работъ по случаю большой воды грунтовой и въ рѣчькахъ, по которымъ расположены пріиски, ибо морозы держались долго и оттепели наступили вдругъ, а за тѣмъ выработкой пріисковъ. Послѣднее подтверждается во 1-хъ) уменьшеніемъ съ году на годъ процентнаго содержанія золота, такъ среднее количество золота въ 100 пудахъ песку было въ 1867 г. 511/2 дол., въ 1868 г. — 51 д., въ 1869 г. — 451/2 д. и въ 1870 г. — 441/2 д., и во 2-хъ) развитіемъ съ году на годъ добычи золота въ одиночку, или небольшими артелями, преимущественно ручнымъ способомъ, на выработывающихся пріискахъ или даже и на пріискахъ совсѣмъ брошенныхъ. Такіе рабочіе, называемые „золотничными“, работаютъ безъ всякаго урочнаго положенія, добытое золото сдаютъ ежедневно въ промысловую контору, за которое тотчасъ же получаютъ наличныя деньги. Они находятся на полномъ своемъ содержав] Промыслы сельскаго и городскаго населенiя и, г] Промышленность заводская и фабричная:
d60;1870 г.;;49 — 5 — ніи, а потому весьма выгодны на пріискахъ, гдѣ не предполагается хорошаго содержанія золота, ибо обстановка такихъ пріисковъ, при помянутомъ условіи, не требуетъ большихъ затратъ. Постепенно распространяющійся способъ добычи золота золотничниками указываетъ вообще на ослабленіе предпріимчивости, вслѣдствіе большей, чѣмъ прежде, рискованности промысла, и на то, что въ настоящее время довольствуются меньшими процентами на затрачиваемый капиталъ. Золотые промысла въ Енисейской губерніи раздѣляются на пять системъ: 1 Сѣверная, 2 Южная — обѣ Енисейскаго округа, 3 Ачинская, 4 Минусинская и 5 Бирюсинская. Въ 1870 г. производились работы, заработки и развѣдки на пріискахъ: 1-й системы на — 151. 2-й » » 131. 3-й » » 30. 4-й » » 45. 5-й » » 16. Всего на 373 пріискахъ. Вынуто песку кубическихъ саженъ на пріискахъ: 1-й системы 146699 1⁄10. 2-й » 859691/4. 3-й » 259133/4. 4-й » 297043/4. 5-й » 10711 5⁄8 . На всѣхъ 2989981/2 . Промыто песку пудовъ на пріискахъ: 1-й системы 176,038,925 п. 2-й » 103,163,6961/2 » 3-й » 30,955,655 » 4-й » 35,645,950 » 5-й » 12,854,014 »
d61;1870 год;;50 — 6 — Добыто шлиховаго золота на пріискахъ: 1-й Системы 297 п. 8 ф 25 з. 82 дол. 2-й » 132 » 25 » 44 » 26 » 3-й » 22 » 4 » 12 » 77 » 4-й » 28 » 21 » 30 » 36 » 5-й » 18 » 25 » 3 » 53 » Всего 499 п. 4 ф. 70 з. 92 дол. Сложное содержаніе золота въ 100 пудахъ песку было на пріискахъ: 1-й Системы • • • 62¹⁄ 5 дол. 2-й » • • • 51 1⁄3 » 3-й » • • • 241/4 » 4-й » • • • 291/2 » 5-й » • • • 53³⁄ 8 » Вообще • 441/2 » Въ 1870 году на золотыхъ промыслахъ находилось рабочихъ: 1-й Системы 8461. 2-й » 5156. 3-й » 901. 4-й » 1213. 5-й » 762. На всѣхъ 16,492. Служащих: 1-й Системы 368. 2-й » 163. 3-й » 40. 4-й » 73. 5-й » 16. На всѣхъ 660.
d62;1870 г.;;"54 — 10 — cтоянными должниками хозяина. Противъ этаго приняты должныя мѣры. Пути сообщенія между пріисками обѣихъ системъ Енисейскаго округа, а также и до промысловъ, устроены довольно хорошо, принимая въ соображеніе мѣстныя неудобства, препятствующія дальнѣйшему улучшенію. Отъ города Енисейска до промысловъ сѣверной системы того же округа устроены, на счетъ золотопромышленниковъ, почтовыя станціи, за плату по 7 1/2 коп. съ лошади за каждую версту. На остальныхъ системахъ дороги удобны лишь для верховой ѣзды. Расчетъ рабочихъ по окончаніи лѣтнихъ работъ производится на промыслахъ аккуратно, за исключеніемъ нѣкоторыхъ компаній, выдающихъ квитанціи, взысканіе по которымъ впослѣдствіи бываетъ весьма затруднительно. Съ окончаніемъ лѣтнихъ работъ для таковыхъ же осеннихъ и зимнихъ осталось рабочихъ на пріискахъ: 1-й Системы • • • • 1380 2-й • • • • 1153 3-й • • • • 233 4-й • • • • 66 5-й • • • • 15 Всего • 2847 Торговыхъ свидѣтельствъ и билетовъ выдано въ 1870 г. 5042, болѣе чѣмъ въ предъидущемъ году на 338, по всей губерніи; въ частности по округамъ: въ Канскомъ болѣе на — 146, Ачинскомъ — на 109, Красноярскомъ — на 51, Минусинскомъ — на 26 и Енисейскомъ на — 5. По роду свидѣтельствъ увеличеніе пало на свидѣтельства на мелочной торгъ съ половинною пошлиною, именно: прикащичьихъ свидѣтельствъ 2 класса въ 5 руб. взято было болѣе чѣмъ въ 1869 г. на 188, за тѣмъ слѣдуютъ свидѣтельства на развозный торгъ въ 15 руб. — 24 и свидѣтельства 3 класса въ 7 р. 50 к. и 4 класса — въ 5 р. - 23. Остальное количество лишнихъ противу 1869 г. 103 свидѣтельства падаетъ на паспортные билеты членамъ купеческихъ семействъ, преимущественно въ мѣстностяхъ 5 класса по 2 гильдіи. д] Торговля:"
d63;1869 г.;;"54 — 10 — cтоянными должниками хозяина. Противъ этаго приняты должныя мѣры. Пути сообщенія между пріисками обѣихъ системъ Енисейскаго округа, а также и до промысловъ, устроены довольно хорошо, принимая въ соображеніе мѣстныя неудобства, препятствующія дальнѣйшему улучшенію. Отъ города Енисейска до промысловъ сѣверной системы того же округа устроены, на счетъ золотопромышленниковъ, почтовыя станціи, за плату по 7 1/2 коп. съ лошади за каждую версту. На остальныхъ системахъ дороги удобны лишь для верховой ѣзды. Расчетъ рабочихъ по окончаніи лѣтнихъ работъ производится на промыслахъ аккуратно, за исключеніемъ нѣкоторыхъ компаній, выдающихъ квитанціи, взысканіе по которымъ впослѣдствіи бываетъ весьма затруднительно. Съ окончаніемъ лѣтнихъ работъ для таковыхъ же осеннихъ и зимнихъ осталось рабочихъ на пріискахъ: 1-й Системы • • • • 1380 2-й • • • • 1153 3-й • • • • 233 4-й • • • • 66 5-й • • • • 15 Всего • 2847 Торговыхъ свидѣтельствъ и билетовъ выдано въ 1870 г. 5042, болѣе чѣмъ въ предъидущемъ году на 338, по всей губерніи; въ частности по округамъ: въ Канскомъ болѣе на — 146, Ачинскомъ — на 109, Красноярскомъ — на 51, Минусинскомъ — на 26 и Енисейскомъ на — 5. По роду свидѣтельствъ увеличеніе пало на свидѣтельства на мелочной торгъ съ половинною пошлиною, именно: прикащичьихъ свидѣтельствъ 2 класса въ 5 руб. взято было болѣе чѣмъ въ 1869 г. на 188, за тѣмъ слѣдуютъ свидѣтельства на развозный торгъ въ 15 руб. — 24 и свидѣтельства 3 класса въ 7 р. 50 к. и 4 класса — въ 5 р. - 23. Остальное количество лишнихъ противу 1869 г. 103 свидѣтельства падаетъ на паспортные билеты членамъ купеческихъ семействъ, преимущественно въ мѣстностяхъ 5 класса по 2 гильдіи. д] Торговля:"
d64;1869 г.;;"54 — 10 — cтоянными должниками хозяина. Противъ этаго приняты должныя мѣры. Пути сообщенія между пріисками обѣихъ системъ Енисейскаго округа, а также и до промысловъ, устроены довольно хорошо, принимая въ соображеніе мѣстныя неудобства, препятствующія дальнѣйшему улучшенію. Отъ города Енисейска до промысловъ сѣверной системы того же округа устроены, на счетъ золотопромышленниковъ, почтовыя станціи, за плату по 7 1/2 коп. съ лошади за каждую версту. На остальныхъ системахъ дороги удобны лишь для верховой ѣзды. Расчетъ рабочихъ по окончаніи лѣтнихъ работъ производится на промыслахъ аккуратно, за исключеніемъ нѣкоторыхъ компаній, выдающихъ квитанціи, взысканіе по которымъ впослѣдствіи бываетъ весьма затруднительно. Съ окончаніемъ лѣтнихъ работъ для таковыхъ же осеннихъ и зимнихъ осталось рабочихъ на пріискахъ: 1-й Системы • • • • 1380 2-й • • • • 1153 3-й • • • • 233 4-й • • • • 66 5-й • • • • 15 Всего • 2847 Торговыхъ свидѣтельствъ и билетовъ выдано въ 1870 г. 5042, болѣе чѣмъ въ предъидущемъ году на 338, по всей губерніи; въ частности по округамъ: въ Канскомъ болѣе на — 146, Ачинскомъ — на 109, Красноярскомъ — на 51, Минусинскомъ — на 26 и Енисейскомъ на — 5. По роду свидѣтельствъ увеличеніе пало на свидѣтельства на мелочной торгъ съ половинною пошлиною, именно: прикащичьихъ свидѣтельствъ 2 класса въ 5 руб. взято было болѣе чѣмъ въ 1869 г. на 188, за тѣмъ слѣдуютъ свидѣтельства на развозный торгъ въ 15 руб. — 24 и свидѣтельства 3 класса въ 7 р. 50 к. и 4 класса — въ 5 р. - 23. Остальное количество лишнихъ противу 1869 г. 103 свидѣтельства падаетъ на паспортные билеты членамъ купеческихъ семействъ, преимущественно въ мѣстностяхъ 5 класса по 2 гильдіи. д] Торговля:"
d65;1870 г.;;"55 — 11 — На сколько можно судить по этимъ цифрамъ въ Енисейской губерніи въ 1870 г. увеличилась мелочная торговля и эту торговлю главнымъ образомъ распространили купцы раньше торговавшіе, на что указываетъ большое число взятыхъ въ отчетномъ году прикащичьихъ свидѣтельствъ. Увеличеніе торга произошло преимущественно въ двухъ округахъ — Канскомъ и Ачинскомъ. Значительныхъ перемѣнъ въ движеніи по судоходнымъ и сплавнымъ рѣкамъ въ отчетномъ году въ губерніи не произошло. Всѣхъ ярмарокъ въ губерніи считается 35, но съѣзды торговцевъ бываютъ только на 13. Почти всѣ онѣ, за исключеніемъ Никольской ярмарки, въ Ачинскомъ округѣ, Балахтинской волости (самой хлѣбородной мѣстности округа), продолжающейся съ 6 по 9 Декабря, по оборотамъ незначительны. Эта же послѣдняя имѣетъ большее вліяніе на благосостояніе сельскихъ жителей не только Балахтинской волости, но и окрестныхъ селеній Минусинскаго округа, такъ какъ на ней винокуренные заводчики и золотопромышленники Ачинскаго и Минусинскаго округовъ дѣлаютъ закупы хлѣба на предстоящія операціи и закупы эти простираются болѣе чѣмъ до 100,000 руб. Было бы весьма полезно для сельскаго населенія продолженіе Балахтинской ярморки еще на нѣсколько дней, ибо въ настоящее время крестьяне чтобы купить нужныя въ ихъ быту вещи торопятся сбыть свои произведенія, чѣмъ и пользуются только нѣкоторые изъ скупщиковъ хлѣба, успѣвшіе ранѣе другихъ явиться на ярмарку; если же срокъ ярмарки продолжится, то, съ пріѣздомъ большаго числа покупателей, возникнетъ конкуренція, — крестьяне сбудутъ свои произведенія болѣе выгодно, что необходимо поведетъ за собой улучшеніе ихъ быта. Въ 1870 г. на Никольскую ярмарку было привезено товаровъ на 186,200 р. продано на 67400 р.; сравнительно съ предъидущимъ годомъ привозу болѣе на 72200, а продажи на 8550 р. Въ 1870 г. въ губерніи родилось: мужскаго пола 8843, женскаго — 8482, всего — 17325 человѣкъ; умерло: мужскаго пола — 7891, женскаго — 6399, всее] Движеніе населенія:"
d66;1870 г.;;"55 — 11 — На сколько можно судить по этимъ цифрамъ въ Енисейской губерніи въ 1870 г. увеличилась мелочная торговля и эту торговлю главнымъ образомъ распространили купцы раньше торговавшіе, на что указываетъ большое число взятыхъ въ отчетномъ году прикащичьихъ свидѣтельствъ. Увеличеніе торга произошло преимущественно въ двухъ округахъ — Канскомъ и Ачинскомъ. Значительныхъ перемѣнъ въ движеніи по судоходнымъ и сплавнымъ рѣкамъ въ отчетномъ году въ губерніи не произошло. Всѣхъ ярмарокъ въ губерніи считается 35, но съѣзды торговцевъ бываютъ только на 13. Почти всѣ онѣ, за исключеніемъ Никольской ярмарки, въ Ачинскомъ округѣ, Балахтинской волости (самой хлѣбородной мѣстности округа), продолжающейся съ 6 по 9 Декабря, по оборотамъ незначительны. Эта же послѣдняя имѣетъ большее вліяніе на благосостояніе сельскихъ жителей не только Балахтинской волости, но и окрестныхъ селеній Минусинскаго округа, такъ какъ на ней винокуренные заводчики и золотопромышленники Ачинскаго и Минусинскаго округовъ дѣлаютъ закупы хлѣба на предстоящія операціи и закупы эти простираются болѣе чѣмъ до 100,000 руб. Было бы весьма полезно для сельскаго населенія продолженіе Балахтинской ярморки еще на нѣсколько дней, ибо въ настоящее время крестьяне чтобы купить нужныя въ ихъ быту вещи торопятся сбыть свои произведенія, чѣмъ и пользуются только нѣкоторые изъ скупщиковъ хлѣба, успѣвшіе ранѣе другихъ явиться на ярмарку; если же срокъ ярмарки продолжится, то, съ пріѣздомъ большаго числа покупателей, возникнетъ конкуренція, — крестьяне сбудутъ свои произведенія болѣе выгодно, что необходимо поведетъ за собой улучшеніе ихъ быта. Въ 1870 г. на Никольскую ярмарку было привезено товаровъ на 186,200 р. продано на 67400 р.; сравнительно съ предъидущимъ годомъ привозу болѣе на 72200, а продажи на 8550 р. Въ 1870 г. въ губерніи родилось: мужскаго пола 8843, женскаго — 8482, всего — 17325 человѣкъ; умерло: мужскаго пола — 7891, женскаго — 6399, всее] Движеніе населенія:"
d67;1870 г.;;"55 — 11 — На сколько можно судить по этимъ цифрамъ въ Енисейской губерніи въ 1870 г. увеличилась мелочная торговля и эту торговлю главнымъ образомъ распространили купцы раньше торговавшіе, на что указываетъ большое число взятыхъ въ отчетномъ году прикащичьихъ свидѣтельствъ. Увеличеніе торга произошло преимущественно въ двухъ округахъ — Канскомъ и Ачинскомъ. Значительныхъ перемѣнъ въ движеніи по судоходнымъ и сплавнымъ рѣкамъ въ отчетномъ году въ губерніи не произошло. Всѣхъ ярмарокъ въ губерніи считается 35, но съѣзды торговцевъ бываютъ только на 13. Почти всѣ онѣ, за исключеніемъ Никольской ярмарки, въ Ачинскомъ округѣ, Балахтинской волости (самой хлѣбородной мѣстности округа), продолжающейся съ 6 по 9 Декабря, по оборотамъ незначительны. Эта же послѣдняя имѣетъ большее вліяніе на благосостояніе сельскихъ жителей не только Балахтинской волости, но и окрестныхъ селеній Минусинскаго округа, такъ какъ на ней винокуренные заводчики и золотопромышленники Ачинскаго и Минусинскаго округовъ дѣлаютъ закупы хлѣба на предстоящія операціи и закупы эти простираются болѣе чѣмъ до 100,000 руб. Было бы весьма полезно для сельскаго населенія продолженіе Балахтинской ярморки еще на нѣсколько дней, ибо въ настоящее время крестьяне чтобы купить нужныя въ ихъ быту вещи торопятся сбыть свои произведенія, чѣмъ и пользуются только нѣкоторые изъ скупщиковъ хлѣба, успѣвшіе ранѣе другихъ явиться на ярмарку; если же срокъ ярмарки продолжится, то, съ пріѣздомъ большаго числа покупателей, возникнетъ конкуренція, — крестьяне сбудутъ свои произведенія болѣе выгодно, что необходимо поведетъ за собой улучшеніе ихъ быта. Въ 1870 г. на Никольскую ярмарку было привезено товаровъ на 186,200 р. продано на 67400 р.; сравнительно съ предъидущимъ годомъ привозу болѣе на 72200, а продажи на 8550 р. Въ 1870 г. въ губерніи родилось: мужскаго пола 8843, женскаго — 8482, всего — 17325 человѣкъ; умерло: мужскаго пола — 7891, женскаго — 6399, всее] Движеніе населенія:"
d68;1870 г.;;"56 — 12 — го — 14290 человѣкъ. Число родившихся превышаетъ число умершихъ на 3035 челов., именно: родилось мужскаго пола больше, чѣмъ умерло, на 952, а женскаго на 2083. Кромѣ того народонаселеніе увеличилось еще на 3341 ссыльными всѣхъ разрядовъ. Общая прибыль населенія въ отчетномъ году простирается до 6839 челов. обоего пола. Выражая прибыль эту въ процентахъ оказывается, что населеніе увеличилось: избыткомъ рожденій надъ смертными случаями на 0,829% и ссыльными на 1,039% , всего на 1,868%. Общая средняя прибыль населенія за послѣдніе 10 лѣтъ была 1,744%; въ частности же — отъ перевѣса рожденій надъ смертными случаями — 0,673% и отъ ссылки — 1,071%. Изъ сравненія послѣднихъ цифръ съ цифрами прибыли населенія въ отчетномъ году видно, что значительныхъ уклоненій отъ обычной прибыли въ населеніи губерніи не произошло. Переселенцевъ изъ Россійскихъ губерній въ 1870 г. небыло, прибывшіе же поселенцы разселены преимущественно въ Красноярскомъ округѣ. Къ этой статьѣ слѣдуютъ вѣдомости: № 3, лит. А. и лит. Б. Въ 1870 году оставалось недоимки 1.) Окладныхъ сборовъ • • • 330,061 р. 861/4 к. 2.) Причиталось на отчетный годъ оклада • • • • • • • 406,631 р. 201/2 к. Итого • 736,648 р. 61/2 к. Вновь причислено: Недоимокъ • • • • • 17,795 р. 25 к. Оклада • • • • • • 8,674 р. 351/2 к. Итого 26,469 р. 601/2 к. А всего слѣдовало получить 763,117 р. 67 к. II) ПОДАТИ И ПОВИННОСТИ. а] Окладные сборы:"
d69;1870 год;;"56 — 12 — го — 14290 человѣкъ. Число родившихся превышаетъ число умершихъ на 3035 челов., именно: родилось мужскаго пола больше, чѣмъ умерло, на 952, а женскаго на 2083. Кромѣ того народонаселеніе увеличилось еще на 3341 ссыльными всѣхъ разрядовъ. Общая прибыль населенія въ отчетномъ году простирается до 6839 челов. обоего пола. Выражая прибыль эту въ процентахъ оказывается, что населеніе увеличилось: избыткомъ рожденій надъ смертными случаями на 0,829% и ссыльными на 1,039% , всего на 1,868%. Общая средняя прибыль населенія за послѣдніе 10 лѣтъ была 1,744%; въ частности же — отъ перевѣса рожденій надъ смертными случаями — 0,673% и отъ ссылки — 1,071%. Изъ сравненія послѣднихъ цифръ съ цифрами прибыли населенія въ отчетномъ году видно, что значительныхъ уклоненій отъ обычной прибыли въ населеніи губерніи не произошло. Переселенцевъ изъ Россійскихъ губерній въ 1870 г. небыло, прибывшіе же поселенцы разселены преимущественно въ Красноярскомъ округѣ. Къ этой статьѣ слѣдуютъ вѣдомости: № 3, лит. А. и лит. Б. Въ 1870 году оставалось недоимки 1.) Окладныхъ сборовъ • • • 330,061 р. 861/4 к. 2.) Причиталось на отчетный годъ оклада • • • • • • • 406,631 р. 201/2 к. Итого • 736,648 р. 61/2 к. Вновь причислено: Недоимокъ • • • • • 17,795 р. 25 к. Оклада • • • • • • 8,674 р. 351/2 к. Итого 26,469 р. 601/2 к. А всего слѣдовало получить 763,117 р. 67 к. II) ПОДАТИ И ПОВИННОСТИ. а] Окладные сборы:"
d70;1 Января 1871 года;;57 — 13 — Изъ этаго числа дѣйствительно взыскано: Недоимки • • • • • • 93,862 р. 171/4 к. Оклада • • • • • • 293,076 р. 773/4 к. Итого 386,938 р. 95 к. и исключено: Недоимки • • • • • • 35,633 р. 42 к. Оклада • • • • • • 12,024 р. 731/4 к. Итого 47,658 р. 151/4 к. За тѣмъ къ 1 Января 1871 года осталось не взысканныхъ: Недоимки • • • • • • 218,316 р. 511/2 к. Оклада • • • • • • 110,204 р. 41/2 к. Всего отъ отчетнаго года недоимки податной 328,520 р. 56 к. Къ 1870 г. оставалось недоимки земскихъ сборовъ на повинности: Государственныя: Губернскія: Частныя: 60,578 р. 313/4 к. 84,188 р. 511/2 к. 5444 р. 761/4 к. 150,211 р. 591/2 к. На отчетный годъ причиталось оклада: 81,755 р. 7 к. 109,144 р. 25 к. 9487 р. 93 к. 200,387 р. 253/4 к. Вновь причислено: Недоимокъ: 1529 р. 46 к. 10,726 р. 47 к. 377 р. 75 к. 12,633 р. 68 к. Оклада: 2877 р. 81/2 к. 2743 р. 211/4 к. 170 р. 381/2 к. 5790 р. 681/4 к. б] Государственные и губернскіе земскіе сборы:
d71;1870 г.;;57 — 13 — Изъ этаго числа дѣйствительно взыскано: Недоимки • • • • • • 93,862 р. 171/4 к. Оклада • • • • • • 293,076 р. 773/4 к. Итого 386,938 р. 95 к. и исключено: Недоимки • • • • • • 35,633 р. 42 к. Оклада • • • • • • 12,024 р. 731/4 к. Итого 47,658 р. 151/4 к. За тѣмъ къ 1 Января 1871 года осталось не взысканныхъ: Недоимки • • • • • • 218,316 р. 511/2 к. Оклада • • • • • • 110,204 р. 41/2 к. Всего отъ отчетнаго года недоимки податной 328,520 р. 56 к. Къ 1870 г. оставалось недоимки земскихъ сборовъ на повинности: Государственныя: Губернскія: Частныя: 60,578 р. 313/4 к. 84,188 р. 511/2 к. 5444 р. 761/4 к. 150,211 р. 591/2 к. На отчетный годъ причиталось оклада: 81,755 р. 7 к. 109,144 р. 25 к. 9487 р. 93 к. 200,387 р. 253/4 к. Вновь причислено: Недоимокъ: 1529 р. 46 к. 10,726 р. 47 к. 377 р. 75 к. 12,633 р. 68 к. Оклада: 2877 р. 81/2 к. 2743 р. 211/4 к. 170 р. 381/2 к. 5790 р. 681/4 к. б] Государственные и губернскіе земскіе сборы:
d72;1 Января 1871 г.;;58 — 14 — А всего слѣдовало поступить въ отчетомъ году: 146,739 р. 931/4 к. 206,802 р. 451/2 к. 15,480 р. 823/4 к. 369,023 р. 211/2 к. Изъ этаго числа дѣйствительно взыскано: Недоимокъ: 13,950 р. 941/2 к. 27,628 р. 53/4 к. 1954 р. 531/2 к. 43,533 р. 533/4 к . Оклада: 51,422 р. 363/4 к. 80,218 р. 991/4 к. 6751 р. 173/4 к. 138,392 р. 533/4 к. Исключено: Недоимокъ: 7413 р. 871/4 к. 7689 р. 98 к. 537 р. 28 к. 15,641 р. 131/4 к. Оклада: 13,869 р. 661/4 к. 7949 р. 533/4 к. 329 р. 663/4 к. 22,148 р. 863/4 к. За тѣмъ къ 1 Января 1871 г. осталось невзысканныхъ: Недоимокъ: 40,742 р. 96 к. 59596 р. 943/4 к. 3330 р. 693/4 к. 103,670 р. 601/2 к. Оклада: 19340 р. 121/2 к. 23,718 р. 94 к. 2577 р. 47 к. 45,636 р. 531/2 к. Всего отъ отчетнаго года земской недоимки: 60,083 р. 81/2 к. 83,315 р. 883/4 к. 5908 р. 163/4 к. 149,307 р. 14. к.
d73;1869 г.;;"59 — 15 — Вообще же по губерніи въ отчетномъ году недовзыскано недоимокъ: податной, губернской и земской - 477,827 р. 69 1/2 к., менѣе чѣмъ въ 1869 г. на 2400 р. 761/2 к. Самая большая часть недоимки остается на крестьянахъ переселившихся сюда самовольно изъ внутреннихъ губерній и здѣсь потомъ причисленныхъ, которые, не получивъ по этому льготъ и никакаго отъ казны пособія, затрудняются въ исправномъ платежѣ податей; на крестьянахъ же изъ ссыльно-поселенцевъ, за тѣмъ на ссыльно-поселенцахъ находящихся въ настоящее время въ губерніи и на ссыльно-поселенцахъ выбывшихъ по разнымъ случаямъ въ теченіи нѣсколькихъ лѣтъ съ мѣстъ водворенія и сдѣлавшихся по болѣзни неспособными къ работамъ, за которыхъ сельскія общества по закону въ платежѣ податей и недоимокъ не отвѣтствуютъ, а потому всѣ такіе недоимки подлежатъ исключенію изъ оклада и, наконецъ, на мѣщанахъ изъ ссыльно-поселенцевъ, проживающихъ въ городахъ. Недоимка накопилась главнымъ образомъ въ неурожайные годы и во время скотскихъ падежей. Кромѣ того обусловливается вообще малымъ развитіемъ какъ сельскихъ такъ и городскихъ промысловъ и заработковъ, а такъ же, большимъ процентомъ ссыльно поселенцевъ въ губерніи, — населеніемъ составившимся изъ самыхъ разнообразныхъ элементовъ, не принесшимъ съ родины привычки къ тяжелому земледѣльческому труду и потому весьма трудно свыкающемуся съ мѣстными неблагопріятными условіями. Справедливость этого подтверждается тѣмъ фактомъ, что подати съ крестьянъ старожиловъ взыскиваются, какъ извѣстно, сполна. При неимѣніи подлинной цифры, показывающей сколько именно въ общее число крестьянъ по губерніи входитъ крестьянъ изъ ссыльно-поселенцевъ и сколько старожиловъ, нельзя съ точностью опредѣлить цифру недоимки лежащей на тѣхъ и другихъ, но принявъ во вниманіе, что крестьянское населеніе губерніи составилось главнымъ образомъ изъ ссыльныхъ и нижеслѣдующій рядъ цифръ, нельзя не придти къ убѣжденію, что большая или меньшая недоимка, въ томъ или другомъ округѣ, зависитъ отъ большаго или меньшаго количества ссыльнаго элемента."
d74;27 Августа 1869 г.;;60 — 16 — Число крестьянъ старожиловъ и крестьОкруга: Недоимки: Число янъ из посепоселенцевъ: ленцевъ: Красноярскiй 123,087 р. 29 1/4 к. 14,188. 19,544. Канскiй 107,419 р. 18 1/2 к. 8,924. 19,831. Ачинскiй 90,146 р. 88 к. 5,321. 19,275. Минусинскiй 85,728 р. 81 к. 6,223. 26,632. Енисейскiй 36,733 р. 11 к. 2,794. 16,643. Недоимка въ городахъ считается большею частью на мѣщанахъ изъ ссыльно-поселенцевъ, а въ г. Енисейскѣ на всѣхъ вообще — отъ обѣдненія жителей послѣ пожара 27 Августа 1869 г. Изъ 34,712 р. 41 1/2 к. недоимки по городамъ испрашивается къ сложенію по безнадежности полученія 13,650 р. 5 1/2 к., по округамъ — изъ 443,115 р. 28 к. опредѣлено къ сложенію по разнымъ законнымъ причинамъ 214,199 р. 11 3/4 к., но гораздо значительнѣйшая часть, такъ же подлежащая къ сложенію, еще неопредѣлена. Что касается до неокладныхъ недоимокъ 399,299 р. 9 1/2 к., считающихся по всѣмъ Министерствамъ къ 1 Января 1871 г., то въ нихъ заключаются 200,847 р. 89 1/2 к. позаимствованныхъ изъ общихъ Государственныхъ доходовъ для заготовленiя хлѣба въ обеспеченіе жителей Енисейской губерніи въ неурожайные годы, пополненіе которыхъ останавливалось за неимѣніемъ въ наличности хлѣбнаго капитала и за неокончаніемъ учета къ обращенію сего капитала въ запасныхъ магазинахъ Туруханскаго края. О пополненіи означенной суммы изъ общаго продовольственнаго капитала Имперіи, состоящаго ввѣденіи Министерства Внутреннихъ Дѣлъ, ходатайствуетъ казенная палата, равно ходатайствуется у Генералъ-Губернатора Восточной Сибири о сложеніи 1,325 р., выданныхъ партіонному начальнику на пересылку 20 т. въ Иркутскую провіантскую коммисію и наконецъ 25,606 р. 15 к. числится въ недоимкѣ по соляной части, взысканіе которыхъ зависитъ отъ окончанія дѣлъ о неисправныхъ поставщикахъ соли и о растратѣ оной. За тѣмъ остальные 171,520 р 90 к., оставаясь на отвѣтствен-
d75;1 Января 1871 г.;;60 — 16 — Число крестьянъ старожиловъ и крестьОкруга: Недоимки: Число янъ из посепоселенцевъ: ленцевъ: Красноярскiй 123,087 р. 29 1/4 к. 14,188. 19,544. Канскiй 107,419 р. 18 1/2 к. 8,924. 19,831. Ачинскiй 90,146 р. 88 к. 5,321. 19,275. Минусинскiй 85,728 р. 81 к. 6,223. 26,632. Енисейскiй 36,733 р. 11 к. 2,794. 16,643. Недоимка въ городахъ считается большею частью на мѣщанахъ изъ ссыльно-поселенцевъ, а въ г. Енисейскѣ на всѣхъ вообще — отъ обѣдненія жителей послѣ пожара 27 Августа 1869 г. Изъ 34,712 р. 41 1/2 к. недоимки по городамъ испрашивается къ сложенію по безнадежности полученія 13,650 р. 5 1/2 к., по округамъ — изъ 443,115 р. 28 к. опредѣлено къ сложенію по разнымъ законнымъ причинамъ 214,199 р. 11 3/4 к., но гораздо значительнѣйшая часть, такъ же подлежащая къ сложенію, еще неопредѣлена. Что касается до неокладныхъ недоимокъ 399,299 р. 9 1/2 к., считающихся по всѣмъ Министерствамъ къ 1 Января 1871 г., то въ нихъ заключаются 200,847 р. 89 1/2 к. позаимствованныхъ изъ общихъ Государственныхъ доходовъ для заготовленiя хлѣба въ обеспеченіе жителей Енисейской губерніи въ неурожайные годы, пополненіе которыхъ останавливалось за неимѣніемъ въ наличности хлѣбнаго капитала и за неокончаніемъ учета къ обращенію сего капитала въ запасныхъ магазинахъ Туруханскаго края. О пополненіи означенной суммы изъ общаго продовольственнаго капитала Имперіи, состоящаго ввѣденіи Министерства Внутреннихъ Дѣлъ, ходатайствуетъ казенная палата, равно ходатайствуется у Генералъ-Губернатора Восточной Сибири о сложеніи 1,325 р., выданныхъ партіонному начальнику на пересылку 20 т. въ Иркутскую провіантскую коммисію и наконецъ 25,606 р. 15 к. числится въ недоимкѣ по соляной части, взысканіе которыхъ зависитъ отъ окончанія дѣлъ о неисправныхъ поставщикахъ соли и о растратѣ оной. За тѣмъ остальные 171,520 р 90 к., оставаясь на отвѣтствен-
d76;1870 г.;;61 — 17 — ности губернскаго начальства, заключаютъ въ себѣ разныя взиманія, какъ то: за оброчныя статьи казенныхъ земель и мельницъ, въ оброкѣ состоящихъ, выданныя крестьянамъ и инородцамъ въ ссуду на покупку хлѣба по случаю неурожая таковаго въ предшествовавшихъ годахъ, на покупку лошадей и скота, вслѣдствіе существовавшаго у нихъ падежа, за негербовую бумагу, прогонныя и поверстныя, выданныя на счетъ виновныхъ по разнымъ дѣламъ, штрафныя по дѣламъ, третное жалованье чиновникамъ, выданное при опредѣленіи ихъ на должности, взысканія за одежду и продовольствіе арестантовъ, — во время пересылки ихъ изъ одного мѣста въ другое, — взысканіе коихъ сопряжено частью съ рѣшеніемъ дѣлъ судебными мѣстами. Для обнаруженія недоимокъ безнадежныхъ ко взысканію по разнымъ случаямъ и причинамъ, а такъ же не надлежаще зачисленныхъ и не правильно считающихся за поступленіемъ въ другія кассы, казенная палата разсматриваетъ каждую статью въ отдѣльности. Количество доходовъ и расходовъ по каждому городу отдѣльно видно изъ прилагаемой къ сему отчету вѣдомости. Какъ тѣ такъ и другіе увеличились незначительно. Недоимки въ 1870 г. оставалось по городамъ — Красноярску — 5525 р. 69 к., Енисейску — 2395 р. 641/4 к., Ачинску — 5719 р. 951/4 к., Канску — 5284 р. 111/4 к. и Минусинску — 7402 р. 751/4 к., а всего 26,328 р. 17 к. Ко взысканію оной принимались всѣ законныя мѣры. Увеличеніе недоимки противу прошлаго года на 2157 р. 21 к. зависѣло между прочимъ отъ бѣдности жителей г. Енисейска, вслѣствіе пожара 1869 г. Въ числѣ денежныхъ капиталовъ, принадлежащихъ городамъ, заключается неприкосновенныхъ Красноярску — 13,376 р. 8 к. и запаснаго — 889 р. 88 к, Енисейску — 2022 р. 111/4 к., Ачинску — запаснаго — 16,767 р. и пенсіоннаго 645 р. 761/2 к., Канску — 489 р. 70 к. и запаснаго — 11,413 р. 211/2 к. и Минусинску — пенсіоннаго — 192 р. 651/4 к. и запаснаго — 16,639 р. 42 к. Остаточный капиталъ, накопляющійся съ году въ годъ, простирается до 177,007 р. 601/4 к. в] Городскіе доходы и расходы:
d77;1869 г.;;61 — 17 — ности губернскаго начальства, заключаютъ въ себѣ разныя взиманія, какъ то: за оброчныя статьи казенныхъ земель и мельницъ, въ оброкѣ состоящихъ, выданныя крестьянамъ и инородцамъ въ ссуду на покупку хлѣба по случаю неурожая таковаго въ предшествовавшихъ годахъ, на покупку лошадей и скота, вслѣдствіе существовавшаго у нихъ падежа, за негербовую бумагу, прогонныя и поверстныя, выданныя на счетъ виновныхъ по разнымъ дѣламъ, штрафныя по дѣламъ, третное жалованье чиновникамъ, выданное при опредѣленіи ихъ на должности, взысканія за одежду и продовольствіе арестантовъ, — во время пересылки ихъ изъ одного мѣста въ другое, — взысканіе коихъ сопряжено частью съ рѣшеніемъ дѣлъ судебными мѣстами. Для обнаруженія недоимокъ безнадежныхъ ко взысканію по разнымъ случаямъ и причинамъ, а такъ же не надлежаще зачисленныхъ и не правильно считающихся за поступленіемъ въ другія кассы, казенная палата разсматриваетъ каждую статью въ отдѣльности. Количество доходовъ и расходовъ по каждому городу отдѣльно видно изъ прилагаемой къ сему отчету вѣдомости. Какъ тѣ такъ и другіе увеличились незначительно. Недоимки въ 1870 г. оставалось по городамъ — Красноярску — 5525 р. 69 к., Енисейску — 2395 р. 641/4 к., Ачинску — 5719 р. 951/4 к., Канску — 5284 р. 111/4 к. и Минусинску — 7402 р. 751/4 к., а всего 26,328 р. 17 к. Ко взысканію оной принимались всѣ законныя мѣры. Увеличеніе недоимки противу прошлаго года на 2157 р. 21 к. зависѣло между прочимъ отъ бѣдности жителей г. Енисейска, вслѣствіе пожара 1869 г. Въ числѣ денежныхъ капиталовъ, принадлежащихъ городамъ, заключается неприкосновенныхъ Красноярску — 13,376 р. 8 к. и запаснаго — 889 р. 88 к, Енисейску — 2022 р. 111/4 к., Ачинску — запаснаго — 16,767 р. и пенсіоннаго 645 р. 761/2 к., Канску — 489 р. 70 к. и запаснаго — 11,413 р. 211/2 к. и Минусинску — пенсіоннаго — 192 р. 651/4 к. и запаснаго — 16,639 р. 42 к. Остаточный капиталъ, накопляющійся съ году въ годъ, простирается до 177,007 р. 601/4 к. в] Городскіе доходы и расходы:
d78;1869 год;;"62 — 18 — Акцизныхъ сборовъ поступило 1,199,299 р. 7 к., именно: дохода питейнаго 1,068, 443 р. 973/4 к., дохода съ соли 130,855 р. 91/4 к.; болѣе чѣмъ въ 1869 году перваго на 77,513 р. 74 к., а втораго на 38,620 р. 31/4 к. Распоряженіе, вошедшее въ силу съ 1 Января 1870 г., о выдачѣ въ теченіе перваго полугодія только годовыхъ патентовъ на питейные дома, а полугодовыхъ начиная съ 1 Іюля, отразилось на незначительномъ уменьшеніи, сравнительно съ 1869 г., числа питейныхъ домовъ и патентнаго сбора. Уменьшеніе мѣстъ продажи питей было на столько ничтожно, что не повліяло замѣтнымъ образомъ на улучшеніе народной нравственности, а то что казна потеряла на патентномъ сборѣ съ избыткомъ вознаградилось увеличеніемъ акциза съ каждаго ведра вина, такъ что въ общей массѣ, питейныхъ сборовъ оказалось больше противу 1869 г. на 77,513 р. 74 к. Обывателями Енисейской губерніи въ 1870 г. отправлены натурою слѣдующіе повинности: 1., Исправленіе дорогъ, мостовъ, гатей, бичевниковъ, перилъ, столбовъ и приготовленіе для оныхъ лѣсу. Число людей занятыхъ отправленіемъ этой повинности 6,772 чел. Число подводъ • • • • • • • 13,335. Время занятій • • • • • • • 1 1/2 мѣсяца. 2., Отправленіе междудворной и обывательской гоньбы: Число людей • • • • • • 30,629. Число подводъ • • • • • • 55,330. Время занятій • • • • • • до 1 года. 3., Содержаніе перевозовъ чрезъ рѣки: Число людей • • • • • 305 чел. Время занятій • • • • • до 8 мѣсяцевъ. 4., Караулъ при церквахъ и сельскихъ экономическихъ магазинахъ, употребленіе людей при волостныхъ правленіяхъ и прочихъ мѣстахъ въ десятники и разсыльные: е] Акцизные сборы: ж] Отправленіе натуральныхъ повинностей."
d79;1 Января 1870 г.;;"62 — 18 — Акцизныхъ сборовъ поступило 1,199,299 р. 7 к., именно: дохода питейнаго 1,068, 443 р. 973/4 к., дохода съ соли 130,855 р. 91/4 к.; болѣе чѣмъ въ 1869 году перваго на 77,513 р. 74 к., а втораго на 38,620 р. 31/4 к. Распоряженіе, вошедшее въ силу съ 1 Января 1870 г., о выдачѣ въ теченіе перваго полугодія только годовыхъ патентовъ на питейные дома, а полугодовыхъ начиная съ 1 Іюля, отразилось на незначительномъ уменьшеніи, сравнительно съ 1869 г., числа питейныхъ домовъ и патентнаго сбора. Уменьшеніе мѣстъ продажи питей было на столько ничтожно, что не повліяло замѣтнымъ образомъ на улучшеніе народной нравственности, а то что казна потеряла на патентномъ сборѣ съ избыткомъ вознаградилось увеличеніемъ акциза съ каждаго ведра вина, такъ что въ общей массѣ, питейныхъ сборовъ оказалось больше противу 1869 г. на 77,513 р. 74 к. Обывателями Енисейской губерніи въ 1870 г. отправлены натурою слѣдующіе повинности: 1., Исправленіе дорогъ, мостовъ, гатей, бичевниковъ, перилъ, столбовъ и приготовленіе для оныхъ лѣсу. Число людей занятыхъ отправленіемъ этой повинности 6,772 чел. Число подводъ • • • • • • • 13,335. Время занятій • • • • • • • 1 1/2 мѣсяца. 2., Отправленіе междудворной и обывательской гоньбы: Число людей • • • • • • 30,629. Число подводъ • • • • • • 55,330. Время занятій • • • • • • до 1 года. 3., Содержаніе перевозовъ чрезъ рѣки: Число людей • • • • • 305 чел. Время занятій • • • • • до 8 мѣсяцевъ. 4., Караулъ при церквахъ и сельскихъ экономическихъ магазинахъ, употребленіе людей при волостныхъ правленіяхъ и прочихъ мѣстахъ въ десятники и разсыльные: е] Акцизные сборы: ж] Отправленіе натуральныхъ повинностей."
d80;1869 г.;;"62 — 18 — Акцизныхъ сборовъ поступило 1,199,299 р. 7 к., именно: дохода питейнаго 1,068, 443 р. 973/4 к., дохода съ соли 130,855 р. 91/4 к.; болѣе чѣмъ въ 1869 году перваго на 77,513 р. 74 к., а втораго на 38,620 р. 31/4 к. Распоряженіе, вошедшее въ силу съ 1 Января 1870 г., о выдачѣ въ теченіе перваго полугодія только годовыхъ патентовъ на питейные дома, а полугодовыхъ начиная съ 1 Іюля, отразилось на незначительномъ уменьшеніи, сравнительно съ 1869 г., числа питейныхъ домовъ и патентнаго сбора. Уменьшеніе мѣстъ продажи питей было на столько ничтожно, что не повліяло замѣтнымъ образомъ на улучшеніе народной нравственности, а то что казна потеряла на патентномъ сборѣ съ избыткомъ вознаградилось увеличеніемъ акциза съ каждаго ведра вина, такъ что въ общей массѣ, питейныхъ сборовъ оказалось больше противу 1869 г. на 77,513 р. 74 к. Обывателями Енисейской губерніи въ 1870 г. отправлены натурою слѣдующіе повинности: 1., Исправленіе дорогъ, мостовъ, гатей, бичевниковъ, перилъ, столбовъ и приготовленіе для оныхъ лѣсу. Число людей занятыхъ отправленіемъ этой повинности 6,772 чел. Число подводъ • • • • • • • 13,335. Время занятій • • • • • • • 1 1/2 мѣсяца. 2., Отправленіе междудворной и обывательской гоньбы: Число людей • • • • • • 30,629. Число подводъ • • • • • • 55,330. Время занятій • • • • • • до 1 года. 3., Содержаніе перевозовъ чрезъ рѣки: Число людей • • • • • 305 чел. Время занятій • • • • • до 8 мѣсяцевъ. 4., Караулъ при церквахъ и сельскихъ экономическихъ магазинахъ, употребленіе людей при волостныхъ правленіяхъ и прочихъ мѣстахъ въ десятники и разсыльные: е] Акцизные сборы: ж] Отправленіе натуральныхъ повинностей."
d81;1869 г.;;"62 — 18 — Акцизныхъ сборовъ поступило 1,199,299 р. 7 к., именно: дохода питейнаго 1,068, 443 р. 973/4 к., дохода съ соли 130,855 р. 91/4 к.; болѣе чѣмъ въ 1869 году перваго на 77,513 р. 74 к., а втораго на 38,620 р. 31/4 к. Распоряженіе, вошедшее въ силу съ 1 Января 1870 г., о выдачѣ въ теченіе перваго полугодія только годовыхъ патентовъ на питейные дома, а полугодовыхъ начиная съ 1 Іюля, отразилось на незначительномъ уменьшеніи, сравнительно съ 1869 г., числа питейныхъ домовъ и патентнаго сбора. Уменьшеніе мѣстъ продажи питей было на столько ничтожно, что не повліяло замѣтнымъ образомъ на улучшеніе народной нравственности, а то что казна потеряла на патентномъ сборѣ съ избыткомъ вознаградилось увеличеніемъ акциза съ каждаго ведра вина, такъ что въ общей массѣ, питейныхъ сборовъ оказалось больше противу 1869 г. на 77,513 р. 74 к. Обывателями Енисейской губерніи въ 1870 г. отправлены натурою слѣдующіе повинности: 1., Исправленіе дорогъ, мостовъ, гатей, бичевниковъ, перилъ, столбовъ и приготовленіе для оныхъ лѣсу. Число людей занятыхъ отправленіемъ этой повинности 6,772 чел. Число подводъ • • • • • • • 13,335. Время занятій • • • • • • • 1 1/2 мѣсяца. 2., Отправленіе междудворной и обывательской гоньбы: Число людей • • • • • • 30,629. Число подводъ • • • • • • 55,330. Время занятій • • • • • • до 1 года. 3., Содержаніе перевозовъ чрезъ рѣки: Число людей • • • • • 305 чел. Время занятій • • • • • до 8 мѣсяцевъ. 4., Караулъ при церквахъ и сельскихъ экономическихъ магазинахъ, употребленіе людей при волостныхъ правленіяхъ и прочихъ мѣстахъ въ десятники и разсыльные: е] Акцизные сборы: ж] Отправленіе натуральныхъ повинностей."
d82;1870 г.;;"62 — 18 — Акцизныхъ сборовъ поступило 1,199,299 р. 7 к., именно: дохода питейнаго 1,068, 443 р. 973/4 к., дохода съ соли 130,855 р. 91/4 к.; болѣе чѣмъ въ 1869 году перваго на 77,513 р. 74 к., а втораго на 38,620 р. 31/4 к. Распоряженіе, вошедшее въ силу съ 1 Января 1870 г., о выдачѣ въ теченіе перваго полугодія только годовыхъ патентовъ на питейные дома, а полугодовыхъ начиная съ 1 Іюля, отразилось на незначительномъ уменьшеніи, сравнительно съ 1869 г., числа питейныхъ домовъ и патентнаго сбора. Уменьшеніе мѣстъ продажи питей было на столько ничтожно, что не повліяло замѣтнымъ образомъ на улучшеніе народной нравственности, а то что казна потеряла на патентномъ сборѣ съ избыткомъ вознаградилось увеличеніемъ акциза съ каждаго ведра вина, такъ что въ общей массѣ, питейныхъ сборовъ оказалось больше противу 1869 г. на 77,513 р. 74 к. Обывателями Енисейской губерніи въ 1870 г. отправлены натурою слѣдующіе повинности: 1., Исправленіе дорогъ, мостовъ, гатей, бичевниковъ, перилъ, столбовъ и приготовленіе для оныхъ лѣсу. Число людей занятыхъ отправленіемъ этой повинности 6,772 чел. Число подводъ • • • • • • • 13,335. Время занятій • • • • • • • 1 1/2 мѣсяца. 2., Отправленіе междудворной и обывательской гоньбы: Число людей • • • • • • 30,629. Число подводъ • • • • • • 55,330. Время занятій • • • • • • до 1 года. 3., Содержаніе перевозовъ чрезъ рѣки: Число людей • • • • • 305 чел. Время занятій • • • • • до 8 мѣсяцевъ. 4., Караулъ при церквахъ и сельскихъ экономическихъ магазинахъ, употребленіе людей при волостныхъ правленіяхъ и прочихъ мѣстахъ въ десятники и разсыльные: е] Акцизные сборы: ж] Отправленіе натуральныхъ повинностей."
d83;1870 год;;65 — 21 — Исправленіе и постройка тулуповъ и кенегъ для часовыхъ • • • • • • • • 143 р. Отводъ сѣнокосныхъ луговъ • • • • 150 р. По Канскому округу: Отводъ для войскъ квартиръ • • • 5423 р. 41 к. Въ г. Минусинскѣ: Отводъ постоянныхъ квартиръ для штабъ и оберъофицеровъ и смотрителя провіантскаго магазина • 295 р. Отводъ временныхъ квартиръ подъ проѣздъ Штабъи оберъ-офицеровъ • • • • • • • 160 р. Отводъ квартиръ для чиновъ мѣстной команды • 2050 р. Отводъ сѣнокосныхъ луговъ для мѣстной команды 50 р. Отопленіе и освѣщеніе двухъ караулокъ • • 26 р. 3 к. Постройка для часовыхъ тулуповъ и кенегъ • 59 р. Наемъ зданія для помѣщенія чиновъ мѣстной команды съ ремонтомъ, отопленіемъ и освѣщеніемъ • • 655 р. На содержаніе въ казармахъ чистоты • • • 85 р. Въ г. Ачинскѣ: Отводъ квартиръ, отпускъ дровъ и свѣчъ • • 1765 р. 70 к. По Ачинскому округу: Отводъ квартиръ для проходящихъ войскъ • • 774 р. 26 к. Поставка подводъ для войскъ • • • 2226 р. Всѣ повинности отправляются въ губерніи по возможности равномѣрно, — жители селеній отстоящихъ отъ тракта помогаютъ жителямъ по тракту доставленіемъ подводъ подъ проходящія партіи нижнихъ чиновъ и въ прочихъ случаяхъ. Вопроса о переложеніи натуральной повинности въ денежную въ теченіе отчетнаго года невозбуждалось и предположеній по этому предмету никакихъ не сдѣлано. Бывшій въ 1870 году въ Енисейской губерніи одинъ общій по Имперіи наборъ оконченъ успѣшно и въ опредѣленный срокъ.
d84;1869 г.;;66 — 22 — Съ 74,943 душъ разнаго званія податнаго состоянія слѣдовало рекрутъ 298 душъ, но собрано натурою 219 и зачтено по квитанціямъ 73, — на 6 человѣкъ меньше, такъ какъ мѣщанское общество города Енисейска, по случаю бывшаго въ 1869 г. пожара, по Высочайшему повѣленію, было освобождено отъ рекрутской повинности. Къ этой статьѣ слѣдуетъ вѣдомость о числѣ принятыхъ рекрутъ по сословіямъ. Въ 1870 году произведены слѣдующіе работы. а., На счетъ Государственнаго земскаго сбора: Постройка почтоваго дома въ дер. Установой Красноярскаго округа. Исправленіе и приспособленіе этапныхъ и ночлежныхъ помѣщеній отъ г. Ачинска до границы Иркутской губерніи для 300 человѣкъ арестантовъ. б., На счетъ суммы ассигнуемой на ремонтъ присутственныхъ мѣстъ и тюремъ: Постройка бани и прачешной при Ачинскомъ тюремномъ замкѣ, в., На счетъ экстраординарной суммы: Передѣлка и исправленіе зданія, занимавшагося губернскимъ архивомъ въ г. Красноярскѣ, для помѣщенія пересыльныхъ арестантовъ. г., На счетъ ремонтной строительной суммы: Исправленіе поврежденій въ тюремномъ замкѣ въ г. Красноярскѣ. Постройка погреба и конюшни съ сѣноваломъ при пересыльной казармѣ. Исправленіе зданія, занимаемаго присутственными мѣстами въ г. Красноярскѣ. Исправленіе зданія Енисейской казенной палаты. Увеличеніе караульнаго дома при денежной кладовой въ городѣ Красноярскѣ. Предположено было произвести на счетъ государственнаго земскаго сбора: III) ОБЩЕСТВЕННОЕ БЛАГОУСТРОЙСТВО И БЛАГОЧИНІЕ. а] Казенныя и общественныя зданія:
d85;1870 год;;66 — 22 — Съ 74,943 душъ разнаго званія податнаго состоянія слѣдовало рекрутъ 298 душъ, но собрано натурою 219 и зачтено по квитанціямъ 73, — на 6 человѣкъ меньше, такъ какъ мѣщанское общество города Енисейска, по случаю бывшаго въ 1869 г. пожара, по Высочайшему повѣленію, было освобождено отъ рекрутской повинности. Къ этой статьѣ слѣдуетъ вѣдомость о числѣ принятыхъ рекрутъ по сословіямъ. Въ 1870 году произведены слѣдующіе работы. а., На счетъ Государственнаго земскаго сбора: Постройка почтоваго дома въ дер. Установой Красноярскаго округа. Исправленіе и приспособленіе этапныхъ и ночлежныхъ помѣщеній отъ г. Ачинска до границы Иркутской губерніи для 300 человѣкъ арестантовъ. б., На счетъ суммы ассигнуемой на ремонтъ присутственныхъ мѣстъ и тюремъ: Постройка бани и прачешной при Ачинскомъ тюремномъ замкѣ, в., На счетъ экстраординарной суммы: Передѣлка и исправленіе зданія, занимавшагося губернскимъ архивомъ въ г. Красноярскѣ, для помѣщенія пересыльныхъ арестантовъ. г., На счетъ ремонтной строительной суммы: Исправленіе поврежденій въ тюремномъ замкѣ въ г. Красноярскѣ. Постройка погреба и конюшни съ сѣноваломъ при пересыльной казармѣ. Исправленіе зданія, занимаемаго присутственными мѣстами въ г. Красноярскѣ. Исправленіе зданія Енисейской казенной палаты. Увеличеніе караульнаго дома при денежной кладовой въ городѣ Красноярскѣ. Предположено было произвести на счетъ государственнаго земскаго сбора: III) ОБЩЕСТВЕННОЕ БЛАГОУСТРОЙСТВО И БЛАГОЧИНІЕ. а] Казенныя и общественныя зданія:
d86;1869 год;;"67 — 23 — Разширеніе этапнаго помѣщенія въ с. Ключевскомъ Канскаго округа и постройку при этомъ этапѣ казармы для нижнихъ чиновъ. Почтовыхъ дорогъ въ Енисейской губерніи на протяженіи 1218 верстъ; находятся онѣ въ удовлетворительномъ состояніи. Въ теченіе отчетнаго года непредпринималось никакихъ новыхъ работъ, кромѣ постройки моста чрезъ рѣчку Мельничную въ г. Енисейскѣ, сгорѣвшаго въ 1869 году. Предположеніе о переводѣ изъ села Березовскаго въ г. Красноярскъ перевоза чрезъ р. Енисей въ 1870 г. неосуществилось, такъ какъ такса назначенная за перевозъ Красноярскимъ городскимъ обществомъ была найдена Генералъ-Губернаторомъ слишкомъ высокою и проэктъ возвращенъ для уменьшенія таксы. Отвѣтъ городскаго общества не былъ полученъ въ этомъ году. Существенныхъ измѣненій въ почтовыхъ трактахъ и станціяхъ въ теченіе 1870 г. никакихъ не было. Жалобъ на неправильныя дѣйствія почтоваго начальства, по отправленію почтовой гоньбы, заслуживающихъ удовлетворенія, не поступало. Преобладающія преступленія въ губерніи, какъ это видно изъ прилагаемой вѣдомости № 5, были: воровства-кражи, смертоубійства, нанесеніе ранъ и увечій и другихъ поврежденій, грабежи, бродяжества и укрывательство бѣглыхъ, преступленія и проступки противъ службы государственной и общественной и нарушенія уставовъ монетныхъ; эти же преступленія преобладали и въ прошломъ году. Подробнѣйшихъ же соображеній, чрезъ сравненіе цифръ 1869 и 1870 г. о числѣ преступленій и осужденныхъ, сдѣлать невозможно, такъ какъ свѣдѣнія по этому предмету прежде доставлялись полиціями и въ нихъ не обращалось вниманія на точное опредѣленіе рода преступленій, согласно уложенія о наказаніяхъ, число осужденныхъ смѣшивалось съ числомъ завиняемыхъ и вообще въ свѣдѣніяхъ этихъ не было такой строгой послѣдовательности, какая требуется къ сему отчету. Бродягъ и бѣглыхъ поймано было 399 челов. Число это незначительно больше предъидущаго года и непредставляетъ ничего необыкновеннаго, такъ б] Дороги, мосты и перевозы: в] Почты: г] Народная нраственность:"
d87;1870 г.;;"67 — 23 — Разширеніе этапнаго помѣщенія въ с. Ключевскомъ Канскаго округа и постройку при этомъ этапѣ казармы для нижнихъ чиновъ. Почтовыхъ дорогъ въ Енисейской губерніи на протяженіи 1218 верстъ; находятся онѣ въ удовлетворительномъ состояніи. Въ теченіе отчетнаго года непредпринималось никакихъ новыхъ работъ, кромѣ постройки моста чрезъ рѣчку Мельничную въ г. Енисейскѣ, сгорѣвшаго въ 1869 году. Предположеніе о переводѣ изъ села Березовскаго въ г. Красноярскъ перевоза чрезъ р. Енисей въ 1870 г. неосуществилось, такъ какъ такса назначенная за перевозъ Красноярскимъ городскимъ обществомъ была найдена Генералъ-Губернаторомъ слишкомъ высокою и проэктъ возвращенъ для уменьшенія таксы. Отвѣтъ городскаго общества не былъ полученъ въ этомъ году. Существенныхъ измѣненій въ почтовыхъ трактахъ и станціяхъ въ теченіе 1870 г. никакихъ не было. Жалобъ на неправильныя дѣйствія почтоваго начальства, по отправленію почтовой гоньбы, заслуживающихъ удовлетворенія, не поступало. Преобладающія преступленія въ губерніи, какъ это видно изъ прилагаемой вѣдомости № 5, были: воровства-кражи, смертоубійства, нанесеніе ранъ и увечій и другихъ поврежденій, грабежи, бродяжества и укрывательство бѣглыхъ, преступленія и проступки противъ службы государственной и общественной и нарушенія уставовъ монетныхъ; эти же преступленія преобладали и въ прошломъ году. Подробнѣйшихъ же соображеній, чрезъ сравненіе цифръ 1869 и 1870 г. о числѣ преступленій и осужденныхъ, сдѣлать невозможно, такъ какъ свѣдѣнія по этому предмету прежде доставлялись полиціями и въ нихъ не обращалось вниманія на точное опредѣленіе рода преступленій, согласно уложенія о наказаніяхъ, число осужденныхъ смѣшивалось съ числомъ завиняемыхъ и вообще въ свѣдѣніяхъ этихъ не было такой строгой послѣдовательности, какая требуется къ сему отчету. Бродягъ и бѣглыхъ поймано было 399 челов. Число это незначительно больше предъидущаго года и непредставляетъ ничего необыкновеннаго, такъ б] Дороги, мосты и перевозы: в] Почты: г] Народная нраственность:"
d88;1870 г.;;"67 — 23 — Разширеніе этапнаго помѣщенія въ с. Ключевскомъ Канскаго округа и постройку при этомъ этапѣ казармы для нижнихъ чиновъ. Почтовыхъ дорогъ въ Енисейской губерніи на протяженіи 1218 верстъ; находятся онѣ въ удовлетворительномъ состояніи. Въ теченіе отчетнаго года непредпринималось никакихъ новыхъ работъ, кромѣ постройки моста чрезъ рѣчку Мельничную въ г. Енисейскѣ, сгорѣвшаго въ 1869 году. Предположеніе о переводѣ изъ села Березовскаго въ г. Красноярскъ перевоза чрезъ р. Енисей въ 1870 г. неосуществилось, такъ какъ такса назначенная за перевозъ Красноярскимъ городскимъ обществомъ была найдена Генералъ-Губернаторомъ слишкомъ высокою и проэктъ возвращенъ для уменьшенія таксы. Отвѣтъ городскаго общества не былъ полученъ въ этомъ году. Существенныхъ измѣненій въ почтовыхъ трактахъ и станціяхъ въ теченіе 1870 г. никакихъ не было. Жалобъ на неправильныя дѣйствія почтоваго начальства, по отправленію почтовой гоньбы, заслуживающихъ удовлетворенія, не поступало. Преобладающія преступленія въ губерніи, какъ это видно изъ прилагаемой вѣдомости № 5, были: воровства-кражи, смертоубійства, нанесеніе ранъ и увечій и другихъ поврежденій, грабежи, бродяжества и укрывательство бѣглыхъ, преступленія и проступки противъ службы государственной и общественной и нарушенія уставовъ монетныхъ; эти же преступленія преобладали и въ прошломъ году. Подробнѣйшихъ же соображеній, чрезъ сравненіе цифръ 1869 и 1870 г. о числѣ преступленій и осужденныхъ, сдѣлать невозможно, такъ какъ свѣдѣнія по этому предмету прежде доставлялись полиціями и въ нихъ не обращалось вниманія на точное опредѣленіе рода преступленій, согласно уложенія о наказаніяхъ, число осужденныхъ смѣшивалось съ числомъ завиняемыхъ и вообще въ свѣдѣніяхъ этихъ не было такой строгой послѣдовательности, какая требуется къ сему отчету. Бродягъ и бѣглыхъ поймано было 399 челов. Число это незначительно больше предъидущаго года и непредставляетъ ничего необыкновеннаго, такъ б] Дороги, мосты и перевозы: в] Почты: г] Народная нраственность:"
d89;1870 г.;;"67 — 23 — Разширеніе этапнаго помѣщенія въ с. Ключевскомъ Канскаго округа и постройку при этомъ этапѣ казармы для нижнихъ чиновъ. Почтовыхъ дорогъ въ Енисейской губерніи на протяженіи 1218 верстъ; находятся онѣ въ удовлетворительномъ состояніи. Въ теченіе отчетнаго года непредпринималось никакихъ новыхъ работъ, кромѣ постройки моста чрезъ рѣчку Мельничную въ г. Енисейскѣ, сгорѣвшаго въ 1869 году. Предположеніе о переводѣ изъ села Березовскаго въ г. Красноярскъ перевоза чрезъ р. Енисей въ 1870 г. неосуществилось, такъ какъ такса назначенная за перевозъ Красноярскимъ городскимъ обществомъ была найдена Генералъ-Губернаторомъ слишкомъ высокою и проэктъ возвращенъ для уменьшенія таксы. Отвѣтъ городскаго общества не былъ полученъ въ этомъ году. Существенныхъ измѣненій въ почтовыхъ трактахъ и станціяхъ въ теченіе 1870 г. никакихъ не было. Жалобъ на неправильныя дѣйствія почтоваго начальства, по отправленію почтовой гоньбы, заслуживающихъ удовлетворенія, не поступало. Преобладающія преступленія въ губерніи, какъ это видно изъ прилагаемой вѣдомости № 5, были: воровства-кражи, смертоубійства, нанесеніе ранъ и увечій и другихъ поврежденій, грабежи, бродяжества и укрывательство бѣглыхъ, преступленія и проступки противъ службы государственной и общественной и нарушенія уставовъ монетныхъ; эти же преступленія преобладали и въ прошломъ году. Подробнѣйшихъ же соображеній, чрезъ сравненіе цифръ 1869 и 1870 г. о числѣ преступленій и осужденныхъ, сдѣлать невозможно, такъ какъ свѣдѣнія по этому предмету прежде доставлялись полиціями и въ нихъ не обращалось вниманія на точное опредѣленіе рода преступленій, согласно уложенія о наказаніяхъ, число осужденныхъ смѣшивалось съ числомъ завиняемыхъ и вообще въ свѣдѣніяхъ этихъ не было такой строгой послѣдовательности, какая требуется къ сему отчету. Бродягъ и бѣглыхъ поймано было 399 челов. Число это незначительно больше предъидущаго года и непредставляетъ ничего необыкновеннаго, такъ б] Дороги, мосты и перевозы: в] Почты: г] Народная нраственность:"
d90;1869 год;;"71 — 27 — не возвышается, что нужно объяснить никакъ небездѣятельностью комитетовъ и отдѣленій, а тѣмъ что предпринимаемые мѣры къ возвышенію нравственности парализируются прежде всего исполнителями распоряженій, ибо людей вполнѣ понимающихъ важность указываемыхъ мѣръ положительно нельзя найти за скудное вознагражденіе, а потому мѣры безспорноклоняющіеся къ пользѣ арестантовъ часто не приносятъ никакихъ результатовъ; кромѣ того, при трудности, а часто и при совершенной невозможности, распредѣлять арестантовъ по роду преступленій, отдѣлять закоренѣлыхъ преступниковъ отъ совершившихъ преступленіе въ первый разъ и то по страсти, а неиспорченности, помѣщать отдѣльно малолѣтнихъ преступниковъ, и наконецъ при неимѣніи лицъ взявшихъ бы на себя обязанность ввести раціональный трудъ между арестантами, на ученіе ихъ грамотѣ, — нельзя ожидать нравственнаго совершенствованія ихъ. Въ экономическомъ быту ссыльно-поселенцевъ и въ ихъ отношеніяхъ къ коренному населенію, а такъ же въ устройствѣ ссыльно-каторжныхъ въ теченіи года непроизошло перемѣнъ. Ходатайство объ устройствѣ для ссыльно-поселенцевъ богадѣленъ еще не разрѣшено. Въ отчетномъ году по всей губерніи небыло ни одного особенно разрушительнаго пожара. Дѣйствія временнаго комитета, учрежденнаго въ г. Енисейскѣ для пособія погорѣвшимъ въ 1869 году жителямъ заключались: въ устройствѣ помѣщеній для житья бѣдныхъ погорѣльцевъ, въ покупкѣ и раздачѣ одежды, хлѣба и заготовленнаго раньше лѣса и пр. Всего на этотъ предметъ употреблено въ 1870 г. 73794 р. 19 к., которые были пожертвованы разными лицами и отчасти даны въ ссуду казною. Во всѣхъ окружныхъ городахъ пожарная команда, состоящая изъ назначаемыхъ городскими хозяйственными управленіями мѣщанъ — недоимщиковъ для пополненія недоимки, находятся въ неудовлетворительномъ состояніи; пожарные же инструменты, судя по городскимъ средствамъ, содержатся въ порядкѣ. Въ г. Красноярскѣ какъ пожарная команда, такъ и инструменты находятся въ ж] Пожары:"
d91;1870 г.;;"71 — 27 — не возвышается, что нужно объяснить никакъ небездѣятельностью комитетовъ и отдѣленій, а тѣмъ что предпринимаемые мѣры къ возвышенію нравственности парализируются прежде всего исполнителями распоряженій, ибо людей вполнѣ понимающихъ важность указываемыхъ мѣръ положительно нельзя найти за скудное вознагражденіе, а потому мѣры безспорноклоняющіеся къ пользѣ арестантовъ часто не приносятъ никакихъ результатовъ; кромѣ того, при трудности, а часто и при совершенной невозможности, распредѣлять арестантовъ по роду преступленій, отдѣлять закоренѣлыхъ преступниковъ отъ совершившихъ преступленіе въ первый разъ и то по страсти, а неиспорченности, помѣщать отдѣльно малолѣтнихъ преступниковъ, и наконецъ при неимѣніи лицъ взявшихъ бы на себя обязанность ввести раціональный трудъ между арестантами, на ученіе ихъ грамотѣ, — нельзя ожидать нравственнаго совершенствованія ихъ. Въ экономическомъ быту ссыльно-поселенцевъ и въ ихъ отношеніяхъ къ коренному населенію, а такъ же въ устройствѣ ссыльно-каторжныхъ въ теченіи года непроизошло перемѣнъ. Ходатайство объ устройствѣ для ссыльно-поселенцевъ богадѣленъ еще не разрѣшено. Въ отчетномъ году по всей губерніи небыло ни одного особенно разрушительнаго пожара. Дѣйствія временнаго комитета, учрежденнаго въ г. Енисейскѣ для пособія погорѣвшимъ въ 1869 году жителямъ заключались: въ устройствѣ помѣщеній для житья бѣдныхъ погорѣльцевъ, въ покупкѣ и раздачѣ одежды, хлѣба и заготовленнаго раньше лѣса и пр. Всего на этотъ предметъ употреблено въ 1870 г. 73794 р. 19 к., которые были пожертвованы разными лицами и отчасти даны въ ссуду казною. Во всѣхъ окружныхъ городахъ пожарная команда, состоящая изъ назначаемыхъ городскими хозяйственными управленіями мѣщанъ — недоимщиковъ для пополненія недоимки, находятся въ неудовлетворительномъ состояніи; пожарные же инструменты, судя по городскимъ средствамъ, содержатся въ порядкѣ. Въ г. Красноярскѣ какъ пожарная команда, такъ и инструменты находятся въ ж] Пожары:"
d92;1870 г.;;"72 — 28 — лучшемъ видѣ. Изъ числа происшествій, бывшихъ въ 1870 г. по губерніи, выдается только одно, именно: наводненіемъ р. Чуны, протекающей въ Енисейскомъ округѣ, были разорены жители трехъ деревень: Ярцовой, Заимской и Голтовиной, почему имъ съ разрѣшенія высшаго начальства выдано денежное пособіе по 42 р. на каждое семейство, а всего 2646 р. Всѣхъ врачей въ Енисейской губерніи находилось 25 человѣкъ, изъ нихъ на государственной службѣ 17 и 8 вольнопрактикующихъ. Недоставало противъ положеннаго штатнаго числа 9, въ томъ числѣ для Енисейска одного, для Канска двухъ и пяти окружныхъ врачей; сельскихъ фельдшеровъ 2 и лекарскихъ учениковъ 7. Казенныхъ аптекъ въ губерніи нѣтъ, частныхъ одна въ г. Красноярскѣ. Кромѣ того аптеки при больницахъ Красноярской городовой и тюремнаго замка, собственно для пользующихся въ нихъ больныхъ и собраніе самыхъ необходимыхъ медикаментовъ въ Анцыферовской волости, завѣдываніе которой лежитъ на обязанности сельскаго фельдшера. Отсутствіе въ губерніи сельскихъ врачей въ особенности ощутительно для сельскаго населенія, такъ какъ окружные врачи при громадности разстояній и при большомъ числѣ судебно-медицинскихъ случаевъ не имѣютъ никакой возможности быть полезнымъ этому классу не только во время эпидемій но и при обыкновенномъ состояніи народнаго здравія. На привитіе предохранительной оспы въ отчетномъ году обращено вниманіе Енисейской врачебной управы и дѣятельность ея по этому предмету выразилась: въ предписаніяхъ городовымъ и окружнымъ врачамъ ежемѣсячно доставлять вѣдомости объ успѣхахъ оспопрививанія, для повѣрки оспопрививаній командированъ былъ врачъ въ округа Красноярскій, Ачинскій и Минусинскій, который донесъ, что высылавшаяся Вольнымъ Экономическимъ Обществомъ оспенная матерія рѣдко принималась, вслѣдствіе чего управа просила Медицинскій Департаментъ о высылкѣ таковой въ волосныхъ трубочз] Различныя происшествія и народныя бѣдствія: IV) НАРОДНОЕ ЗДРАВІЕ И ОБЩЕСТВЕННОЕ ПРИЗРѢНIE. а] Врачи:"
d93;1870 г.;;"73 — 29 — кахъ. Въ 1870 г. оспа привита 7441 младенцамъ; число это относится къ общему числу родившихся, какъ 1:2,30. Что же касается до принятія мѣръ противъ распространенія сифилиса, то въ этомъ отношеніи никакихъ особенныхъ распоряженій сдѣлано не было, наблюдалось только чтобы раньше изданныя по этому предмету правила соблюдались въ точности. Числовыхъ данныхъ о распространеніи сифилиса въ губерніи нѣтъ, какъ и вообще нѣтъ медико-топографическихъ описаній мѣстностей губерніи, что прямо должно отнести къ отсутствію сельскихъ врачей, на обязанности которыхъ должна бы лежать подобная работа. Въ вѣденіи приказа общественнаго призрѣнія состоитъ 5 больницъ, по одной въ каждомъ городѣ губерніи, и домъ умалишенныхъ въ городѣ Красноярскѣ. Въ удовлетворительномъ состояніи находится только больница въ г. Красноярскѣ, остальныя же заведенія приказа общественнаго призрѣнія по совершенной вѣтхости и неудобству помѣщеній давно не соотвѣтствуютъ своему назначенію, вслѣдствіе чего уже предположено: постройка больничнаго зданія въ г. Енисейскѣ, увеличеніе и исправленіе существующихъ въ Минусинскѣ и Ачинскѣ и возведеніе новыхъ построекъ въ Красноярскѣ — подъ Богоугодныя заведенія. Лечебницъ для приходящихъ въ губерніи нѣтъ. Въ отчетномъ году эпидеміи и эпизоотіи существовали въ слѣдующихъ округахъ Енисейской губерніи. Въ Красноярскомъ округѣ — въ Іюлѣ мѣсяцѣ, между жителями деревни Емельяновой, Заледѣевской волости, обнаружилась эпидемія простаго и кроваваго поноса; заболѣвшихъ простымъ поносомъ было 30, а кровавымъ 20 чел. обоего пола, которые всѣ выздоровѣли. Ачинскій округъ особенно изобиловалъ въ истекшемъ году болѣзнями, хронологическій порядокъ появленія которыхъ былъ слѣдующій. Въ Маѣ мѣсяцѣ появилась эпидемически натуральная оспа, преимущественно на дѣтяхъ, б] Больницы и дома умалишенныхъ. в] Эпидеміи и эпизоотіи."
d94;1870 г.;;"74 — 30 — первоначально въ с. Малоулуйскомъ, Назаровской волости, гдѣ всего было больныхъ 36 и умерло 5; а потомъ въ Іюнѣ мѣсяцѣ той же волости въ селѣ Подсопочномъ, гдѣ изъ всѣхъ 50 челов. дѣтей заболѣло 4, умерло 2. Въ Іюлѣ мѣсяцѣ въ с. Тарутинскомъ, Чернорѣчинской волости, показалась было на людяхъ сибирская язва, обнаружившаяся первоначально на лошадяхъ, но надлежащими и энергическими мѣрами командированнаго врача была тотчасъ прекращена, поразивъ только 7 человѣкъ (5 мужчинъ и 2 женщинъ), изъ которыхъ умерло 4. Съ Іюля же по Сентябрь мѣсяцъ включительно въ деревнѣ Дороховой и въ селѣ Большеулуйскомъ болѣли въ первомъ дѣти, а въ послѣднемъ и взрослые кровавымъ поносомъ; изъ 74 дѣтей дер. Дороховой болѣло 33 и умерло 13, изъ всѣхъ же 422 душъ села Большеулуйскаго заболѣло 17, а умерло 4. Въ городѣ Канскѣ и округѣ онаго, съ Апрѣля по Августъ мѣсяцъ, существовалъ эпидемически кровавый поносъ исключительно у дѣтей, а именно; въ г. Канскѣ заболѣвшихъ было 175 и умершихъ 64, въ с. Тинскомъ больныхъ было 44, изъ которыхъ умерло 5 и въ дер. Елизаветинской заболѣвшихъ было 3, но умершихъ не было. Всѣ эти болѣзни были, за исключеніемъ Сибирской язвы въ с. Тарутинскомъ, врачуемы мѣстными городовыми или окружными врачами. Отъ эпизоотій, бывшихъ въ 1870 г. въ губерніи пало лошадей, крупнаго и мелкаго скота 26568 головъ, именно: въ Минусинскомъ округѣ — 17967, въ Енисейскомъ — 3854, Красноярскомъ — 2872 и Ачинскомъ — 1875 скотинъ. Больше всего свирѣпствовала чума, преимущественно въ Минусинскомъ округѣ, отъ нея пало въ губерніи 23817 головъ, за тѣмъ отъ воспаленія въ легкихъ пало въ Красноярскомъ и Ачинскомъ округѣ — 929 головъ, отъ парша въ Красноярскомъ округѣ пало 581 лошадь, отъ болѣзни на рогатомъ скотѣ, въ Ачинскомъ округѣ, сущность которой не была опредѣлена — 521, отъ воспалительной горячки въ Красноярскомъ округѣ — 441, отъ сибирской язвы въ Енисейскѣ, а за тѣмъ въ Ачинскѣ — 265 и отъ слюняка и хромоты въ Минусинскомъ округѣ — 14 головъ. По разнообразію болѣзней выдаются Красноярскій и Ачинскій округа."
d95;1869 год;;"75 — 31 — Постепенный ходъ болѣзней виденъ изъ нижеслѣдующаго описанія: Минусинскій округъ: повальная болѣзнь паршъ обнаружилась на лошадяхъ въ Базуновскомъ форпостѣ еще въ 1869 году, отъ нея въ отчетномъ году пало 581 голова. Въ концѣ же 1869 г. въ селеніяхъ Верхне и Нижне Усинскихъ появилась чума на рогатомъ скотѣ, куда она была занесена съ Китайской границы; болѣзнь прекратилась только въ Апрѣлѣ мѣсяцѣ, поразивъ 730 скотинъ. Та же болѣзнь появилась въ Іюнѣ мѣсяцѣ въ волостяхъ Новоселовской, Абаканской, Шушенской и Тесинской; въ деревняхъ первой пало — 5766 штукъ, въ деревняхъ второй — 1482, въ селеніяхъ третьей — 446 и деревняхъ четвертой — 438. Сверхъ того во второй половинѣ отчетнаго года отъ той же болѣзни у инородцевъ разныхъ улусовъ пало — 8510. Въ Іюнѣ мѣсяцѣ появилась на рогатомъ скотѣ въ деревнѣ Корелкѣ — Новоселовской волости слюнякъ и хромота сопровождаемыя горячкою, отъ которой впрочемъ пало только 14 скотинъ. Енисейскій округъ: жители онаго преимущественно Кежемскомъ, Казачинской и Маклаковской волостей лишились — 3854 штуки крупнаго и мелкаго скота. Скотъ сталъ заболѣвать съ Іюня мѣсяца въ с. Дубчинскомъ и дер. Зотиной — Анцыферовской волости сибирской язвой, которая исключительно была на лошадяхъ, въ с. Дубчинскомъ поражала и рогатый скотъ и овецъ. Всего пало отъ этой болѣзни 229 штукъ. Отъ чумы появившейся въ Іюнѣ мѣсяцѣ на рогатомъ скотѣ въ селеніяхъ Маклаковской, Казачинской волостей, за тѣмъ перешедшей въ Кежемскую и другіе волости, пало крупнаго скота 3625 штукъ. Болѣзнь эта прекращавшаяся на нѣкоторое время снова возобновилась въ Октябрѣ на рогатомъ скотѣ въ нѣкоторыхъ селеніяхъ тѣхъ же волостей, но уже не съ такою силою. Въ Красноярскомъ округѣ существовало повальное воспаленіе легкихъ на рогатомъ скотѣ въ концѣ 1869 г. Отъ этой болѣзни въ отчетномъ году пало до Марта мѣсяца въ дер. Коркинской — Частоостровской волости и селѣ Иркутскомъ — Погорѣльской волости — 84 скотины и болѣзнь прекратилась. Въ началѣ Января сталъ чумѣть рогатый скотъ въ станицѣ Дрокиной — Заледѣевской волости, но пало только 15 штукъ. Въ Мартѣ мѣсяцѣ скотъ селеній"
d96;1869 г.;;"75 — 31 — Постепенный ходъ болѣзней виденъ изъ нижеслѣдующаго описанія: Минусинскій округъ: повальная болѣзнь паршъ обнаружилась на лошадяхъ въ Базуновскомъ форпостѣ еще въ 1869 году, отъ нея въ отчетномъ году пало 581 голова. Въ концѣ же 1869 г. въ селеніяхъ Верхне и Нижне Усинскихъ появилась чума на рогатомъ скотѣ, куда она была занесена съ Китайской границы; болѣзнь прекратилась только въ Апрѣлѣ мѣсяцѣ, поразивъ 730 скотинъ. Та же болѣзнь появилась въ Іюнѣ мѣсяцѣ въ волостяхъ Новоселовской, Абаканской, Шушенской и Тесинской; въ деревняхъ первой пало — 5766 штукъ, въ деревняхъ второй — 1482, въ селеніяхъ третьей — 446 и деревняхъ четвертой — 438. Сверхъ того во второй половинѣ отчетнаго года отъ той же болѣзни у инородцевъ разныхъ улусовъ пало — 8510. Въ Іюнѣ мѣсяцѣ появилась на рогатомъ скотѣ въ деревнѣ Корелкѣ — Новоселовской волости слюнякъ и хромота сопровождаемыя горячкою, отъ которой впрочемъ пало только 14 скотинъ. Енисейскій округъ: жители онаго преимущественно Кежемскомъ, Казачинской и Маклаковской волостей лишились — 3854 штуки крупнаго и мелкаго скота. Скотъ сталъ заболѣвать съ Іюня мѣсяца въ с. Дубчинскомъ и дер. Зотиной — Анцыферовской волости сибирской язвой, которая исключительно была на лошадяхъ, въ с. Дубчинскомъ поражала и рогатый скотъ и овецъ. Всего пало отъ этой болѣзни 229 штукъ. Отъ чумы появившейся въ Іюнѣ мѣсяцѣ на рогатомъ скотѣ въ селеніяхъ Маклаковской, Казачинской волостей, за тѣмъ перешедшей въ Кежемскую и другіе волости, пало крупнаго скота 3625 штукъ. Болѣзнь эта прекращавшаяся на нѣкоторое время снова возобновилась въ Октябрѣ на рогатомъ скотѣ въ нѣкоторыхъ селеніяхъ тѣхъ же волостей, но уже не съ такою силою. Въ Красноярскомъ округѣ существовало повальное воспаленіе легкихъ на рогатомъ скотѣ въ концѣ 1869 г. Отъ этой болѣзни въ отчетномъ году пало до Марта мѣсяца въ дер. Коркинской — Частоостровской волости и селѣ Иркутскомъ — Погорѣльской волости — 84 скотины и болѣзнь прекратилась. Въ началѣ Января сталъ чумѣть рогатый скотъ въ станицѣ Дрокиной — Заледѣевской волости, но пало только 15 штукъ. Въ Мартѣ мѣсяцѣ скотъ селеній"
d97;1869 г.;;"75 — 31 — Постепенный ходъ болѣзней виденъ изъ нижеслѣдующаго описанія: Минусинскій округъ: повальная болѣзнь паршъ обнаружилась на лошадяхъ въ Базуновскомъ форпостѣ еще въ 1869 году, отъ нея въ отчетномъ году пало 581 голова. Въ концѣ же 1869 г. въ селеніяхъ Верхне и Нижне Усинскихъ появилась чума на рогатомъ скотѣ, куда она была занесена съ Китайской границы; болѣзнь прекратилась только въ Апрѣлѣ мѣсяцѣ, поразивъ 730 скотинъ. Та же болѣзнь появилась въ Іюнѣ мѣсяцѣ въ волостяхъ Новоселовской, Абаканской, Шушенской и Тесинской; въ деревняхъ первой пало — 5766 штукъ, въ деревняхъ второй — 1482, въ селеніяхъ третьей — 446 и деревняхъ четвертой — 438. Сверхъ того во второй половинѣ отчетнаго года отъ той же болѣзни у инородцевъ разныхъ улусовъ пало — 8510. Въ Іюнѣ мѣсяцѣ появилась на рогатомъ скотѣ въ деревнѣ Корелкѣ — Новоселовской волости слюнякъ и хромота сопровождаемыя горячкою, отъ которой впрочемъ пало только 14 скотинъ. Енисейскій округъ: жители онаго преимущественно Кежемскомъ, Казачинской и Маклаковской волостей лишились — 3854 штуки крупнаго и мелкаго скота. Скотъ сталъ заболѣвать съ Іюня мѣсяца въ с. Дубчинскомъ и дер. Зотиной — Анцыферовской волости сибирской язвой, которая исключительно была на лошадяхъ, въ с. Дубчинскомъ поражала и рогатый скотъ и овецъ. Всего пало отъ этой болѣзни 229 штукъ. Отъ чумы появившейся въ Іюнѣ мѣсяцѣ на рогатомъ скотѣ въ селеніяхъ Маклаковской, Казачинской волостей, за тѣмъ перешедшей въ Кежемскую и другіе волости, пало крупнаго скота 3625 штукъ. Болѣзнь эта прекращавшаяся на нѣкоторое время снова возобновилась въ Октябрѣ на рогатомъ скотѣ въ нѣкоторыхъ селеніяхъ тѣхъ же волостей, но уже не съ такою силою. Въ Красноярскомъ округѣ существовало повальное воспаленіе легкихъ на рогатомъ скотѣ въ концѣ 1869 г. Отъ этой болѣзни въ отчетномъ году пало до Марта мѣсяца въ дер. Коркинской — Частоостровской волости и селѣ Иркутскомъ — Погорѣльской волости — 84 скотины и болѣзнь прекратилась. Въ началѣ Января сталъ чумѣть рогатый скотъ въ станицѣ Дрокиной — Заледѣевской волости, но пало только 15 штукъ. Въ Мартѣ мѣсяцѣ скотъ селеній"
d98;1870 год;;"77 — 33 — ветеринарнымъ врачемъ, но главнымъ образомъ земскими властями и окружными врачами, такъ какъ при громадности разстояній и при одновременномъ появленіи эпизоотіи во многихъ мѣстахъ въ губерніи исключительная дѣятельность ветеринара не возможна. Въ 1870 году умерло отъ насильственныхъ и случайныхъ смертей 717 душъ обоего пола, въ томъ числѣ было: жертвъ смертоубійствъ 100 челов., самоубійцъ 25, скоропостижно умершихъ отъ разныхъ причинъ 156, жертвъ случайной смерти 344 и найдено мертвыхъ тѣлъ 92. Сравнительно съ предъидущимъ годомъ значительно увеличились цифры подъ рубриками: „умерло отъ другихъ случайностей“ и „утонуло“. Первая со 108 на 201 и вторая съ 64 на 95. Утонувшихъ было больше, вслѣдствіе сильныхъ разливовъ рѣкъ. Сравнительныя же выводы изъ другихъ цифръ прилагаемой къ сему отчету вѣдомости № 7 невозможны, такъ какъ подобныя цифры въ предъидущихъ годахъ значились подъ другими рубриками и не означались съ такимъ подробнымъ подраздѣленіемъ. Богадѣленъ въ губерніи 8, четыре въ городахъ, а именно: 2 въ г. Красноярскѣ, 1 въ Енисейскѣ и 1 Ачинскѣ, и четыре въ округахъ. Въ Красноярскѣ онѣ находятся въ вѣденіи приказа общественнаго призрѣнія и содержатся на средства его; обѣ устроены на 40 челов., одна изъ нихъ открыта въ 1870 г. съ разрѣшенія Министра Внутреннихъ дѣлъ собственно для инвалидовъ, состоящихъ подъ покровительствомъ комитета о раненыхъ. Помѣщеніе ихъ крайне неудовлетворительно, почему они будутъ переведены въ зданіе, предположенное къ постройкѣ приказомъ. Богадѣльни въ Енисейскѣ и Ачинскѣ, содержимыя на свои средства съ помощью отъ городовъ, призрѣвали: первая 37 челов., а вторая 7; находятся въ удовлетворительномъ состояніи. Богадѣльня въ селѣ Казачинскомъ, Енисейскаго округа, построена въ 1861 г. крестьяниномъ Серебряковымъ, поддерживалась имъ до 1867 г; но съ этаго года онъ отказался давать средства на ремонтъ зданія и содержаніе г] Насильственныя смерти. д] Богадѣльни."
d99;1870 г.;;"77 — 33 — ветеринарнымъ врачемъ, но главнымъ образомъ земскими властями и окружными врачами, такъ какъ при громадности разстояній и при одновременномъ появленіи эпизоотіи во многихъ мѣстахъ въ губерніи исключительная дѣятельность ветеринара не возможна. Въ 1870 году умерло отъ насильственныхъ и случайныхъ смертей 717 душъ обоего пола, въ томъ числѣ было: жертвъ смертоубійствъ 100 челов., самоубійцъ 25, скоропостижно умершихъ отъ разныхъ причинъ 156, жертвъ случайной смерти 344 и найдено мертвыхъ тѣлъ 92. Сравнительно съ предъидущимъ годомъ значительно увеличились цифры подъ рубриками: „умерло отъ другихъ случайностей“ и „утонуло“. Первая со 108 на 201 и вторая съ 64 на 95. Утонувшихъ было больше, вслѣдствіе сильныхъ разливовъ рѣкъ. Сравнительныя же выводы изъ другихъ цифръ прилагаемой къ сему отчету вѣдомости № 7 невозможны, такъ какъ подобныя цифры въ предъидущихъ годахъ значились подъ другими рубриками и не означались съ такимъ подробнымъ подраздѣленіемъ. Богадѣленъ въ губерніи 8, четыре въ городахъ, а именно: 2 въ г. Красноярскѣ, 1 въ Енисейскѣ и 1 Ачинскѣ, и четыре въ округахъ. Въ Красноярскѣ онѣ находятся въ вѣденіи приказа общественнаго призрѣнія и содержатся на средства его; обѣ устроены на 40 челов., одна изъ нихъ открыта въ 1870 г. съ разрѣшенія Министра Внутреннихъ дѣлъ собственно для инвалидовъ, состоящихъ подъ покровительствомъ комитета о раненыхъ. Помѣщеніе ихъ крайне неудовлетворительно, почему они будутъ переведены въ зданіе, предположенное къ постройкѣ приказомъ. Богадѣльни въ Енисейскѣ и Ачинскѣ, содержимыя на свои средства съ помощью отъ городовъ, призрѣвали: первая 37 челов., а вторая 7; находятся въ удовлетворительномъ состояніи. Богадѣльня въ селѣ Казачинскомъ, Енисейскаго округа, построена въ 1861 г. крестьяниномъ Серебряковымъ, поддерживалась имъ до 1867 г; но съ этаго года онъ отказался давать средства на ремонтъ зданія и содержаніе г] Насильственныя смерти. д] Богадѣльни."
d100;1861 г.;;"77 — 33 — ветеринарнымъ врачемъ, но главнымъ образомъ земскими властями и окружными врачами, такъ какъ при громадности разстояній и при одновременномъ появленіи эпизоотіи во многихъ мѣстахъ въ губерніи исключительная дѣятельность ветеринара не возможна. Въ 1870 году умерло отъ насильственныхъ и случайныхъ смертей 717 душъ обоего пола, въ томъ числѣ было: жертвъ смертоубійствъ 100 челов., самоубійцъ 25, скоропостижно умершихъ отъ разныхъ причинъ 156, жертвъ случайной смерти 344 и найдено мертвыхъ тѣлъ 92. Сравнительно съ предъидущимъ годомъ значительно увеличились цифры подъ рубриками: „умерло отъ другихъ случайностей“ и „утонуло“. Первая со 108 на 201 и вторая съ 64 на 95. Утонувшихъ было больше, вслѣдствіе сильныхъ разливовъ рѣкъ. Сравнительныя же выводы изъ другихъ цифръ прилагаемой къ сему отчету вѣдомости № 7 невозможны, такъ какъ подобныя цифры въ предъидущихъ годахъ значились подъ другими рубриками и не означались съ такимъ подробнымъ подраздѣленіемъ. Богадѣленъ въ губерніи 8, четыре въ городахъ, а именно: 2 въ г. Красноярскѣ, 1 въ Енисейскѣ и 1 Ачинскѣ, и четыре въ округахъ. Въ Красноярскѣ онѣ находятся въ вѣденіи приказа общественнаго призрѣнія и содержатся на средства его; обѣ устроены на 40 челов., одна изъ нихъ открыта въ 1870 г. съ разрѣшенія Министра Внутреннихъ дѣлъ собственно для инвалидовъ, состоящихъ подъ покровительствомъ комитета о раненыхъ. Помѣщеніе ихъ крайне неудовлетворительно, почему они будутъ переведены въ зданіе, предположенное къ постройкѣ приказомъ. Богадѣльни въ Енисейскѣ и Ачинскѣ, содержимыя на свои средства съ помощью отъ городовъ, призрѣвали: первая 37 челов., а вторая 7; находятся въ удовлетворительномъ состояніи. Богадѣльня въ селѣ Казачинскомъ, Енисейскаго округа, построена въ 1861 г. крестьяниномъ Серебряковымъ, поддерживалась имъ до 1867 г; но съ этаго года онъ отказался давать средства на ремонтъ зданія и содержаніе г] Насильственныя смерти. д] Богадѣльни."
d101;1869 г.;;"78 — 34 — призрѣваемыхъ, вслѣдствіе чего богадѣльня и по настоящее время живущимъ въ ней даетъ только помѣщеніе, а пищу и одежду они получаютъ отъ добровольныхъ пожертвованій мѣстныхъ крестьянъ. Въ ней находилось въ отчетномъ году 8 человѣкъ. Комисаровская богадѣльня въ селѣ Назаровскомъ, Ачинскаго округа, призрѣвшая 25 чел., вполнѣ обеспечена средствами, такъ какъ содержится на проценты отъ капитала помѣщеннаго въ Скопинскомъ банкѣ. Богадѣльни Минусинскаго округа, въ селахъ Шушенскомъ и Абаканскомъ помѣщаются въ зданіяхъ отстроенныхъ крестьянами. Призрѣвавшіеся въ нихъ 27 чел. содержались на счетъ добровольныхъ пожертвованій. Хотя въ вѣдомости о числѣ учебныхъ заведений показано 138 училищъ, но это число номинальное, въ дѣйствительности ученіе производилось только въ 89, именно: въ мужской гимназіи, женской прогимназіи, въ 10 уѣздныхъ и приходскихъ, въ духовномъ, въ 14 казачьихъ, въ пріютѣ и 61 сельской школѣ; противу 1869 г. менѣе на 46 училищъ. Такое значительное уменьшеніе произошло: отъ истребленія въ г. Енисейскѣ пожаромъ 27 Августа 1869 г. четырехъ училищъ — уѣзднаго, приходскаго, женскаго-городоваго и женскаго при Христорождественскомъ монастырѣ, отъ непоказанiя въ отчетномъ году частнаго училища въ г. Канскѣ, по неимѣнію объ немъ оффиціальныхъ свѣденій и самое главное, отъ того, что въ 42 сельскихъ школахъ въ теченіе года не было ученія или по неимѣнію учителей или по отсутствію учениковъ. Уменьшеніе числа учащихся во всѣхъ училищахъ кромѣ сельскихъ, на 138 чел. вызвано причиной временной, — пожаромъ въ г. Енисейскѣ; что же касается до уменьшенія учащихся въ сельскихъ школахъ противу 1869 г. на 416 учен., то оно не обусловливается, какими либо особенно неблагопріятными причинами, бывшими въ отчетномъ году, а есть прямое слѣдствіе дурнаго устройства школъ и неимѣнія учителей, какъ покажетъ нижеслѣдующій очеркъ хода училищнаго дѣла въ губерніи. V) НАРОДНОЕ ПРОСВѢЩЕНІЕ. а] Учебныя заведенія."
d102;27 Августа 1869 г.;;"78 — 34 — призрѣваемыхъ, вслѣдствіе чего богадѣльня и по настоящее время живущимъ въ ней даетъ только помѣщеніе, а пищу и одежду они получаютъ отъ добровольныхъ пожертвованій мѣстныхъ крестьянъ. Въ ней находилось въ отчетномъ году 8 человѣкъ. Комисаровская богадѣльня въ селѣ Назаровскомъ, Ачинскаго округа, призрѣвшая 25 чел., вполнѣ обеспечена средствами, такъ какъ содержится на проценты отъ капитала помѣщеннаго въ Скопинскомъ банкѣ. Богадѣльни Минусинскаго округа, въ селахъ Шушенскомъ и Абаканскомъ помѣщаются въ зданіяхъ отстроенныхъ крестьянами. Призрѣвавшіеся въ нихъ 27 чел. содержались на счетъ добровольныхъ пожертвованій. Хотя въ вѣдомости о числѣ учебныхъ заведений показано 138 училищъ, но это число номинальное, въ дѣйствительности ученіе производилось только въ 89, именно: въ мужской гимназіи, женской прогимназіи, въ 10 уѣздныхъ и приходскихъ, въ духовномъ, въ 14 казачьихъ, въ пріютѣ и 61 сельской школѣ; противу 1869 г. менѣе на 46 училищъ. Такое значительное уменьшеніе произошло: отъ истребленія въ г. Енисейскѣ пожаромъ 27 Августа 1869 г. четырехъ училищъ — уѣзднаго, приходскаго, женскаго-городоваго и женскаго при Христорождественскомъ монастырѣ, отъ непоказанiя въ отчетномъ году частнаго училища въ г. Канскѣ, по неимѣнію объ немъ оффиціальныхъ свѣденій и самое главное, отъ того, что въ 42 сельскихъ школахъ въ теченіе года не было ученія или по неимѣнію учителей или по отсутствію учениковъ. Уменьшеніе числа учащихся во всѣхъ училищахъ кромѣ сельскихъ, на 138 чел. вызвано причиной временной, — пожаромъ въ г. Енисейскѣ; что же касается до уменьшенія учащихся въ сельскихъ школахъ противу 1869 г. на 416 учен., то оно не обусловливается, какими либо особенно неблагопріятными причинами, бывшими въ отчетномъ году, а есть прямое слѣдствіе дурнаго устройства школъ и неимѣнія учителей, какъ покажетъ нижеслѣдующій очеркъ хода училищнаго дѣла въ губерніи. V) НАРОДНОЕ ПРОСВѢЩЕНІЕ. а] Учебныя заведенія."
d103;1869 г.;;"78 — 34 — призрѣваемыхъ, вслѣдствіе чего богадѣльня и по настоящее время живущимъ въ ней даетъ только помѣщеніе, а пищу и одежду они получаютъ отъ добровольныхъ пожертвованій мѣстныхъ крестьянъ. Въ ней находилось въ отчетномъ году 8 человѣкъ. Комисаровская богадѣльня въ селѣ Назаровскомъ, Ачинскаго округа, призрѣвшая 25 чел., вполнѣ обеспечена средствами, такъ какъ содержится на проценты отъ капитала помѣщеннаго въ Скопинскомъ банкѣ. Богадѣльни Минусинскаго округа, въ селахъ Шушенскомъ и Абаканскомъ помѣщаются въ зданіяхъ отстроенныхъ крестьянами. Призрѣвавшіеся въ нихъ 27 чел. содержались на счетъ добровольныхъ пожертвованій. Хотя въ вѣдомости о числѣ учебныхъ заведений показано 138 училищъ, но это число номинальное, въ дѣйствительности ученіе производилось только въ 89, именно: въ мужской гимназіи, женской прогимназіи, въ 10 уѣздныхъ и приходскихъ, въ духовномъ, въ 14 казачьихъ, въ пріютѣ и 61 сельской школѣ; противу 1869 г. менѣе на 46 училищъ. Такое значительное уменьшеніе произошло: отъ истребленія въ г. Енисейскѣ пожаромъ 27 Августа 1869 г. четырехъ училищъ — уѣзднаго, приходскаго, женскаго-городоваго и женскаго при Христорождественскомъ монастырѣ, отъ непоказанiя въ отчетномъ году частнаго училища въ г. Канскѣ, по неимѣнію объ немъ оффиціальныхъ свѣденій и самое главное, отъ того, что въ 42 сельскихъ школахъ въ теченіе года не было ученія или по неимѣнію учителей или по отсутствію учениковъ. Уменьшеніе числа учащихся во всѣхъ училищахъ кромѣ сельскихъ, на 138 чел. вызвано причиной временной, — пожаромъ въ г. Енисейскѣ; что же касается до уменьшенія учащихся въ сельскихъ школахъ противу 1869 г. на 416 учен., то оно не обусловливается, какими либо особенно неблагопріятными причинами, бывшими въ отчетномъ году, а есть прямое слѣдствіе дурнаго устройства школъ и неимѣнія учителей, какъ покажетъ нижеслѣдующій очеркъ хода училищнаго дѣла въ губерніи. V) НАРОДНОЕ ПРОСВѢЩЕНІЕ. а] Учебныя заведенія."
d104;1864 г.;;"79 — 35 — Сельскія школы стали открываться въ Енисейской губерніи на средства крестьянъ съ 1864 г. при волостныхъ правленіяхъ и постепенно число ихъ къ 1866 году достигло до 33 съ 489 учениками. Училища эти, по незначительному числу учащихся, сравнительно съ сельскимъ населеніемъ, недостигали цѣли наибольшаго развитія грамотности въ средѣ крестьянъ, такъ какъ въ нихъ учились лишь дѣти жителей тѣхъ селеній, въ которыхъ были училища; жители же другихъ селеній, участвовавшіе въ равной степени въ платежѣ денегъ на содержаніе училищъ не отдавали своихъ дѣтей — бѣдные потому что не имѣли возможности платить за содержаніе ихъ внѣ семьи отъ 3 до 4 р. въ мѣсяцъ, а состоятельные потому что предпочитали учить своихъ дѣтей при себѣ и вообще, тѣ и другіе, неотпускали дѣтей сколько изъ опасенія отдать въ чужія руки дѣтей, столько же изъ за того, что мальчикъ 6—7 лѣтъ дѣлается у нихъ помощникомъ въ нѣкоторыхъ легкихъ работахъ. Въ устраненіе сказанныхъ неудобствъ возникла мысль объ учрежденіи, вмѣсто существовавшихъ училищъ при волостяхъ, школъ при приходскихъ церквахъ. Мысль эта осуществилась въ концѣ 1866 г. и въ слѣдующемъ 1867 г. было открыто школъ при приходахъ 117. Число учениковъ возросло съ 489 на 1330, оставаясь неизмѣннымъ до 1868 г. Довѣріе къ новому порядку сельскаго общества выразилось увеличеніемъ средствъ на школы, наймомъ и пожертвованіемъ помѣщеній для нихъ. Въ Январѣ послѣдняго года сдѣлано было распоряженіе о передачѣ училищъ въ вѣденіе Министерства Народнаго Просвѣщенія и земскому начальству воспрещено вмѣшиваться въ управленіе училищами, а на обязанности его оставлена была только забота объ обеспеченіи училищъ въ матеріальномъ отношеніи. Съ этаго времени, не смотря на увеличеніе изъ году въ годъ средствъ на содержаніе училищъ, является недостатокъ учителей, уменьшеніе числа учащихся и школъ, въ которыхъ дѣйствительно производилось ученіе. Такъ: въ 1868 году было 1307 учениковъ, размѣщенныхъ въ 93 школахъ, въ 1869 г. — 1209 — въ 91, а 1870 г. 793 — въ 61. Та-"
d105;1866 год;;"79 — 35 — Сельскія школы стали открываться въ Енисейской губерніи на средства крестьянъ съ 1864 г. при волостныхъ правленіяхъ и постепенно число ихъ къ 1866 году достигло до 33 съ 489 учениками. Училища эти, по незначительному числу учащихся, сравнительно съ сельскимъ населеніемъ, недостигали цѣли наибольшаго развитія грамотности въ средѣ крестьянъ, такъ какъ въ нихъ учились лишь дѣти жителей тѣхъ селеній, въ которыхъ были училища; жители же другихъ селеній, участвовавшіе въ равной степени въ платежѣ денегъ на содержаніе училищъ не отдавали своихъ дѣтей — бѣдные потому что не имѣли возможности платить за содержаніе ихъ внѣ семьи отъ 3 до 4 р. въ мѣсяцъ, а состоятельные потому что предпочитали учить своихъ дѣтей при себѣ и вообще, тѣ и другіе, неотпускали дѣтей сколько изъ опасенія отдать въ чужія руки дѣтей, столько же изъ за того, что мальчикъ 6—7 лѣтъ дѣлается у нихъ помощникомъ въ нѣкоторыхъ легкихъ работахъ. Въ устраненіе сказанныхъ неудобствъ возникла мысль объ учрежденіи, вмѣсто существовавшихъ училищъ при волостяхъ, школъ при приходскихъ церквахъ. Мысль эта осуществилась въ концѣ 1866 г. и въ слѣдующемъ 1867 г. было открыто школъ при приходахъ 117. Число учениковъ возросло съ 489 на 1330, оставаясь неизмѣннымъ до 1868 г. Довѣріе къ новому порядку сельскаго общества выразилось увеличеніемъ средствъ на школы, наймомъ и пожертвованіемъ помѣщеній для нихъ. Въ Январѣ послѣдняго года сдѣлано было распоряженіе о передачѣ училищъ въ вѣденіе Министерства Народнаго Просвѣщенія и земскому начальству воспрещено вмѣшиваться въ управленіе училищами, а на обязанности его оставлена была только забота объ обеспеченіи училищъ въ матеріальномъ отношеніи. Съ этаго времени, не смотря на увеличеніе изъ году въ годъ средствъ на содержаніе училищъ, является недостатокъ учителей, уменьшеніе числа учащихся и школъ, въ которыхъ дѣйствительно производилось ученіе. Такъ: въ 1868 году было 1307 учениковъ, размѣщенныхъ въ 93 школахъ, въ 1869 г. — 1209 — въ 91, а 1870 г. 793 — въ 61. Та-"
d106;1866 г.;;"79 — 35 — Сельскія школы стали открываться въ Енисейской губерніи на средства крестьянъ съ 1864 г. при волостныхъ правленіяхъ и постепенно число ихъ къ 1866 году достигло до 33 съ 489 учениками. Училища эти, по незначительному числу учащихся, сравнительно съ сельскимъ населеніемъ, недостигали цѣли наибольшаго развитія грамотности въ средѣ крестьянъ, такъ какъ въ нихъ учились лишь дѣти жителей тѣхъ селеній, въ которыхъ были училища; жители же другихъ селеній, участвовавшіе въ равной степени въ платежѣ денегъ на содержаніе училищъ не отдавали своихъ дѣтей — бѣдные потому что не имѣли возможности платить за содержаніе ихъ внѣ семьи отъ 3 до 4 р. въ мѣсяцъ, а состоятельные потому что предпочитали учить своихъ дѣтей при себѣ и вообще, тѣ и другіе, неотпускали дѣтей сколько изъ опасенія отдать въ чужія руки дѣтей, столько же изъ за того, что мальчикъ 6—7 лѣтъ дѣлается у нихъ помощникомъ въ нѣкоторыхъ легкихъ работахъ. Въ устраненіе сказанныхъ неудобствъ возникла мысль объ учрежденіи, вмѣсто существовавшихъ училищъ при волостяхъ, школъ при приходскихъ церквахъ. Мысль эта осуществилась въ концѣ 1866 г. и въ слѣдующемъ 1867 г. было открыто школъ при приходахъ 117. Число учениковъ возросло съ 489 на 1330, оставаясь неизмѣннымъ до 1868 г. Довѣріе къ новому порядку сельскаго общества выразилось увеличеніемъ средствъ на школы, наймомъ и пожертвованіемъ помѣщеній для нихъ. Въ Январѣ послѣдняго года сдѣлано было распоряженіе о передачѣ училищъ въ вѣденіе Министерства Народнаго Просвѣщенія и земскому начальству воспрещено вмѣшиваться въ управленіе училищами, а на обязанности его оставлена была только забота объ обеспеченіи училищъ въ матеріальномъ отношеніи. Съ этаго времени, не смотря на увеличеніе изъ году въ годъ средствъ на содержаніе училищъ, является недостатокъ учителей, уменьшеніе числа учащихся и школъ, въ которыхъ дѣйствительно производилось ученіе. Такъ: въ 1868 году было 1307 учениковъ, размѣщенныхъ въ 93 школахъ, въ 1869 г. — 1209 — въ 91, а 1870 г. 793 — въ 61. Та-"
d107;1867 г.;;"79 — 35 — Сельскія школы стали открываться въ Енисейской губерніи на средства крестьянъ съ 1864 г. при волостныхъ правленіяхъ и постепенно число ихъ къ 1866 году достигло до 33 съ 489 учениками. Училища эти, по незначительному числу учащихся, сравнительно съ сельскимъ населеніемъ, недостигали цѣли наибольшаго развитія грамотности въ средѣ крестьянъ, такъ какъ въ нихъ учились лишь дѣти жителей тѣхъ селеній, въ которыхъ были училища; жители же другихъ селеній, участвовавшіе въ равной степени въ платежѣ денегъ на содержаніе училищъ не отдавали своихъ дѣтей — бѣдные потому что не имѣли возможности платить за содержаніе ихъ внѣ семьи отъ 3 до 4 р. въ мѣсяцъ, а состоятельные потому что предпочитали учить своихъ дѣтей при себѣ и вообще, тѣ и другіе, неотпускали дѣтей сколько изъ опасенія отдать въ чужія руки дѣтей, столько же изъ за того, что мальчикъ 6—7 лѣтъ дѣлается у нихъ помощникомъ въ нѣкоторыхъ легкихъ работахъ. Въ устраненіе сказанныхъ неудобствъ возникла мысль объ учрежденіи, вмѣсто существовавшихъ училищъ при волостяхъ, школъ при приходскихъ церквахъ. Мысль эта осуществилась въ концѣ 1866 г. и въ слѣдующемъ 1867 г. было открыто школъ при приходахъ 117. Число учениковъ возросло съ 489 на 1330, оставаясь неизмѣннымъ до 1868 г. Довѣріе къ новому порядку сельскаго общества выразилось увеличеніемъ средствъ на школы, наймомъ и пожертвованіемъ помѣщеній для нихъ. Въ Январѣ послѣдняго года сдѣлано было распоряженіе о передачѣ училищъ въ вѣденіе Министерства Народнаго Просвѣщенія и земскому начальству воспрещено вмѣшиваться въ управленіе училищами, а на обязанности его оставлена была только забота объ обеспеченіи училищъ въ матеріальномъ отношеніи. Съ этаго времени, не смотря на увеличеніе изъ году въ годъ средствъ на содержаніе училищъ, является недостатокъ учителей, уменьшеніе числа учащихся и школъ, въ которыхъ дѣйствительно производилось ученіе. Такъ: въ 1868 году было 1307 учениковъ, размѣщенныхъ въ 93 школахъ, въ 1869 г. — 1209 — въ 91, а 1870 г. 793 — въ 61. Та-"
d108;1868 г.;;"79 — 35 — Сельскія школы стали открываться въ Енисейской губерніи на средства крестьянъ съ 1864 г. при волостныхъ правленіяхъ и постепенно число ихъ къ 1866 году достигло до 33 съ 489 учениками. Училища эти, по незначительному числу учащихся, сравнительно съ сельскимъ населеніемъ, недостигали цѣли наибольшаго развитія грамотности въ средѣ крестьянъ, такъ какъ въ нихъ учились лишь дѣти жителей тѣхъ селеній, въ которыхъ были училища; жители же другихъ селеній, участвовавшіе въ равной степени въ платежѣ денегъ на содержаніе училищъ не отдавали своихъ дѣтей — бѣдные потому что не имѣли возможности платить за содержаніе ихъ внѣ семьи отъ 3 до 4 р. въ мѣсяцъ, а состоятельные потому что предпочитали учить своихъ дѣтей при себѣ и вообще, тѣ и другіе, неотпускали дѣтей сколько изъ опасенія отдать въ чужія руки дѣтей, столько же изъ за того, что мальчикъ 6—7 лѣтъ дѣлается у нихъ помощникомъ въ нѣкоторыхъ легкихъ работахъ. Въ устраненіе сказанныхъ неудобствъ возникла мысль объ учрежденіи, вмѣсто существовавшихъ училищъ при волостяхъ, школъ при приходскихъ церквахъ. Мысль эта осуществилась въ концѣ 1866 г. и въ слѣдующемъ 1867 г. было открыто школъ при приходахъ 117. Число учениковъ возросло съ 489 на 1330, оставаясь неизмѣннымъ до 1868 г. Довѣріе къ новому порядку сельскаго общества выразилось увеличеніемъ средствъ на школы, наймомъ и пожертвованіемъ помѣщеній для нихъ. Въ Январѣ послѣдняго года сдѣлано было распоряженіе о передачѣ училищъ въ вѣденіе Министерства Народнаго Просвѣщенія и земскому начальству воспрещено вмѣшиваться въ управленіе училищами, а на обязанности его оставлена была только забота объ обеспеченіи училищъ въ матеріальномъ отношеніи. Съ этаго времени, не смотря на увеличеніе изъ году въ годъ средствъ на содержаніе училищъ, является недостатокъ учителей, уменьшеніе числа учащихся и школъ, въ которыхъ дѣйствительно производилось ученіе. Такъ: въ 1868 году было 1307 учениковъ, размѣщенныхъ въ 93 школахъ, въ 1869 г. — 1209 — въ 91, а 1870 г. 793 — въ 61. Та-"
d109;1868 год;;"79 — 35 — Сельскія школы стали открываться въ Енисейской губерніи на средства крестьянъ съ 1864 г. при волостныхъ правленіяхъ и постепенно число ихъ къ 1866 году достигло до 33 съ 489 учениками. Училища эти, по незначительному числу учащихся, сравнительно съ сельскимъ населеніемъ, недостигали цѣли наибольшаго развитія грамотности въ средѣ крестьянъ, такъ какъ въ нихъ учились лишь дѣти жителей тѣхъ селеній, въ которыхъ были училища; жители же другихъ селеній, участвовавшіе въ равной степени въ платежѣ денегъ на содержаніе училищъ не отдавали своихъ дѣтей — бѣдные потому что не имѣли возможности платить за содержаніе ихъ внѣ семьи отъ 3 до 4 р. въ мѣсяцъ, а состоятельные потому что предпочитали учить своихъ дѣтей при себѣ и вообще, тѣ и другіе, неотпускали дѣтей сколько изъ опасенія отдать въ чужія руки дѣтей, столько же изъ за того, что мальчикъ 6—7 лѣтъ дѣлается у нихъ помощникомъ въ нѣкоторыхъ легкихъ работахъ. Въ устраненіе сказанныхъ неудобствъ возникла мысль объ учрежденіи, вмѣсто существовавшихъ училищъ при волостяхъ, школъ при приходскихъ церквахъ. Мысль эта осуществилась въ концѣ 1866 г. и въ слѣдующемъ 1867 г. было открыто школъ при приходахъ 117. Число учениковъ возросло съ 489 на 1330, оставаясь неизмѣннымъ до 1868 г. Довѣріе къ новому порядку сельскаго общества выразилось увеличеніемъ средствъ на школы, наймомъ и пожертвованіемъ помѣщеній для нихъ. Въ Январѣ послѣдняго года сдѣлано было распоряженіе о передачѣ училищъ въ вѣденіе Министерства Народнаго Просвѣщенія и земскому начальству воспрещено вмѣшиваться въ управленіе училищами, а на обязанности его оставлена была только забота объ обеспеченіи училищъ въ матеріальномъ отношеніи. Съ этаго времени, не смотря на увеличеніе изъ году въ годъ средствъ на содержаніе училищъ, является недостатокъ учителей, уменьшеніе числа учащихся и школъ, въ которыхъ дѣйствительно производилось ученіе. Такъ: въ 1868 году было 1307 учениковъ, размѣщенныхъ въ 93 школахъ, въ 1869 г. — 1209 — въ 91, а 1870 г. 793 — въ 61. Та-"
d110;1869 г.;;"79 — 35 — Сельскія школы стали открываться въ Енисейской губерніи на средства крестьянъ съ 1864 г. при волостныхъ правленіяхъ и постепенно число ихъ къ 1866 году достигло до 33 съ 489 учениками. Училища эти, по незначительному числу учащихся, сравнительно съ сельскимъ населеніемъ, недостигали цѣли наибольшаго развитія грамотности въ средѣ крестьянъ, такъ какъ въ нихъ учились лишь дѣти жителей тѣхъ селеній, въ которыхъ были училища; жители же другихъ селеній, участвовавшіе въ равной степени въ платежѣ денегъ на содержаніе училищъ не отдавали своихъ дѣтей — бѣдные потому что не имѣли возможности платить за содержаніе ихъ внѣ семьи отъ 3 до 4 р. въ мѣсяцъ, а состоятельные потому что предпочитали учить своихъ дѣтей при себѣ и вообще, тѣ и другіе, неотпускали дѣтей сколько изъ опасенія отдать въ чужія руки дѣтей, столько же изъ за того, что мальчикъ 6—7 лѣтъ дѣлается у нихъ помощникомъ въ нѣкоторыхъ легкихъ работахъ. Въ устраненіе сказанныхъ неудобствъ возникла мысль объ учрежденіи, вмѣсто существовавшихъ училищъ при волостяхъ, школъ при приходскихъ церквахъ. Мысль эта осуществилась въ концѣ 1866 г. и въ слѣдующемъ 1867 г. было открыто школъ при приходахъ 117. Число учениковъ возросло съ 489 на 1330, оставаясь неизмѣннымъ до 1868 г. Довѣріе къ новому порядку сельскаго общества выразилось увеличеніемъ средствъ на школы, наймомъ и пожертвованіемъ помѣщеній для нихъ. Въ Январѣ послѣдняго года сдѣлано было распоряженіе о передачѣ училищъ въ вѣденіе Министерства Народнаго Просвѣщенія и земскому начальству воспрещено вмѣшиваться въ управленіе училищами, а на обязанности его оставлена была только забота объ обеспеченіи училищъ въ матеріальномъ отношеніи. Съ этаго времени, не смотря на увеличеніе изъ году въ годъ средствъ на содержаніе училищъ, является недостатокъ учителей, уменьшеніе числа учащихся и школъ, въ которыхъ дѣйствительно производилось ученіе. Такъ: въ 1868 году было 1307 учениковъ, размѣщенныхъ въ 93 школахъ, въ 1869 г. — 1209 — въ 91, а 1870 г. 793 — въ 61. Та-"
d111;1870 г.;;"79 — 35 — Сельскія школы стали открываться въ Енисейской губерніи на средства крестьянъ съ 1864 г. при волостныхъ правленіяхъ и постепенно число ихъ къ 1866 году достигло до 33 съ 489 учениками. Училища эти, по незначительному числу учащихся, сравнительно съ сельскимъ населеніемъ, недостигали цѣли наибольшаго развитія грамотности въ средѣ крестьянъ, такъ какъ въ нихъ учились лишь дѣти жителей тѣхъ селеній, въ которыхъ были училища; жители же другихъ селеній, участвовавшіе въ равной степени въ платежѣ денегъ на содержаніе училищъ не отдавали своихъ дѣтей — бѣдные потому что не имѣли возможности платить за содержаніе ихъ внѣ семьи отъ 3 до 4 р. въ мѣсяцъ, а состоятельные потому что предпочитали учить своихъ дѣтей при себѣ и вообще, тѣ и другіе, неотпускали дѣтей сколько изъ опасенія отдать въ чужія руки дѣтей, столько же изъ за того, что мальчикъ 6—7 лѣтъ дѣлается у нихъ помощникомъ въ нѣкоторыхъ легкихъ работахъ. Въ устраненіе сказанныхъ неудобствъ возникла мысль объ учрежденіи, вмѣсто существовавшихъ училищъ при волостяхъ, школъ при приходскихъ церквахъ. Мысль эта осуществилась въ концѣ 1866 г. и въ слѣдующемъ 1867 г. было открыто школъ при приходахъ 117. Число учениковъ возросло съ 489 на 1330, оставаясь неизмѣннымъ до 1868 г. Довѣріе къ новому порядку сельскаго общества выразилось увеличеніемъ средствъ на школы, наймомъ и пожертвованіемъ помѣщеній для нихъ. Въ Январѣ послѣдняго года сдѣлано было распоряженіе о передачѣ училищъ въ вѣденіе Министерства Народнаго Просвѣщенія и земскому начальству воспрещено вмѣшиваться въ управленіе училищами, а на обязанности его оставлена была только забота объ обеспеченіи училищъ въ матеріальномъ отношеніи. Съ этаго времени, не смотря на увеличеніе изъ году въ годъ средствъ на содержаніе училищъ, является недостатокъ учителей, уменьшеніе числа учащихся и школъ, въ которыхъ дѣйствительно производилось ученіе. Такъ: въ 1868 году было 1307 учениковъ, размѣщенныхъ въ 93 школахъ, въ 1869 г. — 1209 — въ 91, а 1870 г. 793 — въ 61. Та-"
d112;1868 года;;"80 — 36 — кимъ образомъ до 1868 года пока пріисканіе и назначеніе учителей зависѣло отъ сельскихъ обществъ и земской полиціи, школы не оставались безъ нихъ, потому что общества и земская полиція, зная невозможность имѣть подготовленныхъ учителей, по необходимости требовали отъ назначаемыхъ лицъ весьма небольшихъ познаній, главнымъ образомъ обращали вниманіе на то, чтобы они нравственными качествами внушали довѣріе родителямъ къ школѣ. Такой порядокъ вещей вызванъ мѣстными условіями края: недостаточностью въ людяхъ для всѣхъ родовъ службы, легкостью и большею матеріальною обезпеченностью другихъ профессій, сравнительно съ профессіей сельскаго учителя, — вслѣдствіе чего сколько нибудь развитый учитель ищетъ и скоро находитъ другое мѣсто. Не принять этихъ условій во вниманіе значило остаться почти безъ учителей; такъ дѣйствительно и вышло, когда школы перешли въ вѣденіе Министерства Народнаго Просвѣщенія и дирекція училищъ, нашедши учителей раньше назначенныхъ и удовлетворявшихъ требованія родителей недостаточно подготовленными, стала замѣнять ихъ другими, затруднивъ доступъ къ этой обязанности требованіемъ экзамена или свидѣтельства на право обученія и не имѣя возможности знать нравственныя качества назначаемыхъ лицъ, какъ знало общество, а при ограниченности персонала и при громадности растояній, не будучи въ состояніи контролировать вліяніе на учащихся и ихъ преподавательской способности. Отсюда произошло то, что назначенія дирекціи были большею частью весьма неудачны, выбранныя лица и небрежностью въ предподаваніи и поведеніемъ своимъ убѣждали родителей въ безполезности школы; когда же до дирекціи доходили справедливые притязанія крестьянъ (нужно замѣтить весьма не скоро), то она устраняла дурныхъ учителей, но происходилъ перерывъ въ ученіи довольно продолжительный, а за тѣмъ если и отыскивался новый учитель, то по качествамъ своимъ не много лучшій, на что указываетъ частая перемѣна ихъ. Священники и церковные служители, взявшіе на себя учительство во многихъ школахъ за весьма небольшое вознагражденіе, сравнительно съ жалованьемъ лицъ, назначаемыхъ дирекціей, такъ же служили упадку школъ, ибо, будучи постоянно отвлекаемы исполненіемъ духовныхъ требъ своихъ прихожанъ, относились невнимательно къ"
d113;1870г.;;"81 — 37 — обязанностямъ по училищу. Несмотря на такой неблагопріятный ходъ училищнаго дѣла, крестьяне съ году на годъ увеличивали средства на содержаніе школъ, хотя въ разныхъ мѣстностяхъ въ неодинаковомъ размѣрѣ и въ 1870г., вслѣдствіе сдѣланнаго раньше предложенія содѣйствовать денежными средствами къ учрежденію въ г. Иркутскѣ учительской семинаріи, для подготовленія народныхъ учителей на всю Восточную Сибирь, 18 волостей общественными приговорами обязались вносить ежегодно по 1300 р., съ тѣмъ, чтобы каждая волость, вносящая по 100 р. въ годъ, имѣла право съ открытіемъ семинаріи помѣстить въ оную своего стипендіата. Настоящій краткій очеркъ показываетъ, что главная причина дурнаго состоянія сельскихъ школъ въ губерніи есть полное отсутствіе учителей педагогически подготовленныхъ и недостатокъ въ лицахъ для этихъ обязанностей, получившихъ даже только нисшее образованіе; сознаніе этого выразилось въ предположеніи учредить учительскую семинарію. Не отвергая вообще необходимости и полезности открытія учительской семинаріи въ Иркутскѣ, я считаю долгомъ своимъ высказать нѣкоторыя соображенія о степени полезности ея для Енисейской губерніи. Принимая во вниманіе: 1) что волостей, имѣющихъ право на помѣщеніе въ будущую Иркутскую семинарію своихъ степендіатовъ, пять, такъ какъ только это число обязалось вносить по 100 р., 2) что для поднятія уровня народныхъ первоначальныхъ школъ уже въ настоящее время чувствуется потребность въ десяткахъ подготовленныхъ учителей, и 3) что до открытія семинаріи въ Иркутскѣ пройдетъ примѣрно года два, да на подготовленіе учителей потребуется четыре года, — я прихожу къ той мысли, что крестьяне Енисейской губерніи, внося въ теченіи нѣсколькихъ лѣтъ значительную сумму денегъ на обученіе грамотности своихъ дѣтей и ежегодно увеличивая эту цифру, если и будутъ имѣть впослѣдствіи хорошихъ учителей изъ семинаріи, то крайне недостаточно сравнительно съ потребностью въ нихъ и еще очень не скоро. Между тѣмъ такой порядокъ необходимо усилитъ уже существующее недовѣріе къ полезности затратъ на содержаніе школъ, а отсюда явится и упорство въ уплатѣ денегъ на"
d114;1870 г.;;"82 — 38 — школьное образованіе ассигнованныхъ по настоящее время, не говоря уже о томъ, что нельзя будетъ расчитывать на новыя жертвы, не оправдавъ въ скоромъ времени надежды крестьянъ. А потому, я считалъ бы съ своей стороны необходимымъ: не дожидаясь открытія въ Иркутскѣ учительской семинаріи и не требуя отъ крестьянъ новыхъ средствъ, возможно скорѣе приступить къ подготовленію въ г. Красноярскѣ лицъ для занятій мѣстъ сельскихъ учителей въ Енисейской губерніи, не задаваясь такою широкою программою, какая принята въ учительскихъ семинаріяхъ, а имѣя въ виду на первое время только то, чтобы претенденты на мѣста сельскихъ учителей умѣли бы толково научить читать, писать и считать и хорошимъ поведеніемъ внушали бы довѣріе къ школьной жизни. Большая требовательность поведетъ къ тому, что школы будутъ оставаться безъ учителей. При невозможности же дать сельскимъ учителямъ вполнѣ обеспечивающее жалованье, которое бы привлекло къ этой обязанности мужчинъ отъ другихъ дѣятельностей, и при легкости найти въ Енисейской губерніи занятіе мужчинѣ, получившему небольшое образованіе, трудно расчитывать на нужное число народныхъ учителей, и въ устраненіе недостатка въ нихъ, было бы вполнѣ полезно для народнаго образованія привлечь къ этой дѣятельности лицъ женскаго пола. Подготовленіе ихъ къ учительству при Красноярскомъ дѣтскомъ пріютѣ вполнѣ возможно, а исполненіе этой мысли не должно встрѣтить препятствія въ денежныхъ средставъ, такъ какъ при скромной на первое время программѣ подготовительнаго класса и небольшомъ числѣ ученицъ потребуются деньги на жалованье одному только учителю и на пріобрѣтеніе ученическихъ пособій. Число учащихся въ Енисейской губерніи относится къ общему числу жителей какъ 1:174,15; въ частности же по сословіямъ: дворянъ и чиновниковъ какъ 1:9,10; городскихъ сословій какъ 1:36,76, сельскихъ сословій какъ 1:190, и духовнаго званія какъ 1:7,84. Въ 1870 г. разрѣшено открытіе въ г. Енисейскѣ публичной библіотеки частному лицу. Вѣрно: Гражданскiй Губернаторъ Лохвицкiй Справляющiй должность Секретаря Статистическаго Комитета *** в] Библiотеки"
d115;1870 год;;83 НАСЕЛЕНIЕ ЕНИСЕЙСКОЙ ГУБЕРНIИ по сословiям. За 1870 годъ
d116;1870 год;;"89 Вѣдомость лит. Г. О ЧИСЛѢ РАЗНАГО РОДА ЗДАНIЙ въ Енисейской губернiи за 1870 годъ. Города и округа. Церквей и монастырей православнаго исповѣданiя Церквей и монастырей не православнаго исповѣданiя Синагогъ и мечетей Домовъ или дворовъ Нежилых зданiй Всего зданiй Каменныхъ Деревянныхъ Каменныхъ Деревянныхъ Каменныхъ Деревянныхъ Каменныхъ Деревянныхъ Каменныхъ Деревянныхъ Каменныхъ Деревянныхъ Городъ Красноярскъ • • • 11 1 1 1 — 1 73 1633 39 150 124 1786 Округъ онаго • • • • 17 74 — — — — 1 12823 — 549 18 13446 Городъ Енисейскъ • • • 13 1 — — — 1 30 567 8 73 51 642 Округъ онаго • • • • 20 58 — — — — 1 7267 — 451 21 7776 Городъ Канскъ • • • 2 — — — 1 — 437 1 84 3 522 Округъ онаго • • • • 11 52 — — — 1 — 9819 — 200 11 10072 Городъ Ачинскъ • • • 2 5 — — — 1 — 609 2 110 4 725 Округъ онаго • • • • 11 32 — — — — 2 10949 — 346 13 11327 Городъ Минусинскъ • • • 2 3 — — — — 3 651 9 141 14 795 Округъ онаго • • • • 17 35 — — — — 3 17014 — 541 20 17590 Городъ Туруханскъ • • • 2 2 — — — — — 59 — 11 2 72 Туруханскій край • • • 1 8 — — — — — 376 — 22 1 406 Частные золотые промысла: Енисейскаго округа ] Сѣверной системы • — 3 — — — — — 391 — 123 — 517 ] Южной » • — 3 — — — — — 314 — 93 — 410 Канскаго округа • • • — — — — — — 31 — 15 — 46 Ачинскаго и Минусинскаго округовъ • • • • — 1 — — — — — 108 — 37 — 146 Итого в городахъ • • • 32 12 1 1 — 4 106 3956 51 569 198 4542 – – округахъ • • • 77 266 — — — 1 7 59092 — 2377 84 61736 Всего въ губернiи • • • 109 278 1 1 — 5 113 63048 59 2946 282 66278 Примѣчаніе:Примѣчаніе: 1] Въ рубрикѣ ""церквей и монастырей православнаго исповѣданія"" показано 8 каменныхъ и 171 деревянныхъ часовенъ, именно: въ г. Красноярскѣ — 4 кам., въ округѣ онаго — 1 кам. и 61 дер., въ г. Канскѣ — 1 кам., въ округѣ онаго — 32 дер., въ г. Енисейскѣ — 2 кам. и 1 дер., въ округѣ онаго 47 дер., въ г. Туруханскѣ — 1 дер., въ Туруханскомъ краѣ 3 дер., въ г. Ачинскѣ — 2 дер., въ округѣ онаго 10 дер., въ г. Минусинскѣ — 2 дер. и въ округѣ онаго 12 дер. Въ числѣ же церквей показаны: 2 походныхъ изъ полотна — въ Туруханскомъ краѣ и на промыслахъ и 6 домовыхъ: въ г. Красноярскѣ — при домѣ Преосвященнаго Владыки и при тюремномъ замкѣ, въ городахъ: Енисейскѣ, Канскѣ, Ачинскѣ и Минусинскѣ — при тюремныхъ замкахъ. 2] Въ числѣ жилыхъ домовъ показано инородческихъ юртъ: Въ Минусинскомъ округѣ — 4453 и въ Ачинскомъ 1139. Вѣрно: Гражданскiй Губернаторъ Лохвицкiй Свѣрялъ исправляющій должность Секретаря Статистическаго Комитета Ловянъ"
d117;1870 год;;91 Вѣдомость лит. Е О СКОТОВОДСТВѢ въ Енисейской губерніи въ Енисейской губерніи за 1870 годъ.
d118;1870 г.;;95 Енисейск 1870 г.
d119;1870 год;;100 ОБ УСТРОЙСТВѢ * НИЖНИХЪ ЧИНОВЪ в Енисейской губернiи за 1870 годъв Енисейской губернiи за 1870 годъ Города и уѣзды * Оставшихся въ составѣ техъ обществъ, къ коимъ принадлежатъ Приписавшихся къ постороннимъ обществамъ Переселившихся на вновь отводимые земельные участки Неприписанныхъ и неводворенныхъ Изъ общаго числа оставныхъ воспользовались * Городскихъ Сельскихъ Городскихъ Сельскихъ Единовременнымъ пособiемъ отъ казны при водворенiи Дополнительным пособіемъ по случаю устройства особыхъ усадьбъ и отдѣльныхъ хозяйствъ в Городѣ Красноярскѣ — — — — — 59 19 8 2 — 33 28 — » Округѣ онаго — — — — — — — 234 — 7 — 31 85 99 » Городѣ Енисейскѣ — — — — — 2 — 1 — — 28 3 1 » Округѣ онаго — — — — — — — 279 — 2 — 20 1 1 » Городѣ Канскѣ — — — — — 6 13 — — — — 7 — » Округѣ онаго — — — — — — — 295 — 30 — 7 41 17 » Городѣ Ачинскѣ — — — — — 14 — — — — — — — » Округѣ онаго — — — — — — — 327 — — — — 39 — » Городѣ Минусинскѣ — — — — — 14 — — — — — 2 — » Округѣ онаго — — — — — — — 429 — 4 — 1 9 8 » Городѣ Туруханскѣ — — — — — 20 — — — — — — — Всего в губернiи — 115 1596 9 45 — 120 215 126 *Столбец прошит Вѣрно: Гражданск iй Губернаторъ Лохвицкiй Свѣрялъ исправляющій должность Секретаря Статистическаго Комитета Ловянъ
d120;1870 год;;100 ОБ УСТРОЙСТВѢ * НИЖНИХЪ ЧИНОВЪ в Енисейской губернiи за 1870 годъв Енисейской губернiи за 1870 годъ Города и уѣзды * Оставшихся въ составѣ техъ обществъ, къ коимъ принадлежатъ Приписавшихся къ постороннимъ обществамъ Переселившихся на вновь отводимые земельные участки Неприписанныхъ и неводворенныхъ Изъ общаго числа оставныхъ воспользовались * Городскихъ Сельскихъ Городскихъ Сельскихъ Единовременнымъ пособiемъ отъ казны при водворенiи Дополнительным пособіемъ по случаю устройства особыхъ усадьбъ и отдѣльныхъ хозяйствъ в Городѣ Красноярскѣ — — — — — 59 19 8 2 — 33 28 — » Округѣ онаго — — — — — — — 234 — 7 — 31 85 99 » Городѣ Енисейскѣ — — — — — 2 — 1 — — 28 3 1 » Округѣ онаго — — — — — — — 279 — 2 — 20 1 1 » Городѣ Канскѣ — — — — — 6 13 — — — — 7 — » Округѣ онаго — — — — — — — 295 — 30 — 7 41 17 » Городѣ Ачинскѣ — — — — — 14 — — — — — — — » Округѣ онаго — — — — — — — 327 — — — — 39 — » Городѣ Минусинскѣ — — — — — 14 — — — — — 2 — » Округѣ онаго — — — — — — — 429 — 4 — 1 9 8 » Городѣ Туруханскѣ — — — — — 20 — — — — — — — Всего в губернiи — 115 1596 9 45 — 120 215 126 *Столбец прошит Вѣрно: Гражданск iй Губернаторъ Лохвицкiй Свѣрялъ исправляющій должность Секретаря Статистическаго Комитета Ловянъ
d121;1870 год;;101 ОБ УСТРОЙСТВѢ * НИЖНИХЪ ЧИНОВЪ в Енисейской губернiи за 1870 годъв Енисейской губернiи за 1870 годъ Города и уѣзды * Оставшихся въ составѣ техъ обществъ, къ коимъ принадлежатъ Приписавшихся къ постороннимъ обществамъ Переселившихся на вновь отводимые земельные участки Неприписанныхъ и неводворенныхъ Изъ общаго числа оставныхъ воспользовались * Городскихъ Сельскихъ Городскихъ Сельскихъ Единовременнымъ пособiемъ отъ казны при водворенiи Дополнительным пособіемъ по случаю устройства особыхъ усадьбъ и отдѣльныхъ хозяйствъ в Городѣ Красноярскѣ — — — — — 59 19 8 2 — 33 28 — » Округѣ онаго — — — — — — — 234 — 7 — 31 85 99 » Городѣ Енисейскѣ — — — — — 2 — 1 — — 28 3 1 » Округѣ онаго — — — — — — — 279 — 2 — 20 1 1 » Городѣ Канскѣ — — — — — 6 13 — — — — 7 — » Округѣ онаго — — — — — — — 295 — 30 — 7 41 17 » Городѣ Ачинскѣ — — — — — 14 — — — — — — — » Округѣ онаго — — — — — — — 327 — — — — 39 — » Городѣ Минусинскѣ — — — — — 14 — — — — — 2 — » Округѣ онаго — — — — — — — 429 — 4 — 1 9 8 » Городѣ Туруханскѣ — — — — — 20 — — — — — — — Всего в губернiи — 115 1596 9 45 — 120 215 126 *Столбец прошит Вѣрно: Гражданск iй Губернаторъ Лохвицкiй Свѣрялъ исправляющій должность Секретаря Статистическаго Комитета Ловянъ
d122;1870 год;;101 ОБ УСТРОЙСТВѢ * НИЖНИХЪ ЧИНОВЪ в Енисейской губернiи за 1870 годъв Енисейской губернiи за 1870 годъ Города и уѣзды * Оставшихся въ составѣ техъ обществъ, къ коимъ принадлежатъ Приписавшихся къ постороннимъ обществамъ Переселившихся на вновь отводимые земельные участки Неприписанныхъ и неводворенныхъ Изъ общаго числа оставныхъ воспользовались * Городскихъ Сельскихъ Городскихъ Сельскихъ Единовременнымъ пособiемъ отъ казны при водворенiи Дополнительным пособіемъ по случаю устройства особыхъ усадьбъ и отдѣльныхъ хозяйствъ в Городѣ Красноярскѣ — — — — — 59 19 8 2 — 33 28 — » Округѣ онаго — — — — — — — 234 — 7 — 31 85 99 » Городѣ Енисейскѣ — — — — — 2 — 1 — — 28 3 1 » Округѣ онаго — — — — — — — 279 — 2 — 20 1 1 » Городѣ Канскѣ — — — — — 6 13 — — — — 7 — » Округѣ онаго — — — — — — — 295 — 30 — 7 41 17 » Городѣ Ачинскѣ — — — — — 14 — — — — — — — » Округѣ онаго — — — — — — — 327 — — — — 39 — » Городѣ Минусинскѣ — — — — — 14 — — — — — 2 — » Округѣ онаго — — — — — — — 429 — 4 — 1 9 8 » Городѣ Туруханскѣ — — — — — 20 — — — — — — — Всего в губернiи — 115 1596 9 45 — 120 215 126 *Столбец прошит Вѣрно: Гражданск iй Губернаторъ Лохвицкiй Свѣрялъ исправляющій должность Секретаря Статистическаго Комитета Ловянъ
d123;1870 год;;103 ВѢДОМОСТЬ о доходахъ и расходахъ городовъ Енисейской губернiи за 1870 годъо доходахъ и расходахъ городовъ Енисейской губернiи за 1870 годъ Названiе городовъНазванiе городовъ Приходъ за 1870 годъ. Расходъ за 1870 годъ. Остатков + или недостатков — противъ годоваго дохода. Въ г. Красноярскѣ • • • • • • 13705-97 14839-87 — 1133-93 — Енисейскѣ • • • • • • 13744-901/2 13427-931/2 + 316-97 — Ачинскѣ • • • • • • 8214-233/4 9045-353/4 — 831-12 — Канскѣ • • • • • • 14735-231/4 12051-443/4 + 2683-781/2 — Минусинскѣ • • • • • • 7990-661/2 5192-233/4 + 2798-423/4 Итого • • 58521-363/4 54687-201/2 + 3834-161/4 Вѣрно: Гражданскiй Губернаторъ Лохвицкiй Свѣрялъ исправляющій должность Секретаря Статистическаго Комитета Ловянъ
d124;1870 год;;103 ВѢДОМОСТЬ о доходахъ и расходахъ городовъ Енисейской губернiи за 1870 годъо доходахъ и расходахъ городовъ Енисейской губернiи за 1870 годъ Названiе городовъНазванiе городовъ Приходъ за 1870 годъ. Расходъ за 1870 годъ. Остатков + или недостатков — противъ годоваго дохода. Въ г. Красноярскѣ • • • • • • 13705-97 14839-87 — 1133-93 — Енисейскѣ • • • • • • 13744-901/2 13427-931/2 + 316-97 — Ачинскѣ • • • • • • 8214-233/4 9045-353/4 — 831-12 — Канскѣ • • • • • • 14735-231/4 12051-443/4 + 2683-781/2 — Минусинскѣ • • • • • • 7990-661/2 5192-233/4 + 2798-423/4 Итого • • 58521-363/4 54687-201/2 + 3834-161/4 Вѣрно: Гражданскiй Губернаторъ Лохвицкiй Свѣрялъ исправляющій должность Секретаря Статистическаго Комитета Ловянъ
d125;1870 год;;103 ВѢДОМОСТЬ о доходахъ и расходахъ городовъ Енисейской губернiи за 1870 годъо доходахъ и расходахъ городовъ Енисейской губернiи за 1870 годъ Названiе городовъНазванiе городовъ Приходъ за 1870 годъ. Расходъ за 1870 годъ. Остатков + или недостатков — противъ годоваго дохода. Въ г. Красноярскѣ • • • • • • 13705-97 14839-87 — 1133-93 — Енисейскѣ • • • • • • 13744-901/2 13427-931/2 + 316-97 — Ачинскѣ • • • • • • 8214-233/4 9045-353/4 — 831-12 — Канскѣ • • • • • • 14735-231/4 12051-443/4 + 2683-781/2 — Минусинскѣ • • • • • • 7990-661/2 5192-233/4 + 2798-423/4 Итого • • 58521-363/4 54687-201/2 + 3834-161/4 Вѣрно: Гражданскiй Губернаторъ Лохвицкiй Свѣрялъ исправляющій должность Секретаря Статистическаго Комитета Ловянъ
d126;1870 год;;103 ВѢДОМОСТЬ о доходахъ и расходахъ городовъ Енисейской губернiи за 1870 годъо доходахъ и расходахъ городовъ Енисейской губернiи за 1870 годъ Названiе городовъНазванiе городовъ Приходъ за 1870 годъ. Расходъ за 1870 годъ. Остатков + или недостатков — противъ годоваго дохода. Въ г. Красноярскѣ • • • • • • 13705-97 14839-87 — 1133-93 — Енисейскѣ • • • • • • 13744-901/2 13427-931/2 + 316-97 — Ачинскѣ • • • • • • 8214-233/4 9045-353/4 — 831-12 — Канскѣ • • • • • • 14735-231/4 12051-443/4 + 2683-781/2 — Минусинскѣ • • • • • • 7990-661/2 5192-233/4 + 2798-423/4 Итого • • 58521-363/4 54687-201/2 + 3834-161/4 Вѣрно: Гражданскiй Губернаторъ Лохвицкiй Свѣрялъ исправляющій должность Секретаря Статистическаго Комитета Ловянъ
d127;1870 год;;в Енисейской губернiи за 1870 годъ.в Енисейской губернiи за 1870 годъ.
d128;1870 год;;в Енисейской губернiи за 1870 годъ.в Енисейской губернiи за 1870 годъ.
d129;1870 год;;107 Вѣдомость № 2 О ФАБРИКАХЪ И ЗАВОДАХЪ въ Енисейской губерніи въ Енисейской губерніи за 1870 годъ.
d130;1870 год;;въ Енисейской губернiи за 1870 годъвъ Енисейской губернiи за 1870 годъ
d131;1870 год;;въ Енисейской губернiи за 1870 годъвъ Енисейской губернiи за 1870 годъ
d132;1870 год;;въ Енисейской губернiи за 1870 годъвъ Енисейской губернiи за 1870 годъ
d133;1870 год;;въ Енисейской губернiи за 1870 годъвъ Енисейской губернiи за 1870 годъ
d134;1870 год;;113 Вѣдомость № 4 О ПОСТУПЛЕНIИ СБОРОВЪ ВЪ ЕНИСЕЙСКОЙ ГУБЕРНIИ за 1870 годъ.
d135;1870 год;;114 О податяхъ и недоимкахъ поО податяхъ и недоимкахъ по Енисейской губернiи за 1870 годъ.Енисейской губернiи за 1870 годъ. РОДЫ ПОДАТЕЙ . Слѣдовало поступить * причислено Исключено Взыскано Осталось къ 1-му Января 1871 года. Недоимокъ Оклада Недоимокъ Оклада Недоимокъ Оклада Недоимокъ Оклада Недоимокъ Оклада Всего Руб. Коп. Руб. Коп. Руб. Коп. Руб. Коп. Руб. Коп. Руб. Коп. Руб. Коп. Руб. Коп. Руб. Коп. Руб. Коп. Руб. Коп. I. Подати и окладные платежиI. Подати и окладные платежи 1., Оброчной подати и дополнительнаго къ ней сбора. Съ государственныхъ крестьянъ • • • • 134617 91/4251381 30 — — 4286 20 7491 З31/4 5111 103/449205 93 197733 65 1/2 78639 61 52822 733/4131462 343/4 — поселенцевъ полнаго оклада • • • • 51681 443/4 16296 58 — — 1404 171/4 6315 961/4 1734 871/2 3496 751/4 3665 263/4 46128 801/2 12300 61 58429 411/2 — поселенцевъ половиннаго оклада • • • • 26923 83 10793 75 — — 469 971/4 4231 53 1815 15 2592 413/4 2807 23 20282 74 6641 341/4 26924 81/4 — купцовъ и мѣшанъ, живущихъ въ селеніяхъ • • • 83 46 95 90 — — — — 6 171/2 14 371/2 8 341/4 44 62 1/2 69 83/4 36 90 105 983/4 213305 83 278567 53 — — 6160 341/2 18045 — 8675 503/4 55303 441/4204250 773/4145120 24 1/4 71801 59 216921 83 1/4 2., Подушной подати съ сословій, состоящихъ на общихъ окладахъ. а., Съ государственныхъ крестьянъ • • • • 53999 983/4 82570 50 — — 1133 55 4950 13 3/4 861 75 20140 331/2 67554 21 1/2 30070 62 1/2 15288 81/2 45358 71 б., — бывшихъ помѣщичьихъ крестьянъ • • • 79 81 1/2 — — — — — — — — — — — — — — 79 81 1/2 — — 79 81 1/2 в., — поселенцевъ полнаго оклада • • • • 15512 993/4 5352 30 — — 441 221/2 1825 35 582 201/4 1268 391/2 1253 52 3/4 13688 351/4 3957 791/2 17646 143/4 г., — поселенцевъ половиннаго оклада • • • 7655 453/4 3532 50 — — 143 91/2 1363 411/2 698 121/4 992 741/4 1158 62 1/2 5368 471/2 1818 843/4 7187 321/4 д., — купцовъ н мѣщанъ, живущихъ въ селеніяхъ • • • 29 70 31 50 — — — — 1 35 5 40 3 15 13 50 25 20 12 60 37 80 с., — крестьянъ, вышедшихъ изъ крѣпостной зависимости • • • 4 50 9 — — — — — — — — — 4 50 4 50 — — 4 50 4 50 ж., — городскихъ обывателей: — мѣщанъ • • • • 19057 451/4 17071 20 — — 382 80 187 79 110 40 11073 221/4 4060 461/4 7928 44 13283 13 3/4 21211 573/4 з., — осѣдлыхъ инородцевъ • • • • 381 50 1454 40 — — — — — 45 31 5 380 70 1301 85 1 35 121 50 122 85 96721 41 110021 40 — — 2100 67 8328 491/4 2288 92 1/2 33863 41/2 75346 68 57162 253/4 34486 461/2 91648 72 1/4 3., Половинно-оброчной подати и дополнительнаго къ ней сбора съ переселенцевъ Велико-Россійскихъ губерній. 901 201/4 1264 50 — — 113 931/4 7850 23/4 458 741/2 1524 413/4 528 283/4 703 941/4 391 40 1095 341/4 4., Однорублеваго сбора съ бывшихъ помѣщичьихъ крестьянъ • • 7 — 1 — — — — — — — — — — — — — 7 — 1 — 8 — 5., Податей разныхъ наименованій вмѣсто подушныхъ и оброчныхъ, съ кочевыхъ н ясачныхъ инородцевъ, въ 44 коп. подать — — 1950 8 — — — — — — — — — — 1950 8 — — — — — — 6., Общественнаго сбора Съ государственныхъ крестьянъ • • • • 2486 65 5469 78 — — 75 97 85 92 1/2 184 501/2 846 9 4426 61 1/4 1562 91 934 63 1/4 2497 541/4 — прочихъ податныхъ сословій • • • • 82 13/4 507 78 — — — 63 — 15 2 43 10 661/2 471 3 71 201/4 34 95 106 15 1/4 7., На обеспеченiе народнаго продовольствія. Съ государственныхъ крестьянъ • • • • 1991 1/4 — — — — — — 13 40 — — 280 39 — — 1703 351/2 — — 1703 351/2 — прочихъ податныхъ сословій • • • • 1902 711/4 — — — — — — 214 43/4 — — 206 64 — — 1524 70 — — 1524 70 8., На межеваніе земель Съ государственныхъ крестьянъ • • • • 1286 30 2734 89 — — 40 281/4 42 1/4 78 323/4 334 473/4 2266 731/2 917 561/2 430 11 1347 671/2 — прочихъ податныхъ сословій • • • • 38 97 253 89 — — — 41/2 — 71/2 — 96 5 321/2 240 931/2 33 581/2 12 4 45 62 1/2 9., На пожарные случаи. Съ государственныхъ крестьянъ • • • • 1836 353/4 3646 52 — — 50 33 57 13 39 713/4 565 81/2 3044 761/4 1220 583/4 612 37 1832 953/4 — прочихъ податныхъ сословій • • • • 54 17 144 28 — — 2 671/2 3 53 1/2 7 431/2 394 773/4 83 691/2 75 47 55 82 1/2 131 291/2 10., Экономической суммы съ поселенцевъ полнаго и половиннаго окладовъ • • 9403 233/4 2669 55 — — 129 471/2 993 63 1/2 288 18 527 81 3/4 467 18 1/4 8213 691/4 1443 661/4 9657 351/2 11., Земскихъ сборовъ на государственныя повинности: а., съ торговыхъ свидѣтельствъ • • • • — — 3480 — — — 1485 75 — — 3480 — — — 1485 75 — — — — — — б., — податныхъ лицъ • • • • 60578 31 3/4 78275 7 — — 1391 331/2 7413 871/4 10389 661/4 13950 941/2 49936 61 3/4 40742 96 19340 121/2 60083 81/2 на губернскія повинности: а., съ торговыхъ свидѣтельствъ • • • • — — 2306 25 — — 882 5 — — 2306 25 — — 882 5 — — — — — — б., — податныхъ лицъ • • • • 84188 51 1/2106838 3/4 — — 1861 16 1/4 7689 98 5643 283/4 27628 53/4 79336 941/4 59596 943/4 23718 94 83315 883/4 на частныя повинности: На содержаніе сельской врачебной части съ податныхъ лицъ • • 5444 761/4 9487 93 — — 170 381/2 537 28 329 663/4 1954 53 1/2 6751 173/4 3330 693/4 2577 47 5908 16 3/4 Всего • 480228 453/4607018 453/4 — — 14465 33/4 51274 55 1/4 34173 60 137395 71 431469 31 1/2321987 111/2 155840 58 477827 691/2 II. Другихъ разныхъ взысканiйII. Другихъ разныхъ взысканiй По вѣдомству: — — Министерства Государственныхъ Имуществъ • • • 16952 52 1/4 — — — — — — 4382 20 — — 4689 43/4 — — 15970 88 — — 15970 88 Министерства Финансовъ: Департамента: Государственнаго казначейства. • • • 112902 331/4 — — — — — — 11023 24 1/4 — — 5762 65 1/4 — — 130082 82 1/4 — — 130082 82 1/4 ———————–неокладныхъ сборовъ • • • • 46990 251/4 — — — — — — 10508 4 — — 10536 391/2 — — 52398 343/4 — — 52398 343/4 ———————–горнаго • • • • 30 — — — — — — — — — — — 58 50 — — — — — — — — По кредитной части • • • 201014 891/2 — — — — — — — — — — 167 — — — 200847 891/2 — — 200847 891/2 Итого • 377890 1/4 — — — — — — 25913 481/4 — — 21213 791/2 — — 399299 941/2 — — 399299 941/2 Въ семъ числѣ взысканiй на отвѣтственности губернскаго начальства. По вѣдомству Министерства Государственныхъ Имуществъ • • • 16952 52 1/4 — — — — — — 4382 20 — — 4689 43/4 — — 15970 88 — — 15970 88 Министерства Финансовъ: Департамента: Государственнаго казначейства • • • 112902 331/4 — — — — — — 11023 24 1/4 — — 5762 65 1/4 — — 130082 82 1/4 — — 130082 82 1/4 ———————–неокладныхъ сборовъ • • • • 21375 10 1/4 — — — — — — 7219 331/4 — — 7648 41/2 — — 23746 73 — — 23746 73 ————————горнаго • • • • 30 — — — — — — — — — — — 58 50 — — — — — — — — По кредитной части • • • • 99573 83 — — — — — — — — — — 167 — — — 99406 83 — — 99406 83 Итого • 250833 78 3/4 — — — — — — 22624 771/2 — — 18325 24 1/2 — — 269207 261/4 — — 269207 261/4
d136;1870 год;;114 О податяхъ и недоимкахъ поО податяхъ и недоимкахъ по Енисейской губернiи за 1870 годъ.Енисейской губернiи за 1870 годъ. РОДЫ ПОДАТЕЙ . Слѣдовало поступить * причислено Исключено Взыскано Осталось къ 1-му Января 1871 года. Недоимокъ Оклада Недоимокъ Оклада Недоимокъ Оклада Недоимокъ Оклада Недоимокъ Оклада Всего Руб. Коп. Руб. Коп. Руб. Коп. Руб. Коп. Руб. Коп. Руб. Коп. Руб. Коп. Руб. Коп. Руб. Коп. Руб. Коп. Руб. Коп. I. Подати и окладные платежиI. Подати и окладные платежи 1., Оброчной подати и дополнительнаго къ ней сбора. Съ государственныхъ крестьянъ • • • • 134617 91/4251381 30 — — 4286 20 7491 З31/4 5111 103/449205 93 197733 65 1/2 78639 61 52822 733/4131462 343/4 — поселенцевъ полнаго оклада • • • • 51681 443/4 16296 58 — — 1404 171/4 6315 961/4 1734 871/2 3496 751/4 3665 263/4 46128 801/2 12300 61 58429 411/2 — поселенцевъ половиннаго оклада • • • • 26923 83 10793 75 — — 469 971/4 4231 53 1815 15 2592 413/4 2807 23 20282 74 6641 341/4 26924 81/4 — купцовъ и мѣшанъ, живущихъ въ селеніяхъ • • • 83 46 95 90 — — — — 6 171/2 14 371/2 8 341/4 44 62 1/2 69 83/4 36 90 105 983/4 213305 83 278567 53 — — 6160 341/2 18045 — 8675 503/4 55303 441/4204250 773/4145120 24 1/4 71801 59 216921 83 1/4 2., Подушной подати съ сословій, состоящихъ на общихъ окладахъ. а., Съ государственныхъ крестьянъ • • • • 53999 983/4 82570 50 — — 1133 55 4950 13 3/4 861 75 20140 331/2 67554 21 1/2 30070 62 1/2 15288 81/2 45358 71 б., — бывшихъ помѣщичьихъ крестьянъ • • • 79 81 1/2 — — — — — — — — — — — — — — 79 81 1/2 — — 79 81 1/2 в., — поселенцевъ полнаго оклада • • • • 15512 993/4 5352 30 — — 441 221/2 1825 35 582 201/4 1268 391/2 1253 52 3/4 13688 351/4 3957 791/2 17646 143/4 г., — поселенцевъ половиннаго оклада • • • 7655 453/4 3532 50 — — 143 91/2 1363 411/2 698 121/4 992 741/4 1158 62 1/2 5368 471/2 1818 843/4 7187 321/4 д., — купцовъ н мѣщанъ, живущихъ въ селеніяхъ • • • 29 70 31 50 — — — — 1 35 5 40 3 15 13 50 25 20 12 60 37 80 с., — крестьянъ, вышедшихъ изъ крѣпостной зависимости • • • 4 50 9 — — — — — — — — — 4 50 4 50 — — 4 50 4 50 ж., — городскихъ обывателей: — мѣщанъ • • • • 19057 451/4 17071 20 — — 382 80 187 79 110 40 11073 221/4 4060 461/4 7928 44 13283 13 3/4 21211 573/4 з., — осѣдлыхъ инородцевъ • • • • 381 50 1454 40 — — — — — 45 31 5 380 70 1301 85 1 35 121 50 122 85 96721 41 110021 40 — — 2100 67 8328 491/4 2288 92 1/2 33863 41/2 75346 68 57162 253/4 34486 461/2 91648 72 1/4 3., Половинно-оброчной подати и дополнительнаго къ ней сбора съ переселенцевъ Велико-Россійскихъ губерній. 901 201/4 1264 50 — — 113 931/4 7850 23/4 458 741/2 1524 413/4 528 283/4 703 941/4 391 40 1095 341/4 4., Однорублеваго сбора съ бывшихъ помѣщичьихъ крестьянъ • • 7 — 1 — — — — — — — — — — — — — 7 — 1 — 8 — 5., Податей разныхъ наименованій вмѣсто подушныхъ и оброчныхъ, съ кочевыхъ н ясачныхъ инородцевъ, въ 44 коп. подать — — 1950 8 — — — — — — — — — — 1950 8 — — — — — — 6., Общественнаго сбора Съ государственныхъ крестьянъ • • • • 2486 65 5469 78 — — 75 97 85 92 1/2 184 501/2 846 9 4426 61 1/4 1562 91 934 63 1/4 2497 541/4 — прочихъ податныхъ сословій • • • • 82 13/4 507 78 — — — 63 — 15 2 43 10 661/2 471 3 71 201/4 34 95 106 15 1/4 7., На обеспеченiе народнаго продовольствія. Съ государственныхъ крестьянъ • • • • 1991 1/4 — — — — — — 13 40 — — 280 39 — — 1703 351/2 — — 1703 351/2 — прочихъ податныхъ сословій • • • • 1902 711/4 — — — — — — 214 43/4 — — 206 64 — — 1524 70 — — 1524 70 8., На межеваніе земель Съ государственныхъ крестьянъ • • • • 1286 30 2734 89 — — 40 281/4 42 1/4 78 323/4 334 473/4 2266 731/2 917 561/2 430 11 1347 671/2 — прочихъ податныхъ сословій • • • • 38 97 253 89 — — — 41/2 — 71/2 — 96 5 321/2 240 931/2 33 581/2 12 4 45 62 1/2 9., На пожарные случаи. Съ государственныхъ крестьянъ • • • • 1836 353/4 3646 52 — — 50 33 57 13 39 713/4 565 81/2 3044 761/4 1220 583/4 612 37 1832 953/4 — прочихъ податныхъ сословій • • • • 54 17 144 28 — — 2 671/2 3 53 1/2 7 431/2 394 773/4 83 691/2 75 47 55 82 1/2 131 291/2 10., Экономической суммы съ поселенцевъ полнаго и половиннаго окладовъ • • 9403 233/4 2669 55 — — 129 471/2 993 63 1/2 288 18 527 81 3/4 467 18 1/4 8213 691/4 1443 661/4 9657 351/2 11., Земскихъ сборовъ на государственныя повинности: а., съ торговыхъ свидѣтельствъ • • • • — — 3480 — — — 1485 75 — — 3480 — — — 1485 75 — — — — — — б., — податныхъ лицъ • • • • 60578 31 3/4 78275 7 — — 1391 331/2 7413 871/4 10389 661/4 13950 941/2 49936 61 3/4 40742 96 19340 121/2 60083 81/2 на губернскія повинности: а., съ торговыхъ свидѣтельствъ • • • • — — 2306 25 — — 882 5 — — 2306 25 — — 882 5 — — — — — — б., — податныхъ лицъ • • • • 84188 51 1/2106838 3/4 — — 1861 16 1/4 7689 98 5643 283/4 27628 53/4 79336 941/4 59596 943/4 23718 94 83315 883/4 на частныя повинности: На содержаніе сельской врачебной части съ податныхъ лицъ • • 5444 761/4 9487 93 — — 170 381/2 537 28 329 663/4 1954 53 1/2 6751 173/4 3330 693/4 2577 47 5908 16 3/4 Всего • 480228 453/4607018 453/4 — — 14465 33/4 51274 55 1/4 34173 60 137395 71 431469 31 1/2321987 111/2 155840 58 477827 691/2 II. Другихъ разныхъ взысканiйII. Другихъ разныхъ взысканiй По вѣдомству: — — Министерства Государственныхъ Имуществъ • • • 16952 52 1/4 — — — — — — 4382 20 — — 4689 43/4 — — 15970 88 — — 15970 88 Министерства Финансовъ: Департамента: Государственнаго казначейства. • • • 112902 331/4 — — — — — — 11023 24 1/4 — — 5762 65 1/4 — — 130082 82 1/4 — — 130082 82 1/4 ———————–неокладныхъ сборовъ • • • • 46990 251/4 — — — — — — 10508 4 — — 10536 391/2 — — 52398 343/4 — — 52398 343/4 ———————–горнаго • • • • 30 — — — — — — — — — — — 58 50 — — — — — — — — По кредитной части • • • 201014 891/2 — — — — — — — — — — 167 — — — 200847 891/2 — — 200847 891/2 Итого • 377890 1/4 — — — — — — 25913 481/4 — — 21213 791/2 — — 399299 941/2 — — 399299 941/2 Въ семъ числѣ взысканiй на отвѣтственности губернскаго начальства. По вѣдомству Министерства Государственныхъ Имуществъ • • • 16952 52 1/4 — — — — — — 4382 20 — — 4689 43/4 — — 15970 88 — — 15970 88 Министерства Финансовъ: Департамента: Государственнаго казначейства • • • 112902 331/4 — — — — — — 11023 24 1/4 — — 5762 65 1/4 — — 130082 82 1/4 — — 130082 82 1/4 ———————–неокладныхъ сборовъ • • • • 21375 10 1/4 — — — — — — 7219 331/4 — — 7648 41/2 — — 23746 73 — — 23746 73 ————————горнаго • • • • 30 — — — — — — — — — — — 58 50 — — — — — — — — По кредитной части • • • • 99573 83 — — — — — — — — — — 167 — — — 99406 83 — — 99406 83 Итого • 250833 78 3/4 — — — — — — 22624 771/2 — — 18325 24 1/2 — — 269207 261/4 — — 269207 261/4
d137;1871 года;;114 О податяхъ и недоимкахъ поО податяхъ и недоимкахъ по Енисейской губернiи за 1870 годъ.Енисейской губернiи за 1870 годъ. РОДЫ ПОДАТЕЙ . Слѣдовало поступить * причислено Исключено Взыскано Осталось къ 1-му Января 1871 года. Недоимокъ Оклада Недоимокъ Оклада Недоимокъ Оклада Недоимокъ Оклада Недоимокъ Оклада Всего Руб. Коп. Руб. Коп. Руб. Коп. Руб. Коп. Руб. Коп. Руб. Коп. Руб. Коп. Руб. Коп. Руб. Коп. Руб. Коп. Руб. Коп. I. Подати и окладные платежиI. Подати и окладные платежи 1., Оброчной подати и дополнительнаго къ ней сбора. Съ государственныхъ крестьянъ • • • • 134617 91/4251381 30 — — 4286 20 7491 З31/4 5111 103/449205 93 197733 65 1/2 78639 61 52822 733/4131462 343/4 — поселенцевъ полнаго оклада • • • • 51681 443/4 16296 58 — — 1404 171/4 6315 961/4 1734 871/2 3496 751/4 3665 263/4 46128 801/2 12300 61 58429 411/2 — поселенцевъ половиннаго оклада • • • • 26923 83 10793 75 — — 469 971/4 4231 53 1815 15 2592 413/4 2807 23 20282 74 6641 341/4 26924 81/4 — купцовъ и мѣшанъ, живущихъ въ селеніяхъ • • • 83 46 95 90 — — — — 6 171/2 14 371/2 8 341/4 44 62 1/2 69 83/4 36 90 105 983/4 213305 83 278567 53 — — 6160 341/2 18045 — 8675 503/4 55303 441/4204250 773/4145120 24 1/4 71801 59 216921 83 1/4 2., Подушной подати съ сословій, состоящихъ на общихъ окладахъ. а., Съ государственныхъ крестьянъ • • • • 53999 983/4 82570 50 — — 1133 55 4950 13 3/4 861 75 20140 331/2 67554 21 1/2 30070 62 1/2 15288 81/2 45358 71 б., — бывшихъ помѣщичьихъ крестьянъ • • • 79 81 1/2 — — — — — — — — — — — — — — 79 81 1/2 — — 79 81 1/2 в., — поселенцевъ полнаго оклада • • • • 15512 993/4 5352 30 — — 441 221/2 1825 35 582 201/4 1268 391/2 1253 52 3/4 13688 351/4 3957 791/2 17646 143/4 г., — поселенцевъ половиннаго оклада • • • 7655 453/4 3532 50 — — 143 91/2 1363 411/2 698 121/4 992 741/4 1158 62 1/2 5368 471/2 1818 843/4 7187 321/4 д., — купцовъ н мѣщанъ, живущихъ въ селеніяхъ • • • 29 70 31 50 — — — — 1 35 5 40 3 15 13 50 25 20 12 60 37 80 с., — крестьянъ, вышедшихъ изъ крѣпостной зависимости • • • 4 50 9 — — — — — — — — — 4 50 4 50 — — 4 50 4 50 ж., — городскихъ обывателей: — мѣщанъ • • • • 19057 451/4 17071 20 — — 382 80 187 79 110 40 11073 221/4 4060 461/4 7928 44 13283 13 3/4 21211 573/4 з., — осѣдлыхъ инородцевъ • • • • 381 50 1454 40 — — — — — 45 31 5 380 70 1301 85 1 35 121 50 122 85 96721 41 110021 40 — — 2100 67 8328 491/4 2288 92 1/2 33863 41/2 75346 68 57162 253/4 34486 461/2 91648 72 1/4 3., Половинно-оброчной подати и дополнительнаго къ ней сбора съ переселенцевъ Велико-Россійскихъ губерній. 901 201/4 1264 50 — — 113 931/4 7850 23/4 458 741/2 1524 413/4 528 283/4 703 941/4 391 40 1095 341/4 4., Однорублеваго сбора съ бывшихъ помѣщичьихъ крестьянъ • • 7 — 1 — — — — — — — — — — — — — 7 — 1 — 8 — 5., Податей разныхъ наименованій вмѣсто подушныхъ и оброчныхъ, съ кочевыхъ н ясачныхъ инородцевъ, въ 44 коп. подать — — 1950 8 — — — — — — — — — — 1950 8 — — — — — — 6., Общественнаго сбора Съ государственныхъ крестьянъ • • • • 2486 65 5469 78 — — 75 97 85 92 1/2 184 501/2 846 9 4426 61 1/4 1562 91 934 63 1/4 2497 541/4 — прочихъ податныхъ сословій • • • • 82 13/4 507 78 — — — 63 — 15 2 43 10 661/2 471 3 71 201/4 34 95 106 15 1/4 7., На обеспеченiе народнаго продовольствія. Съ государственныхъ крестьянъ • • • • 1991 1/4 — — — — — — 13 40 — — 280 39 — — 1703 351/2 — — 1703 351/2 — прочихъ податныхъ сословій • • • • 1902 711/4 — — — — — — 214 43/4 — — 206 64 — — 1524 70 — — 1524 70 8., На межеваніе земель Съ государственныхъ крестьянъ • • • • 1286 30 2734 89 — — 40 281/4 42 1/4 78 323/4 334 473/4 2266 731/2 917 561/2 430 11 1347 671/2 — прочихъ податныхъ сословій • • • • 38 97 253 89 — — — 41/2 — 71/2 — 96 5 321/2 240 931/2 33 581/2 12 4 45 62 1/2 9., На пожарные случаи. Съ государственныхъ крестьянъ • • • • 1836 353/4 3646 52 — — 50 33 57 13 39 713/4 565 81/2 3044 761/4 1220 583/4 612 37 1832 953/4 — прочихъ податныхъ сословій • • • • 54 17 144 28 — — 2 671/2 3 53 1/2 7 431/2 394 773/4 83 691/2 75 47 55 82 1/2 131 291/2 10., Экономической суммы съ поселенцевъ полнаго и половиннаго окладовъ • • 9403 233/4 2669 55 — — 129 471/2 993 63 1/2 288 18 527 81 3/4 467 18 1/4 8213 691/4 1443 661/4 9657 351/2 11., Земскихъ сборовъ на государственныя повинности: а., съ торговыхъ свидѣтельствъ • • • • — — 3480 — — — 1485 75 — — 3480 — — — 1485 75 — — — — — — б., — податныхъ лицъ • • • • 60578 31 3/4 78275 7 — — 1391 331/2 7413 871/4 10389 661/4 13950 941/2 49936 61 3/4 40742 96 19340 121/2 60083 81/2 на губернскія повинности: а., съ торговыхъ свидѣтельствъ • • • • — — 2306 25 — — 882 5 — — 2306 25 — — 882 5 — — — — — — б., — податныхъ лицъ • • • • 84188 51 1/2106838 3/4 — — 1861 16 1/4 7689 98 5643 283/4 27628 53/4 79336 941/4 59596 943/4 23718 94 83315 883/4 на частныя повинности: На содержаніе сельской врачебной части съ податныхъ лицъ • • 5444 761/4 9487 93 — — 170 381/2 537 28 329 663/4 1954 53 1/2 6751 173/4 3330 693/4 2577 47 5908 16 3/4 Всего • 480228 453/4607018 453/4 — — 14465 33/4 51274 55 1/4 34173 60 137395 71 431469 31 1/2321987 111/2 155840 58 477827 691/2 II. Другихъ разныхъ взысканiйII. Другихъ разныхъ взысканiй По вѣдомству: — — Министерства Государственныхъ Имуществъ • • • 16952 52 1/4 — — — — — — 4382 20 — — 4689 43/4 — — 15970 88 — — 15970 88 Министерства Финансовъ: Департамента: Государственнаго казначейства. • • • 112902 331/4 — — — — — — 11023 24 1/4 — — 5762 65 1/4 — — 130082 82 1/4 — — 130082 82 1/4 ———————–неокладныхъ сборовъ • • • • 46990 251/4 — — — — — — 10508 4 — — 10536 391/2 — — 52398 343/4 — — 52398 343/4 ———————–горнаго • • • • 30 — — — — — — — — — — — 58 50 — — — — — — — — По кредитной части • • • 201014 891/2 — — — — — — — — — — 167 — — — 200847 891/2 — — 200847 891/2 Итого • 377890 1/4 — — — — — — 25913 481/4 — — 21213 791/2 — — 399299 941/2 — — 399299 941/2 Въ семъ числѣ взысканiй на отвѣтственности губернскаго начальства. По вѣдомству Министерства Государственныхъ Имуществъ • • • 16952 52 1/4 — — — — — — 4382 20 — — 4689 43/4 — — 15970 88 — — 15970 88 Министерства Финансовъ: Департамента: Государственнаго казначейства • • • 112902 331/4 — — — — — — 11023 24 1/4 — — 5762 65 1/4 — — 130082 82 1/4 — — 130082 82 1/4 ———————–неокладныхъ сборовъ • • • • 21375 10 1/4 — — — — — — 7219 331/4 — — 7648 41/2 — — 23746 73 — — 23746 73 ————————горнаго • • • • 30 — — — — — — — — — — — 58 50 — — — — — — — — По кредитной части • • • • 99573 83 — — — — — — — — — — 167 — — — 99406 83 — — 99406 83 Итого • 250833 78 3/4 — — — — — — 22624 771/2 — — 18325 24 1/2 — — 269207 261/4 — — 269207 261/4
d138;1870 год;;115 О податяхъ и недоимкахъ поО податяхъ и недоимкахъ по Енисейской губернiи за 1870 годъ.Енисейской губернiи за 1870 годъ. РОДЫ ПОДАТЕЙ . Слѣдовало поступить * причислено Исключено Взыскано Осталось къ 1-му Января 1871 года. Недоимокъ Оклада Недоимокъ Оклада Недоимокъ Оклада Недоимокъ Оклада Недоимокъ Оклада Всего Руб. Коп. Руб. Коп. Руб. Коп. Руб. Коп. Руб. Коп. Руб. Коп. Руб. Коп. Руб. Коп. Руб. Коп. Руб. Коп. Руб. Коп. I. Подати и окладные платежиI. Подати и окладные платежи 1., Оброчной подати и дополнительнаго къ ней сбора. Съ государственныхъ крестьянъ • • • • 134617 91/4251381 30 — — 4286 20 7491 З31/4 5111 103/449205 93 197733 65 1/2 78639 61 52822 733/4131462 343/4 — поселенцевъ полнаго оклада • • • • 51681 443/4 16296 58 — — 1404 171/4 6315 961/4 1734 871/2 3496 751/4 3665 263/4 46128 801/2 12300 61 58429 411/2 — поселенцевъ половиннаго оклада • • • • 26923 83 10793 75 — — 469 971/4 4231 53 1815 15 2592 413/4 2807 23 20282 74 6641 341/4 26924 81/4 — купцовъ и мѣшанъ, живущихъ въ селеніяхъ • • • 83 46 95 90 — — — — 6 171/2 14 371/2 8 341/4 44 62 1/2 69 83/4 36 90 105 983/4 213305 83 278567 53 — — 6160 341/2 18045 — 8675 503/4 55303 441/4204250 773/4145120 24 1/4 71801 59 216921 83 1/4 2., Подушной подати съ сословій, состоящихъ на общихъ окладахъ. а., Съ государственныхъ крестьянъ • • • • 53999 983/4 82570 50 — — 1133 55 4950 13 3/4 861 75 20140 331/2 67554 21 1/2 30070 62 1/2 15288 81/2 45358 71 б., — бывшихъ помѣщичьихъ крестьянъ • • • 79 81 1/2 — — — — — — — — — — — — — — 79 81 1/2 — — 79 81 1/2 в., — поселенцевъ полнаго оклада • • • • 15512 993/4 5352 30 — — 441 221/2 1825 35 582 201/4 1268 391/2 1253 52 3/4 13688 351/4 3957 791/2 17646 143/4 г., — поселенцевъ половиннаго оклада • • • 7655 453/4 3532 50 — — 143 91/2 1363 411/2 698 121/4 992 741/4 1158 62 1/2 5368 471/2 1818 843/4 7187 321/4 д., — купцовъ н мѣщанъ, живущихъ въ селеніяхъ • • • 29 70 31 50 — — — — 1 35 5 40 3 15 13 50 25 20 12 60 37 80 с., — крестьянъ, вышедшихъ изъ крѣпостной зависимости • • • 4 50 9 — — — — — — — — — 4 50 4 50 — — 4 50 4 50 ж., — городскихъ обывателей: — мѣщанъ • • • • 19057 451/4 17071 20 — — 382 80 187 79 110 40 11073 221/4 4060 461/4 7928 44 13283 13 3/4 21211 573/4 з., — осѣдлыхъ инородцевъ • • • • 381 50 1454 40 — — — — — 45 31 5 380 70 1301 85 1 35 121 50 122 85 96721 41 110021 40 — — 2100 67 8328 491/4 2288 92 1/2 33863 41/2 75346 68 57162 253/4 34486 461/2 91648 72 1/4 3., Половинно-оброчной подати и дополнительнаго къ ней сбора съ переселенцевъ Велико-Россійскихъ губерній. 901 201/4 1264 50 — — 113 931/4 7850 23/4 458 741/2 1524 413/4 528 283/4 703 941/4 391 40 1095 341/4 4., Однорублеваго сбора съ бывшихъ помѣщичьихъ крестьянъ • • 7 — 1 — — — — — — — — — — — — — 7 — 1 — 8 — 5., Податей разныхъ наименованій вмѣсто подушныхъ и оброчныхъ, съ кочевыхъ н ясачныхъ инородцевъ, въ 44 коп. подать — — 1950 8 — — — — — — — — — — 1950 8 — — — — — — 6., Общественнаго сбора Съ государственныхъ крестьянъ • • • • 2486 65 5469 78 — — 75 97 85 92 1/2 184 501/2 846 9 4426 61 1/4 1562 91 934 63 1/4 2497 541/4 — прочихъ податныхъ сословій • • • • 82 13/4 507 78 — — — 63 — 15 2 43 10 661/2 471 3 71 201/4 34 95 106 15 1/4 7., На обеспеченiе народнаго продовольствія. Съ государственныхъ крестьянъ • • • • 1991 1/4 — — — — — — 13 40 — — 280 39 — — 1703 351/2 — — 1703 351/2 — прочихъ податныхъ сословій • • • • 1902 711/4 — — — — — — 214 43/4 — — 206 64 — — 1524 70 — — 1524 70 8., На межеваніе земель Съ государственныхъ крестьянъ • • • • 1286 30 2734 89 — — 40 281/4 42 1/4 78 323/4 334 473/4 2266 731/2 917 561/2 430 11 1347 671/2 — прочихъ податныхъ сословій • • • • 38 97 253 89 — — — 41/2 — 71/2 — 96 5 321/2 240 931/2 33 581/2 12 4 45 62 1/2 9., На пожарные случаи. Съ государственныхъ крестьянъ • • • • 1836 353/4 3646 52 — — 50 33 57 13 39 713/4 565 81/2 3044 761/4 1220 583/4 612 37 1832 953/4 — прочихъ податныхъ сословій • • • • 54 17 144 28 — — 2 671/2 3 53 1/2 7 431/2 394 773/4 83 691/2 75 47 55 82 1/2 131 291/2 10., Экономической суммы съ поселенцевъ полнаго и половиннаго окладовъ • • 9403 233/4 2669 55 — — 129 471/2 993 63 1/2 288 18 527 81 3/4 467 18 1/4 8213 691/4 1443 661/4 9657 351/2 11., Земскихъ сборовъ на государственныя повинности: а., съ торговыхъ свидѣтельствъ • • • • — — 3480 — — — 1485 75 — — 3480 — — — 1485 75 — — — — — — б., — податныхъ лицъ • • • • 60578 31 3/4 78275 7 — — 1391 331/2 7413 871/4 10389 661/4 13950 941/2 49936 61 3/4 40742 96 19340 121/2 60083 81/2 на губернскія повинности: а., съ торговыхъ свидѣтельствъ • • • • — — 2306 25 — — 882 5 — — 2306 25 — — 882 5 — — — — — — б., — податныхъ лицъ • • • • 84188 51 1/2106838 3/4 — — 1861 16 1/4 7689 98 5643 283/4 27628 53/4 79336 941/4 59596 943/4 23718 94 83315 883/4 на частныя повинности: На содержаніе сельской врачебной части съ податныхъ лицъ • • 5444 761/4 9487 93 — — 170 381/2 537 28 329 663/4 1954 53 1/2 6751 173/4 3330 693/4 2577 47 5908 16 3/4 Всего • 480228 453/4607018 453/4 — — 14465 33/4 51274 55 1/4 34173 60 137395 71 431469 31 1/2321987 111/2 155840 58 477827 691/2 II. Другихъ разныхъ взысканiйII. Другихъ разныхъ взысканiй По вѣдомству: — — Министерства Государственныхъ Имуществъ • • • 16952 52 1/4 — — — — — — 4382 20 — — 4689 43/4 — — 15970 88 — — 15970 88 Министерства Финансовъ: Департамента: Государственнаго казначейства. • • • 112902 331/4 — — — — — — 11023 24 1/4 — — 5762 65 1/4 — — 130082 82 1/4 — — 130082 82 1/4 ———————–неокладныхъ сборовъ • • • • 46990 251/4 — — — — — — 10508 4 — — 10536 391/2 — — 52398 343/4 — — 52398 343/4 ———————–горнаго • • • • 30 — — — — — — — — — — — 58 50 — — — — — — — — По кредитной части • • • 201014 891/2 — — — — — — — — — — 167 — — — 200847 891/2 — — 200847 891/2 Итого • 377890 1/4 — — — — — — 25913 481/4 — — 21213 791/2 — — 399299 941/2 — — 399299 941/2 Въ семъ числѣ взысканiй на отвѣтственности губернскаго начальства. По вѣдомству Министерства Государственныхъ Имуществъ • • • 16952 52 1/4 — — — — — — 4382 20 — — 4689 43/4 — — 15970 88 — — 15970 88 Министерства Финансовъ: Департамента: Государственнаго казначейства • • • 112902 331/4 — — — — — — 11023 24 1/4 — — 5762 65 1/4 — — 130082 82 1/4 — — 130082 82 1/4 ———————–неокладныхъ сборовъ • • • • 21375 101/4 — — — — — — 7219 331/4 — — 7648 41/2 — — 23746 73 — — 23746 73 ————————горнаго • • • • 30 — — — — — — — — — — — 58 50 — — — — — — — — По кредитной части • • • • 99573 83 — — — — — — — — — — 167 — — — 99406 83 — — 99406 83 Итого • 250833 783/4 — — — — — — 22624 771/2 — — 18325 24 1/2 — — 269207 261/4 — — 269207 261/4
d139;1870 год;;115 О податяхъ и недоимкахъ поО податяхъ и недоимкахъ по Енисейской губернiи за 1870 годъ.Енисейской губернiи за 1870 годъ. РОДЫ ПОДАТЕЙ . Слѣдовало поступить * причислено Исключено Взыскано Осталось къ 1-му Января 1871 года. Недоимокъ Оклада Недоимокъ Оклада Недоимокъ Оклада Недоимокъ Оклада Недоимокъ Оклада Всего Руб. Коп. Руб. Коп. Руб. Коп. Руб. Коп. Руб. Коп. Руб. Коп. Руб. Коп. Руб. Коп. Руб. Коп. Руб. Коп. Руб. Коп. I. Подати и окладные платежиI. Подати и окладные платежи 1., Оброчной подати и дополнительнаго къ ней сбора. Съ государственныхъ крестьянъ • • • • 134617 91/4251381 30 — — 4286 20 7491 З31/4 5111 103/449205 93 197733 65 1/2 78639 61 52822 733/4131462 343/4 — поселенцевъ полнаго оклада • • • • 51681 443/4 16296 58 — — 1404 171/4 6315 961/4 1734 871/2 3496 751/4 3665 263/4 46128 801/2 12300 61 58429 411/2 — поселенцевъ половиннаго оклада • • • • 26923 83 10793 75 — — 469 971/4 4231 53 1815 15 2592 413/4 2807 23 20282 74 6641 341/4 26924 81/4 — купцовъ и мѣшанъ, живущихъ въ селеніяхъ • • • 83 46 95 90 — — — — 6 171/2 14 371/2 8 341/4 44 62 1/2 69 83/4 36 90 105 983/4 213305 83 278567 53 — — 6160 341/2 18045 — 8675 503/4 55303 441/4204250 773/4145120 24 1/4 71801 59 216921 83 1/4 2., Подушной подати съ сословій, состоящихъ на общихъ окладахъ. а., Съ государственныхъ крестьянъ • • • • 53999 983/4 82570 50 — — 1133 55 4950 13 3/4 861 75 20140 331/2 67554 21 1/2 30070 62 1/2 15288 81/2 45358 71 б., — бывшихъ помѣщичьихъ крестьянъ • • • 79 81 1/2 — — — — — — — — — — — — — — 79 81 1/2 — — 79 81 1/2 в., — поселенцевъ полнаго оклада • • • • 15512 993/4 5352 30 — — 441 221/2 1825 35 582 201/4 1268 391/2 1253 52 3/4 13688 351/4 3957 791/2 17646 143/4 г., — поселенцевъ половиннаго оклада • • • 7655 453/4 3532 50 — — 143 91/2 1363 411/2 698 121/4 992 741/4 1158 62 1/2 5368 471/2 1818 843/4 7187 321/4 д., — купцовъ н мѣщанъ, живущихъ въ селеніяхъ • • • 29 70 31 50 — — — — 1 35 5 40 3 15 13 50 25 20 12 60 37 80 с., — крестьянъ, вышедшихъ изъ крѣпостной зависимости • • • 4 50 9 — — — — — — — — — 4 50 4 50 — — 4 50 4 50 ж., — городскихъ обывателей: — мѣщанъ • • • • 19057 451/4 17071 20 — — 382 80 187 79 110 40 11073 221/4 4060 461/4 7928 44 13283 13 3/4 21211 573/4 з., — осѣдлыхъ инородцевъ • • • • 381 50 1454 40 — — — — — 45 31 5 380 70 1301 85 1 35 121 50 122 85 96721 41 110021 40 — — 2100 67 8328 491/4 2288 92 1/2 33863 41/2 75346 68 57162 253/4 34486 461/2 91648 72 1/4 3., Половинно-оброчной подати и дополнительнаго къ ней сбора съ переселенцевъ Велико-Россійскихъ губерній. 901 201/4 1264 50 — — 113 931/4 7850 23/4 458 741/2 1524 413/4 528 283/4 703 941/4 391 40 1095 341/4 4., Однорублеваго сбора съ бывшихъ помѣщичьихъ крестьянъ • • 7 — 1 — — — — — — — — — — — — — 7 — 1 — 8 — 5., Податей разныхъ наименованій вмѣсто подушныхъ и оброчныхъ, съ кочевыхъ н ясачныхъ инородцевъ, въ 44 коп. подать — — 1950 8 — — — — — — — — — — 1950 8 — — — — — — 6., Общественнаго сбора Съ государственныхъ крестьянъ • • • • 2486 65 5469 78 — — 75 97 85 92 1/2 184 501/2 846 9 4426 61 1/4 1562 91 934 63 1/4 2497 541/4 — прочихъ податныхъ сословій • • • • 82 13/4 507 78 — — — 63 — 15 2 43 10 661/2 471 3 71 201/4 34 95 106 15 1/4 7., На обеспеченiе народнаго продовольствія. Съ государственныхъ крестьянъ • • • • 1991 1/4 — — — — — — 13 40 — — 280 39 — — 1703 351/2 — — 1703 351/2 — прочихъ податныхъ сословій • • • • 1902 711/4 — — — — — — 214 43/4 — — 206 64 — — 1524 70 — — 1524 70 8., На межеваніе земель Съ государственныхъ крестьянъ • • • • 1286 30 2734 89 — — 40 281/4 42 1/4 78 323/4 334 473/4 2266 731/2 917 561/2 430 11 1347 671/2 — прочихъ податныхъ сословій • • • • 38 97 253 89 — — — 41/2 — 71/2 — 96 5 321/2 240 931/2 33 581/2 12 4 45 62 1/2 9., На пожарные случаи. Съ государственныхъ крестьянъ • • • • 1836 353/4 3646 52 — — 50 33 57 13 39 713/4 565 81/2 3044 761/4 1220 583/4 612 37 1832 953/4 — прочихъ податныхъ сословій • • • • 54 17 144 28 — — 2 671/2 3 53 1/2 7 431/2 394 773/4 83 691/2 75 47 55 82 1/2 131 291/2 10., Экономической суммы съ поселенцевъ полнаго и половиннаго окладовъ • • 9403 233/4 2669 55 — — 129 471/2 993 63 1/2 288 18 527 81 3/4 467 18 1/4 8213 691/4 1443 661/4 9657 351/2 11., Земскихъ сборовъ на государственныя повинности: а., съ торговыхъ свидѣтельствъ • • • • — — 3480 — — — 1485 75 — — 3480 — — — 1485 75 — — — — — — б., — податныхъ лицъ • • • • 60578 31 3/4 78275 7 — — 1391 331/2 7413 871/4 10389 661/4 13950 941/2 49936 61 3/4 40742 96 19340 121/2 60083 81/2 на губернскія повинности: а., съ торговыхъ свидѣтельствъ • • • • — — 2306 25 — — 882 5 — — 2306 25 — — 882 5 — — — — — — б., — податныхъ лицъ • • • • 84188 51 1/2106838 3/4 — — 1861 16 1/4 7689 98 5643 283/4 27628 53/4 79336 941/4 59596 943/4 23718 94 83315 883/4 на частныя повинности: На содержаніе сельской врачебной части съ податныхъ лицъ • • 5444 761/4 9487 93 — — 170 381/2 537 28 329 663/4 1954 53 1/2 6751 173/4 3330 693/4 2577 47 5908 16 3/4 Всего • 480228 453/4607018 453/4 — — 14465 33/4 51274 55 1/4 34173 60 137395 71 431469 31 1/2321987 111/2 155840 58 477827 691/2 II. Другихъ разныхъ взысканiйII. Другихъ разныхъ взысканiй По вѣдомству: — — Министерства Государственныхъ Имуществъ • • • 16952 52 1/4 — — — — — — 4382 20 — — 4689 43/4 — — 15970 88 — — 15970 88 Министерства Финансовъ: Департамента: Государственнаго казначейства. • • • 112902 331/4 — — — — — — 11023 24 1/4 — — 5762 65 1/4 — — 130082 82 1/4 — — 130082 82 1/4 ———————–неокладныхъ сборовъ • • • • 46990 251/4 — — — — — — 10508 4 — — 10536 391/2 — — 52398 343/4 — — 52398 343/4 ———————–горнаго • • • • 30 — — — — — — — — — — — 58 50 — — — — — — — — По кредитной части • • • 201014 891/2 — — — — — — — — — — 167 — — — 200847 891/2 — — 200847 891/2 Итого • 377890 1/4 — — — — — — 25913 481/4 — — 21213 791/2 — — 399299 941/2 — — 399299 941/2 Въ семъ числѣ взысканiй на отвѣтственности губернскаго начальства. По вѣдомству Министерства Государственныхъ Имуществъ • • • 16952 52 1/4 — — — — — — 4382 20 — — 4689 43/4 — — 15970 88 — — 15970 88 Министерства Финансовъ: Департамента: Государственнаго казначейства • • • 112902 331/4 — — — — — — 11023 24 1/4 — — 5762 65 1/4 — — 130082 82 1/4 — — 130082 82 1/4 ———————–неокладныхъ сборовъ • • • • 21375 101/4 — — — — — — 7219 331/4 — — 7648 41/2 — — 23746 73 — — 23746 73 ————————горнаго • • • • 30 — — — — — — — — — — — 58 50 — — — — — — — — По кредитной части • • • • 99573 83 — — — — — — — — — — 167 — — — 99406 83 — — 99406 83 Итого • 250833 783/4 — — — — — — 22624 771/2 — — 18325 24 1/2 — — 269207 261/4 — — 269207 261/4
d140;1871 года;;115 О податяхъ и недоимкахъ поО податяхъ и недоимкахъ по Енисейской губернiи за 1870 годъ.Енисейской губернiи за 1870 годъ. РОДЫ ПОДАТЕЙ . Слѣдовало поступить * причислено Исключено Взыскано Осталось къ 1-му Января 1871 года. Недоимокъ Оклада Недоимокъ Оклада Недоимокъ Оклада Недоимокъ Оклада Недоимокъ Оклада Всего Руб. Коп. Руб. Коп. Руб. Коп. Руб. Коп. Руб. Коп. Руб. Коп. Руб. Коп. Руб. Коп. Руб. Коп. Руб. Коп. Руб. Коп. I. Подати и окладные платежиI. Подати и окладные платежи 1., Оброчной подати и дополнительнаго къ ней сбора. Съ государственныхъ крестьянъ • • • • 134617 91/4251381 30 — — 4286 20 7491 З31/4 5111 103/449205 93 197733 65 1/2 78639 61 52822 733/4131462 343/4 — поселенцевъ полнаго оклада • • • • 51681 443/4 16296 58 — — 1404 171/4 6315 961/4 1734 871/2 3496 751/4 3665 263/4 46128 801/2 12300 61 58429 411/2 — поселенцевъ половиннаго оклада • • • • 26923 83 10793 75 — — 469 971/4 4231 53 1815 15 2592 413/4 2807 23 20282 74 6641 341/4 26924 81/4 — купцовъ и мѣшанъ, живущихъ въ селеніяхъ • • • 83 46 95 90 — — — — 6 171/2 14 371/2 8 341/4 44 62 1/2 69 83/4 36 90 105 983/4 213305 83 278567 53 — — 6160 341/2 18045 — 8675 503/4 55303 441/4204250 773/4145120 24 1/4 71801 59 216921 83 1/4 2., Подушной подати съ сословій, состоящихъ на общихъ окладахъ. а., Съ государственныхъ крестьянъ • • • • 53999 983/4 82570 50 — — 1133 55 4950 13 3/4 861 75 20140 331/2 67554 21 1/2 30070 62 1/2 15288 81/2 45358 71 б., — бывшихъ помѣщичьихъ крестьянъ • • • 79 81 1/2 — — — — — — — — — — — — — — 79 81 1/2 — — 79 81 1/2 в., — поселенцевъ полнаго оклада • • • • 15512 993/4 5352 30 — — 441 221/2 1825 35 582 201/4 1268 391/2 1253 52 3/4 13688 351/4 3957 791/2 17646 143/4 г., — поселенцевъ половиннаго оклада • • • 7655 453/4 3532 50 — — 143 91/2 1363 411/2 698 121/4 992 741/4 1158 62 1/2 5368 471/2 1818 843/4 7187 321/4 д., — купцовъ н мѣщанъ, живущихъ въ селеніяхъ • • • 29 70 31 50 — — — — 1 35 5 40 3 15 13 50 25 20 12 60 37 80 с., — крестьянъ, вышедшихъ изъ крѣпостной зависимости • • • 4 50 9 — — — — — — — — — 4 50 4 50 — — 4 50 4 50 ж., — городскихъ обывателей: — мѣщанъ • • • • 19057 451/4 17071 20 — — 382 80 187 79 110 40 11073 221/4 4060 461/4 7928 44 13283 13 3/4 21211 573/4 з., — осѣдлыхъ инородцевъ • • • • 381 50 1454 40 — — — — — 45 31 5 380 70 1301 85 1 35 121 50 122 85 96721 41 110021 40 — — 2100 67 8328 491/4 2288 92 1/2 33863 41/2 75346 68 57162 253/4 34486 461/2 91648 72 1/4 3., Половинно-оброчной подати и дополнительнаго къ ней сбора съ переселенцевъ Велико-Россійскихъ губерній. 901 201/4 1264 50 — — 113 931/4 7850 23/4 458 741/2 1524 413/4 528 283/4 703 941/4 391 40 1095 341/4 4., Однорублеваго сбора съ бывшихъ помѣщичьихъ крестьянъ • • 7 — 1 — — — — — — — — — — — — — 7 — 1 — 8 — 5., Податей разныхъ наименованій вмѣсто подушныхъ и оброчныхъ, съ кочевыхъ н ясачныхъ инородцевъ, въ 44 коп. подать — — 1950 8 — — — — — — — — — — 1950 8 — — — — — — 6., Общественнаго сбора Съ государственныхъ крестьянъ • • • • 2486 65 5469 78 — — 75 97 85 92 1/2 184 501/2 846 9 4426 61 1/4 1562 91 934 63 1/4 2497 541/4 — прочихъ податныхъ сословій • • • • 82 13/4 507 78 — — — 63 — 15 2 43 10 661/2 471 3 71 201/4 34 95 106 15 1/4 7., На обеспеченiе народнаго продовольствія. Съ государственныхъ крестьянъ • • • • 1991 1/4 — — — — — — 13 40 — — 280 39 — — 1703 351/2 — — 1703 351/2 — прочихъ податныхъ сословій • • • • 1902 711/4 — — — — — — 214 43/4 — — 206 64 — — 1524 70 — — 1524 70 8., На межеваніе земель Съ государственныхъ крестьянъ • • • • 1286 30 2734 89 — — 40 281/4 42 1/4 78 323/4 334 473/4 2266 731/2 917 561/2 430 11 1347 671/2 — прочихъ податныхъ сословій • • • • 38 97 253 89 — — — 41/2 — 71/2 — 96 5 321/2 240 931/2 33 581/2 12 4 45 62 1/2 9., На пожарные случаи. Съ государственныхъ крестьянъ • • • • 1836 353/4 3646 52 — — 50 33 57 13 39 713/4 565 81/2 3044 761/4 1220 583/4 612 37 1832 953/4 — прочихъ податныхъ сословій • • • • 54 17 144 28 — — 2 671/2 3 53 1/2 7 431/2 394 773/4 83 691/2 75 47 55 82 1/2 131 291/2 10., Экономической суммы съ поселенцевъ полнаго и половиннаго окладовъ • • 9403 233/4 2669 55 — — 129 471/2 993 63 1/2 288 18 527 81 3/4 467 18 1/4 8213 691/4 1443 661/4 9657 351/2 11., Земскихъ сборовъ на государственныя повинности: а., съ торговыхъ свидѣтельствъ • • • • — — 3480 — — — 1485 75 — — 3480 — — — 1485 75 — — — — — — б., — податныхъ лицъ • • • • 60578 31 3/4 78275 7 — — 1391 331/2 7413 871/4 10389 661/4 13950 941/2 49936 61 3/4 40742 96 19340 121/2 60083 81/2 на губернскія повинности: а., съ торговыхъ свидѣтельствъ • • • • — — 2306 25 — — 882 5 — — 2306 25 — — 882 5 — — — — — — б., — податныхъ лицъ • • • • 84188 51 1/2106838 3/4 — — 1861 16 1/4 7689 98 5643 283/4 27628 53/4 79336 941/4 59596 943/4 23718 94 83315 883/4 на частныя повинности: На содержаніе сельской врачебной части съ податныхъ лицъ • • 5444 761/4 9487 93 — — 170 381/2 537 28 329 663/4 1954 53 1/2 6751 173/4 3330 693/4 2577 47 5908 16 3/4 Всего • 480228 453/4607018 453/4 — — 14465 33/4 51274 55 1/4 34173 60 137395 71 431469 31 1/2321987 111/2 155840 58 477827 691/2 II. Другихъ разныхъ взысканiйII. Другихъ разныхъ взысканiй По вѣдомству: — — Министерства Государственныхъ Имуществъ • • • 16952 52 1/4 — — — — — — 4382 20 — — 4689 43/4 — — 15970 88 — — 15970 88 Министерства Финансовъ: Департамента: Государственнаго казначейства. • • • 112902 331/4 — — — — — — 11023 24 1/4 — — 5762 65 1/4 — — 130082 82 1/4 — — 130082 82 1/4 ———————–неокладныхъ сборовъ • • • • 46990 251/4 — — — — — — 10508 4 — — 10536 391/2 — — 52398 343/4 — — 52398 343/4 ———————–горнаго • • • • 30 — — — — — — — — — — — 58 50 — — — — — — — — По кредитной части • • • 201014 891/2 — — — — — — — — — — 167 — — — 200847 891/2 — — 200847 891/2 Итого • 377890 1/4 — — — — — — 25913 481/4 — — 21213 791/2 — — 399299 941/2 — — 399299 941/2 Въ семъ числѣ взысканiй на отвѣтственности губернскаго начальства. По вѣдомству Министерства Государственныхъ Имуществъ • • • 16952 52 1/4 — — — — — — 4382 20 — — 4689 43/4 — — 15970 88 — — 15970 88 Министерства Финансовъ: Департамента: Государственнаго казначейства • • • 112902 331/4 — — — — — — 11023 24 1/4 — — 5762 65 1/4 — — 130082 82 1/4 — — 130082 82 1/4 ———————–неокладныхъ сборовъ • • • • 21375 101/4 — — — — — — 7219 331/4 — — 7648 41/2 — — 23746 73 — — 23746 73 ————————горнаго • • • • 30 — — — — — — — — — — — 58 50 — — — — — — — — По кредитной части • • • • 99573 83 — — — — — — — — — — 167 — — — 99406 83 — — 99406 83 Итого • 250833 783/4 — — — — — — 22624 771/2 — — 18325 24 1/2 — — 269207 261/4 — — 269207 261/4
d141;1870 год;;119 Вѣдомость № 5. О ЧИСЛѢ И РОДѢ ПРЕСТУПЛЕНIЙ ВЪ ЕНИСЕЙСКОЙ ГУБЕРНIИ за 1870 год.за 1870 год. (Съ приложеніемъ о количествѣ арестантовъ.)
d142;1870 год;;119 Вѣдомость № 5. О ЧИСЛѢ И РОДѢ ПРЕСТУПЛЕНIЙ ВЪ ЕНИСЕЙСКОЙ ГУБЕРНIИ за 1870 год.за 1870 год. (Съ приложеніемъ о количествѣ арестантовъ.)
d143;1866 г.;;120 Родъ преступленiй Родъ преступленiй * ныхъ Въ томъ числѣВъ томъ числѣ Возрастъ преступниковъВозрастъ преступниковъ Дворянъ потомственныхъ Дворянъ личныхъ Почетныхъ гражданъ и купцовъ Мещанъ Крестьянъ Военнаго сословiя Инородцевъ Поселенцевъ Ссыльно-каторжныхъ Ниже 17— 17—20 21—30 31—40 41- 50 51-60 Свыше 60 ж. м. ж. м. ж. м. ж. м. ж. м. ж. м. ж. м. ж. м. ж. м. ж. м. ж. м. ж. м. ж. м. ж. м. м м. ж. м. ж. Отдѣленіе I.Отдѣленіе I. Объ отступленіи отъ вѣры и постановленій церкви, ст. 200—234 (Улож. 1866 г. ст. 184—209 и уст. о нак. ст. 38, 63, 64, 48 и 107.)2 — — — — — — — — 5 2 — — — — — — — — — — 2 1 2 1 1 — — — — — — — О святотатствѣ, ст. 253—269 (Улож. 1866 г. ст. 219—235 и уст. о нак. ст. 170 п. 1.) — — 2 — — — — — — 1 — 3 — — — 3 2 2 — — — — — — — 3 2 6 — — — — — — — По преступленіямъ, исчисленнымъ во II отдѣленіи, дѣлъ въ разсмотрѣніи не было. — — — — — — — — — — — — — — — — — — — — — — — — — — — — — — — — — — — Отдѣленіе III.Отдѣленіе III. О самовольномъ присвоеніи власти и составленіи подложныхъ указовъ и другихъ исходящихъ отъ Правительства бумагъ, ст. 329—341 (улож. 1866 г. ст. 289—301 и уст. о нак. ст. 34.) — — — — — — — — — — — — — — — — 1 — — — — — — — — — — — 1 — — — — — — — О похищеніи бумагъ или вещей изъ присутственныхъ мѣстъ и уничтоженіе постановленныхъ или приложенныхъ по распоряженію правительства знаковъ, ст. 343—347 (улож. 1866 г. ст. 303—307 и уст. о нак. ст. 32.) — — — — — — — — — — — — — — — — — 1 — — — — — — — 1 — — — — — — — — — О взломѣ тюрьмъ, уводѣ и побѣгѣ находящихся подъ стражею или надзоромъ, ст. 348—359 (улож. 1866 ст. 308—317 и уст. о нак. ст. 63.) — — — — — — — — — — — — — 2 — — — — — 2 — — — — — — — 1 — 3 — — — — — — — Отдѣленіе IV.Отдѣленіе IV. О преступленіяхъ и проступкахъ по службѣ Государственной и общественной, ст. 371—549, 782—795, 959—975, 1022—1031, 1068—1072, 1361—1364, 1396—1406, 1410—1414 и 1429 (улож 1866 г. ст. 329—504, 533—539, 707—714, 805—821, 822—830, 854, 855, 1004—1007, 1058—1065, 1068—1072 и уст. о нак. ст. 65, 66, 102, 154—168.) — — — 3 — 10 — 5 — 8 — 12 — — — — — — — — — — — — — — — 12 — 25 — 1 — — — Отдѣленіе V.Отдѣленіе V. О преступленіяхъ и проступкахъ противъ постановленій о повинностяхъ земскихъ ст. 593—598 (улож. 1866 г. ст. 540—545.)— — — — — — — — — 1 — — — — — — — — — — — — — — — 1 — — — — — — — Отдѣленіе VI.Отдѣленіе VI. О нарушеніи уставовъ монетныхъ, ст. 608—630 (улож. 1866 г. ст. 556—578.) — — 4 — — — — — — 6 — 18 3 — — — 1 1 — — — — — — — 8 2 5 2 12 — — — — — О нарушеніи постановленій по питейному сбору и акцизу, ст. 718—795 (улож. 1866 г. ст. 665—717.) — — — — — — — — 3 — 1 — — — — — 2 — — — — — — — 4 — 2 — — — — — — — Отдѣленіе VII.Отдѣленіе VII. О преступленіяхъ и проступкахъ противъ постановленій ограждающихъ народное здравіе, ст. 1044—115* (улож. 1866 г. ст. 831—900 и уст. о нак. ст. 55, 56, 102, 104—109, 112—16 и 173.) — — — 1 — — — — — — — — — 1 — — — — — — — — — — — — — 1 — — — — — — — — О возбужденіи къ начатію или продолженію противузаконныхъ исковъ и тяжбъ о лживыхъ доносахъ, лжесвидѣтельствѣ и ложныхъ показаніяхъ на повальныхъ обыскахъ, ст. 1205—1212 (улож. 1866 г. ст. 939—946.) — — — — — — — — — — — 1 — — — — — — — — — — — — — — — 1 — — — — — — — О бродяжествѣ, укрывательствѣ бѣглыхъ и нарушеніи постановленій о паспортахъ, ст. 1216—1272 (улож. 1866 г. ст. 950—983 и уст. о нак. ст. 29, 58, 60, 61, 62 и 77.) — — — — — — — — — — — — 4 — — — 6 — 21 — — — — — — — 5 — 8 — 8 — 8 — 2 — О противузаконномъ выдѣлываніи и храненіи оружія или пороха и нарушеніи другихъ правилъ осторожности, ст. 1295— 1328 (улож. 1866 г. ст. 986—989 и уст. о нак. ст. 29, 32, 117—126, 129 и 987.) — — — — — — — — — — — 6 — — — — — 1 — — — 3 — 3 — 1 — — — — — — — — — О преступленіяхъ противъ общественной нравственности, ст. 1336—1360 (улож. 1866 г. ст. 993—1003 уст. о нак. ст. 42— 45.)— — — — — — — — — — — — — — — 1 — — — — — — — — — 1 — — — — — — — О нарушеніи правилъ осторожности отъ пожаровъ, ст. 1429—1473 (улож. 1866 г. ст. 1076 и 1077 уст. о нак. ст. 29, 66, 88, 89, 80, 91, 93—98 и 117.) — — — — — — — — — — — — — 2 — — — — — 2 — — — — — — — — — 3 — 1 — — — — — По преступленіямъ, исчисленнымъ въ VIII отдѣленіи, дѣлъ въ разсмотрѣніи не было. — — — — — — — — — — — — — — — — — — — — — — — — — — — — — — — — — — — Отдѣленіе IХ.Отдѣленіе IХ. О смертоубійствѣ, ст. 1998—2020 (улож. 1866 г. ст. 1449—1471.) — — — 27 — — — — — — 17 4 25 12 6 3 5 6 9 2 2 — — — 4 — 13 10 26 15 20 2 1 — — — О самоубійствѣ, ст. 2021—2025 (улож. 1866 г. ст. 1472—1476.) — — — — — — — — — — — — 1 — — — — — — — — — — — — — 1 — — — — — — — — — О нанесеніи увѣчья, ранъ и другихъ поврежденій, ст. 2026—2047 (улож. 1866 г. ст. 1471—1496 и уст. о нак. ст. 129.)4 1 — — — — — 13 1 26 3 12 — 2 — — — — — — — 2 — 12 2 12 2 15 — 1* — 3 — О преступленіяхъ противъ чести и цѣломудрія женщинъ, ст. 2076—2085 (улож. 1866 г. ст. 1523—1532.) — — — — — — — — 1 — 5 — — — 4 — 2 — — — — — 1 — 3 — 5 — 3 — — — — — О личныхъ оскорбленіяхъ, ст. 2086—2094 (улож. 1860 г. ст. 1533 и 1534 и уст. о нак. ст. 130—135.) — 2 — — 1 — 2 — 6 1 4 — — — 2 — 1 1 — — — — — — 5 1 6 1 4 — 1 — — — О противузаконномъ задержаніи и заключеніи ст. 2103—2108 (улож. 1866 г. ст. 1540—1544 и уст. о нак. ст. 142.) — — — — — — — — — 2 — — — — — — — — — — — — — — — — — 2 — — — — — Отдѣленіе Х.Отдѣленіе Х. О преступленіяхъ противъ союза брачнаго, ст. 2118—2156 (улож. 1866 г. ст. 1549—1585.) — — 2 — — — — — — 1 1 — 1 — — — — — — — — — — — — 1 2 — — — — — — — — О преступленіи дѣтей противъ родителей, ст. 2162—2165 (улож. 1866 г. ст. 1591 и 1692 и уст. о нак. ст. 132 и 143.) 4 — — — — — — 2 1 6 — — — 3 — — 3 — — — — 8 3 3 1 — — — — — — — — Отдѣленіе ХI. Отдѣленіе ХI. О насильственномъ завладѣніи чужимъ недвижимымъ имуществомъ и о истребленіи граничныхъ межъ и знаков ст. 2173— 2184 (улож. 1866 г. ст. 1601—1605 и уст. о нак. ст. 142, 144, 145, 147—149, 152 и 155.) — — — — — — — — — 1 — 2 — 1 — — — — — — — — — — — 1 — 1 — 1 — — — 1 — О зажигательствѣ, ст. 2185—2195 (улож. 1866 г. ст. 1606—1615 и уст. о нак. ст. 98.) — — 6 — — — — — — 3 — 1 4 — — — — — 2 — — — — — — 1 2 3 3 1 — — — О разбоѣ, ст. 2208—2217 (улож. 1866 г. ст. 1627—636.) — — — 2 — — — — — — 4 1 12 1 3 — 4 — 8 — — — — — — — 14 2 16 — 1 — — — — — О грабежѣ, ст. 2218—2224 (улож. 1866 г. ст. 1637—1643.) — — — 8 — — — — — — 5 3 15 2 3 1 8 2 8 — — — — — 6 — 7 5 18 3 8 — — — — — О воровствѣ-кражѣ, ст. 2225—2251 (улож. 1866 г. ст. 1644—1664 и уст. о нак. ст. 169 и 170.) — — 11 — — — — — — 28 2 35 6 16 — 37 2 30 1 — — — — 15 3 25 5 56 3 36 — 6 — 8 — О воровствѣ-мошенничествѣ, ст. 2252—2267 (улож. 1866 г. ст. 1665—1676 и уст. о нак. ст. 173—175.) — — — — — — — — — 1 — — — — — — — — — — — — — 1 — — — — — — — — — О присвоеніи ввѣреннаго чужаго движимаго имущества, ст. 2272 (улож. 1866 г. ст. 1681, 1682 и уст. о наказ. ст. 177.)1 — — — — — — 2 — 2 1 — — 1 — — — — — — — — — 3 1 1 — 1 — — — — — О преступленіяхъ и проступкахъ по договорамъ и другимъ обязательствамъ, ст. 2278—2304 (улож. 1866 г. ст. 1688—1711 и уст. о нак. ст. 174 и 180.) — — — — — — — 4 — 6 — — — 3 — 2 — — — — — — — 8 — 4 — 2 — 1 — — — По происшествіямъ нечаяннымъ: по неосторожности и другимъ случаямъ, не отнесеннымъ къ вышеприведеннымъ родамъ и видамъ.— — — — — — — — — 1 — — — 1 — — — — — — — — — 1 — 1 — — — — — — — Итого — — 76 4 — 11 — 7 — 105 14 199 36 41 4 80 13 93 9 2 — 3 — 41 7 124 37 190 29 142 3 28 — 14 — Примѣчанiе:Примѣчанiе: Отъ 1869 г. оставалось арестантовъ: 3 м. 1 ж. об. пола 4. Въ 1870 г. поступило: 151 м. * пола 178. Въ 1870 г. выбыло: 143 м. 25 ж. об. пола 168. За тѣмъ къ 1871 г. осталось: 11 м. 3 ж. об. пола 14. * Столбец прошит Вѣрно: Гражданскiй Губернаторъ Лохвицкiй С в ѣрялъ исправляющій должность Секретаря Статистическаго Комитета Ловянъ
d144;1866 г.;;120 Родъ преступленiй Родъ преступленiй * ныхъ Въ томъ числѣВъ томъ числѣ Возрастъ преступниковъВозрастъ преступниковъ Дворянъ потомственныхъ Дворянъ личныхъ Почетныхъ гражданъ и купцовъ Мещанъ Крестьянъ Военнаго сословiя Инородцевъ Поселенцевъ Ссыльно-каторжныхъ Ниже 17— 17—20 21—30 31—40 41- 50 51-60 Свыше 60 ж. м. ж. м. ж. м. ж. м. ж. м. ж. м. ж. м. ж. м. ж. м. ж. м. ж. м. ж. м. ж. м. ж. м. м м. ж. м. ж. Отдѣленіе I.Отдѣленіе I. Объ отступленіи отъ вѣры и постановленій церкви, ст. 200—234 (Улож. 1866 г. ст. 184—209 и уст. о нак. ст. 38, 63, 64, 48 и 107.)2 — — — — — — — — 5 2 — — — — — — — — — — 2 1 2 1 1 — — — — — — — О святотатствѣ, ст. 253—269 (Улож. 1866 г. ст. 219—235 и уст. о нак. ст. 170 п. 1.) — — 2 — — — — — — 1 — 3 — — — 3 2 2 — — — — — — — 3 2 6 — — — — — — — По преступленіямъ, исчисленнымъ во II отдѣленіи, дѣлъ въ разсмотрѣніи не было. — — — — — — — — — — — — — — — — — — — — — — — — — — — — — — — — — — — Отдѣленіе III.Отдѣленіе III. О самовольномъ присвоеніи власти и составленіи подложныхъ указовъ и другихъ исходящихъ отъ Правительства бумагъ, ст. 329—341 (улож. 1866 г. ст. 289—301 и уст. о нак. ст. 34.) — — — — — — — — — — — — — — — — 1 — — — — — — — — — — — 1 — — — — — — — О похищеніи бумагъ или вещей изъ присутственныхъ мѣстъ и уничтоженіе постановленныхъ или приложенныхъ по распоряженію правительства знаковъ, ст. 343—347 (улож. 1866 г. ст. 303—307 и уст. о нак. ст. 32.) — — — — — — — — — — — — — — — — — 1 — — — — — — — 1 — — — — — — — — — О взломѣ тюрьмъ, уводѣ и побѣгѣ находящихся подъ стражею или надзоромъ, ст. 348—359 (улож. 1866 ст. 308—317 и уст. о нак. ст. 63.) — — — — — — — — — — — — — 2 — — — — — 2 — — — — — — — 1 — 3 — — — — — — — Отдѣленіе IV.Отдѣленіе IV. О преступленіяхъ и проступкахъ по службѣ Государственной и общественной, ст. 371—549, 782—795, 959—975, 1022—1031, 1068—1072, 1361—1364, 1396—1406, 1410—1414 и 1429 (улож 1866 г. ст. 329—504, 533—539, 707—714, 805—821, 822—830, 854, 855, 1004—1007, 1058—1065, 1068—1072 и уст. о нак. ст. 65, 66, 102, 154—168.) — — — 3 — 10 — 5 — 8 — 12 — — — — — — — — — — — — — — — 12 — 25 — 1 — — — Отдѣленіе V.Отдѣленіе V. О преступленіяхъ и проступкахъ противъ постановленій о повинностяхъ земскихъ ст. 593—598 (улож. 1866 г. ст. 540—545.)— — — — — — — — — 1 — — — — — — — — — — — — — — — 1 — — — — — — — Отдѣленіе VI.Отдѣленіе VI. О нарушеніи уставовъ монетныхъ, ст. 608—630 (улож. 1866 г. ст. 556—578.) — — 4 — — — — — — 6 — 18 3 — — — 1 1 — — — — — — — 8 2 5 2 12 — — — — — О нарушеніи постановленій по питейному сбору и акцизу, ст. 718—795 (улож. 1866 г. ст. 665—717.) — — — — — — — — 3 — 1 — — — — — 2 — — — — — — — 4 — 2 — — — — — — — Отдѣленіе VII.Отдѣленіе VII. О преступленіяхъ и проступкахъ противъ постановленій ограждающихъ народное здравіе, ст. 1044—115* (улож. 1866 г. ст. 831—900 и уст. о нак. ст. 55, 56, 102, 104—109, 112—16 и 173.) — — — 1 — — — — — — — — — 1 — — — — — — — — — — — — — 1 — — — — — — — — О возбужденіи къ начатію или продолженію противузаконныхъ исковъ и тяжбъ о лживыхъ доносахъ, лжесвидѣтельствѣ и ложныхъ показаніяхъ на повальныхъ обыскахъ, ст. 1205—1212 (улож. 1866 г. ст. 939—946.) — — — — — — — — — — — 1 — — — — — — — — — — — — — — — 1 — — — — — — — О бродяжествѣ, укрывательствѣ бѣглыхъ и нарушеніи постановленій о паспортахъ, ст. 1216—1272 (улож. 1866 г. ст. 950—983 и уст. о нак. ст. 29, 58, 60, 61, 62 и 77.) — — — — — — — — — — — — 4 — — — 6 — 21 — — — — — — — 5 — 8 — 8 — 8 — 2 — О противузаконномъ выдѣлываніи и храненіи оружія или пороха и нарушеніи другихъ правилъ осторожности, ст. 1295— 1328 (улож. 1866 г. ст. 986—989 и уст. о нак. ст. 29, 32, 117—126, 129 и 987.) — — — — — — — — — — — 6 — — — — — 1 — — — 3 — 3 — 1 — — — — — — — — — О преступленіяхъ противъ общественной нравственности, ст. 1336—1360 (улож. 1866 г. ст. 993—1003 уст. о нак. ст. 42— 45.)— — — — — — — — — — — — — — — 1 — — — — — — — — — 1 — — — — — — — О нарушеніи правилъ осторожности отъ пожаровъ, ст. 1429—1473 (улож. 1866 г. ст. 1076 и 1077 уст. о нак. ст. 29, 66, 88, 89, 80, 91, 93—98 и 117.) — — — — — — — — — — — — — 2 — — — — — 2 — — — — — — — — — 3 — 1 — — — — — По преступленіямъ, исчисленнымъ въ VIII отдѣленіи, дѣлъ въ разсмотрѣніи не было. — — — — — — — — — — — — — — — — — — — — — — — — — — — — — — — — — — — Отдѣленіе IХ.Отдѣленіе IХ. О смертоубійствѣ, ст. 1998—2020 (улож. 1866 г. ст. 1449—1471.) — — — 27 — — — — — — 17 4 25 12 6 3 5 6 9 2 2 — — — 4 — 13 10 26 15 20 2 1 — — — О самоубійствѣ, ст. 2021—2025 (улож. 1866 г. ст. 1472—1476.) — — — — — — — — — — — — 1 — — — — — — — — — — — — — 1 — — — — — — — — — О нанесеніи увѣчья, ранъ и другихъ поврежденій, ст. 2026—2047 (улож. 1866 г. ст. 1471—1496 и уст. о нак. ст. 129.)4 1 — — — — — 13 1 26 3 12 — 2 — — — — — — — 2 — 12 2 12 2 15 — 1* — 3 — О преступленіяхъ противъ чести и цѣломудрія женщинъ, ст. 2076—2085 (улож. 1866 г. ст. 1523—1532.) — — — — — — — — 1 — 5 — — — 4 — 2 — — — — — 1 — 3 — 5 — 3 — — — — — О личныхъ оскорбленіяхъ, ст. 2086—2094 (улож. 1860 г. ст. 1533 и 1534 и уст. о нак. ст. 130—135.) — 2 — — 1 — 2 — 6 1 4 — — — 2 — 1 1 — — — — — — 5 1 6 1 4 — 1 — — — О противузаконномъ задержаніи и заключеніи ст. 2103—2108 (улож. 1866 г. ст. 1540—1544 и уст. о нак. ст. 142.) — — — — — — — — — 2 — — — — — — — — — — — — — — — — — 2 — — — — — Отдѣленіе Х.Отдѣленіе Х. О преступленіяхъ противъ союза брачнаго, ст. 2118—2156 (улож. 1866 г. ст. 1549—1585.) — — 2 — — — — — — 1 1 — 1 — — — — — — — — — — — — 1 2 — — — — — — — — О преступленіи дѣтей противъ родителей, ст. 2162—2165 (улож. 1866 г. ст. 1591 и 1692 и уст. о нак. ст. 132 и 143.) 4 — — — — — — 2 1 6 — — — 3 — — 3 — — — — 8 3 3 1 — — — — — — — — Отдѣленіе ХI. Отдѣленіе ХI. О насильственномъ завладѣніи чужимъ недвижимымъ имуществомъ и о истребленіи граничныхъ межъ и знаков ст. 2173— 2184 (улож. 1866 г. ст. 1601—1605 и уст. о нак. ст. 142, 144, 145, 147—149, 152 и 155.) — — — — — — — — — 1 — 2 — 1 — — — — — — — — — — — 1 — 1 — 1 — — — 1 — О зажигательствѣ, ст. 2185—2195 (улож. 1866 г. ст. 1606—1615 и уст. о нак. ст. 98.) — — 6 — — — — — — 3 — 1 4 — — — — — 2 — — — — — — 1 2 3 3 1 — — — О разбоѣ, ст. 2208—2217 (улож. 1866 г. ст. 1627—636.) — — — 2 — — — — — — 4 1 12 1 3 — 4 — 8 — — — — — — — 14 2 16 — 1 — — — — — О грабежѣ, ст. 2218—2224 (улож. 1866 г. ст. 1637—1643.) — — — 8 — — — — — — 5 3 15 2 3 1 8 2 8 — — — — — 6 — 7 5 18 3 8 — — — — — О воровствѣ-кражѣ, ст. 2225—2251 (улож. 1866 г. ст. 1644—1664 и уст. о нак. ст. 169 и 170.) — — 11 — — — — — — 28 2 35 6 16 — 37 2 30 1 — — — — 15 3 25 5 56 3 36 — 6 — 8 — О воровствѣ-мошенничествѣ, ст. 2252—2267 (улож. 1866 г. ст. 1665—1676 и уст. о нак. ст. 173—175.) — — — — — — — — — 1 — — — — — — — — — — — — — 1 — — — — — — — — — О присвоеніи ввѣреннаго чужаго движимаго имущества, ст. 2272 (улож. 1866 г. ст. 1681, 1682 и уст. о наказ. ст. 177.)1 — — — — — — 2 — 2 1 — — 1 — — — — — — — — — 3 1 1 — 1 — — — — — О преступленіяхъ и проступкахъ по договорамъ и другимъ обязательствамъ, ст. 2278—2304 (улож. 1866 г. ст. 1688—1711 и уст. о нак. ст. 174 и 180.) — — — — — — — 4 — 6 — — — 3 — 2 — — — — — — — 8 — 4 — 2 — 1 — — — По происшествіямъ нечаяннымъ: по неосторожности и другимъ случаямъ, не отнесеннымъ къ вышеприведеннымъ родамъ и видамъ.— — — — — — — — — 1 — — — 1 — — — — — — — — — 1 — 1 — — — — — — — Итого — — 76 4 — 11 — 7 — 105 14 199 36 41 4 80 13 93 9 2 — 3 — 41 7 124 37 190 29 142 3 28 — 14 — Примѣчанiе:Примѣчанiе: Отъ 1869 г. оставалось арестантовъ: 3 м. 1 ж. об. пола 4. Въ 1870 г. поступило: 151 м. * пола 178. Въ 1870 г. выбыло: 143 м. 25 ж. об. пола 168. За тѣмъ къ 1871 г. осталось: 11 м. 3 ж. об. пола 14. * Столбец прошит Вѣрно: Гражданскiй Губернаторъ Лохвицкiй С в ѣрялъ исправляющій должность Секретаря Статистическаго Комитета Ловянъ
d145;1866 г.;;120 Родъ преступленiй Родъ преступленiй * ныхъ Въ томъ числѣВъ томъ числѣ Возрастъ преступниковъВозрастъ преступниковъ Дворянъ потомственныхъ Дворянъ личныхъ Почетныхъ гражданъ и купцовъ Мещанъ Крестьянъ Военнаго сословiя Инородцевъ Поселенцевъ Ссыльно-каторжныхъ Ниже 17— 17—20 21—30 31—40 41- 50 51-60 Свыше 60 ж. м. ж. м. ж. м. ж. м. ж. м. ж. м. ж. м. ж. м. ж. м. ж. м. ж. м. ж. м. ж. м. ж. м. м м. ж. м. ж. Отдѣленіе I.Отдѣленіе I. Объ отступленіи отъ вѣры и постановленій церкви, ст. 200—234 (Улож. 1866 г. ст. 184—209 и уст. о нак. ст. 38, 63, 64, 48 и 107.)2 — — — — — — — — 5 2 — — — — — — — — — — 2 1 2 1 1 — — — — — — — О святотатствѣ, ст. 253—269 (Улож. 1866 г. ст. 219—235 и уст. о нак. ст. 170 п. 1.) — — 2 — — — — — — 1 — 3 — — — 3 2 2 — — — — — — — 3 2 6 — — — — — — — По преступленіямъ, исчисленнымъ во II отдѣленіи, дѣлъ въ разсмотрѣніи не было. — — — — — — — — — — — — — — — — — — — — — — — — — — — — — — — — — — — Отдѣленіе III.Отдѣленіе III. О самовольномъ присвоеніи власти и составленіи подложныхъ указовъ и другихъ исходящихъ отъ Правительства бумагъ, ст. 329—341 (улож. 1866 г. ст. 289—301 и уст. о нак. ст. 34.) — — — — — — — — — — — — — — — — 1 — — — — — — — — — — — 1 — — — — — — — О похищеніи бумагъ или вещей изъ присутственныхъ мѣстъ и уничтоженіе постановленныхъ или приложенныхъ по распоряженію правительства знаковъ, ст. 343—347 (улож. 1866 г. ст. 303—307 и уст. о нак. ст. 32.) — — — — — — — — — — — — — — — — — 1 — — — — — — — 1 — — — — — — — — — О взломѣ тюрьмъ, уводѣ и побѣгѣ находящихся подъ стражею или надзоромъ, ст. 348—359 (улож. 1866 ст. 308—317 и уст. о нак. ст. 63.) — — — — — — — — — — — — — 2 — — — — — 2 — — — — — — — 1 — 3 — — — — — — — Отдѣленіе IV.Отдѣленіе IV. О преступленіяхъ и проступкахъ по службѣ Государственной и общественной, ст. 371—549, 782—795, 959—975, 1022—1031, 1068—1072, 1361—1364, 1396—1406, 1410—1414 и 1429 (улож 1866 г. ст. 329—504, 533—539, 707—714, 805—821, 822—830, 854, 855, 1004—1007, 1058—1065, 1068—1072 и уст. о нак. ст. 65, 66, 102, 154—168.) — — — 3 — 10 — 5 — 8 — 12 — — — — — — — — — — — — — — — 12 — 25 — 1 — — — Отдѣленіе V.Отдѣленіе V. О преступленіяхъ и проступкахъ противъ постановленій о повинностяхъ земскихъ ст. 593—598 (улож. 1866 г. ст. 540—545.)— — — — — — — — — 1 — — — — — — — — — — — — — — — 1 — — — — — — — Отдѣленіе VI.Отдѣленіе VI. О нарушеніи уставовъ монетныхъ, ст. 608—630 (улож. 1866 г. ст. 556—578.) — — 4 — — — — — — 6 — 18 3 — — — 1 1 — — — — — — — 8 2 5 2 12 — — — — — О нарушеніи постановленій по питейному сбору и акцизу, ст. 718—795 (улож. 1866 г. ст. 665—717.) — — — — — — — — 3 — 1 — — — — — 2 — — — — — — — 4 — 2 — — — — — — — Отдѣленіе VII.Отдѣленіе VII. О преступленіяхъ и проступкахъ противъ постановленій ограждающихъ народное здравіе, ст. 1044—115* (улож. 1866 г. ст. 831—900 и уст. о нак. ст. 55, 56, 102, 104—109, 112—16 и 173.) — — — 1 — — — — — — — — — 1 — — — — — — — — — — — — — 1 — — — — — — — — О возбужденіи къ начатію или продолженію противузаконныхъ исковъ и тяжбъ о лживыхъ доносахъ, лжесвидѣтельствѣ и ложныхъ показаніяхъ на повальныхъ обыскахъ, ст. 1205—1212 (улож. 1866 г. ст. 939—946.) — — — — — — — — — — — 1 — — — — — — — — — — — — — — — 1 — — — — — — — О бродяжествѣ, укрывательствѣ бѣглыхъ и нарушеніи постановленій о паспортахъ, ст. 1216—1272 (улож. 1866 г. ст. 950—983 и уст. о нак. ст. 29, 58, 60, 61, 62 и 77.) — — — — — — — — — — — — 4 — — — 6 — 21 — — — — — — — 5 — 8 — 8 — 8 — 2 — О противузаконномъ выдѣлываніи и храненіи оружія или пороха и нарушеніи другихъ правилъ осторожности, ст. 1295— 1328 (улож. 1866 г. ст. 986—989 и уст. о нак. ст. 29, 32, 117—126, 129 и 987.) — — — — — — — — — — — 6 — — — — — 1 — — — 3 — 3 — 1 — — — — — — — — — О преступленіяхъ противъ общественной нравственности, ст. 1336—1360 (улож. 1866 г. ст. 993—1003 уст. о нак. ст. 42— 45.)— — — — — — — — — — — — — — — 1 — — — — — — — — — 1 — — — — — — — О нарушеніи правилъ осторожности отъ пожаровъ, ст. 1429—1473 (улож. 1866 г. ст. 1076 и 1077 уст. о нак. ст. 29, 66, 88, 89, 80, 91, 93—98 и 117.) — — — — — — — — — — — — — 2 — — — — — 2 — — — — — — — — — 3 — 1 — — — — — По преступленіямъ, исчисленнымъ въ VIII отдѣленіи, дѣлъ въ разсмотрѣніи не было. — — — — — — — — — — — — — — — — — — — — — — — — — — — — — — — — — — — Отдѣленіе IХ.Отдѣленіе IХ. О смертоубійствѣ, ст. 1998—2020 (улож. 1866 г. ст. 1449—1471.) — — — 27 — — — — — — 17 4 25 12 6 3 5 6 9 2 2 — — — 4 — 13 10 26 15 20 2 1 — — — О самоубійствѣ, ст. 2021—2025 (улож. 1866 г. ст. 1472—1476.) — — — — — — — — — — — — 1 — — — — — — — — — — — — — 1 — — — — — — — — — О нанесеніи увѣчья, ранъ и другихъ поврежденій, ст. 2026—2047 (улож. 1866 г. ст. 1471—1496 и уст. о нак. ст. 129.)4 1 — — — — — 13 1 26 3 12 — 2 — — — — — — — 2 — 12 2 12 2 15 — 1* — 3 — О преступленіяхъ противъ чести и цѣломудрія женщинъ, ст. 2076—2085 (улож. 1866 г. ст. 1523—1532.) — — — — — — — — 1 — 5 — — — 4 — 2 — — — — — 1 — 3 — 5 — 3 — — — — — О личныхъ оскорбленіяхъ, ст. 2086—2094 (улож. 1860 г. ст. 1533 и 1534 и уст. о нак. ст. 130—135.) — 2 — — 1 — 2 — 6 1 4 — — — 2 — 1 1 — — — — — — 5 1 6 1 4 — 1 — — — О противузаконномъ задержаніи и заключеніи ст. 2103—2108 (улож. 1866 г. ст. 1540—1544 и уст. о нак. ст. 142.) — — — — — — — — — 2 — — — — — — — — — — — — — — — — — 2 — — — — — Отдѣленіе Х.Отдѣленіе Х. О преступленіяхъ противъ союза брачнаго, ст. 2118—2156 (улож. 1866 г. ст. 1549—1585.) — — 2 — — — — — — 1 1 — 1 — — — — — — — — — — — — 1 2 — — — — — — — — О преступленіи дѣтей противъ родителей, ст. 2162—2165 (улож. 1866 г. ст. 1591 и 1692 и уст. о нак. ст. 132 и 143.) 4 — — — — — — 2 1 6 — — — 3 — — 3 — — — — 8 3 3 1 — — — — — — — — Отдѣленіе ХI. Отдѣленіе ХI. О насильственномъ завладѣніи чужимъ недвижимымъ имуществомъ и о истребленіи граничныхъ межъ и знаков ст. 2173— 2184 (улож. 1866 г. ст. 1601—1605 и уст. о нак. ст. 142, 144, 145, 147—149, 152 и 155.) — — — — — — — — — 1 — 2 — 1 — — — — — — — — — — — 1 — 1 — 1 — — — 1 — О зажигательствѣ, ст. 2185—2195 (улож. 1866 г. ст. 1606—1615 и уст. о нак. ст. 98.) — — 6 — — — — — — 3 — 1 4 — — — — — 2 — — — — — — 1 2 3 3 1 — — — О разбоѣ, ст. 2208—2217 (улож. 1866 г. ст. 1627—636.) — — — 2 — — — — — — 4 1 12 1 3 — 4 — 8 — — — — — — — 14 2 16 — 1 — — — — — О грабежѣ, ст. 2218—2224 (улож. 1866 г. ст. 1637—1643.) — — — 8 — — — — — — 5 3 15 2 3 1 8 2 8 — — — — — 6 — 7 5 18 3 8 — — — — — О воровствѣ-кражѣ, ст. 2225—2251 (улож. 1866 г. ст. 1644—1664 и уст. о нак. ст. 169 и 170.) — — 11 — — — — — — 28 2 35 6 16 — 37 2 30 1 — — — — 15 3 25 5 56 3 36 — 6 — 8 — О воровствѣ-мошенничествѣ, ст. 2252—2267 (улож. 1866 г. ст. 1665—1676 и уст. о нак. ст. 173—175.) — — — — — — — — — 1 — — — — — — — — — — — — — 1 — — — — — — — — — О присвоеніи ввѣреннаго чужаго движимаго имущества, ст. 2272 (улож. 1866 г. ст. 1681, 1682 и уст. о наказ. ст. 177.)1 — — — — — — 2 — 2 1 — — 1 — — — — — — — — — 3 1 1 — 1 — — — — — О преступленіяхъ и проступкахъ по договорамъ и другимъ обязательствамъ, ст. 2278—2304 (улож. 1866 г. ст. 1688—1711 и уст. о нак. ст. 174 и 180.) — — — — — — — 4 — 6 — — — 3 — 2 — — — — — — — 8 — 4 — 2 — 1 — — — По происшествіямъ нечаяннымъ: по неосторожности и другимъ случаямъ, не отнесеннымъ къ вышеприведеннымъ родамъ и видамъ.— — — — — — — — — 1 — — — 1 — — — — — — — — — 1 — 1 — — — — — — — Итого — — 76 4 — 11 — 7 — 105 14 199 36 41 4 80 13 93 9 2 — 3 — 41 7 124 37 190 29 142 3 28 — 14 — Примѣчанiе:Примѣчанiе: Отъ 1869 г. оставалось арестантовъ: 3 м. 1 ж. об. пола 4. Въ 1870 г. поступило: 151 м. * пола 178. Въ 1870 г. выбыло: 143 м. 25 ж. об. пола 168. За тѣмъ къ 1871 г. осталось: 11 м. 3 ж. об. пола 14. * Столбец прошит Вѣрно: Гражданскiй Губернаторъ Лохвицкiй С в ѣрялъ исправляющій должность Секретаря Статистическаго Комитета Ловянъ
d146;1866 г.;;120 Родъ преступленiй Родъ преступленiй * ныхъ Въ томъ числѣВъ томъ числѣ Возрастъ преступниковъВозрастъ преступниковъ Дворянъ потомственныхъ Дворянъ личныхъ Почетныхъ гражданъ и купцовъ Мещанъ Крестьянъ Военнаго сословiя Инородцевъ Поселенцевъ Ссыльно-каторжныхъ Ниже 17— 17—20 21—30 31—40 41- 50 51-60 Свыше 60 ж. м. ж. м. ж. м. ж. м. ж. м. ж. м. ж. м. ж. м. ж. м. ж. м. ж. м. ж. м. ж. м. ж. м. м м. ж. м. ж. Отдѣленіе I.Отдѣленіе I. Объ отступленіи отъ вѣры и постановленій церкви, ст. 200—234 (Улож. 1866 г. ст. 184—209 и уст. о нак. ст. 38, 63, 64, 48 и 107.)2 — — — — — — — — 5 2 — — — — — — — — — — 2 1 2 1 1 — — — — — — — О святотатствѣ, ст. 253—269 (Улож. 1866 г. ст. 219—235 и уст. о нак. ст. 170 п. 1.) — — 2 — — — — — — 1 — 3 — — — 3 2 2 — — — — — — — 3 2 6 — — — — — — — По преступленіямъ, исчисленнымъ во II отдѣленіи, дѣлъ въ разсмотрѣніи не было. — — — — — — — — — — — — — — — — — — — — — — — — — — — — — — — — — — — Отдѣленіе III.Отдѣленіе III. О самовольномъ присвоеніи власти и составленіи подложныхъ указовъ и другихъ исходящихъ отъ Правительства бумагъ, ст. 329—341 (улож. 1866 г. ст. 289—301 и уст. о нак. ст. 34.) — — — — — — — — — — — — — — — — 1 — — — — — — — — — — — 1 — — — — — — — О похищеніи бумагъ или вещей изъ присутственныхъ мѣстъ и уничтоженіе постановленныхъ или приложенныхъ по распоряженію правительства знаковъ, ст. 343—347 (улож. 1866 г. ст. 303—307 и уст. о нак. ст. 32.) — — — — — — — — — — — — — — — — — 1 — — — — — — — 1 — — — — — — — — — О взломѣ тюрьмъ, уводѣ и побѣгѣ находящихся подъ стражею или надзоромъ, ст. 348—359 (улож. 1866 ст. 308—317 и уст. о нак. ст. 63.) — — — — — — — — — — — — — 2 — — — — — 2 — — — — — — — 1 — 3 — — — — — — — Отдѣленіе IV.Отдѣленіе IV. О преступленіяхъ и проступкахъ по службѣ Государственной и общественной, ст. 371—549, 782—795, 959—975, 1022—1031, 1068—1072, 1361—1364, 1396—1406, 1410—1414 и 1429 (улож 1866 г. ст. 329—504, 533—539, 707—714, 805—821, 822—830, 854, 855, 1004—1007, 1058—1065, 1068—1072 и уст. о нак. ст. 65, 66, 102, 154—168.) — — — 3 — 10 — 5 — 8 — 12 — — — — — — — — — — — — — — — 12 — 25 — 1 — — — Отдѣленіе V.Отдѣленіе V. О преступленіяхъ и проступкахъ противъ постановленій о повинностяхъ земскихъ ст. 593—598 (улож. 1866 г. ст. 540—545.)— — — — — — — — — 1 — — — — — — — — — — — — — — — 1 — — — — — — — Отдѣленіе VI.Отдѣленіе VI. О нарушеніи уставовъ монетныхъ, ст. 608—630 (улож. 1866 г. ст. 556—578.) — — 4 — — — — — — 6 — 18 3 — — — 1 1 — — — — — — — 8 2 5 2 12 — — — — — О нарушеніи постановленій по питейному сбору и акцизу, ст. 718—795 (улож. 1866 г. ст. 665—717.) — — — — — — — — 3 — 1 — — — — — 2 — — — — — — — 4 — 2 — — — — — — — Отдѣленіе VII.Отдѣленіе VII. О преступленіяхъ и проступкахъ противъ постановленій ограждающихъ народное здравіе, ст. 1044—115* (улож. 1866 г. ст. 831—900 и уст. о нак. ст. 55, 56, 102, 104—109, 112—16 и 173.) — — — 1 — — — — — — — — — 1 — — — — — — — — — — — — — 1 — — — — — — — — О возбужденіи къ начатію или продолженію противузаконныхъ исковъ и тяжбъ о лживыхъ доносахъ, лжесвидѣтельствѣ и ложныхъ показаніяхъ на повальныхъ обыскахъ, ст. 1205—1212 (улож. 1866 г. ст. 939—946.) — — — — — — — — — — — 1 — — — — — — — — — — — — — — — 1 — — — — — — — О бродяжествѣ, укрывательствѣ бѣглыхъ и нарушеніи постановленій о паспортахъ, ст. 1216—1272 (улож. 1866 г. ст. 950—983 и уст. о нак. ст. 29, 58, 60, 61, 62 и 77.) — — — — — — — — — — — — 4 — — — 6 — 21 — — — — — — — 5 — 8 — 8 — 8 — 2 — О противузаконномъ выдѣлываніи и храненіи оружія или пороха и нарушеніи другихъ правилъ осторожности, ст. 1295— 1328 (улож. 1866 г. ст. 986—989 и уст. о нак. ст. 29, 32, 117—126, 129 и 987.) — — — — — — — — — — — 6 — — — — — 1 — — — 3 — 3 — 1 — — — — — — — — — О преступленіяхъ противъ общественной нравственности, ст. 1336—1360 (улож. 1866 г. ст. 993—1003 уст. о нак. ст. 42— 45.)— — — — — — — — — — — — — — — 1 — — — — — — — — — 1 — — — — — — — О нарушеніи правилъ осторожности отъ пожаровъ, ст. 1429—1473 (улож. 1866 г. ст. 1076 и 1077 уст. о нак. ст. 29, 66, 88, 89, 80, 91, 93—98 и 117.) — — — — — — — — — — — — — 2 — — — — — 2 — — — — — — — — — 3 — 1 — — — — — По преступленіямъ, исчисленнымъ въ VIII отдѣленіи, дѣлъ въ разсмотрѣніи не было. — — — — — — — — — — — — — — — — — — — — — — — — — — — — — — — — — — — Отдѣленіе IХ.Отдѣленіе IХ. О смертоубійствѣ, ст. 1998—2020 (улож. 1866 г. ст. 1449—1471.) — — — 27 — — — — — — 17 4 25 12 6 3 5 6 9 2 2 — — — 4 — 13 10 26 15 20 2 1 — — — О самоубійствѣ, ст. 2021—2025 (улож. 1866 г. ст. 1472—1476.) — — — — — — — — — — — — 1 — — — — — — — — — — — — — 1 — — — — — — — — — О нанесеніи увѣчья, ранъ и другихъ поврежденій, ст. 2026—2047 (улож. 1866 г. ст. 1471—1496 и уст. о нак. ст. 129.)4 1 — — — — — 13 1 26 3 12 — 2 — — — — — — — 2 — 12 2 12 2 15 — 1* — 3 — О преступленіяхъ противъ чести и цѣломудрія женщинъ, ст. 2076—2085 (улож. 1866 г. ст. 1523—1532.) — — — — — — — — 1 — 5 — — — 4 — 2 — — — — — 1 — 3 — 5 — 3 — — — — — О личныхъ оскорбленіяхъ, ст. 2086—2094 (улож. 1860 г. ст. 1533 и 1534 и уст. о нак. ст. 130—135.) — 2 — — 1 — 2 — 6 1 4 — — — 2 — 1 1 — — — — — — 5 1 6 1 4 — 1 — — — О противузаконномъ задержаніи и заключеніи ст. 2103—2108 (улож. 1866 г. ст. 1540—1544 и уст. о нак. ст. 142.) — — — — — — — — — 2 — — — — — — — — — — — — — — — — — 2 — — — — — Отдѣленіе Х.Отдѣленіе Х. О преступленіяхъ противъ союза брачнаго, ст. 2118—2156 (улож. 1866 г. ст. 1549—1585.) — — 2 — — — — — — 1 1 — 1 — — — — — — — — — — — — 1 2 — — — — — — — — О преступленіи дѣтей противъ родителей, ст. 2162—2165 (улож. 1866 г. ст. 1591 и 1692 и уст. о нак. ст. 132 и 143.) 4 — — — — — — 2 1 6 — — — 3 — — 3 — — — — 8 3 3 1 — — — — — — — — Отдѣленіе ХI. Отдѣленіе ХI. О насильственномъ завладѣніи чужимъ недвижимымъ имуществомъ и о истребленіи граничныхъ межъ и знаков ст. 2173— 2184 (улож. 1866 г. ст. 1601—1605 и уст. о нак. ст. 142, 144, 145, 147—149, 152 и 155.) — — — — — — — — — 1 — 2 — 1 — — — — — — — — — — — 1 — 1 — 1 — — — 1 — О зажигательствѣ, ст. 2185—2195 (улож. 1866 г. ст. 1606—1615 и уст. о нак. ст. 98.) — — 6 — — — — — — 3 — 1 4 — — — — — 2 — — — — — — 1 2 3 3 1 — — — О разбоѣ, ст. 2208—2217 (улож. 1866 г. ст. 1627—636.) — — — 2 — — — — — — 4 1 12 1 3 — 4 — 8 — — — — — — — 14 2 16 — 1 — — — — — О грабежѣ, ст. 2218—2224 (улож. 1866 г. ст. 1637—1643.) — — — 8 — — — — — — 5 3 15 2 3 1 8 2 8 — — — — — 6 — 7 5 18 3 8 — — — — — О воровствѣ-кражѣ, ст. 2225—2251 (улож. 1866 г. ст. 1644—1664 и уст. о нак. ст. 169 и 170.) — — 11 — — — — — — 28 2 35 6 16 — 37 2 30 1 — — — — 15 3 25 5 56 3 36 — 6 — 8 — О воровствѣ-мошенничествѣ, ст. 2252—2267 (улож. 1866 г. ст. 1665—1676 и уст. о нак. ст. 173—175.) — — — — — — — — — 1 — — — — — — — — — — — — — 1 — — — — — — — — — О присвоеніи ввѣреннаго чужаго движимаго имущества, ст. 2272 (улож. 1866 г. ст. 1681, 1682 и уст. о наказ. ст. 177.)1 — — — — — — 2 — 2 1 — — 1 — — — — — — — — — 3 1 1 — 1 — — — — — О преступленіяхъ и проступкахъ по договорамъ и другимъ обязательствамъ, ст. 2278—2304 (улож. 1866 г. ст. 1688—1711 и уст. о нак. ст. 174 и 180.) — — — — — — — 4 — 6 — — — 3 — 2 — — — — — — — 8 — 4 — 2 — 1 — — — По происшествіямъ нечаяннымъ: по неосторожности и другимъ случаямъ, не отнесеннымъ къ вышеприведеннымъ родамъ и видамъ.— — — — — — — — — 1 — — — 1 — — — — — — — — — 1 — 1 — — — — — — — Итого — — 76 4 — 11 — 7 — 105 14 199 36 41 4 80 13 93 9 2 — 3 — 41 7 124 37 190 29 142 3 28 — 14 — Примѣчанiе:Примѣчанiе: Отъ 1869 г. оставалось арестантовъ: 3 м. 1 ж. об. пола 4. Въ 1870 г. поступило: 151 м. * пола 178. Въ 1870 г. выбыло: 143 м. 25 ж. об. пола 168. За тѣмъ къ 1871 г. осталось: 11 м. 3 ж. об. пола 14. * Столбец прошит Вѣрно: Гражданскiй Губернаторъ Лохвицкiй С в ѣрялъ исправляющій должность Секретаря Статистическаго Комитета Ловянъ
d147;1866 г.;;120 Родъ преступленiй Родъ преступленiй * ныхъ Въ томъ числѣВъ томъ числѣ Возрастъ преступниковъВозрастъ преступниковъ Дворянъ потомственныхъ Дворянъ личныхъ Почетныхъ гражданъ и купцовъ Мещанъ Крестьянъ Военнаго сословiя Инородцевъ Поселенцевъ Ссыльно-каторжныхъ Ниже 17— 17—20 21—30 31—40 41- 50 51-60 Свыше 60 ж. м. ж. м. ж. м. ж. м. ж. м. ж. м. ж. м. ж. м. ж. м. ж. м. ж. м. ж. м. ж. м. ж. м. м м. ж. м. ж. Отдѣленіе I.Отдѣленіе I. Объ отступленіи отъ вѣры и постановленій церкви, ст. 200—234 (Улож. 1866 г. ст. 184—209 и уст. о нак. ст. 38, 63, 64, 48 и 107.)2 — — — — — — — — 5 2 — — — — — — — — — — 2 1 2 1 1 — — — — — — — О святотатствѣ, ст. 253—269 (Улож. 1866 г. ст. 219—235 и уст. о нак. ст. 170 п. 1.) — — 2 — — — — — — 1 — 3 — — — 3 2 2 — — — — — — — 3 2 6 — — — — — — — По преступленіямъ, исчисленнымъ во II отдѣленіи, дѣлъ въ разсмотрѣніи не было. — — — — — — — — — — — — — — — — — — — — — — — — — — — — — — — — — — — Отдѣленіе III.Отдѣленіе III. О самовольномъ присвоеніи власти и составленіи подложныхъ указовъ и другихъ исходящихъ отъ Правительства бумагъ, ст. 329—341 (улож. 1866 г. ст. 289—301 и уст. о нак. ст. 34.) — — — — — — — — — — — — — — — — 1 — — — — — — — — — — — 1 — — — — — — — О похищеніи бумагъ или вещей изъ присутственныхъ мѣстъ и уничтоженіе постановленныхъ или приложенныхъ по распоряженію правительства знаковъ, ст. 343—347 (улож. 1866 г. ст. 303—307 и уст. о нак. ст. 32.) — — — — — — — — — — — — — — — — — 1 — — — — — — — 1 — — — — — — — — — О взломѣ тюрьмъ, уводѣ и побѣгѣ находящихся подъ стражею или надзоромъ, ст. 348—359 (улож. 1866 ст. 308—317 и уст. о нак. ст. 63.) — — — — — — — — — — — — — 2 — — — — — 2 — — — — — — — 1 — 3 — — — — — — — Отдѣленіе IV.Отдѣленіе IV. О преступленіяхъ и проступкахъ по службѣ Государственной и общественной, ст. 371—549, 782—795, 959—975, 1022—1031, 1068—1072, 1361—1364, 1396—1406, 1410—1414 и 1429 (улож 1866 г. ст. 329—504, 533—539, 707—714, 805—821, 822—830, 854, 855, 1004—1007, 1058—1065, 1068—1072 и уст. о нак. ст. 65, 66, 102, 154—168.) — — — 3 — 10 — 5 — 8 — 12 — — — — — — — — — — — — — — — 12 — 25 — 1 — — — Отдѣленіе V.Отдѣленіе V. О преступленіяхъ и проступкахъ противъ постановленій о повинностяхъ земскихъ ст. 593—598 (улож. 1866 г. ст. 540—545.)— — — — — — — — — 1 — — — — — — — — — — — — — — — 1 — — — — — — — Отдѣленіе VI.Отдѣленіе VI. О нарушеніи уставовъ монетныхъ, ст. 608—630 (улож. 1866 г. ст. 556—578.) — — 4 — — — — — — 6 — 18 3 — — — 1 1 — — — — — — — 8 2 5 2 12 — — — — — О нарушеніи постановленій по питейному сбору и акцизу, ст. 718—795 (улож. 1866 г. ст. 665—717.) — — — — — — — — 3 — 1 — — — — — 2 — — — — — — — 4 — 2 — — — — — — — Отдѣленіе VII.Отдѣленіе VII. О преступленіяхъ и проступкахъ противъ постановленій ограждающихъ народное здравіе, ст. 1044—115* (улож. 1866 г. ст. 831—900 и уст. о нак. ст. 55, 56, 102, 104—109, 112—16 и 173.) — — — 1 — — — — — — — — — 1 — — — — — — — — — — — — — 1 — — — — — — — — О возбужденіи къ начатію или продолженію противузаконныхъ исковъ и тяжбъ о лживыхъ доносахъ, лжесвидѣтельствѣ и ложныхъ показаніяхъ на повальныхъ обыскахъ, ст. 1205—1212 (улож. 1866 г. ст. 939—946.) — — — — — — — — — — — 1 — — — — — — — — — — — — — — — 1 — — — — — — — О бродяжествѣ, укрывательствѣ бѣглыхъ и нарушеніи постановленій о паспортахъ, ст. 1216—1272 (улож. 1866 г. ст. 950—983 и уст. о нак. ст. 29, 58, 60, 61, 62 и 77.) — — — — — — — — — — — — 4 — — — 6 — 21 — — — — — — — 5 — 8 — 8 — 8 — 2 — О противузаконномъ выдѣлываніи и храненіи оружія или пороха и нарушеніи другихъ правилъ осторожности, ст. 1295— 1328 (улож. 1866 г. ст. 986—989 и уст. о нак. ст. 29, 32, 117—126, 129 и 987.) — — — — — — — — — — — 6 — — — — — 1 — — — 3 — 3 — 1 — — — — — — — — — О преступленіяхъ противъ общественной нравственности, ст. 1336—1360 (улож. 1866 г. ст. 993—1003 уст. о нак. ст. 42— 45.)— — — — — — — — — — — — — — — 1 — — — — — — — — — 1 — — — — — — — О нарушеніи правилъ осторожности отъ пожаровъ, ст. 1429—1473 (улож. 1866 г. ст. 1076 и 1077 уст. о нак. ст. 29, 66, 88, 89, 80, 91, 93—98 и 117.) — — — — — — — — — — — — — 2 — — — — — 2 — — — — — — — — — 3 — 1 — — — — — По преступленіямъ, исчисленнымъ въ VIII отдѣленіи, дѣлъ въ разсмотрѣніи не было. — — — — — — — — — — — — — — — — — — — — — — — — — — — — — — — — — — — Отдѣленіе IХ.Отдѣленіе IХ. О смертоубійствѣ, ст. 1998—2020 (улож. 1866 г. ст. 1449—1471.) — — — 27 — — — — — — 17 4 25 12 6 3 5 6 9 2 2 — — — 4 — 13 10 26 15 20 2 1 — — — О самоубійствѣ, ст. 2021—2025 (улож. 1866 г. ст. 1472—1476.) — — — — — — — — — — — — 1 — — — — — — — — — — — — — 1 — — — — — — — — — О нанесеніи увѣчья, ранъ и другихъ поврежденій, ст. 2026—2047 (улож. 1866 г. ст. 1471—1496 и уст. о нак. ст. 129.)4 1 — — — — — 13 1 26 3 12 — 2 — — — — — — — 2 — 12 2 12 2 15 — 1* — 3 — О преступленіяхъ противъ чести и цѣломудрія женщинъ, ст. 2076—2085 (улож. 1866 г. ст. 1523—1532.) — — — — — — — — 1 — 5 — — — 4 — 2 — — — — — 1 — 3 — 5 — 3 — — — — — О личныхъ оскорбленіяхъ, ст. 2086—2094 (улож. 1860 г. ст. 1533 и 1534 и уст. о нак. ст. 130—135.) — 2 — — 1 — 2 — 6 1 4 — — — 2 — 1 1 — — — — — — 5 1 6 1 4 — 1 — — — О противузаконномъ задержаніи и заключеніи ст. 2103—2108 (улож. 1866 г. ст. 1540—1544 и уст. о нак. ст. 142.) — — — — — — — — — 2 — — — — — — — — — — — — — — — — — 2 — — — — — Отдѣленіе Х.Отдѣленіе Х. О преступленіяхъ противъ союза брачнаго, ст. 2118—2156 (улож. 1866 г. ст. 1549—1585.) — — 2 — — — — — — 1 1 — 1 — — — — — — — — — — — — 1 2 — — — — — — — — О преступленіи дѣтей противъ родителей, ст. 2162—2165 (улож. 1866 г. ст. 1591 и 1692 и уст. о нак. ст. 132 и 143.) 4 — — — — — — 2 1 6 — — — 3 — — 3 — — — — 8 3 3 1 — — — — — — — — Отдѣленіе ХI. Отдѣленіе ХI. О насильственномъ завладѣніи чужимъ недвижимымъ имуществомъ и о истребленіи граничныхъ межъ и знаков ст. 2173— 2184 (улож. 1866 г. ст. 1601—1605 и уст. о нак. ст. 142, 144, 145, 147—149, 152 и 155.) — — — — — — — — — 1 — 2 — 1 — — — — — — — — — — — 1 — 1 — 1 — — — 1 — О зажигательствѣ, ст. 2185—2195 (улож. 1866 г. ст. 1606—1615 и уст. о нак. ст. 98.) — — 6 — — — — — — 3 — 1 4 — — — — — 2 — — — — — — 1 2 3 3 1 — — — О разбоѣ, ст. 2208—2217 (улож. 1866 г. ст. 1627—636.) — — — 2 — — — — — — 4 1 12 1 3 — 4 — 8 — — — — — — — 14 2 16 — 1 — — — — — О грабежѣ, ст. 2218—2224 (улож. 1866 г. ст. 1637—1643.) — — — 8 — — — — — — 5 3 15 2 3 1 8 2 8 — — — — — 6 — 7 5 18 3 8 — — — — — О воровствѣ-кражѣ, ст. 2225—2251 (улож. 1866 г. ст. 1644—1664 и уст. о нак. ст. 169 и 170.) — — 11 — — — — — — 28 2 35 6 16 — 37 2 30 1 — — — — 15 3 25 5 56 3 36 — 6 — 8 — О воровствѣ-мошенничествѣ, ст. 2252—2267 (улож. 1866 г. ст. 1665—1676 и уст. о нак. ст. 173—175.) — — — — — — — — — 1 — — — — — — — — — — — — — 1 — — — — — — — — — О присвоеніи ввѣреннаго чужаго движимаго имущества, ст. 2272 (улож. 1866 г. ст. 1681, 1682 и уст. о наказ. ст. 177.)1 — — — — — — 2 — 2 1 — — 1 — — — — — — — — — 3 1 1 — 1 — — — — — О преступленіяхъ и проступкахъ по договорамъ и другимъ обязательствамъ, ст. 2278—2304 (улож. 1866 г. ст. 1688—1711 и уст. о нак. ст. 174 и 180.) — — — — — — — 4 — 6 — — — 3 — 2 — — — — — — — 8 — 4 — 2 — 1 — — — По происшествіямъ нечаяннымъ: по неосторожности и другимъ случаямъ, не отнесеннымъ къ вышеприведеннымъ родамъ и видамъ.— — — — — — — — — 1 — — — 1 — — — — — — — — — 1 — 1 — — — — — — — Итого — — 76 4 — 11 — 7 — 105 14 199 36 41 4 80 13 93 9 2 — 3 — 41 7 124 37 190 29 142 3 28 — 14 — Примѣчанiе:Примѣчанiе: Отъ 1869 г. оставалось арестантовъ: 3 м. 1 ж. об. пола 4. Въ 1870 г. поступило: 151 м. * пола 178. Въ 1870 г. выбыло: 143 м. 25 ж. об. пола 168. За тѣмъ къ 1871 г. осталось: 11 м. 3 ж. об. пола 14. * Столбец прошит Вѣрно: Гражданскiй Губернаторъ Лохвицкiй С в ѣрялъ исправляющій должность Секретаря Статистическаго Комитета Ловянъ
d148;1866 г.;;120 Родъ преступленiй Родъ преступленiй * ныхъ Въ томъ числѣВъ томъ числѣ Возрастъ преступниковъВозрастъ преступниковъ Дворянъ потомственныхъ Дворянъ личныхъ Почетныхъ гражданъ и купцовъ Мещанъ Крестьянъ Военнаго сословiя Инородцевъ Поселенцевъ Ссыльно-каторжныхъ Ниже 17— 17—20 21—30 31—40 41- 50 51-60 Свыше 60 ж. м. ж. м. ж. м. ж. м. ж. м. ж. м. ж. м. ж. м. ж. м. ж. м. ж. м. ж. м. ж. м. ж. м. м м. ж. м. ж. Отдѣленіе I.Отдѣленіе I. Объ отступленіи отъ вѣры и постановленій церкви, ст. 200—234 (Улож. 1866 г. ст. 184—209 и уст. о нак. ст. 38, 63, 64, 48 и 107.)2 — — — — — — — — 5 2 — — — — — — — — — — 2 1 2 1 1 — — — — — — — О святотатствѣ, ст. 253—269 (Улож. 1866 г. ст. 219—235 и уст. о нак. ст. 170 п. 1.) — — 2 — — — — — — 1 — 3 — — — 3 2 2 — — — — — — — 3 2 6 — — — — — — — По преступленіямъ, исчисленнымъ во II отдѣленіи, дѣлъ въ разсмотрѣніи не было. — — — — — — — — — — — — — — — — — — — — — — — — — — — — — — — — — — — Отдѣленіе III.Отдѣленіе III. О самовольномъ присвоеніи власти и составленіи подложныхъ указовъ и другихъ исходящихъ отъ Правительства бумагъ, ст. 329—341 (улож. 1866 г. ст. 289—301 и уст. о нак. ст. 34.) — — — — — — — — — — — — — — — — 1 — — — — — — — — — — — 1 — — — — — — — О похищеніи бумагъ или вещей изъ присутственныхъ мѣстъ и уничтоженіе постановленныхъ или приложенныхъ по распоряженію правительства знаковъ, ст. 343—347 (улож. 1866 г. ст. 303—307 и уст. о нак. ст. 32.) — — — — — — — — — — — — — — — — — 1 — — — — — — — 1 — — — — — — — — — О взломѣ тюрьмъ, уводѣ и побѣгѣ находящихся подъ стражею или надзоромъ, ст. 348—359 (улож. 1866 ст. 308—317 и уст. о нак. ст. 63.) — — — — — — — — — — — — — 2 — — — — — 2 — — — — — — — 1 — 3 — — — — — — — Отдѣленіе IV.Отдѣленіе IV. О преступленіяхъ и проступкахъ по службѣ Государственной и общественной, ст. 371—549, 782—795, 959—975, 1022—1031, 1068—1072, 1361—1364, 1396—1406, 1410—1414 и 1429 (улож 1866 г. ст. 329—504, 533—539, 707—714, 805—821, 822—830, 854, 855, 1004—1007, 1058—1065, 1068—1072 и уст. о нак. ст. 65, 66, 102, 154—168.) — — — 3 — 10 — 5 — 8 — 12 — — — — — — — — — — — — — — — 12 — 25 — 1 — — — Отдѣленіе V.Отдѣленіе V. О преступленіяхъ и проступкахъ противъ постановленій о повинностяхъ земскихъ ст. 593—598 (улож. 1866 г. ст. 540—545.)— — — — — — — — — 1 — — — — — — — — — — — — — — — 1 — — — — — — — Отдѣленіе VI.Отдѣленіе VI. О нарушеніи уставовъ монетныхъ, ст. 608—630 (улож. 1866 г. ст. 556—578.) — — 4 — — — — — — 6 — 18 3 — — — 1 1 — — — — — — — 8 2 5 2 12 — — — — — О нарушеніи постановленій по питейному сбору и акцизу, ст. 718—795 (улож. 1866 г. ст. 665—717.) — — — — — — — — 3 — 1 — — — — — 2 — — — — — — — 4 — 2 — — — — — — — Отдѣленіе VII.Отдѣленіе VII. О преступленіяхъ и проступкахъ противъ постановленій ограждающихъ народное здравіе, ст. 1044—115* (улож. 1866 г. ст. 831—900 и уст. о нак. ст. 55, 56, 102, 104—109, 112—16 и 173.) — — — 1 — — — — — — — — — 1 — — — — — — — — — — — — — 1 — — — — — — — — О возбужденіи къ начатію или продолженію противузаконныхъ исковъ и тяжбъ о лживыхъ доносахъ, лжесвидѣтельствѣ и ложныхъ показаніяхъ на повальныхъ обыскахъ, ст. 1205—1212 (улож. 1866 г. ст. 939—946.) — — — — — — — — — — — 1 — — — — — — — — — — — — — — — 1 — — — — — — — О бродяжествѣ, укрывательствѣ бѣглыхъ и нарушеніи постановленій о паспортахъ, ст. 1216—1272 (улож. 1866 г. ст. 950—983 и уст. о нак. ст. 29, 58, 60, 61, 62 и 77.) — — — — — — — — — — — — 4 — — — 6 — 21 — — — — — — — 5 — 8 — 8 — 8 — 2 — О противузаконномъ выдѣлываніи и храненіи оружія или пороха и нарушеніи другихъ правилъ осторожности, ст. 1295— 1328 (улож. 1866 г. ст. 986—989 и уст. о нак. ст. 29, 32, 117—126, 129 и 987.) — — — — — — — — — — — 6 — — — — — 1 — — — 3 — 3 — 1 — — — — — — — — — О преступленіяхъ противъ общественной нравственности, ст. 1336—1360 (улож. 1866 г. ст. 993—1003 уст. о нак. ст. 42— 45.)— — — — — — — — — — — — — — — 1 — — — — — — — — — 1 — — — — — — — О нарушеніи правилъ осторожности отъ пожаровъ, ст. 1429—1473 (улож. 1866 г. ст. 1076 и 1077 уст. о нак. ст. 29, 66, 88, 89, 80, 91, 93—98 и 117.) — — — — — — — — — — — — — 2 — — — — — 2 — — — — — — — — — 3 — 1 — — — — — По преступленіямъ, исчисленнымъ въ VIII отдѣленіи, дѣлъ въ разсмотрѣніи не было. — — — — — — — — — — — — — — — — — — — — — — — — — — — — — — — — — — — Отдѣленіе IХ.Отдѣленіе IХ. О смертоубійствѣ, ст. 1998—2020 (улож. 1866 г. ст. 1449—1471.) — — — 27 — — — — — — 17 4 25 12 6 3 5 6 9 2 2 — — — 4 — 13 10 26 15 20 2 1 — — — О самоубійствѣ, ст. 2021—2025 (улож. 1866 г. ст. 1472—1476.) — — — — — — — — — — — — 1 — — — — — — — — — — — — — 1 — — — — — — — — — О нанесеніи увѣчья, ранъ и другихъ поврежденій, ст. 2026—2047 (улож. 1866 г. ст. 1471—1496 и уст. о нак. ст. 129.)4 1 — — — — — 13 1 26 3 12 — 2 — — — — — — — 2 — 12 2 12 2 15 — 1* — 3 — О преступленіяхъ противъ чести и цѣломудрія женщинъ, ст. 2076—2085 (улож. 1866 г. ст. 1523—1532.) — — — — — — — — 1 — 5 — — — 4 — 2 — — — — — 1 — 3 — 5 — 3 — — — — — О личныхъ оскорбленіяхъ, ст. 2086—2094 (улож. 1860 г. ст. 1533 и 1534 и уст. о нак. ст. 130—135.) — 2 — — 1 — 2 — 6 1 4 — — — 2 — 1 1 — — — — — — 5 1 6 1 4 — 1 — — — О противузаконномъ задержаніи и заключеніи ст. 2103—2108 (улож. 1866 г. ст. 1540—1544 и уст. о нак. ст. 142.) — — — — — — — — — 2 — — — — — — — — — — — — — — — — — 2 — — — — — Отдѣленіе Х.Отдѣленіе Х. О преступленіяхъ противъ союза брачнаго, ст. 2118—2156 (улож. 1866 г. ст. 1549—1585.) — — 2 — — — — — — 1 1 — 1 — — — — — — — — — — — — 1 2 — — — — — — — — О преступленіи дѣтей противъ родителей, ст. 2162—2165 (улож. 1866 г. ст. 1591 и 1692 и уст. о нак. ст. 132 и 143.) 4 — — — — — — 2 1 6 — — — 3 — — 3 — — — — 8 3 3 1 — — — — — — — — Отдѣленіе ХI. Отдѣленіе ХI. О насильственномъ завладѣніи чужимъ недвижимымъ имуществомъ и о истребленіи граничныхъ межъ и знаков ст. 2173— 2184 (улож. 1866 г. ст. 1601—1605 и уст. о нак. ст. 142, 144, 145, 147—149, 152 и 155.) — — — — — — — — — 1 — 2 — 1 — — — — — — — — — — — 1 — 1 — 1 — — — 1 — О зажигательствѣ, ст. 2185—2195 (улож. 1866 г. ст. 1606—1615 и уст. о нак. ст. 98.) — — 6 — — — — — — 3 — 1 4 — — — — — 2 — — — — — — 1 2 3 3 1 — — — О разбоѣ, ст. 2208—2217 (улож. 1866 г. ст. 1627—636.) — — — 2 — — — — — — 4 1 12 1 3 — 4 — 8 — — — — — — — 14 2 16 — 1 — — — — — О грабежѣ, ст. 2218—2224 (улож. 1866 г. ст. 1637—1643.) — — — 8 — — — — — — 5 3 15 2 3 1 8 2 8 — — — — — 6 — 7 5 18 3 8 — — — — — О воровствѣ-кражѣ, ст. 2225—2251 (улож. 1866 г. ст. 1644—1664 и уст. о нак. ст. 169 и 170.) — — 11 — — — — — — 28 2 35 6 16 — 37 2 30 1 — — — — 15 3 25 5 56 3 36 — 6 — 8 — О воровствѣ-мошенничествѣ, ст. 2252—2267 (улож. 1866 г. ст. 1665—1676 и уст. о нак. ст. 173—175.) — — — — — — — — — 1 — — — — — — — — — — — — — 1 — — — — — — — — — О присвоеніи ввѣреннаго чужаго движимаго имущества, ст. 2272 (улож. 1866 г. ст. 1681, 1682 и уст. о наказ. ст. 177.)1 — — — — — — 2 — 2 1 — — 1 — — — — — — — — — 3 1 1 — 1 — — — — — О преступленіяхъ и проступкахъ по договорамъ и другимъ обязательствамъ, ст. 2278—2304 (улож. 1866 г. ст. 1688—1711 и уст. о нак. ст. 174 и 180.) — — — — — — — 4 — 6 — — — 3 — 2 — — — — — — — 8 — 4 — 2 — 1 — — — По происшествіямъ нечаяннымъ: по неосторожности и другимъ случаямъ, не отнесеннымъ къ вышеприведеннымъ родамъ и видамъ.— — — — — — — — — 1 — — — 1 — — — — — — — — — 1 — 1 — — — — — — — Итого — — 76 4 — 11 — 7 — 105 14 199 36 41 4 80 13 93 9 2 — 3 — 41 7 124 37 190 29 142 3 28 — 14 — Примѣчанiе:Примѣчанiе: Отъ 1869 г. оставалось арестантовъ: 3 м. 1 ж. об. пола 4. Въ 1870 г. поступило: 151 м. * пола 178. Въ 1870 г. выбыло: 143 м. 25 ж. об. пола 168. За тѣмъ къ 1871 г. осталось: 11 м. 3 ж. об. пола 14. * Столбец прошит Вѣрно: Гражданскiй Губернаторъ Лохвицкiй С в ѣрялъ исправляющій должность Секретаря Статистическаго Комитета Ловянъ
d149;1866 г.;;120 Родъ преступленiй Родъ преступленiй * ныхъ Въ томъ числѣВъ томъ числѣ Возрастъ преступниковъВозрастъ преступниковъ Дворянъ потомственныхъ Дворянъ личныхъ Почетныхъ гражданъ и купцовъ Мещанъ Крестьянъ Военнаго сословiя Инородцевъ Поселенцевъ Ссыльно-каторжныхъ Ниже 17— 17—20 21—30 31—40 41- 50 51-60 Свыше 60 ж. м. ж. м. ж. м. ж. м. ж. м. ж. м. ж. м. ж. м. ж. м. ж. м. ж. м. ж. м. ж. м. ж. м. м м. ж. м. ж. Отдѣленіе I.Отдѣленіе I. Объ отступленіи отъ вѣры и постановленій церкви, ст. 200—234 (Улож. 1866 г. ст. 184—209 и уст. о нак. ст. 38, 63, 64, 48 и 107.)2 — — — — — — — — 5 2 — — — — — — — — — — 2 1 2 1 1 — — — — — — — О святотатствѣ, ст. 253—269 (Улож. 1866 г. ст. 219—235 и уст. о нак. ст. 170 п. 1.) — — 2 — — — — — — 1 — 3 — — — 3 2 2 — — — — — — — 3 2 6 — — — — — — — По преступленіямъ, исчисленнымъ во II отдѣленіи, дѣлъ въ разсмотрѣніи не было. — — — — — — — — — — — — — — — — — — — — — — — — — — — — — — — — — — — Отдѣленіе III.Отдѣленіе III. О самовольномъ присвоеніи власти и составленіи подложныхъ указовъ и другихъ исходящихъ отъ Правительства бумагъ, ст. 329—341 (улож. 1866 г. ст. 289—301 и уст. о нак. ст. 34.) — — — — — — — — — — — — — — — — 1 — — — — — — — — — — — 1 — — — — — — — О похищеніи бумагъ или вещей изъ присутственныхъ мѣстъ и уничтоженіе постановленныхъ или приложенныхъ по распоряженію правительства знаковъ, ст. 343—347 (улож. 1866 г. ст. 303—307 и уст. о нак. ст. 32.) — — — — — — — — — — — — — — — — — 1 — — — — — — — 1 — — — — — — — — — О взломѣ тюрьмъ, уводѣ и побѣгѣ находящихся подъ стражею или надзоромъ, ст. 348—359 (улож. 1866 ст. 308—317 и уст. о нак. ст. 63.) — — — — — — — — — — — — — 2 — — — — — 2 — — — — — — — 1 — 3 — — — — — — — Отдѣленіе IV.Отдѣленіе IV. О преступленіяхъ и проступкахъ по службѣ Государственной и общественной, ст. 371—549, 782—795, 959—975, 1022—1031, 1068—1072, 1361—1364, 1396—1406, 1410—1414 и 1429 (улож 1866 г. ст. 329—504, 533—539, 707—714, 805—821, 822—830, 854, 855, 1004—1007, 1058—1065, 1068—1072 и уст. о нак. ст. 65, 66, 102, 154—168.) — — — 3 — 10 — 5 — 8 — 12 — — — — — — — — — — — — — — — 12 — 25 — 1 — — — Отдѣленіе V.Отдѣленіе V. О преступленіяхъ и проступкахъ противъ постановленій о повинностяхъ земскихъ ст. 593—598 (улож. 1866 г. ст. 540—545.)— — — — — — — — — 1 — — — — — — — — — — — — — — — 1 — — — — — — — Отдѣленіе VI.Отдѣленіе VI. О нарушеніи уставовъ монетныхъ, ст. 608—630 (улож. 1866 г. ст. 556—578.) — — 4 — — — — — — 6 — 18 3 — — — 1 1 — — — — — — — 8 2 5 2 12 — — — — — О нарушеніи постановленій по питейному сбору и акцизу, ст. 718—795 (улож. 1866 г. ст. 665—717.) — — — — — — — — 3 — 1 — — — — — 2 — — — — — — — 4 — 2 — — — — — — — Отдѣленіе VII.Отдѣленіе VII. О преступленіяхъ и проступкахъ противъ постановленій ограждающихъ народное здравіе, ст. 1044—115* (улож. 1866 г. ст. 831—900 и уст. о нак. ст. 55, 56, 102, 104—109, 112—16 и 173.) — — — 1 — — — — — — — — — 1 — — — — — — — — — — — — — 1 — — — — — — — — О возбужденіи къ начатію или продолженію противузаконныхъ исковъ и тяжбъ о лживыхъ доносахъ, лжесвидѣтельствѣ и ложныхъ показаніяхъ на повальныхъ обыскахъ, ст. 1205—1212 (улож. 1866 г. ст. 939—946.) — — — — — — — — — — — 1 — — — — — — — — — — — — — — — 1 — — — — — — — О бродяжествѣ, укрывательствѣ бѣглыхъ и нарушеніи постановленій о паспортахъ, ст. 1216—1272 (улож. 1866 г. ст. 950—983 и уст. о нак. ст. 29, 58, 60, 61, 62 и 77.) — — — — — — — — — — — — 4 — — — 6 — 21 — — — — — — — 5 — 8 — 8 — 8 — 2 — О противузаконномъ выдѣлываніи и храненіи оружія или пороха и нарушеніи другихъ правилъ осторожности, ст. 1295— 1328 (улож. 1866 г. ст. 986—989 и уст. о нак. ст. 29, 32, 117—126, 129 и 987.) — — — — — — — — — — — 6 — — — — — 1 — — — 3 — 3 — 1 — — — — — — — — — О преступленіяхъ противъ общественной нравственности, ст. 1336—1360 (улож. 1866 г. ст. 993—1003 уст. о нак. ст. 42— 45.)— — — — — — — — — — — — — — — 1 — — — — — — — — — 1 — — — — — — — О нарушеніи правилъ осторожности отъ пожаровъ, ст. 1429—1473 (улож. 1866 г. ст. 1076 и 1077 уст. о нак. ст. 29, 66, 88, 89, 80, 91, 93—98 и 117.) — — — — — — — — — — — — — 2 — — — — — 2 — — — — — — — — — 3 — 1 — — — — — По преступленіямъ, исчисленнымъ въ VIII отдѣленіи, дѣлъ въ разсмотрѣніи не было. — — — — — — — — — — — — — — — — — — — — — — — — — — — — — — — — — — — Отдѣленіе IХ.Отдѣленіе IХ. О смертоубійствѣ, ст. 1998—2020 (улож. 1866 г. ст. 1449—1471.) — — — 27 — — — — — — 17 4 25 12 6 3 5 6 9 2 2 — — — 4 — 13 10 26 15 20 2 1 — — — О самоубійствѣ, ст. 2021—2025 (улож. 1866 г. ст. 1472—1476.) — — — — — — — — — — — — 1 — — — — — — — — — — — — — 1 — — — — — — — — — О нанесеніи увѣчья, ранъ и другихъ поврежденій, ст. 2026—2047 (улож. 1866 г. ст. 1471—1496 и уст. о нак. ст. 129.)4 1 — — — — — 13 1 26 3 12 — 2 — — — — — — — 2 — 12 2 12 2 15 — 1* — 3 — О преступленіяхъ противъ чести и цѣломудрія женщинъ, ст. 2076—2085 (улож. 1866 г. ст. 1523—1532.) — — — — — — — — 1 — 5 — — — 4 — 2 — — — — — 1 — 3 — 5 — 3 — — — — — О личныхъ оскорбленіяхъ, ст. 2086—2094 (улож. 1860 г. ст. 1533 и 1534 и уст. о нак. ст. 130—135.) — 2 — — 1 — 2 — 6 1 4 — — — 2 — 1 1 — — — — — — 5 1 6 1 4 — 1 — — — О противузаконномъ задержаніи и заключеніи ст. 2103—2108 (улож. 1866 г. ст. 1540—1544 и уст. о нак. ст. 142.) — — — — — — — — — 2 — — — — — — — — — — — — — — — — — 2 — — — — — Отдѣленіе Х.Отдѣленіе Х. О преступленіяхъ противъ союза брачнаго, ст. 2118—2156 (улож. 1866 г. ст. 1549—1585.) — — 2 — — — — — — 1 1 — 1 — — — — — — — — — — — — 1 2 — — — — — — — — О преступленіи дѣтей противъ родителей, ст. 2162—2165 (улож. 1866 г. ст. 1591 и 1692 и уст. о нак. ст. 132 и 143.) 4 — — — — — — 2 1 6 — — — 3 — — 3 — — — — 8 3 3 1 — — — — — — — — Отдѣленіе ХI. Отдѣленіе ХI. О насильственномъ завладѣніи чужимъ недвижимымъ имуществомъ и о истребленіи граничныхъ межъ и знаков ст. 2173— 2184 (улож. 1866 г. ст. 1601—1605 и уст. о нак. ст. 142, 144, 145, 147—149, 152 и 155.) — — — — — — — — — 1 — 2 — 1 — — — — — — — — — — — 1 — 1 — 1 — — — 1 — О зажигательствѣ, ст. 2185—2195 (улож. 1866 г. ст. 1606—1615 и уст. о нак. ст. 98.) — — 6 — — — — — — 3 — 1 4 — — — — — 2 — — — — — — 1 2 3 3 1 — — — О разбоѣ, ст. 2208—2217 (улож. 1866 г. ст. 1627—636.) — — — 2 — — — — — — 4 1 12 1 3 — 4 — 8 — — — — — — — 14 2 16 — 1 — — — — — О грабежѣ, ст. 2218—2224 (улож. 1866 г. ст. 1637—1643.) — — — 8 — — — — — — 5 3 15 2 3 1 8 2 8 — — — — — 6 — 7 5 18 3 8 — — — — — О воровствѣ-кражѣ, ст. 2225—2251 (улож. 1866 г. ст. 1644—1664 и уст. о нак. ст. 169 и 170.) — — 11 — — — — — — 28 2 35 6 16 — 37 2 30 1 — — — — 15 3 25 5 56 3 36 — 6 — 8 — О воровствѣ-мошенничествѣ, ст. 2252—2267 (улож. 1866 г. ст. 1665—1676 и уст. о нак. ст. 173—175.) — — — — — — — — — 1 — — — — — — — — — — — — — 1 — — — — — — — — — О присвоеніи ввѣреннаго чужаго движимаго имущества, ст. 2272 (улож. 1866 г. ст. 1681, 1682 и уст. о наказ. ст. 177.)1 — — — — — — 2 — 2 1 — — 1 — — — — — — — — — 3 1 1 — 1 — — — — — О преступленіяхъ и проступкахъ по договорамъ и другимъ обязательствамъ, ст. 2278—2304 (улож. 1866 г. ст. 1688—1711 и уст. о нак. ст. 174 и 180.) — — — — — — — 4 — 6 — — — 3 — 2 — — — — — — — 8 — 4 — 2 — 1 — — — По происшествіямъ нечаяннымъ: по неосторожности и другимъ случаямъ, не отнесеннымъ къ вышеприведеннымъ родамъ и видамъ.— — — — — — — — — 1 — — — 1 — — — — — — — — — 1 — 1 — — — — — — — Итого — — 76 4 — 11 — 7 — 105 14 199 36 41 4 80 13 93 9 2 — 3 — 41 7 124 37 190 29 142 3 28 — 14 — Примѣчанiе:Примѣчанiе: Отъ 1869 г. оставалось арестантовъ: 3 м. 1 ж. об. пола 4. Въ 1870 г. поступило: 151 м. * пола 178. Въ 1870 г. выбыло: 143 м. 25 ж. об. пола 168. За тѣмъ къ 1871 г. осталось: 11 м. 3 ж. об. пола 14. * Столбец прошит Вѣрно: Гражданскiй Губернаторъ Лохвицкiй С в ѣрялъ исправляющій должность Секретаря Статистическаго Комитета Ловянъ
d150;1866 г.;;120 Родъ преступленiй Родъ преступленiй * ныхъ Въ томъ числѣВъ томъ числѣ Возрастъ преступниковъВозрастъ преступниковъ Дворянъ потомственныхъ Дворянъ личныхъ Почетныхъ гражданъ и купцовъ Мещанъ Крестьянъ Военнаго сословiя Инородцевъ Поселенцевъ Ссыльно-каторжныхъ Ниже 17— 17—20 21—30 31—40 41- 50 51-60 Свыше 60 ж. м. ж. м. ж. м. ж. м. ж. м. ж. м. ж. м. ж. м. ж. м. ж. м. ж. м. ж. м. ж. м. ж. м. м м. ж. м. ж. Отдѣленіе I.Отдѣленіе I. Объ отступленіи отъ вѣры и постановленій церкви, ст. 200—234 (Улож. 1866 г. ст. 184—209 и уст. о нак. ст. 38, 63, 64, 48 и 107.)2 — — — — — — — — 5 2 — — — — — — — — — — 2 1 2 1 1 — — — — — — — О святотатствѣ, ст. 253—269 (Улож. 1866 г. ст. 219—235 и уст. о нак. ст. 170 п. 1.) — — 2 — — — — — — 1 — 3 — — — 3 2 2 — — — — — — — 3 2 6 — — — — — — — По преступленіямъ, исчисленнымъ во II отдѣленіи, дѣлъ въ разсмотрѣніи не было. — — — — — — — — — — — — — — — — — — — — — — — — — — — — — — — — — — — Отдѣленіе III.Отдѣленіе III. О самовольномъ присвоеніи власти и составленіи подложныхъ указовъ и другихъ исходящихъ отъ Правительства бумагъ, ст. 329—341 (улож. 1866 г. ст. 289—301 и уст. о нак. ст. 34.) — — — — — — — — — — — — — — — — 1 — — — — — — — — — — — 1 — — — — — — — О похищеніи бумагъ или вещей изъ присутственныхъ мѣстъ и уничтоженіе постановленныхъ или приложенныхъ по распоряженію правительства знаковъ, ст. 343—347 (улож. 1866 г. ст. 303—307 и уст. о нак. ст. 32.) — — — — — — — — — — — — — — — — — 1 — — — — — — — 1 — — — — — — — — — О взломѣ тюрьмъ, уводѣ и побѣгѣ находящихся подъ стражею или надзоромъ, ст. 348—359 (улож. 1866 ст. 308—317 и уст. о нак. ст. 63.) — — — — — — — — — — — — — 2 — — — — — 2 — — — — — — — 1 — 3 — — — — — — — Отдѣленіе IV.Отдѣленіе IV. О преступленіяхъ и проступкахъ по службѣ Государственной и общественной, ст. 371—549, 782—795, 959—975, 1022—1031, 1068—1072, 1361—1364, 1396—1406, 1410—1414 и 1429 (улож 1866 г. ст. 329—504, 533—539, 707—714, 805—821, 822—830, 854, 855, 1004—1007, 1058—1065, 1068—1072 и уст. о нак. ст. 65, 66, 102, 154—168.) — — — 3 — 10 — 5 — 8 — 12 — — — — — — — — — — — — — — — 12 — 25 — 1 — — — Отдѣленіе V.Отдѣленіе V. О преступленіяхъ и проступкахъ противъ постановленій о повинностяхъ земскихъ ст. 593—598 (улож. 1866 г. ст. 540—545.)— — — — — — — — — 1 — — — — — — — — — — — — — — — 1 — — — — — — — Отдѣленіе VI.Отдѣленіе VI. О нарушеніи уставовъ монетныхъ, ст. 608—630 (улож. 1866 г. ст. 556—578.) — — 4 — — — — — — 6 — 18 3 — — — 1 1 — — — — — — — 8 2 5 2 12 — — — — — О нарушеніи постановленій по питейному сбору и акцизу, ст. 718—795 (улож. 1866 г. ст. 665—717.) — — — — — — — — 3 — 1 — — — — — 2 — — — — — — — 4 — 2 — — — — — — — Отдѣленіе VII.Отдѣленіе VII. О преступленіяхъ и проступкахъ противъ постановленій ограждающихъ народное здравіе, ст. 1044—115* (улож. 1866 г. ст. 831—900 и уст. о нак. ст. 55, 56, 102, 104—109, 112—16 и 173.) — — — 1 — — — — — — — — — 1 — — — — — — — — — — — — — 1 — — — — — — — — О возбужденіи къ начатію или продолженію противузаконныхъ исковъ и тяжбъ о лживыхъ доносахъ, лжесвидѣтельствѣ и ложныхъ показаніяхъ на повальныхъ обыскахъ, ст. 1205—1212 (улож. 1866 г. ст. 939—946.) — — — — — — — — — — — 1 — — — — — — — — — — — — — — — 1 — — — — — — — О бродяжествѣ, укрывательствѣ бѣглыхъ и нарушеніи постановленій о паспортахъ, ст. 1216—1272 (улож. 1866 г. ст. 950—983 и уст. о нак. ст. 29, 58, 60, 61, 62 и 77.) — — — — — — — — — — — — 4 — — — 6 — 21 — — — — — — — 5 — 8 — 8 — 8 — 2 — О противузаконномъ выдѣлываніи и храненіи оружія или пороха и нарушеніи другихъ правилъ осторожности, ст. 1295— 1328 (улож. 1866 г. ст. 986—989 и уст. о нак. ст. 29, 32, 117—126, 129 и 987.) — — — — — — — — — — — 6 — — — — — 1 — — — 3 — 3 — 1 — — — — — — — — — О преступленіяхъ противъ общественной нравственности, ст. 1336—1360 (улож. 1866 г. ст. 993—1003 уст. о нак. ст. 42— 45.)— — — — — — — — — — — — — — — 1 — — — — — — — — — 1 — — — — — — — О нарушеніи правилъ осторожности отъ пожаровъ, ст. 1429—1473 (улож. 1866 г. ст. 1076 и 1077 уст. о нак. ст. 29, 66, 88, 89, 80, 91, 93—98 и 117.) — — — — — — — — — — — — — 2 — — — — — 2 — — — — — — — — — 3 — 1 — — — — — По преступленіямъ, исчисленнымъ въ VIII отдѣленіи, дѣлъ въ разсмотрѣніи не было. — — — — — — — — — — — — — — — — — — — — — — — — — — — — — — — — — — — Отдѣленіе IХ.Отдѣленіе IХ. О смертоубійствѣ, ст. 1998—2020 (улож. 1866 г. ст. 1449—1471.) — — — 27 — — — — — — 17 4 25 12 6 3 5 6 9 2 2 — — — 4 — 13 10 26 15 20 2 1 — — — О самоубійствѣ, ст. 2021—2025 (улож. 1866 г. ст. 1472—1476.) — — — — — — — — — — — — 1 — — — — — — — — — — — — — 1 — — — — — — — — — О нанесеніи увѣчья, ранъ и другихъ поврежденій, ст. 2026—2047 (улож. 1866 г. ст. 1471—1496 и уст. о нак. ст. 129.)4 1 — — — — — 13 1 26 3 12 — 2 — — — — — — — 2 — 12 2 12 2 15 — 1* — 3 — О преступленіяхъ противъ чести и цѣломудрія женщинъ, ст. 2076—2085 (улож. 1866 г. ст. 1523—1532.) — — — — — — — — 1 — 5 — — — 4 — 2 — — — — — 1 — 3 — 5 — 3 — — — — — О личныхъ оскорбленіяхъ, ст. 2086—2094 (улож. 1860 г. ст. 1533 и 1534 и уст. о нак. ст. 130—135.) — 2 — — 1 — 2 — 6 1 4 — — — 2 — 1 1 — — — — — — 5 1 6 1 4 — 1 — — — О противузаконномъ задержаніи и заключеніи ст. 2103—2108 (улож. 1866 г. ст. 1540—1544 и уст. о нак. ст. 142.) — — — — — — — — — 2 — — — — — — — — — — — — — — — — — 2 — — — — — Отдѣленіе Х.Отдѣленіе Х. О преступленіяхъ противъ союза брачнаго, ст. 2118—2156 (улож. 1866 г. ст. 1549—1585.) — — 2 — — — — — — 1 1 — 1 — — — — — — — — — — — — 1 2 — — — — — — — — О преступленіи дѣтей противъ родителей, ст. 2162—2165 (улож. 1866 г. ст. 1591 и 1692 и уст. о нак. ст. 132 и 143.) 4 — — — — — — 2 1 6 — — — 3 — — 3 — — — — 8 3 3 1 — — — — — — — — Отдѣленіе ХI. Отдѣленіе ХI. О насильственномъ завладѣніи чужимъ недвижимымъ имуществомъ и о истребленіи граничныхъ межъ и знаков ст. 2173— 2184 (улож. 1866 г. ст. 1601—1605 и уст. о нак. ст. 142, 144, 145, 147—149, 152 и 155.) — — — — — — — — — 1 — 2 — 1 — — — — — — — — — — — 1 — 1 — 1 — — — 1 — О зажигательствѣ, ст. 2185—2195 (улож. 1866 г. ст. 1606—1615 и уст. о нак. ст. 98.) — — 6 — — — — — — 3 — 1 4 — — — — — 2 — — — — — — 1 2 3 3 1 — — — О разбоѣ, ст. 2208—2217 (улож. 1866 г. ст. 1627—636.) — — — 2 — — — — — — 4 1 12 1 3 — 4 — 8 — — — — — — — 14 2 16 — 1 — — — — — О грабежѣ, ст. 2218—2224 (улож. 1866 г. ст. 1637—1643.) — — — 8 — — — — — — 5 3 15 2 3 1 8 2 8 — — — — — 6 — 7 5 18 3 8 — — — — — О воровствѣ-кражѣ, ст. 2225—2251 (улож. 1866 г. ст. 1644—1664 и уст. о нак. ст. 169 и 170.) — — 11 — — — — — — 28 2 35 6 16 — 37 2 30 1 — — — — 15 3 25 5 56 3 36 — 6 — 8 — О воровствѣ-мошенничествѣ, ст. 2252—2267 (улож. 1866 г. ст. 1665—1676 и уст. о нак. ст. 173—175.) — — — — — — — — — 1 — — — — — — — — — — — — — 1 — — — — — — — — — О присвоеніи ввѣреннаго чужаго движимаго имущества, ст. 2272 (улож. 1866 г. ст. 1681, 1682 и уст. о наказ. ст. 177.)1 — — — — — — 2 — 2 1 — — 1 — — — — — — — — — 3 1 1 — 1 — — — — — О преступленіяхъ и проступкахъ по договорамъ и другимъ обязательствамъ, ст. 2278—2304 (улож. 1866 г. ст. 1688—1711 и уст. о нак. ст. 174 и 180.) — — — — — — — 4 — 6 — — — 3 — 2 — — — — — — — 8 — 4 — 2 — 1 — — — По происшествіямъ нечаяннымъ: по неосторожности и другимъ случаямъ, не отнесеннымъ къ вышеприведеннымъ родамъ и видамъ.— — — — — — — — — 1 — — — 1 — — — — — — — — — 1 — 1 — — — — — — — Итого — — 76 4 — 11 — 7 — 105 14 199 36 41 4 80 13 93 9 2 — 3 — 41 7 124 37 190 29 142 3 28 — 14 — Примѣчанiе:Примѣчанiе: Отъ 1869 г. оставалось арестантовъ: 3 м. 1 ж. об. пола 4. Въ 1870 г. поступило: 151 м. * пола 178. Въ 1870 г. выбыло: 143 м. 25 ж. об. пола 168. За тѣмъ къ 1871 г. осталось: 11 м. 3 ж. об. пола 14. * Столбец прошит Вѣрно: Гражданскiй Губернаторъ Лохвицкiй С в ѣрялъ исправляющій должность Секретаря Статистическаго Комитета Ловянъ
d151;1866 г.;;120 Родъ преступленiй Родъ преступленiй * ныхъ Въ томъ числѣВъ томъ числѣ Возрастъ преступниковъВозрастъ преступниковъ Дворянъ потомственныхъ Дворянъ личныхъ Почетныхъ гражданъ и купцовъ Мещанъ Крестьянъ Военнаго сословiя Инородцевъ Поселенцевъ Ссыльно-каторжныхъ Ниже 17— 17—20 21—30 31—40 41- 50 51-60 Свыше 60 ж. м. ж. м. ж. м. ж. м. ж. м. ж. м. ж. м. ж. м. ж. м. ж. м. ж. м. ж. м. ж. м. ж. м. м м. ж. м. ж. Отдѣленіе I.Отдѣленіе I. Объ отступленіи отъ вѣры и постановленій церкви, ст. 200—234 (Улож. 1866 г. ст. 184—209 и уст. о нак. ст. 38, 63, 64, 48 и 107.)2 — — — — — — — — 5 2 — — — — — — — — — — 2 1 2 1 1 — — — — — — — О святотатствѣ, ст. 253—269 (Улож. 1866 г. ст. 219—235 и уст. о нак. ст. 170 п. 1.) — — 2 — — — — — — 1 — 3 — — — 3 2 2 — — — — — — — 3 2 6 — — — — — — — По преступленіямъ, исчисленнымъ во II отдѣленіи, дѣлъ въ разсмотрѣніи не было. — — — — — — — — — — — — — — — — — — — — — — — — — — — — — — — — — — — Отдѣленіе III.Отдѣленіе III. О самовольномъ присвоеніи власти и составленіи подложныхъ указовъ и другихъ исходящихъ отъ Правительства бумагъ, ст. 329—341 (улож. 1866 г. ст. 289—301 и уст. о нак. ст. 34.) — — — — — — — — — — — — — — — — 1 — — — — — — — — — — — 1 — — — — — — — О похищеніи бумагъ или вещей изъ присутственныхъ мѣстъ и уничтоженіе постановленныхъ или приложенныхъ по распоряженію правительства знаковъ, ст. 343—347 (улож. 1866 г. ст. 303—307 и уст. о нак. ст. 32.) — — — — — — — — — — — — — — — — — 1 — — — — — — — 1 — — — — — — — — — О взломѣ тюрьмъ, уводѣ и побѣгѣ находящихся подъ стражею или надзоромъ, ст. 348—359 (улож. 1866 ст. 308—317 и уст. о нак. ст. 63.) — — — — — — — — — — — — — 2 — — — — — 2 — — — — — — — 1 — 3 — — — — — — — Отдѣленіе IV.Отдѣленіе IV. О преступленіяхъ и проступкахъ по службѣ Государственной и общественной, ст. 371—549, 782—795, 959—975, 1022—1031, 1068—1072, 1361—1364, 1396—1406, 1410—1414 и 1429 (улож 1866 г. ст. 329—504, 533—539, 707—714, 805—821, 822—830, 854, 855, 1004—1007, 1058—1065, 1068—1072 и уст. о нак. ст. 65, 66, 102, 154—168.) — — — 3 — 10 — 5 — 8 — 12 — — — — — — — — — — — — — — — 12 — 25 — 1 — — — Отдѣленіе V.Отдѣленіе V. О преступленіяхъ и проступкахъ противъ постановленій о повинностяхъ земскихъ ст. 593—598 (улож. 1866 г. ст. 540—545.)— — — — — — — — — 1 — — — — — — — — — — — — — — — 1 — — — — — — — Отдѣленіе VI.Отдѣленіе VI. О нарушеніи уставовъ монетныхъ, ст. 608—630 (улож. 1866 г. ст. 556—578.) — — 4 — — — — — — 6 — 18 3 — — — 1 1 — — — — — — — 8 2 5 2 12 — — — — — О нарушеніи постановленій по питейному сбору и акцизу, ст. 718—795 (улож. 1866 г. ст. 665—717.) — — — — — — — — 3 — 1 — — — — — 2 — — — — — — — 4 — 2 — — — — — — — Отдѣленіе VII.Отдѣленіе VII. О преступленіяхъ и проступкахъ противъ постановленій ограждающихъ народное здравіе, ст. 1044—115* (улож. 1866 г. ст. 831—900 и уст. о нак. ст. 55, 56, 102, 104—109, 112—16 и 173.) — — — 1 — — — — — — — — — 1 — — — — — — — — — — — — — 1 — — — — — — — — О возбужденіи къ начатію или продолженію противузаконныхъ исковъ и тяжбъ о лживыхъ доносахъ, лжесвидѣтельствѣ и ложныхъ показаніяхъ на повальныхъ обыскахъ, ст. 1205—1212 (улож. 1866 г. ст. 939—946.) — — — — — — — — — — — 1 — — — — — — — — — — — — — — — 1 — — — — — — — О бродяжествѣ, укрывательствѣ бѣглыхъ и нарушеніи постановленій о паспортахъ, ст. 1216—1272 (улож. 1866 г. ст. 950—983 и уст. о нак. ст. 29, 58, 60, 61, 62 и 77.) — — — — — — — — — — — — 4 — — — 6 — 21 — — — — — — — 5 — 8 — 8 — 8 — 2 — О противузаконномъ выдѣлываніи и храненіи оружія или пороха и нарушеніи другихъ правилъ осторожности, ст. 1295— 1328 (улож. 1866 г. ст. 986—989 и уст. о нак. ст. 29, 32, 117—126, 129 и 987.) — — — — — — — — — — — 6 — — — — — 1 — — — 3 — 3 — 1 — — — — — — — — — О преступленіяхъ противъ общественной нравственности, ст. 1336—1360 (улож. 1866 г. ст. 993—1003 уст. о нак. ст. 42— 45.)— — — — — — — — — — — — — — — 1 — — — — — — — — — 1 — — — — — — — О нарушеніи правилъ осторожности отъ пожаровъ, ст. 1429—1473 (улож. 1866 г. ст. 1076 и 1077 уст. о нак. ст. 29, 66, 88, 89, 80, 91, 93—98 и 117.) — — — — — — — — — — — — — 2 — — — — — 2 — — — — — — — — — 3 — 1 — — — — — По преступленіямъ, исчисленнымъ въ VIII отдѣленіи, дѣлъ въ разсмотрѣніи не было. — — — — — — — — — — — — — — — — — — — — — — — — — — — — — — — — — — — Отдѣленіе IХ.Отдѣленіе IХ. О смертоубійствѣ, ст. 1998—2020 (улож. 1866 г. ст. 1449—1471.) — — — 27 — — — — — — 17 4 25 12 6 3 5 6 9 2 2 — — — 4 — 13 10 26 15 20 2 1 — — — О самоубійствѣ, ст. 2021—2025 (улож. 1866 г. ст. 1472—1476.) — — — — — — — — — — — — 1 — — — — — — — — — — — — — 1 — — — — — — — — — О нанесеніи увѣчья, ранъ и другихъ поврежденій, ст. 2026—2047 (улож. 1866 г. ст. 1471—1496 и уст. о нак. ст. 129.)4 1 — — — — — 13 1 26 3 12 — 2 — — — — — — — 2 — 12 2 12 2 15 — 1* — 3 — О преступленіяхъ противъ чести и цѣломудрія женщинъ, ст. 2076—2085 (улож. 1866 г. ст. 1523—1532.) — — — — — — — — 1 — 5 — — — 4 — 2 — — — — — 1 — 3 — 5 — 3 — — — — — О личныхъ оскорбленіяхъ, ст. 2086—2094 (улож. 1860 г. ст. 1533 и 1534 и уст. о нак. ст. 130—135.) — 2 — — 1 — 2 — 6 1 4 — — — 2 — 1 1 — — — — — — 5 1 6 1 4 — 1 — — — О противузаконномъ задержаніи и заключеніи ст. 2103—2108 (улож. 1866 г. ст. 1540—1544 и уст. о нак. ст. 142.) — — — — — — — — — 2 — — — — — — — — — — — — — — — — — 2 — — — — — Отдѣленіе Х.Отдѣленіе Х. О преступленіяхъ противъ союза брачнаго, ст. 2118—2156 (улож. 1866 г. ст. 1549—1585.) — — 2 — — — — — — 1 1 — 1 — — — — — — — — — — — — 1 2 — — — — — — — — О преступленіи дѣтей противъ родителей, ст. 2162—2165 (улож. 1866 г. ст. 1591 и 1692 и уст. о нак. ст. 132 и 143.) 4 — — — — — — 2 1 6 — — — 3 — — 3 — — — — 8 3 3 1 — — — — — — — — Отдѣленіе ХI. Отдѣленіе ХI. О насильственномъ завладѣніи чужимъ недвижимымъ имуществомъ и о истребленіи граничныхъ межъ и знаков ст. 2173— 2184 (улож. 1866 г. ст. 1601—1605 и уст. о нак. ст. 142, 144, 145, 147—149, 152 и 155.) — — — — — — — — — 1 — 2 — 1 — — — — — — — — — — — 1 — 1 — 1 — — — 1 — О зажигательствѣ, ст. 2185—2195 (улож. 1866 г. ст. 1606—1615 и уст. о нак. ст. 98.) — — 6 — — — — — — 3 — 1 4 — — — — — 2 — — — — — — 1 2 3 3 1 — — — О разбоѣ, ст. 2208—2217 (улож. 1866 г. ст. 1627—636.) — — — 2 — — — — — — 4 1 12 1 3 — 4 — 8 — — — — — — — 14 2 16 — 1 — — — — — О грабежѣ, ст. 2218—2224 (улож. 1866 г. ст. 1637—1643.) — — — 8 — — — — — — 5 3 15 2 3 1 8 2 8 — — — — — 6 — 7 5 18 3 8 — — — — — О воровствѣ-кражѣ, ст. 2225—2251 (улож. 1866 г. ст. 1644—1664 и уст. о нак. ст. 169 и 170.) — — 11 — — — — — — 28 2 35 6 16 — 37 2 30 1 — — — — 15 3 25 5 56 3 36 — 6 — 8 — О воровствѣ-мошенничествѣ, ст. 2252—2267 (улож. 1866 г. ст. 1665—1676 и уст. о нак. ст. 173—175.) — — — — — — — — — 1 — — — — — — — — — — — — — 1 — — — — — — — — — О присвоеніи ввѣреннаго чужаго движимаго имущества, ст. 2272 (улож. 1866 г. ст. 1681, 1682 и уст. о наказ. ст. 177.)1 — — — — — — 2 — 2 1 — — 1 — — — — — — — — — 3 1 1 — 1 — — — — — О преступленіяхъ и проступкахъ по договорамъ и другимъ обязательствамъ, ст. 2278—2304 (улож. 1866 г. ст. 1688—1711 и уст. о нак. ст. 174 и 180.) — — — — — — — 4 — 6 — — — 3 — 2 — — — — — — — 8 — 4 — 2 — 1 — — — По происшествіямъ нечаяннымъ: по неосторожности и другимъ случаямъ, не отнесеннымъ къ вышеприведеннымъ родамъ и видамъ.— — — — — — — — — 1 — — — 1 — — — — — — — — — 1 — 1 — — — — — — — Итого — — 76 4 — 11 — 7 — 105 14 199 36 41 4 80 13 93 9 2 — 3 — 41 7 124 37 190 29 142 3 28 — 14 — Примѣчанiе:Примѣчанiе: Отъ 1869 г. оставалось арестантовъ: 3 м. 1 ж. об. пола 4. Въ 1870 г. поступило: 151 м. * пола 178. Въ 1870 г. выбыло: 143 м. 25 ж. об. пола 168. За тѣмъ къ 1871 г. осталось: 11 м. 3 ж. об. пола 14. * Столбец прошит Вѣрно: Гражданскiй Губернаторъ Лохвицкiй С в ѣрялъ исправляющій должность Секретаря Статистическаго Комитета Ловянъ
d152;1866 г.;;120 Родъ преступленiй Родъ преступленiй * ныхъ Въ томъ числѣВъ томъ числѣ Возрастъ преступниковъВозрастъ преступниковъ Дворянъ потомственныхъ Дворянъ личныхъ Почетныхъ гражданъ и купцовъ Мещанъ Крестьянъ Военнаго сословiя Инородцевъ Поселенцевъ Ссыльно-каторжныхъ Ниже 17— 17—20 21—30 31—40 41- 50 51-60 Свыше 60 ж. м. ж. м. ж. м. ж. м. ж. м. ж. м. ж. м. ж. м. ж. м. ж. м. ж. м. ж. м. ж. м. ж. м. м м. ж. м. ж. Отдѣленіе I.Отдѣленіе I. Объ отступленіи отъ вѣры и постановленій церкви, ст. 200—234 (Улож. 1866 г. ст. 184—209 и уст. о нак. ст. 38, 63, 64, 48 и 107.)2 — — — — — — — — 5 2 — — — — — — — — — — 2 1 2 1 1 — — — — — — — О святотатствѣ, ст. 253—269 (Улож. 1866 г. ст. 219—235 и уст. о нак. ст. 170 п. 1.) — — 2 — — — — — — 1 — 3 — — — 3 2 2 — — — — — — — 3 2 6 — — — — — — — По преступленіямъ, исчисленнымъ во II отдѣленіи, дѣлъ въ разсмотрѣніи не было. — — — — — — — — — — — — — — — — — — — — — — — — — — — — — — — — — — — Отдѣленіе III.Отдѣленіе III. О самовольномъ присвоеніи власти и составленіи подложныхъ указовъ и другихъ исходящихъ отъ Правительства бумагъ, ст. 329—341 (улож. 1866 г. ст. 289—301 и уст. о нак. ст. 34.) — — — — — — — — — — — — — — — — 1 — — — — — — — — — — — 1 — — — — — — — О похищеніи бумагъ или вещей изъ присутственныхъ мѣстъ и уничтоженіе постановленныхъ или приложенныхъ по распоряженію правительства знаковъ, ст. 343—347 (улож. 1866 г. ст. 303—307 и уст. о нак. ст. 32.) — — — — — — — — — — — — — — — — — 1 — — — — — — — 1 — — — — — — — — — О взломѣ тюрьмъ, уводѣ и побѣгѣ находящихся подъ стражею или надзоромъ, ст. 348—359 (улож. 1866 ст. 308—317 и уст. о нак. ст. 63.) — — — — — — — — — — — — — 2 — — — — — 2 — — — — — — — 1 — 3 — — — — — — — Отдѣленіе IV.Отдѣленіе IV. О преступленіяхъ и проступкахъ по службѣ Государственной и общественной, ст. 371—549, 782—795, 959—975, 1022—1031, 1068—1072, 1361—1364, 1396—1406, 1410—1414 и 1429 (улож 1866 г. ст. 329—504, 533—539, 707—714, 805—821, 822—830, 854, 855, 1004—1007, 1058—1065, 1068—1072 и уст. о нак. ст. 65, 66, 102, 154—168.) — — — 3 — 10 — 5 — 8 — 12 — — — — — — — — — — — — — — — 12 — 25 — 1 — — — Отдѣленіе V.Отдѣленіе V. О преступленіяхъ и проступкахъ противъ постановленій о повинностяхъ земскихъ ст. 593—598 (улож. 1866 г. ст. 540—545.)— — — — — — — — — 1 — — — — — — — — — — — — — — — 1 — — — — — — — Отдѣленіе VI.Отдѣленіе VI. О нарушеніи уставовъ монетныхъ, ст. 608—630 (улож. 1866 г. ст. 556—578.) — — 4 — — — — — — 6 — 18 3 — — — 1 1 — — — — — — — 8 2 5 2 12 — — — — — О нарушеніи постановленій по питейному сбору и акцизу, ст. 718—795 (улож. 1866 г. ст. 665—717.) — — — — — — — — 3 — 1 — — — — — 2 — — — — — — — 4 — 2 — — — — — — — Отдѣленіе VII.Отдѣленіе VII. О преступленіяхъ и проступкахъ противъ постановленій ограждающихъ народное здравіе, ст. 1044—115* (улож. 1866 г. ст. 831—900 и уст. о нак. ст. 55, 56, 102, 104—109, 112—16 и 173.) — — — 1 — — — — — — — — — 1 — — — — — — — — — — — — — 1 — — — — — — — — О возбужденіи къ начатію или продолженію противузаконныхъ исковъ и тяжбъ о лживыхъ доносахъ, лжесвидѣтельствѣ и ложныхъ показаніяхъ на повальныхъ обыскахъ, ст. 1205—1212 (улож. 1866 г. ст. 939—946.) — — — — — — — — — — — 1 — — — — — — — — — — — — — — — 1 — — — — — — — О бродяжествѣ, укрывательствѣ бѣглыхъ и нарушеніи постановленій о паспортахъ, ст. 1216—1272 (улож. 1866 г. ст. 950—983 и уст. о нак. ст. 29, 58, 60, 61, 62 и 77.) — — — — — — — — — — — — 4 — — — 6 — 21 — — — — — — — 5 — 8 — 8 — 8 — 2 — О противузаконномъ выдѣлываніи и храненіи оружія или пороха и нарушеніи другихъ правилъ осторожности, ст. 1295— 1328 (улож. 1866 г. ст. 986—989 и уст. о нак. ст. 29, 32, 117—126, 129 и 987.) — — — — — — — — — — — 6 — — — — — 1 — — — 3 — 3 — 1 — — — — — — — — — О преступленіяхъ противъ общественной нравственности, ст. 1336—1360 (улож. 1866 г. ст. 993—1003 уст. о нак. ст. 42— 45.)— — — — — — — — — — — — — — — 1 — — — — — — — — — 1 — — — — — — — О нарушеніи правилъ осторожности отъ пожаровъ, ст. 1429—1473 (улож. 1866 г. ст. 1076 и 1077 уст. о нак. ст. 29, 66, 88, 89, 80, 91, 93—98 и 117.) — — — — — — — — — — — — — 2 — — — — — 2 — — — — — — — — — 3 — 1 — — — — — По преступленіямъ, исчисленнымъ въ VIII отдѣленіи, дѣлъ въ разсмотрѣніи не было. — — — — — — — — — — — — — — — — — — — — — — — — — — — — — — — — — — — Отдѣленіе IХ.Отдѣленіе IХ. О смертоубійствѣ, ст. 1998—2020 (улож. 1866 г. ст. 1449—1471.) — — — 27 — — — — — — 17 4 25 12 6 3 5 6 9 2 2 — — — 4 — 13 10 26 15 20 2 1 — — — О самоубійствѣ, ст. 2021—2025 (улож. 1866 г. ст. 1472—1476.) — — — — — — — — — — — — 1 — — — — — — — — — — — — — 1 — — — — — — — — — О нанесеніи увѣчья, ранъ и другихъ поврежденій, ст. 2026—2047 (улож. 1866 г. ст. 1471—1496 и уст. о нак. ст. 129.)4 1 — — — — — 13 1 26 3 12 — 2 — — — — — — — 2 — 12 2 12 2 15 — 1* — 3 — О преступленіяхъ противъ чести и цѣломудрія женщинъ, ст. 2076—2085 (улож. 1866 г. ст. 1523—1532.) — — — — — — — — 1 — 5 — — — 4 — 2 — — — — — 1 — 3 — 5 — 3 — — — — — О личныхъ оскорбленіяхъ, ст. 2086—2094 (улож. 1860 г. ст. 1533 и 1534 и уст. о нак. ст. 130—135.) — 2 — — 1 — 2 — 6 1 4 — — — 2 — 1 1 — — — — — — 5 1 6 1 4 — 1 — — — О противузаконномъ задержаніи и заключеніи ст. 2103—2108 (улож. 1866 г. ст. 1540—1544 и уст. о нак. ст. 142.) — — — — — — — — — 2 — — — — — — — — — — — — — — — — — 2 — — — — — Отдѣленіе Х.Отдѣленіе Х. О преступленіяхъ противъ союза брачнаго, ст. 2118—2156 (улож. 1866 г. ст. 1549—1585.) — — 2 — — — — — — 1 1 — 1 — — — — — — — — — — — — 1 2 — — — — — — — — О преступленіи дѣтей противъ родителей, ст. 2162—2165 (улож. 1866 г. ст. 1591 и 1692 и уст. о нак. ст. 132 и 143.) 4 — — — — — — 2 1 6 — — — 3 — — 3 — — — — 8 3 3 1 — — — — — — — — Отдѣленіе ХI. Отдѣленіе ХI. О насильственномъ завладѣніи чужимъ недвижимымъ имуществомъ и о истребленіи граничныхъ межъ и знаков ст. 2173— 2184 (улож. 1866 г. ст. 1601—1605 и уст. о нак. ст. 142, 144, 145, 147—149, 152 и 155.) — — — — — — — — — 1 — 2 — 1 — — — — — — — — — — — 1 — 1 — 1 — — — 1 — О зажигательствѣ, ст. 2185—2195 (улож. 1866 г. ст. 1606—1615 и уст. о нак. ст. 98.) — — 6 — — — — — — 3 — 1 4 — — — — — 2 — — — — — — 1 2 3 3 1 — — — О разбоѣ, ст. 2208—2217 (улож. 1866 г. ст. 1627—636.) — — — 2 — — — — — — 4 1 12 1 3 — 4 — 8 — — — — — — — 14 2 16 — 1 — — — — — О грабежѣ, ст. 2218—2224 (улож. 1866 г. ст. 1637—1643.) — — — 8 — — — — — — 5 3 15 2 3 1 8 2 8 — — — — — 6 — 7 5 18 3 8 — — — — — О воровствѣ-кражѣ, ст. 2225—2251 (улож. 1866 г. ст. 1644—1664 и уст. о нак. ст. 169 и 170.) — — 11 — — — — — — 28 2 35 6 16 — 37 2 30 1 — — — — 15 3 25 5 56 3 36 — 6 — 8 — О воровствѣ-мошенничествѣ, ст. 2252—2267 (улож. 1866 г. ст. 1665—1676 и уст. о нак. ст. 173—175.) — — — — — — — — — 1 — — — — — — — — — — — — — 1 — — — — — — — — — О присвоеніи ввѣреннаго чужаго движимаго имущества, ст. 2272 (улож. 1866 г. ст. 1681, 1682 и уст. о наказ. ст. 177.)1 — — — — — — 2 — 2 1 — — 1 — — — — — — — — — 3 1 1 — 1 — — — — — О преступленіяхъ и проступкахъ по договорамъ и другимъ обязательствамъ, ст. 2278—2304 (улож. 1866 г. ст. 1688—1711 и уст. о нак. ст. 174 и 180.) — — — — — — — 4 — 6 — — — 3 — 2 — — — — — — — 8 — 4 — 2 — 1 — — — По происшествіямъ нечаяннымъ: по неосторожности и другимъ случаямъ, не отнесеннымъ къ вышеприведеннымъ родамъ и видамъ.— — — — — — — — — 1 — — — 1 — — — — — — — — — 1 — 1 — — — — — — — Итого — — 76 4 — 11 — 7 — 105 14 199 36 41 4 80 13 93 9 2 — 3 — 41 7 124 37 190 29 142 3 28 — 14 — Примѣчанiе:Примѣчанiе: Отъ 1869 г. оставалось арестантовъ: 3 м. 1 ж. об. пола 4. Въ 1870 г. поступило: 151 м. * пола 178. Въ 1870 г. выбыло: 143 м. 25 ж. об. пола 168. За тѣмъ къ 1871 г. осталось: 11 м. 3 ж. об. пола 14. * Столбец прошит Вѣрно: Гражданскiй Губернаторъ Лохвицкiй С в ѣрялъ исправляющій должность Секретаря Статистическаго Комитета Ловянъ
d153;1866 г.;;120 Родъ преступленiй Родъ преступленiй * ныхъ Въ томъ числѣВъ томъ числѣ Возрастъ преступниковъВозрастъ преступниковъ Дворянъ потомственныхъ Дворянъ личныхъ Почетныхъ гражданъ и купцовъ Мещанъ Крестьянъ Военнаго сословiя Инородцевъ Поселенцевъ Ссыльно-каторжныхъ Ниже 17— 17—20 21—30 31—40 41- 50 51-60 Свыше 60 ж. м. ж. м. ж. м. ж. м. ж. м. ж. м. ж. м. ж. м. ж. м. ж. м. ж. м. ж. м. ж. м. ж. м. м м. ж. м. ж. Отдѣленіе I.Отдѣленіе I. Объ отступленіи отъ вѣры и постановленій церкви, ст. 200—234 (Улож. 1866 г. ст. 184—209 и уст. о нак. ст. 38, 63, 64, 48 и 107.)2 — — — — — — — — 5 2 — — — — — — — — — — 2 1 2 1 1 — — — — — — — О святотатствѣ, ст. 253—269 (Улож. 1866 г. ст. 219—235 и уст. о нак. ст. 170 п. 1.) — — 2 — — — — — — 1 — 3 — — — 3 2 2 — — — — — — — 3 2 6 — — — — — — — По преступленіямъ, исчисленнымъ во II отдѣленіи, дѣлъ въ разсмотрѣніи не было. — — — — — — — — — — — — — — — — — — — — — — — — — — — — — — — — — — — Отдѣленіе III.Отдѣленіе III. О самовольномъ присвоеніи власти и составленіи подложныхъ указовъ и другихъ исходящихъ отъ Правительства бумагъ, ст. 329—341 (улож. 1866 г. ст. 289—301 и уст. о нак. ст. 34.) — — — — — — — — — — — — — — — — 1 — — — — — — — — — — — 1 — — — — — — — О похищеніи бумагъ или вещей изъ присутственныхъ мѣстъ и уничтоженіе постановленныхъ или приложенныхъ по распоряженію правительства знаковъ, ст. 343—347 (улож. 1866 г. ст. 303—307 и уст. о нак. ст. 32.) — — — — — — — — — — — — — — — — — 1 — — — — — — — 1 — — — — — — — — — О взломѣ тюрьмъ, уводѣ и побѣгѣ находящихся подъ стражею или надзоромъ, ст. 348—359 (улож. 1866 ст. 308—317 и уст. о нак. ст. 63.) — — — — — — — — — — — — — 2 — — — — — 2 — — — — — — — 1 — 3 — — — — — — — Отдѣленіе IV.Отдѣленіе IV. О преступленіяхъ и проступкахъ по службѣ Государственной и общественной, ст. 371—549, 782—795, 959—975, 1022—1031, 1068—1072, 1361—1364, 1396—1406, 1410—1414 и 1429 (улож 1866 г. ст. 329—504, 533—539, 707—714, 805—821, 822—830, 854, 855, 1004—1007, 1058—1065, 1068—1072 и уст. о нак. ст. 65, 66, 102, 154—168.) — — — 3 — 10 — 5 — 8 — 12 — — — — — — — — — — — — — — — 12 — 25 — 1 — — — Отдѣленіе V.Отдѣленіе V. О преступленіяхъ и проступкахъ противъ постановленій о повинностяхъ земскихъ ст. 593—598 (улож. 1866 г. ст. 540—545.)— — — — — — — — — 1 — — — — — — — — — — — — — — — 1 — — — — — — — Отдѣленіе VI.Отдѣленіе VI. О нарушеніи уставовъ монетныхъ, ст. 608—630 (улож. 1866 г. ст. 556—578.) — — 4 — — — — — — 6 — 18 3 — — — 1 1 — — — — — — — 8 2 5 2 12 — — — — — О нарушеніи постановленій по питейному сбору и акцизу, ст. 718—795 (улож. 1866 г. ст. 665—717.) — — — — — — — — 3 — 1 — — — — — 2 — — — — — — — 4 — 2 — — — — — — — Отдѣленіе VII.Отдѣленіе VII. О преступленіяхъ и проступкахъ противъ постановленій ограждающихъ народное здравіе, ст. 1044—115* (улож. 1866 г. ст. 831—900 и уст. о нак. ст. 55, 56, 102, 104—109, 112—16 и 173.) — — — 1 — — — — — — — — — 1 — — — — — — — — — — — — — 1 — — — — — — — — О возбужденіи къ начатію или продолженію противузаконныхъ исковъ и тяжбъ о лживыхъ доносахъ, лжесвидѣтельствѣ и ложныхъ показаніяхъ на повальныхъ обыскахъ, ст. 1205—1212 (улож. 1866 г. ст. 939—946.) — — — — — — — — — — — 1 — — — — — — — — — — — — — — — 1 — — — — — — — О бродяжествѣ, укрывательствѣ бѣглыхъ и нарушеніи постановленій о паспортахъ, ст. 1216—1272 (улож. 1866 г. ст. 950—983 и уст. о нак. ст. 29, 58, 60, 61, 62 и 77.) — — — — — — — — — — — — 4 — — — 6 — 21 — — — — — — — 5 — 8 — 8 — 8 — 2 — О противузаконномъ выдѣлываніи и храненіи оружія или пороха и нарушеніи другихъ правилъ осторожности, ст. 1295— 1328 (улож. 1866 г. ст. 986—989 и уст. о нак. ст. 29, 32, 117—126, 129 и 987.) — — — — — — — — — — — 6 — — — — — 1 — — — 3 — 3 — 1 — — — — — — — — — О преступленіяхъ противъ общественной нравственности, ст. 1336—1360 (улож. 1866 г. ст. 993—1003 уст. о нак. ст. 42— 45.)— — — — — — — — — — — — — — — 1 — — — — — — — — — 1 — — — — — — — О нарушеніи правилъ осторожности отъ пожаровъ, ст. 1429—1473 (улож. 1866 г. ст. 1076 и 1077 уст. о нак. ст. 29, 66, 88, 89, 80, 91, 93—98 и 117.) — — — — — — — — — — — — — 2 — — — — — 2 — — — — — — — — — 3 — 1 — — — — — По преступленіямъ, исчисленнымъ въ VIII отдѣленіи, дѣлъ въ разсмотрѣніи не было. — — — — — — — — — — — — — — — — — — — — — — — — — — — — — — — — — — — Отдѣленіе IХ.Отдѣленіе IХ. О смертоубійствѣ, ст. 1998—2020 (улож. 1866 г. ст. 1449—1471.) — — — 27 — — — — — — 17 4 25 12 6 3 5 6 9 2 2 — — — 4 — 13 10 26 15 20 2 1 — — — О самоубійствѣ, ст. 2021—2025 (улож. 1866 г. ст. 1472—1476.) — — — — — — — — — — — — 1 — — — — — — — — — — — — — 1 — — — — — — — — — О нанесеніи увѣчья, ранъ и другихъ поврежденій, ст. 2026—2047 (улож. 1866 г. ст. 1471—1496 и уст. о нак. ст. 129.)4 1 — — — — — 13 1 26 3 12 — 2 — — — — — — — 2 — 12 2 12 2 15 — 1* — 3 — О преступленіяхъ противъ чести и цѣломудрія женщинъ, ст. 2076—2085 (улож. 1866 г. ст. 1523—1532.) — — — — — — — — 1 — 5 — — — 4 — 2 — — — — — 1 — 3 — 5 — 3 — — — — — О личныхъ оскорбленіяхъ, ст. 2086—2094 (улож. 1860 г. ст. 1533 и 1534 и уст. о нак. ст. 130—135.) — 2 — — 1 — 2 — 6 1 4 — — — 2 — 1 1 — — — — — — 5 1 6 1 4 — 1 — — — О противузаконномъ задержаніи и заключеніи ст. 2103—2108 (улож. 1866 г. ст. 1540—1544 и уст. о нак. ст. 142.) — — — — — — — — — 2 — — — — — — — — — — — — — — — — — 2 — — — — — Отдѣленіе Х.Отдѣленіе Х. О преступленіяхъ противъ союза брачнаго, ст. 2118—2156 (улож. 1866 г. ст. 1549—1585.) — — 2 — — — — — — 1 1 — 1 — — — — — — — — — — — — 1 2 — — — — — — — — О преступленіи дѣтей противъ родителей, ст. 2162—2165 (улож. 1866 г. ст. 1591 и 1692 и уст. о нак. ст. 132 и 143.) 4 — — — — — — 2 1 6 — — — 3 — — 3 — — — — 8 3 3 1 — — — — — — — — Отдѣленіе ХI. Отдѣленіе ХI. О насильственномъ завладѣніи чужимъ недвижимымъ имуществомъ и о истребленіи граничныхъ межъ и знаков ст. 2173— 2184 (улож. 1866 г. ст. 1601—1605 и уст. о нак. ст. 142, 144, 145, 147—149, 152 и 155.) — — — — — — — — — 1 — 2 — 1 — — — — — — — — — — — 1 — 1 — 1 — — — 1 — О зажигательствѣ, ст. 2185—2195 (улож. 1866 г. ст. 1606—1615 и уст. о нак. ст. 98.) — — 6 — — — — — — 3 — 1 4 — — — — — 2 — — — — — — 1 2 3 3 1 — — — О разбоѣ, ст. 2208—2217 (улож. 1866 г. ст. 1627—636.) — — — 2 — — — — — — 4 1 12 1 3 — 4 — 8 — — — — — — — 14 2 16 — 1 — — — — — О грабежѣ, ст. 2218—2224 (улож. 1866 г. ст. 1637—1643.) — — — 8 — — — — — — 5 3 15 2 3 1 8 2 8 — — — — — 6 — 7 5 18 3 8 — — — — — О воровствѣ-кражѣ, ст. 2225—2251 (улож. 1866 г. ст. 1644—1664 и уст. о нак. ст. 169 и 170.) — — 11 — — — — — — 28 2 35 6 16 — 37 2 30 1 — — — — 15 3 25 5 56 3 36 — 6 — 8 — О воровствѣ-мошенничествѣ, ст. 2252—2267 (улож. 1866 г. ст. 1665—1676 и уст. о нак. ст. 173—175.) — — — — — — — — — 1 — — — — — — — — — — — — — 1 — — — — — — — — — О присвоеніи ввѣреннаго чужаго движимаго имущества, ст. 2272 (улож. 1866 г. ст. 1681, 1682 и уст. о наказ. ст. 177.)1 — — — — — — 2 — 2 1 — — 1 — — — — — — — — — 3 1 1 — 1 — — — — — О преступленіяхъ и проступкахъ по договорамъ и другимъ обязательствамъ, ст. 2278—2304 (улож. 1866 г. ст. 1688—1711 и уст. о нак. ст. 174 и 180.) — — — — — — — 4 — 6 — — — 3 — 2 — — — — — — — 8 — 4 — 2 — 1 — — — По происшествіямъ нечаяннымъ: по неосторожности и другимъ случаямъ, не отнесеннымъ къ вышеприведеннымъ родамъ и видамъ.— — — — — — — — — 1 — — — 1 — — — — — — — — — 1 — 1 — — — — — — — Итого — — 76 4 — 11 — 7 — 105 14 199 36 41 4 80 13 93 9 2 — 3 — 41 7 124 37 190 29 142 3 28 — 14 — Примѣчанiе:Примѣчанiе: Отъ 1869 г. оставалось арестантовъ: 3 м. 1 ж. об. пола 4. Въ 1870 г. поступило: 151 м. * пола 178. Въ 1870 г. выбыло: 143 м. 25 ж. об. пола 168. За тѣмъ къ 1871 г. осталось: 11 м. 3 ж. об. пола 14. * Столбец прошит Вѣрно: Гражданскiй Губернаторъ Лохвицкiй С в ѣрялъ исправляющій должность Секретаря Статистическаго Комитета Ловянъ
d154;1866 г.;;120 Родъ преступленiй Родъ преступленiй * ныхъ Въ томъ числѣВъ томъ числѣ Возрастъ преступниковъВозрастъ преступниковъ Дворянъ потомственныхъ Дворянъ личныхъ Почетныхъ гражданъ и купцовъ Мещанъ Крестьянъ Военнаго сословiя Инородцевъ Поселенцевъ Ссыльно-каторжныхъ Ниже 17— 17—20 21—30 31—40 41- 50 51-60 Свыше 60 ж. м. ж. м. ж. м. ж. м. ж. м. ж. м. ж. м. ж. м. ж. м. ж. м. ж. м. ж. м. ж. м. ж. м. м м. ж. м. ж. Отдѣленіе I.Отдѣленіе I. Объ отступленіи отъ вѣры и постановленій церкви, ст. 200—234 (Улож. 1866 г. ст. 184—209 и уст. о нак. ст. 38, 63, 64, 48 и 107.)2 — — — — — — — — 5 2 — — — — — — — — — — 2 1 2 1 1 — — — — — — — О святотатствѣ, ст. 253—269 (Улож. 1866 г. ст. 219—235 и уст. о нак. ст. 170 п. 1.) — — 2 — — — — — — 1 — 3 — — — 3 2 2 — — — — — — — 3 2 6 — — — — — — — По преступленіямъ, исчисленнымъ во II отдѣленіи, дѣлъ въ разсмотрѣніи не было. — — — — — — — — — — — — — — — — — — — — — — — — — — — — — — — — — — — Отдѣленіе III.Отдѣленіе III. О самовольномъ присвоеніи власти и составленіи подложныхъ указовъ и другихъ исходящихъ отъ Правительства бумагъ, ст. 329—341 (улож. 1866 г. ст. 289—301 и уст. о нак. ст. 34.) — — — — — — — — — — — — — — — — 1 — — — — — — — — — — — 1 — — — — — — — О похищеніи бумагъ или вещей изъ присутственныхъ мѣстъ и уничтоженіе постановленныхъ или приложенныхъ по распоряженію правительства знаковъ, ст. 343—347 (улож. 1866 г. ст. 303—307 и уст. о нак. ст. 32.) — — — — — — — — — — — — — — — — — 1 — — — — — — — 1 — — — — — — — — — О взломѣ тюрьмъ, уводѣ и побѣгѣ находящихся подъ стражею или надзоромъ, ст. 348—359 (улож. 1866 ст. 308—317 и уст. о нак. ст. 63.) — — — — — — — — — — — — — 2 — — — — — 2 — — — — — — — 1 — 3 — — — — — — — Отдѣленіе IV.Отдѣленіе IV. О преступленіяхъ и проступкахъ по службѣ Государственной и общественной, ст. 371—549, 782—795, 959—975, 1022—1031, 1068—1072, 1361—1364, 1396—1406, 1410—1414 и 1429 (улож 1866 г. ст. 329—504, 533—539, 707—714, 805—821, 822—830, 854, 855, 1004—1007, 1058—1065, 1068—1072 и уст. о нак. ст. 65, 66, 102, 154—168.) — — — 3 — 10 — 5 — 8 — 12 — — — — — — — — — — — — — — — 12 — 25 — 1 — — — Отдѣленіе V.Отдѣленіе V. О преступленіяхъ и проступкахъ противъ постановленій о повинностяхъ земскихъ ст. 593—598 (улож. 1866 г. ст. 540—545.)— — — — — — — — — 1 — — — — — — — — — — — — — — — 1 — — — — — — — Отдѣленіе VI.Отдѣленіе VI. О нарушеніи уставовъ монетныхъ, ст. 608—630 (улож. 1866 г. ст. 556—578.) — — 4 — — — — — — 6 — 18 3 — — — 1 1 — — — — — — — 8 2 5 2 12 — — — — — О нарушеніи постановленій по питейному сбору и акцизу, ст. 718—795 (улож. 1866 г. ст. 665—717.) — — — — — — — — 3 — 1 — — — — — 2 — — — — — — — 4 — 2 — — — — — — — Отдѣленіе VII.Отдѣленіе VII. О преступленіяхъ и проступкахъ противъ постановленій ограждающихъ народное здравіе, ст. 1044—115* (улож. 1866 г. ст. 831—900 и уст. о нак. ст. 55, 56, 102, 104—109, 112—16 и 173.) — — — 1 — — — — — — — — — 1 — — — — — — — — — — — — — 1 — — — — — — — — О возбужденіи къ начатію или продолженію противузаконныхъ исковъ и тяжбъ о лживыхъ доносахъ, лжесвидѣтельствѣ и ложныхъ показаніяхъ на повальныхъ обыскахъ, ст. 1205—1212 (улож. 1866 г. ст. 939—946.) — — — — — — — — — — — 1 — — — — — — — — — — — — — — — 1 — — — — — — — О бродяжествѣ, укрывательствѣ бѣглыхъ и нарушеніи постановленій о паспортахъ, ст. 1216—1272 (улож. 1866 г. ст. 950—983 и уст. о нак. ст. 29, 58, 60, 61, 62 и 77.) — — — — — — — — — — — — 4 — — — 6 — 21 — — — — — — — 5 — 8 — 8 — 8 — 2 — О противузаконномъ выдѣлываніи и храненіи оружія или пороха и нарушеніи другихъ правилъ осторожности, ст. 1295— 1328 (улож. 1866 г. ст. 986—989 и уст. о нак. ст. 29, 32, 117—126, 129 и 987.) — — — — — — — — — — — 6 — — — — — 1 — — — 3 — 3 — 1 — — — — — — — — — О преступленіяхъ противъ общественной нравственности, ст. 1336—1360 (улож. 1866 г. ст. 993—1003 уст. о нак. ст. 42— 45.)— — — — — — — — — — — — — — — 1 — — — — — — — — — 1 — — — — — — — О нарушеніи правилъ осторожности отъ пожаровъ, ст. 1429—1473 (улож. 1866 г. ст. 1076 и 1077 уст. о нак. ст. 29, 66, 88, 89, 80, 91, 93—98 и 117.) — — — — — — — — — — — — — 2 — — — — — 2 — — — — — — — — — 3 — 1 — — — — — По преступленіямъ, исчисленнымъ въ VIII отдѣленіи, дѣлъ въ разсмотрѣніи не было. — — — — — — — — — — — — — — — — — — — — — — — — — — — — — — — — — — — Отдѣленіе IХ.Отдѣленіе IХ. О смертоубійствѣ, ст. 1998—2020 (улож. 1866 г. ст. 1449—1471.) — — — 27 — — — — — — 17 4 25 12 6 3 5 6 9 2 2 — — — 4 — 13 10 26 15 20 2 1 — — — О самоубійствѣ, ст. 2021—2025 (улож. 1866 г. ст. 1472—1476.) — — — — — — — — — — — — 1 — — — — — — — — — — — — — 1 — — — — — — — — — О нанесеніи увѣчья, ранъ и другихъ поврежденій, ст. 2026—2047 (улож. 1866 г. ст. 1471—1496 и уст. о нак. ст. 129.)4 1 — — — — — 13 1 26 3 12 — 2 — — — — — — — 2 — 12 2 12 2 15 — 1* — 3 — О преступленіяхъ противъ чести и цѣломудрія женщинъ, ст. 2076—2085 (улож. 1866 г. ст. 1523—1532.) — — — — — — — — 1 — 5 — — — 4 — 2 — — — — — 1 — 3 — 5 — 3 — — — — — О личныхъ оскорбленіяхъ, ст. 2086—2094 (улож. 1860 г. ст. 1533 и 1534 и уст. о нак. ст. 130—135.) — 2 — — 1 — 2 — 6 1 4 — — — 2 — 1 1 — — — — — — 5 1 6 1 4 — 1 — — — О противузаконномъ задержаніи и заключеніи ст. 2103—2108 (улож. 1866 г. ст. 1540—1544 и уст. о нак. ст. 142.) — — — — — — — — — 2 — — — — — — — — — — — — — — — — — 2 — — — — — Отдѣленіе Х.Отдѣленіе Х. О преступленіяхъ противъ союза брачнаго, ст. 2118—2156 (улож. 1866 г. ст. 1549—1585.) — — 2 — — — — — — 1 1 — 1 — — — — — — — — — — — — 1 2 — — — — — — — — О преступленіи дѣтей противъ родителей, ст. 2162—2165 (улож. 1866 г. ст. 1591 и 1692 и уст. о нак. ст. 132 и 143.) 4 — — — — — — 2 1 6 — — — 3 — — 3 — — — — 8 3 3 1 — — — — — — — — Отдѣленіе ХI. Отдѣленіе ХI. О насильственномъ завладѣніи чужимъ недвижимымъ имуществомъ и о истребленіи граничныхъ межъ и знаков ст. 2173— 2184 (улож. 1866 г. ст. 1601—1605 и уст. о нак. ст. 142, 144, 145, 147—149, 152 и 155.) — — — — — — — — — 1 — 2 — 1 — — — — — — — — — — — 1 — 1 — 1 — — — 1 — О зажигательствѣ, ст. 2185—2195 (улож. 1866 г. ст. 1606—1615 и уст. о нак. ст. 98.) — — 6 — — — — — — 3 — 1 4 — — — — — 2 — — — — — — 1 2 3 3 1 — — — О разбоѣ, ст. 2208—2217 (улож. 1866 г. ст. 1627—636.) — — — 2 — — — — — — 4 1 12 1 3 — 4 — 8 — — — — — — — 14 2 16 — 1 — — — — — О грабежѣ, ст. 2218—2224 (улож. 1866 г. ст. 1637—1643.) — — — 8 — — — — — — 5 3 15 2 3 1 8 2 8 — — — — — 6 — 7 5 18 3 8 — — — — — О воровствѣ-кражѣ, ст. 2225—2251 (улож. 1866 г. ст. 1644—1664 и уст. о нак. ст. 169 и 170.) — — 11 — — — — — — 28 2 35 6 16 — 37 2 30 1 — — — — 15 3 25 5 56 3 36 — 6 — 8 — О воровствѣ-мошенничествѣ, ст. 2252—2267 (улож. 1866 г. ст. 1665—1676 и уст. о нак. ст. 173—175.) — — — — — — — — — 1 — — — — — — — — — — — — — 1 — — — — — — — — — О присвоеніи ввѣреннаго чужаго движимаго имущества, ст. 2272 (улож. 1866 г. ст. 1681, 1682 и уст. о наказ. ст. 177.)1 — — — — — — 2 — 2 1 — — 1 — — — — — — — — — 3 1 1 — 1 — — — — — О преступленіяхъ и проступкахъ по договорамъ и другимъ обязательствамъ, ст. 2278—2304 (улож. 1866 г. ст. 1688—1711 и уст. о нак. ст. 174 и 180.) — — — — — — — 4 — 6 — — — 3 — 2 — — — — — — — 8 — 4 — 2 — 1 — — — По происшествіямъ нечаяннымъ: по неосторожности и другимъ случаямъ, не отнесеннымъ къ вышеприведеннымъ родамъ и видамъ.— — — — — — — — — 1 — — — 1 — — — — — — — — — 1 — 1 — — — — — — — Итого — — 76 4 — 11 — 7 — 105 14 199 36 41 4 80 13 93 9 2 — 3 — 41 7 124 37 190 29 142 3 28 — 14 — Примѣчанiе:Примѣчанiе: Отъ 1869 г. оставалось арестантовъ: 3 м. 1 ж. об. пола 4. Въ 1870 г. поступило: 151 м. * пола 178. Въ 1870 г. выбыло: 143 м. 25 ж. об. пола 168. За тѣмъ къ 1871 г. осталось: 11 м. 3 ж. об. пола 14. * Столбец прошит Вѣрно: Гражданскiй Губернаторъ Лохвицкiй С в ѣрялъ исправляющій должность Секретаря Статистическаго Комитета Ловянъ
d155;1866 г.;;120 Родъ преступленiй Родъ преступленiй * ныхъ Въ томъ числѣВъ томъ числѣ Возрастъ преступниковъВозрастъ преступниковъ Дворянъ потомственныхъ Дворянъ личныхъ Почетныхъ гражданъ и купцовъ Мещанъ Крестьянъ Военнаго сословiя Инородцевъ Поселенцевъ Ссыльно-каторжныхъ Ниже 17— 17—20 21—30 31—40 41- 50 51-60 Свыше 60 ж. м. ж. м. ж. м. ж. м. ж. м. ж. м. ж. м. ж. м. ж. м. ж. м. ж. м. ж. м. ж. м. ж. м. м м. ж. м. ж. Отдѣленіе I.Отдѣленіе I. Объ отступленіи отъ вѣры и постановленій церкви, ст. 200—234 (Улож. 1866 г. ст. 184—209 и уст. о нак. ст. 38, 63, 64, 48 и 107.)2 — — — — — — — — 5 2 — — — — — — — — — — 2 1 2 1 1 — — — — — — — О святотатствѣ, ст. 253—269 (Улож. 1866 г. ст. 219—235 и уст. о нак. ст. 170 п. 1.) — — 2 — — — — — — 1 — 3 — — — 3 2 2 — — — — — — — 3 2 6 — — — — — — — По преступленіямъ, исчисленнымъ во II отдѣленіи, дѣлъ въ разсмотрѣніи не было. — — — — — — — — — — — — — — — — — — — — — — — — — — — — — — — — — — — Отдѣленіе III.Отдѣленіе III. О самовольномъ присвоеніи власти и составленіи подложныхъ указовъ и другихъ исходящихъ отъ Правительства бумагъ, ст. 329—341 (улож. 1866 г. ст. 289—301 и уст. о нак. ст. 34.) — — — — — — — — — — — — — — — — 1 — — — — — — — — — — — 1 — — — — — — — О похищеніи бумагъ или вещей изъ присутственныхъ мѣстъ и уничтоженіе постановленныхъ или приложенныхъ по распоряженію правительства знаковъ, ст. 343—347 (улож. 1866 г. ст. 303—307 и уст. о нак. ст. 32.) — — — — — — — — — — — — — — — — — 1 — — — — — — — 1 — — — — — — — — — О взломѣ тюрьмъ, уводѣ и побѣгѣ находящихся подъ стражею или надзоромъ, ст. 348—359 (улож. 1866 ст. 308—317 и уст. о нак. ст. 63.) — — — — — — — — — — — — — 2 — — — — — 2 — — — — — — — 1 — 3 — — — — — — — Отдѣленіе IV.Отдѣленіе IV. О преступленіяхъ и проступкахъ по службѣ Государственной и общественной, ст. 371—549, 782—795, 959—975, 1022—1031, 1068—1072, 1361—1364, 1396—1406, 1410—1414 и 1429 (улож 1866 г. ст. 329—504, 533—539, 707—714, 805—821, 822—830, 854, 855, 1004—1007, 1058—1065, 1068—1072 и уст. о нак. ст. 65, 66, 102, 154—168.) — — — 3 — 10 — 5 — 8 — 12 — — — — — — — — — — — — — — — 12 — 25 — 1 — — — Отдѣленіе V.Отдѣленіе V. О преступленіяхъ и проступкахъ противъ постановленій о повинностяхъ земскихъ ст. 593—598 (улож. 1866 г. ст. 540—545.)— — — — — — — — — 1 — — — — — — — — — — — — — — — 1 — — — — — — — Отдѣленіе VI.Отдѣленіе VI. О нарушеніи уставовъ монетныхъ, ст. 608—630 (улож. 1866 г. ст. 556—578.) — — 4 — — — — — — 6 — 18 3 — — — 1 1 — — — — — — — 8 2 5 2 12 — — — — — О нарушеніи постановленій по питейному сбору и акцизу, ст. 718—795 (улож. 1866 г. ст. 665—717.) — — — — — — — — 3 — 1 — — — — — 2 — — — — — — — 4 — 2 — — — — — — — Отдѣленіе VII.Отдѣленіе VII. О преступленіяхъ и проступкахъ противъ постановленій ограждающихъ народное здравіе, ст. 1044—115* (улож. 1866 г. ст. 831—900 и уст. о нак. ст. 55, 56, 102, 104—109, 112—16 и 173.) — — — 1 — — — — — — — — — 1 — — — — — — — — — — — — — 1 — — — — — — — — О возбужденіи къ начатію или продолженію противузаконныхъ исковъ и тяжбъ о лживыхъ доносахъ, лжесвидѣтельствѣ и ложныхъ показаніяхъ на повальныхъ обыскахъ, ст. 1205—1212 (улож. 1866 г. ст. 939—946.) — — — — — — — — — — — 1 — — — — — — — — — — — — — — — 1 — — — — — — — О бродяжествѣ, укрывательствѣ бѣглыхъ и нарушеніи постановленій о паспортахъ, ст. 1216—1272 (улож. 1866 г. ст. 950—983 и уст. о нак. ст. 29, 58, 60, 61, 62 и 77.) — — — — — — — — — — — — 4 — — — 6 — 21 — — — — — — — 5 — 8 — 8 — 8 — 2 — О противузаконномъ выдѣлываніи и храненіи оружія или пороха и нарушеніи другихъ правилъ осторожности, ст. 1295— 1328 (улож. 1866 г. ст. 986—989 и уст. о нак. ст. 29, 32, 117—126, 129 и 987.) — — — — — — — — — — — 6 — — — — — 1 — — — 3 — 3 — 1 — — — — — — — — — О преступленіяхъ противъ общественной нравственности, ст. 1336—1360 (улож. 1866 г. ст. 993—1003 уст. о нак. ст. 42— 45.)— — — — — — — — — — — — — — — 1 — — — — — — — — — 1 — — — — — — — О нарушеніи правилъ осторожности отъ пожаровъ, ст. 1429—1473 (улож. 1866 г. ст. 1076 и 1077 уст. о нак. ст. 29, 66, 88, 89, 80, 91, 93—98 и 117.) — — — — — — — — — — — — — 2 — — — — — 2 — — — — — — — — — 3 — 1 — — — — — По преступленіямъ, исчисленнымъ въ VIII отдѣленіи, дѣлъ въ разсмотрѣніи не было. — — — — — — — — — — — — — — — — — — — — — — — — — — — — — — — — — — — Отдѣленіе IХ.Отдѣленіе IХ. О смертоубійствѣ, ст. 1998—2020 (улож. 1866 г. ст. 1449—1471.) — — — 27 — — — — — — 17 4 25 12 6 3 5 6 9 2 2 — — — 4 — 13 10 26 15 20 2 1 — — — О самоубійствѣ, ст. 2021—2025 (улож. 1866 г. ст. 1472—1476.) — — — — — — — — — — — — 1 — — — — — — — — — — — — — 1 — — — — — — — — — О нанесеніи увѣчья, ранъ и другихъ поврежденій, ст. 2026—2047 (улож. 1866 г. ст. 1471—1496 и уст. о нак. ст. 129.)4 1 — — — — — 13 1 26 3 12 — 2 — — — — — — — 2 — 12 2 12 2 15 — 1* — 3 — О преступленіяхъ противъ чести и цѣломудрія женщинъ, ст. 2076—2085 (улож. 1866 г. ст. 1523—1532.) — — — — — — — — 1 — 5 — — — 4 — 2 — — — — — 1 — 3 — 5 — 3 — — — — — О личныхъ оскорбленіяхъ, ст. 2086—2094 (улож. 1860 г. ст. 1533 и 1534 и уст. о нак. ст. 130—135.) — 2 — — 1 — 2 — 6 1 4 — — — 2 — 1 1 — — — — — — 5 1 6 1 4 — 1 — — — О противузаконномъ задержаніи и заключеніи ст. 2103—2108 (улож. 1866 г. ст. 1540—1544 и уст. о нак. ст. 142.) — — — — — — — — — 2 — — — — — — — — — — — — — — — — — 2 — — — — — Отдѣленіе Х.Отдѣленіе Х. О преступленіяхъ противъ союза брачнаго, ст. 2118—2156 (улож. 1866 г. ст. 1549—1585.) — — 2 — — — — — — 1 1 — 1 — — — — — — — — — — — — 1 2 — — — — — — — — О преступленіи дѣтей противъ родителей, ст. 2162—2165 (улож. 1866 г. ст. 1591 и 1692 и уст. о нак. ст. 132 и 143.) 4 — — — — — — 2 1 6 — — — 3 — — 3 — — — — 8 3 3 1 — — — — — — — — Отдѣленіе ХI. Отдѣленіе ХI. О насильственномъ завладѣніи чужимъ недвижимымъ имуществомъ и о истребленіи граничныхъ межъ и знаков ст. 2173— 2184 (улож. 1866 г. ст. 1601—1605 и уст. о нак. ст. 142, 144, 145, 147—149, 152 и 155.) — — — — — — — — — 1 — 2 — 1 — — — — — — — — — — — 1 — 1 — 1 — — — 1 — О зажигательствѣ, ст. 2185—2195 (улож. 1866 г. ст. 1606—1615 и уст. о нак. ст. 98.) — — 6 — — — — — — 3 — 1 4 — — — — — 2 — — — — — — 1 2 3 3 1 — — — О разбоѣ, ст. 2208—2217 (улож. 1866 г. ст. 1627—636.) — — — 2 — — — — — — 4 1 12 1 3 — 4 — 8 — — — — — — — 14 2 16 — 1 — — — — — О грабежѣ, ст. 2218—2224 (улож. 1866 г. ст. 1637—1643.) — — — 8 — — — — — — 5 3 15 2 3 1 8 2 8 — — — — — 6 — 7 5 18 3 8 — — — — — О воровствѣ-кражѣ, ст. 2225—2251 (улож. 1866 г. ст. 1644—1664 и уст. о нак. ст. 169 и 170.) — — 11 — — — — — — 28 2 35 6 16 — 37 2 30 1 — — — — 15 3 25 5 56 3 36 — 6 — 8 — О воровствѣ-мошенничествѣ, ст. 2252—2267 (улож. 1866 г. ст. 1665—1676 и уст. о нак. ст. 173—175.) — — — — — — — — — 1 — — — — — — — — — — — — — 1 — — — — — — — — — О присвоеніи ввѣреннаго чужаго движимаго имущества, ст. 2272 (улож. 1866 г. ст. 1681, 1682 и уст. о наказ. ст. 177.)1 — — — — — — 2 — 2 1 — — 1 — — — — — — — — — 3 1 1 — 1 — — — — — О преступленіяхъ и проступкахъ по договорамъ и другимъ обязательствамъ, ст. 2278—2304 (улож. 1866 г. ст. 1688—1711 и уст. о нак. ст. 174 и 180.) — — — — — — — 4 — 6 — — — 3 — 2 — — — — — — — 8 — 4 — 2 — 1 — — — По происшествіямъ нечаяннымъ: по неосторожности и другимъ случаямъ, не отнесеннымъ къ вышеприведеннымъ родамъ и видамъ.— — — — — — — — — 1 — — — 1 — — — — — — — — — 1 — 1 — — — — — — — Итого — — 76 4 — 11 — 7 — 105 14 199 36 41 4 80 13 93 9 2 — 3 — 41 7 124 37 190 29 142 3 28 — 14 — Примѣчанiе:Примѣчанiе: Отъ 1869 г. оставалось арестантовъ: 3 м. 1 ж. об. пола 4. Въ 1870 г. поступило: 151 м. * пола 178. Въ 1870 г. выбыло: 143 м. 25 ж. об. пола 168. За тѣмъ къ 1871 г. осталось: 11 м. 3 ж. об. пола 14. * Столбец прошит Вѣрно: Гражданскiй Губернаторъ Лохвицкiй С в ѣрялъ исправляющій должность Секретаря Статистическаго Комитета Ловянъ
d156;1866 г.;;120 Родъ преступленiй Родъ преступленiй * ныхъ Въ томъ числѣВъ томъ числѣ Возрастъ преступниковъВозрастъ преступниковъ Дворянъ потомственныхъ Дворянъ личныхъ Почетныхъ гражданъ и купцовъ Мещанъ Крестьянъ Военнаго сословiя Инородцевъ Поселенцевъ Ссыльно-каторжныхъ Ниже 17— 17—20 21—30 31—40 41- 50 51-60 Свыше 60 ж. м. ж. м. ж. м. ж. м. ж. м. ж. м. ж. м. ж. м. ж. м. ж. м. ж. м. ж. м. ж. м. ж. м. м м. ж. м. ж. Отдѣленіе I.Отдѣленіе I. Объ отступленіи отъ вѣры и постановленій церкви, ст. 200—234 (Улож. 1866 г. ст. 184—209 и уст. о нак. ст. 38, 63, 64, 48 и 107.)2 — — — — — — — — 5 2 — — — — — — — — — — 2 1 2 1 1 — — — — — — — О святотатствѣ, ст. 253—269 (Улож. 1866 г. ст. 219—235 и уст. о нак. ст. 170 п. 1.) — — 2 — — — — — — 1 — 3 — — — 3 2 2 — — — — — — — 3 2 6 — — — — — — — По преступленіямъ, исчисленнымъ во II отдѣленіи, дѣлъ въ разсмотрѣніи не было. — — — — — — — — — — — — — — — — — — — — — — — — — — — — — — — — — — — Отдѣленіе III.Отдѣленіе III. О самовольномъ присвоеніи власти и составленіи подложныхъ указовъ и другихъ исходящихъ отъ Правительства бумагъ, ст. 329—341 (улож. 1866 г. ст. 289—301 и уст. о нак. ст. 34.) — — — — — — — — — — — — — — — — 1 — — — — — — — — — — — 1 — — — — — — — О похищеніи бумагъ или вещей изъ присутственныхъ мѣстъ и уничтоженіе постановленныхъ или приложенныхъ по распоряженію правительства знаковъ, ст. 343—347 (улож. 1866 г. ст. 303—307 и уст. о нак. ст. 32.) — — — — — — — — — — — — — — — — — 1 — — — — — — — 1 — — — — — — — — — О взломѣ тюрьмъ, уводѣ и побѣгѣ находящихся подъ стражею или надзоромъ, ст. 348—359 (улож. 1866 ст. 308—317 и уст. о нак. ст. 63.) — — — — — — — — — — — — — 2 — — — — — 2 — — — — — — — 1 — 3 — — — — — — — Отдѣленіе IV.Отдѣленіе IV. О преступленіяхъ и проступкахъ по службѣ Государственной и общественной, ст. 371—549, 782—795, 959—975, 1022—1031, 1068—1072, 1361—1364, 1396—1406, 1410—1414 и 1429 (улож 1866 г. ст. 329—504, 533—539, 707—714, 805—821, 822—830, 854, 855, 1004—1007, 1058—1065, 1068—1072 и уст. о нак. ст. 65, 66, 102, 154—168.) — — — 3 — 10 — 5 — 8 — 12 — — — — — — — — — — — — — — — 12 — 25 — 1 — — — Отдѣленіе V.Отдѣленіе V. О преступленіяхъ и проступкахъ противъ постановленій о повинностяхъ земскихъ ст. 593—598 (улож. 1866 г. ст. 540—545.)— — — — — — — — — 1 — — — — — — — — — — — — — — — 1 — — — — — — — Отдѣленіе VI.Отдѣленіе VI. О нарушеніи уставовъ монетныхъ, ст. 608—630 (улож. 1866 г. ст. 556—578.) — — 4 — — — — — — 6 — 18 3 — — — 1 1 — — — — — — — 8 2 5 2 12 — — — — — О нарушеніи постановленій по питейному сбору и акцизу, ст. 718—795 (улож. 1866 г. ст. 665—717.) — — — — — — — — 3 — 1 — — — — — 2 — — — — — — — 4 — 2 — — — — — — — Отдѣленіе VII.Отдѣленіе VII. О преступленіяхъ и проступкахъ противъ постановленій ограждающихъ народное здравіе, ст. 1044—115* (улож. 1866 г. ст. 831—900 и уст. о нак. ст. 55, 56, 102, 104—109, 112—16 и 173.) — — — 1 — — — — — — — — — 1 — — — — — — — — — — — — — 1 — — — — — — — — О возбужденіи къ начатію или продолженію противузаконныхъ исковъ и тяжбъ о лживыхъ доносахъ, лжесвидѣтельствѣ и ложныхъ показаніяхъ на повальныхъ обыскахъ, ст. 1205—1212 (улож. 1866 г. ст. 939—946.) — — — — — — — — — — — 1 — — — — — — — — — — — — — — — 1 — — — — — — — О бродяжествѣ, укрывательствѣ бѣглыхъ и нарушеніи постановленій о паспортахъ, ст. 1216—1272 (улож. 1866 г. ст. 950—983 и уст. о нак. ст. 29, 58, 60, 61, 62 и 77.) — — — — — — — — — — — — 4 — — — 6 — 21 — — — — — — — 5 — 8 — 8 — 8 — 2 — О противузаконномъ выдѣлываніи и храненіи оружія или пороха и нарушеніи другихъ правилъ осторожности, ст. 1295— 1328 (улож. 1866 г. ст. 986—989 и уст. о нак. ст. 29, 32, 117—126, 129 и 987.) — — — — — — — — — — — 6 — — — — — 1 — — — 3 — 3 — 1 — — — — — — — — — О преступленіяхъ противъ общественной нравственности, ст. 1336—1360 (улож. 1866 г. ст. 993—1003 уст. о нак. ст. 42— 45.)— — — — — — — — — — — — — — — 1 — — — — — — — — — 1 — — — — — — — О нарушеніи правилъ осторожности отъ пожаровъ, ст. 1429—1473 (улож. 1866 г. ст. 1076 и 1077 уст. о нак. ст. 29, 66, 88, 89, 80, 91, 93—98 и 117.) — — — — — — — — — — — — — 2 — — — — — 2 — — — — — — — — — 3 — 1 — — — — — По преступленіямъ, исчисленнымъ въ VIII отдѣленіи, дѣлъ въ разсмотрѣніи не было. — — — — — — — — — — — — — — — — — — — — — — — — — — — — — — — — — — — Отдѣленіе IХ.Отдѣленіе IХ. О смертоубійствѣ, ст. 1998—2020 (улож. 1866 г. ст. 1449—1471.) — — — 27 — — — — — — 17 4 25 12 6 3 5 6 9 2 2 — — — 4 — 13 10 26 15 20 2 1 — — — О самоубійствѣ, ст. 2021—2025 (улож. 1866 г. ст. 1472—1476.) — — — — — — — — — — — — 1 — — — — — — — — — — — — — 1 — — — — — — — — — О нанесеніи увѣчья, ранъ и другихъ поврежденій, ст. 2026—2047 (улож. 1866 г. ст. 1471—1496 и уст. о нак. ст. 129.)4 1 — — — — — 13 1 26 3 12 — 2 — — — — — — — 2 — 12 2 12 2 15 — 1* — 3 — О преступленіяхъ противъ чести и цѣломудрія женщинъ, ст. 2076—2085 (улож. 1866 г. ст. 1523—1532.) — — — — — — — — 1 — 5 — — — 4 — 2 — — — — — 1 — 3 — 5 — 3 — — — — — О личныхъ оскорбленіяхъ, ст. 2086—2094 (улож. 1860 г. ст. 1533 и 1534 и уст. о нак. ст. 130—135.) — 2 — — 1 — 2 — 6 1 4 — — — 2 — 1 1 — — — — — — 5 1 6 1 4 — 1 — — — О противузаконномъ задержаніи и заключеніи ст. 2103—2108 (улож. 1866 г. ст. 1540—1544 и уст. о нак. ст. 142.) — — — — — — — — — 2 — — — — — — — — — — — — — — — — — 2 — — — — — Отдѣленіе Х.Отдѣленіе Х. О преступленіяхъ противъ союза брачнаго, ст. 2118—2156 (улож. 1866 г. ст. 1549—1585.) — — 2 — — — — — — 1 1 — 1 — — — — — — — — — — — — 1 2 — — — — — — — — О преступленіи дѣтей противъ родителей, ст. 2162—2165 (улож. 1866 г. ст. 1591 и 1692 и уст. о нак. ст. 132 и 143.) 4 — — — — — — 2 1 6 — — — 3 — — 3 — — — — 8 3 3 1 — — — — — — — — Отдѣленіе ХI. Отдѣленіе ХI. О насильственномъ завладѣніи чужимъ недвижимымъ имуществомъ и о истребленіи граничныхъ межъ и знаков ст. 2173— 2184 (улож. 1866 г. ст. 1601—1605 и уст. о нак. ст. 142, 144, 145, 147—149, 152 и 155.) — — — — — — — — — 1 — 2 — 1 — — — — — — — — — — — 1 — 1 — 1 — — — 1 — О зажигательствѣ, ст. 2185—2195 (улож. 1866 г. ст. 1606—1615 и уст. о нак. ст. 98.) — — 6 — — — — — — 3 — 1 4 — — — — — 2 — — — — — — 1 2 3 3 1 — — — О разбоѣ, ст. 2208—2217 (улож. 1866 г. ст. 1627—636.) — — — 2 — — — — — — 4 1 12 1 3 — 4 — 8 — — — — — — — 14 2 16 — 1 — — — — — О грабежѣ, ст. 2218—2224 (улож. 1866 г. ст. 1637—1643.) — — — 8 — — — — — — 5 3 15 2 3 1 8 2 8 — — — — — 6 — 7 5 18 3 8 — — — — — О воровствѣ-кражѣ, ст. 2225—2251 (улож. 1866 г. ст. 1644—1664 и уст. о нак. ст. 169 и 170.) — — 11 — — — — — — 28 2 35 6 16 — 37 2 30 1 — — — — 15 3 25 5 56 3 36 — 6 — 8 — О воровствѣ-мошенничествѣ, ст. 2252—2267 (улож. 1866 г. ст. 1665—1676 и уст. о нак. ст. 173—175.) — — — — — — — — — 1 — — — — — — — — — — — — — 1 — — — — — — — — — О присвоеніи ввѣреннаго чужаго движимаго имущества, ст. 2272 (улож. 1866 г. ст. 1681, 1682 и уст. о наказ. ст. 177.)1 — — — — — — 2 — 2 1 — — 1 — — — — — — — — — 3 1 1 — 1 — — — — — О преступленіяхъ и проступкахъ по договорамъ и другимъ обязательствамъ, ст. 2278—2304 (улож. 1866 г. ст. 1688—1711 и уст. о нак. ст. 174 и 180.) — — — — — — — 4 — 6 — — — 3 — 2 — — — — — — — 8 — 4 — 2 — 1 — — — По происшествіямъ нечаяннымъ: по неосторожности и другимъ случаямъ, не отнесеннымъ къ вышеприведеннымъ родамъ и видамъ.— — — — — — — — — 1 — — — 1 — — — — — — — — — 1 — 1 — — — — — — — Итого — — 76 4 — 11 — 7 — 105 14 199 36 41 4 80 13 93 9 2 — 3 — 41 7 124 37 190 29 142 3 28 — 14 — Примѣчанiе:Примѣчанiе: Отъ 1869 г. оставалось арестантовъ: 3 м. 1 ж. об. пола 4. Въ 1870 г. поступило: 151 м. * пола 178. Въ 1870 г. выбыло: 143 м. 25 ж. об. пола 168. За тѣмъ къ 1871 г. осталось: 11 м. 3 ж. об. пола 14. * Столбец прошит Вѣрно: Гражданскiй Губернаторъ Лохвицкiй С в ѣрялъ исправляющій должность Секретаря Статистическаго Комитета Ловянъ
d157;1866 г.;;120 Родъ преступленiй Родъ преступленiй * ныхъ Въ томъ числѣВъ томъ числѣ Возрастъ преступниковъВозрастъ преступниковъ Дворянъ потомственныхъ Дворянъ личныхъ Почетныхъ гражданъ и купцовъ Мещанъ Крестьянъ Военнаго сословiя Инородцевъ Поселенцевъ Ссыльно-каторжныхъ Ниже 17— 17—20 21—30 31—40 41- 50 51-60 Свыше 60 ж. м. ж. м. ж. м. ж. м. ж. м. ж. м. ж. м. ж. м. ж. м. ж. м. ж. м. ж. м. ж. м. ж. м. м м. ж. м. ж. Отдѣленіе I.Отдѣленіе I. Объ отступленіи отъ вѣры и постановленій церкви, ст. 200—234 (Улож. 1866 г. ст. 184—209 и уст. о нак. ст. 38, 63, 64, 48 и 107.)2 — — — — — — — — 5 2 — — — — — — — — — — 2 1 2 1 1 — — — — — — — О святотатствѣ, ст. 253—269 (Улож. 1866 г. ст. 219—235 и уст. о нак. ст. 170 п. 1.) — — 2 — — — — — — 1 — 3 — — — 3 2 2 — — — — — — — 3 2 6 — — — — — — — По преступленіямъ, исчисленнымъ во II отдѣленіи, дѣлъ въ разсмотрѣніи не было. — — — — — — — — — — — — — — — — — — — — — — — — — — — — — — — — — — — Отдѣленіе III.Отдѣленіе III. О самовольномъ присвоеніи власти и составленіи подложныхъ указовъ и другихъ исходящихъ отъ Правительства бумагъ, ст. 329—341 (улож. 1866 г. ст. 289—301 и уст. о нак. ст. 34.) — — — — — — — — — — — — — — — — 1 — — — — — — — — — — — 1 — — — — — — — О похищеніи бумагъ или вещей изъ присутственныхъ мѣстъ и уничтоженіе постановленныхъ или приложенныхъ по распоряженію правительства знаковъ, ст. 343—347 (улож. 1866 г. ст. 303—307 и уст. о нак. ст. 32.) — — — — — — — — — — — — — — — — — 1 — — — — — — — 1 — — — — — — — — — О взломѣ тюрьмъ, уводѣ и побѣгѣ находящихся подъ стражею или надзоромъ, ст. 348—359 (улож. 1866 ст. 308—317 и уст. о нак. ст. 63.) — — — — — — — — — — — — — 2 — — — — — 2 — — — — — — — 1 — 3 — — — — — — — Отдѣленіе IV.Отдѣленіе IV. О преступленіяхъ и проступкахъ по службѣ Государственной и общественной, ст. 371—549, 782—795, 959—975, 1022—1031, 1068—1072, 1361—1364, 1396—1406, 1410—1414 и 1429 (улож 1866 г. ст. 329—504, 533—539, 707—714, 805—821, 822—830, 854, 855, 1004—1007, 1058—1065, 1068—1072 и уст. о нак. ст. 65, 66, 102, 154—168.) — — — 3 — 10 — 5 — 8 — 12 — — — — — — — — — — — — — — — 12 — 25 — 1 — — — Отдѣленіе V.Отдѣленіе V. О преступленіяхъ и проступкахъ противъ постановленій о повинностяхъ земскихъ ст. 593—598 (улож. 1866 г. ст. 540—545.)— — — — — — — — — 1 — — — — — — — — — — — — — — — 1 — — — — — — — Отдѣленіе VI.Отдѣленіе VI. О нарушеніи уставовъ монетныхъ, ст. 608—630 (улож. 1866 г. ст. 556—578.) — — 4 — — — — — — 6 — 18 3 — — — 1 1 — — — — — — — 8 2 5 2 12 — — — — — О нарушеніи постановленій по питейному сбору и акцизу, ст. 718—795 (улож. 1866 г. ст. 665—717.) — — — — — — — — 3 — 1 — — — — — 2 — — — — — — — 4 — 2 — — — — — — — Отдѣленіе VII.Отдѣленіе VII. О преступленіяхъ и проступкахъ противъ постановленій ограждающихъ народное здравіе, ст. 1044—115* (улож. 1866 г. ст. 831—900 и уст. о нак. ст. 55, 56, 102, 104—109, 112—16 и 173.) — — — 1 — — — — — — — — — 1 — — — — — — — — — — — — — 1 — — — — — — — — О возбужденіи къ начатію или продолженію противузаконныхъ исковъ и тяжбъ о лживыхъ доносахъ, лжесвидѣтельствѣ и ложныхъ показаніяхъ на повальныхъ обыскахъ, ст. 1205—1212 (улож. 1866 г. ст. 939—946.) — — — — — — — — — — — 1 — — — — — — — — — — — — — — — 1 — — — — — — — О бродяжествѣ, укрывательствѣ бѣглыхъ и нарушеніи постановленій о паспортахъ, ст. 1216—1272 (улож. 1866 г. ст. 950—983 и уст. о нак. ст. 29, 58, 60, 61, 62 и 77.) — — — — — — — — — — — — 4 — — — 6 — 21 — — — — — — — 5 — 8 — 8 — 8 — 2 — О противузаконномъ выдѣлываніи и храненіи оружія или пороха и нарушеніи другихъ правилъ осторожности, ст. 1295— 1328 (улож. 1866 г. ст. 986—989 и уст. о нак. ст. 29, 32, 117—126, 129 и 987.) — — — — — — — — — — — 6 — — — — — 1 — — — 3 — 3 — 1 — — — — — — — — — О преступленіяхъ противъ общественной нравственности, ст. 1336—1360 (улож. 1866 г. ст. 993—1003 уст. о нак. ст. 42— 45.)— — — — — — — — — — — — — — — 1 — — — — — — — — — 1 — — — — — — — О нарушеніи правилъ осторожности отъ пожаровъ, ст. 1429—1473 (улож. 1866 г. ст. 1076 и 1077 уст. о нак. ст. 29, 66, 88, 89, 80, 91, 93—98 и 117.) — — — — — — — — — — — — — 2 — — — — — 2 — — — — — — — — — 3 — 1 — — — — — По преступленіямъ, исчисленнымъ въ VIII отдѣленіи, дѣлъ въ разсмотрѣніи не было. — — — — — — — — — — — — — — — — — — — — — — — — — — — — — — — — — — — Отдѣленіе IХ.Отдѣленіе IХ. О смертоубійствѣ, ст. 1998—2020 (улож. 1866 г. ст. 1449—1471.) — — — 27 — — — — — — 17 4 25 12 6 3 5 6 9 2 2 — — — 4 — 13 10 26 15 20 2 1 — — — О самоубійствѣ, ст. 2021—2025 (улож. 1866 г. ст. 1472—1476.) — — — — — — — — — — — — 1 — — — — — — — — — — — — — 1 — — — — — — — — — О нанесеніи увѣчья, ранъ и другихъ поврежденій, ст. 2026—2047 (улож. 1866 г. ст. 1471—1496 и уст. о нак. ст. 129.)4 1 — — — — — 13 1 26 3 12 — 2 — — — — — — — 2 — 12 2 12 2 15 — 1* — 3 — О преступленіяхъ противъ чести и цѣломудрія женщинъ, ст. 2076—2085 (улож. 1866 г. ст. 1523—1532.) — — — — — — — — 1 — 5 — — — 4 — 2 — — — — — 1 — 3 — 5 — 3 — — — — — О личныхъ оскорбленіяхъ, ст. 2086—2094 (улож. 1860 г. ст. 1533 и 1534 и уст. о нак. ст. 130—135.) — 2 — — 1 — 2 — 6 1 4 — — — 2 — 1 1 — — — — — — 5 1 6 1 4 — 1 — — — О противузаконномъ задержаніи и заключеніи ст. 2103—2108 (улож. 1866 г. ст. 1540—1544 и уст. о нак. ст. 142.) — — — — — — — — — 2 — — — — — — — — — — — — — — — — — 2 — — — — — Отдѣленіе Х.Отдѣленіе Х. О преступленіяхъ противъ союза брачнаго, ст. 2118—2156 (улож. 1866 г. ст. 1549—1585.) — — 2 — — — — — — 1 1 — 1 — — — — — — — — — — — — 1 2 — — — — — — — — О преступленіи дѣтей противъ родителей, ст. 2162—2165 (улож. 1866 г. ст. 1591 и 1692 и уст. о нак. ст. 132 и 143.) 4 — — — — — — 2 1 6 — — — 3 — — 3 — — — — 8 3 3 1 — — — — — — — — Отдѣленіе ХI. Отдѣленіе ХI. О насильственномъ завладѣніи чужимъ недвижимымъ имуществомъ и о истребленіи граничныхъ межъ и знаков ст. 2173— 2184 (улож. 1866 г. ст. 1601—1605 и уст. о нак. ст. 142, 144, 145, 147—149, 152 и 155.) — — — — — — — — — 1 — 2 — 1 — — — — — — — — — — — 1 — 1 — 1 — — — 1 — О зажигательствѣ, ст. 2185—2195 (улож. 1866 г. ст. 1606—1615 и уст. о нак. ст. 98.) — — 6 — — — — — — 3 — 1 4 — — — — — 2 — — — — — — 1 2 3 3 1 — — — О разбоѣ, ст. 2208—2217 (улож. 1866 г. ст. 1627—636.) — — — 2 — — — — — — 4 1 12 1 3 — 4 — 8 — — — — — — — 14 2 16 — 1 — — — — — О грабежѣ, ст. 2218—2224 (улож. 1866 г. ст. 1637—1643.) — — — 8 — — — — — — 5 3 15 2 3 1 8 2 8 — — — — — 6 — 7 5 18 3 8 — — — — — О воровствѣ-кражѣ, ст. 2225—2251 (улож. 1866 г. ст. 1644—1664 и уст. о нак. ст. 169 и 170.) — — 11 — — — — — — 28 2 35 6 16 — 37 2 30 1 — — — — 15 3 25 5 56 3 36 — 6 — 8 — О воровствѣ-мошенничествѣ, ст. 2252—2267 (улож. 1866 г. ст. 1665—1676 и уст. о нак. ст. 173—175.) — — — — — — — — — 1 — — — — — — — — — — — — — 1 — — — — — — — — — О присвоеніи ввѣреннаго чужаго движимаго имущества, ст. 2272 (улож. 1866 г. ст. 1681, 1682 и уст. о наказ. ст. 177.)1 — — — — — — 2 — 2 1 — — 1 — — — — — — — — — 3 1 1 — 1 — — — — — О преступленіяхъ и проступкахъ по договорамъ и другимъ обязательствамъ, ст. 2278—2304 (улож. 1866 г. ст. 1688—1711 и уст. о нак. ст. 174 и 180.) — — — — — — — 4 — 6 — — — 3 — 2 — — — — — — — 8 — 4 — 2 — 1 — — — По происшествіямъ нечаяннымъ: по неосторожности и другимъ случаямъ, не отнесеннымъ къ вышеприведеннымъ родамъ и видамъ.— — — — — — — — — 1 — — — 1 — — — — — — — — — 1 — 1 — — — — — — — Итого — — 76 4 — 11 — 7 — 105 14 199 36 41 4 80 13 93 9 2 — 3 — 41 7 124 37 190 29 142 3 28 — 14 — Примѣчанiе:Примѣчанiе: Отъ 1869 г. оставалось арестантовъ: 3 м. 1 ж. об. пола 4. Въ 1870 г. поступило: 151 м. * пола 178. Въ 1870 г. выбыло: 143 м. 25 ж. об. пола 168. За тѣмъ къ 1871 г. осталось: 11 м. 3 ж. об. пола 14. * Столбец прошит Вѣрно: Гражданскiй Губернаторъ Лохвицкiй С в ѣрялъ исправляющій должность Секретаря Статистическаго Комитета Ловянъ
d158;1866 г.;;120 Родъ преступленiй Родъ преступленiй * ныхъ Въ томъ числѣВъ томъ числѣ Возрастъ преступниковъВозрастъ преступниковъ Дворянъ потомственныхъ Дворянъ личныхъ Почетныхъ гражданъ и купцовъ Мещанъ Крестьянъ Военнаго сословiя Инородцевъ Поселенцевъ Ссыльно-каторжныхъ Ниже 17— 17—20 21—30 31—40 41- 50 51-60 Свыше 60 ж. м. ж. м. ж. м. ж. м. ж. м. ж. м. ж. м. ж. м. ж. м. ж. м. ж. м. ж. м. ж. м. ж. м. м м. ж. м. ж. Отдѣленіе I.Отдѣленіе I. Объ отступленіи отъ вѣры и постановленій церкви, ст. 200—234 (Улож. 1866 г. ст. 184—209 и уст. о нак. ст. 38, 63, 64, 48 и 107.)2 — — — — — — — — 5 2 — — — — — — — — — — 2 1 2 1 1 — — — — — — — О святотатствѣ, ст. 253—269 (Улож. 1866 г. ст. 219—235 и уст. о нак. ст. 170 п. 1.) — — 2 — — — — — — 1 — 3 — — — 3 2 2 — — — — — — — 3 2 6 — — — — — — — По преступленіямъ, исчисленнымъ во II отдѣленіи, дѣлъ въ разсмотрѣніи не было. — — — — — — — — — — — — — — — — — — — — — — — — — — — — — — — — — — — Отдѣленіе III.Отдѣленіе III. О самовольномъ присвоеніи власти и составленіи подложныхъ указовъ и другихъ исходящихъ отъ Правительства бумагъ, ст. 329—341 (улож. 1866 г. ст. 289—301 и уст. о нак. ст. 34.) — — — — — — — — — — — — — — — — 1 — — — — — — — — — — — 1 — — — — — — — О похищеніи бумагъ или вещей изъ присутственныхъ мѣстъ и уничтоженіе постановленныхъ или приложенныхъ по распоряженію правительства знаковъ, ст. 343—347 (улож. 1866 г. ст. 303—307 и уст. о нак. ст. 32.) — — — — — — — — — — — — — — — — — 1 — — — — — — — 1 — — — — — — — — — О взломѣ тюрьмъ, уводѣ и побѣгѣ находящихся подъ стражею или надзоромъ, ст. 348—359 (улож. 1866 ст. 308—317 и уст. о нак. ст. 63.) — — — — — — — — — — — — — 2 — — — — — 2 — — — — — — — 1 — 3 — — — — — — — Отдѣленіе IV.Отдѣленіе IV. О преступленіяхъ и проступкахъ по службѣ Государственной и общественной, ст. 371—549, 782—795, 959—975, 1022—1031, 1068—1072, 1361—1364, 1396—1406, 1410—1414 и 1429 (улож 1866 г. ст. 329—504, 533—539, 707—714, 805—821, 822—830, 854, 855, 1004—1007, 1058—1065, 1068—1072 и уст. о нак. ст. 65, 66, 102, 154—168.) — — — 3 — 10 — 5 — 8 — 12 — — — — — — — — — — — — — — — 12 — 25 — 1 — — — Отдѣленіе V.Отдѣленіе V. О преступленіяхъ и проступкахъ противъ постановленій о повинностяхъ земскихъ ст. 593—598 (улож. 1866 г. ст. 540—545.)— — — — — — — — — 1 — — — — — — — — — — — — — — — 1 — — — — — — — Отдѣленіе VI.Отдѣленіе VI. О нарушеніи уставовъ монетныхъ, ст. 608—630 (улож. 1866 г. ст. 556—578.) — — 4 — — — — — — 6 — 18 3 — — — 1 1 — — — — — — — 8 2 5 2 12 — — — — — О нарушеніи постановленій по питейному сбору и акцизу, ст. 718—795 (улож. 1866 г. ст. 665—717.) — — — — — — — — 3 — 1 — — — — — 2 — — — — — — — 4 — 2 — — — — — — — Отдѣленіе VII.Отдѣленіе VII. О преступленіяхъ и проступкахъ противъ постановленій ограждающихъ народное здравіе, ст. 1044—115* (улож. 1866 г. ст. 831—900 и уст. о нак. ст. 55, 56, 102, 104—109, 112—16 и 173.) — — — 1 — — — — — — — — — 1 — — — — — — — — — — — — — 1 — — — — — — — — О возбужденіи къ начатію или продолженію противузаконныхъ исковъ и тяжбъ о лживыхъ доносахъ, лжесвидѣтельствѣ и ложныхъ показаніяхъ на повальныхъ обыскахъ, ст. 1205—1212 (улож. 1866 г. ст. 939—946.) — — — — — — — — — — — 1 — — — — — — — — — — — — — — — 1 — — — — — — — О бродяжествѣ, укрывательствѣ бѣглыхъ и нарушеніи постановленій о паспортахъ, ст. 1216—1272 (улож. 1866 г. ст. 950—983 и уст. о нак. ст. 29, 58, 60, 61, 62 и 77.) — — — — — — — — — — — — 4 — — — 6 — 21 — — — — — — — 5 — 8 — 8 — 8 — 2 — О противузаконномъ выдѣлываніи и храненіи оружія или пороха и нарушеніи другихъ правилъ осторожности, ст. 1295— 1328 (улож. 1866 г. ст. 986—989 и уст. о нак. ст. 29, 32, 117—126, 129 и 987.) — — — — — — — — — — — 6 — — — — — 1 — — — 3 — 3 — 1 — — — — — — — — — О преступленіяхъ противъ общественной нравственности, ст. 1336—1360 (улож. 1866 г. ст. 993—1003 уст. о нак. ст. 42— 45.)— — — — — — — — — — — — — — — 1 — — — — — — — — — 1 — — — — — — — О нарушеніи правилъ осторожности отъ пожаровъ, ст. 1429—1473 (улож. 1866 г. ст. 1076 и 1077 уст. о нак. ст. 29, 66, 88, 89, 80, 91, 93—98 и 117.) — — — — — — — — — — — — — 2 — — — — — 2 — — — — — — — — — 3 — 1 — — — — — По преступленіямъ, исчисленнымъ въ VIII отдѣленіи, дѣлъ въ разсмотрѣніи не было. — — — — — — — — — — — — — — — — — — — — — — — — — — — — — — — — — — — Отдѣленіе IХ.Отдѣленіе IХ. О смертоубійствѣ, ст. 1998—2020 (улож. 1866 г. ст. 1449—1471.) — — — 27 — — — — — — 17 4 25 12 6 3 5 6 9 2 2 — — — 4 — 13 10 26 15 20 2 1 — — — О самоубійствѣ, ст. 2021—2025 (улож. 1866 г. ст. 1472—1476.) — — — — — — — — — — — — 1 — — — — — — — — — — — — — 1 — — — — — — — — — О нанесеніи увѣчья, ранъ и другихъ поврежденій, ст. 2026—2047 (улож. 1866 г. ст. 1471—1496 и уст. о нак. ст. 129.)4 1 — — — — — 13 1 26 3 12 — 2 — — — — — — — 2 — 12 2 12 2 15 — 1* — 3 — О преступленіяхъ противъ чести и цѣломудрія женщинъ, ст. 2076—2085 (улож. 1866 г. ст. 1523—1532.) — — — — — — — — 1 — 5 — — — 4 — 2 — — — — — 1 — 3 — 5 — 3 — — — — — О личныхъ оскорбленіяхъ, ст. 2086—2094 (улож. 1860 г. ст. 1533 и 1534 и уст. о нак. ст. 130—135.) — 2 — — 1 — 2 — 6 1 4 — — — 2 — 1 1 — — — — — — 5 1 6 1 4 — 1 — — — О противузаконномъ задержаніи и заключеніи ст. 2103—2108 (улож. 1866 г. ст. 1540—1544 и уст. о нак. ст. 142.) — — — — — — — — — 2 — — — — — — — — — — — — — — — — — 2 — — — — — Отдѣленіе Х.Отдѣленіе Х. О преступленіяхъ противъ союза брачнаго, ст. 2118—2156 (улож. 1866 г. ст. 1549—1585.) — — 2 — — — — — — 1 1 — 1 — — — — — — — — — — — — 1 2 — — — — — — — — О преступленіи дѣтей противъ родителей, ст. 2162—2165 (улож. 1866 г. ст. 1591 и 1692 и уст. о нак. ст. 132 и 143.) 4 — — — — — — 2 1 6 — — — 3 — — 3 — — — — 8 3 3 1 — — — — — — — — Отдѣленіе ХI. Отдѣленіе ХI. О насильственномъ завладѣніи чужимъ недвижимымъ имуществомъ и о истребленіи граничныхъ межъ и знаков ст. 2173— 2184 (улож. 1866 г. ст. 1601—1605 и уст. о нак. ст. 142, 144, 145, 147—149, 152 и 155.) — — — — — — — — — 1 — 2 — 1 — — — — — — — — — — — 1 — 1 — 1 — — — 1 — О зажигательствѣ, ст. 2185—2195 (улож. 1866 г. ст. 1606—1615 и уст. о нак. ст. 98.) — — 6 — — — — — — 3 — 1 4 — — — — — 2 — — — — — — 1 2 3 3 1 — — — О разбоѣ, ст. 2208—2217 (улож. 1866 г. ст. 1627—636.) — — — 2 — — — — — — 4 1 12 1 3 — 4 — 8 — — — — — — — 14 2 16 — 1 — — — — — О грабежѣ, ст. 2218—2224 (улож. 1866 г. ст. 1637—1643.) — — — 8 — — — — — — 5 3 15 2 3 1 8 2 8 — — — — — 6 — 7 5 18 3 8 — — — — — О воровствѣ-кражѣ, ст. 2225—2251 (улож. 1866 г. ст. 1644—1664 и уст. о нак. ст. 169 и 170.) — — 11 — — — — — — 28 2 35 6 16 — 37 2 30 1 — — — — 15 3 25 5 56 3 36 — 6 — 8 — О воровствѣ-мошенничествѣ, ст. 2252—2267 (улож. 1866 г. ст. 1665—1676 и уст. о нак. ст. 173—175.) — — — — — — — — — 1 — — — — — — — — — — — — — 1 — — — — — — — — — О присвоеніи ввѣреннаго чужаго движимаго имущества, ст. 2272 (улож. 1866 г. ст. 1681, 1682 и уст. о наказ. ст. 177.)1 — — — — — — 2 — 2 1 — — 1 — — — — — — — — — 3 1 1 — 1 — — — — — О преступленіяхъ и проступкахъ по договорамъ и другимъ обязательствамъ, ст. 2278—2304 (улож. 1866 г. ст. 1688—1711 и уст. о нак. ст. 174 и 180.) — — — — — — — 4 — 6 — — — 3 — 2 — — — — — — — 8 — 4 — 2 — 1 — — — По происшествіямъ нечаяннымъ: по неосторожности и другимъ случаямъ, не отнесеннымъ къ вышеприведеннымъ родамъ и видамъ.— — — — — — — — — 1 — — — 1 — — — — — — — — — 1 — 1 — — — — — — — Итого — — 76 4 — 11 — 7 — 105 14 199 36 41 4 80 13 93 9 2 — 3 — 41 7 124 37 190 29 142 3 28 — 14 — Примѣчанiе:Примѣчанiе: Отъ 1869 г. оставалось арестантовъ: 3 м. 1 ж. об. пола 4. Въ 1870 г. поступило: 151 м. * пола 178. Въ 1870 г. выбыло: 143 м. 25 ж. об. пола 168. За тѣмъ къ 1871 г. осталось: 11 м. 3 ж. об. пола 14. * Столбец прошит Вѣрно: Гражданскiй Губернаторъ Лохвицкiй С в ѣрялъ исправляющій должность Секретаря Статистическаго Комитета Ловянъ
d159;1866 г.;;120 Родъ преступленiй Родъ преступленiй * ныхъ Въ томъ числѣВъ томъ числѣ Возрастъ преступниковъВозрастъ преступниковъ Дворянъ потомственныхъ Дворянъ личныхъ Почетныхъ гражданъ и купцовъ Мещанъ Крестьянъ Военнаго сословiя Инородцевъ Поселенцевъ Ссыльно-каторжныхъ Ниже 17— 17—20 21—30 31—40 41- 50 51-60 Свыше 60 ж. м. ж. м. ж. м. ж. м. ж. м. ж. м. ж. м. ж. м. ж. м. ж. м. ж. м. ж. м. ж. м. ж. м. м м. ж. м. ж. Отдѣленіе I.Отдѣленіе I. Объ отступленіи отъ вѣры и постановленій церкви, ст. 200—234 (Улож. 1866 г. ст. 184—209 и уст. о нак. ст. 38, 63, 64, 48 и 107.)2 — — — — — — — — 5 2 — — — — — — — — — — 2 1 2 1 1 — — — — — — — О святотатствѣ, ст. 253—269 (Улож. 1866 г. ст. 219—235 и уст. о нак. ст. 170 п. 1.) — — 2 — — — — — — 1 — 3 — — — 3 2 2 — — — — — — — 3 2 6 — — — — — — — По преступленіямъ, исчисленнымъ во II отдѣленіи, дѣлъ въ разсмотрѣніи не было. — — — — — — — — — — — — — — — — — — — — — — — — — — — — — — — — — — — Отдѣленіе III.Отдѣленіе III. О самовольномъ присвоеніи власти и составленіи подложныхъ указовъ и другихъ исходящихъ отъ Правительства бумагъ, ст. 329—341 (улож. 1866 г. ст. 289—301 и уст. о нак. ст. 34.) — — — — — — — — — — — — — — — — 1 — — — — — — — — — — — 1 — — — — — — — О похищеніи бумагъ или вещей изъ присутственныхъ мѣстъ и уничтоженіе постановленныхъ или приложенныхъ по распоряженію правительства знаковъ, ст. 343—347 (улож. 1866 г. ст. 303—307 и уст. о нак. ст. 32.) — — — — — — — — — — — — — — — — — 1 — — — — — — — 1 — — — — — — — — — О взломѣ тюрьмъ, уводѣ и побѣгѣ находящихся подъ стражею или надзоромъ, ст. 348—359 (улож. 1866 ст. 308—317 и уст. о нак. ст. 63.) — — — — — — — — — — — — — 2 — — — — — 2 — — — — — — — 1 — 3 — — — — — — — Отдѣленіе IV.Отдѣленіе IV. О преступленіяхъ и проступкахъ по службѣ Государственной и общественной, ст. 371—549, 782—795, 959—975, 1022—1031, 1068—1072, 1361—1364, 1396—1406, 1410—1414 и 1429 (улож 1866 г. ст. 329—504, 533—539, 707—714, 805—821, 822—830, 854, 855, 1004—1007, 1058—1065, 1068—1072 и уст. о нак. ст. 65, 66, 102, 154—168.) — — — 3 — 10 — 5 — 8 — 12 — — — — — — — — — — — — — — — 12 — 25 — 1 — — — Отдѣленіе V.Отдѣленіе V. О преступленіяхъ и проступкахъ противъ постановленій о повинностяхъ земскихъ ст. 593—598 (улож. 1866 г. ст. 540—545.)— — — — — — — — — 1 — — — — — — — — — — — — — — — 1 — — — — — — — Отдѣленіе VI.Отдѣленіе VI. О нарушеніи уставовъ монетныхъ, ст. 608—630 (улож. 1866 г. ст. 556—578.) — — 4 — — — — — — 6 — 18 3 — — — 1 1 — — — — — — — 8 2 5 2 12 — — — — — О нарушеніи постановленій по питейному сбору и акцизу, ст. 718—795 (улож. 1866 г. ст. 665—717.) — — — — — — — — 3 — 1 — — — — — 2 — — — — — — — 4 — 2 — — — — — — — Отдѣленіе VII.Отдѣленіе VII. О преступленіяхъ и проступкахъ противъ постановленій ограждающихъ народное здравіе, ст. 1044—115* (улож. 1866 г. ст. 831—900 и уст. о нак. ст. 55, 56, 102, 104—109, 112—16 и 173.) — — — 1 — — — — — — — — — 1 — — — — — — — — — — — — — 1 — — — — — — — — О возбужденіи къ начатію или продолженію противузаконныхъ исковъ и тяжбъ о лживыхъ доносахъ, лжесвидѣтельствѣ и ложныхъ показаніяхъ на повальныхъ обыскахъ, ст. 1205—1212 (улож. 1866 г. ст. 939—946.) — — — — — — — — — — — 1 — — — — — — — — — — — — — — — 1 — — — — — — — О бродяжествѣ, укрывательствѣ бѣглыхъ и нарушеніи постановленій о паспортахъ, ст. 1216—1272 (улож. 1866 г. ст. 950—983 и уст. о нак. ст. 29, 58, 60, 61, 62 и 77.) — — — — — — — — — — — — 4 — — — 6 — 21 — — — — — — — 5 — 8 — 8 — 8 — 2 — О противузаконномъ выдѣлываніи и храненіи оружія или пороха и нарушеніи другихъ правилъ осторожности, ст. 1295— 1328 (улож. 1866 г. ст. 986—989 и уст. о нак. ст. 29, 32, 117—126, 129 и 987.) — — — — — — — — — — — 6 — — — — — 1 — — — 3 — 3 — 1 — — — — — — — — — О преступленіяхъ противъ общественной нравственности, ст. 1336—1360 (улож. 1866 г. ст. 993—1003 уст. о нак. ст. 42— 45.)— — — — — — — — — — — — — — — 1 — — — — — — — — — 1 — — — — — — — О нарушеніи правилъ осторожности отъ пожаровъ, ст. 1429—1473 (улож. 1866 г. ст. 1076 и 1077 уст. о нак. ст. 29, 66, 88, 89, 80, 91, 93—98 и 117.) — — — — — — — — — — — — — 2 — — — — — 2 — — — — — — — — — 3 — 1 — — — — — По преступленіямъ, исчисленнымъ въ VIII отдѣленіи, дѣлъ въ разсмотрѣніи не было. — — — — — — — — — — — — — — — — — — — — — — — — — — — — — — — — — — — Отдѣленіе IХ.Отдѣленіе IХ. О смертоубійствѣ, ст. 1998—2020 (улож. 1866 г. ст. 1449—1471.) — — — 27 — — — — — — 17 4 25 12 6 3 5 6 9 2 2 — — — 4 — 13 10 26 15 20 2 1 — — — О самоубійствѣ, ст. 2021—2025 (улож. 1866 г. ст. 1472—1476.) — — — — — — — — — — — — 1 — — — — — — — — — — — — — 1 — — — — — — — — — О нанесеніи увѣчья, ранъ и другихъ поврежденій, ст. 2026—2047 (улож. 1866 г. ст. 1471—1496 и уст. о нак. ст. 129.)4 1 — — — — — 13 1 26 3 12 — 2 — — — — — — — 2 — 12 2 12 2 15 — 1* — 3 — О преступленіяхъ противъ чести и цѣломудрія женщинъ, ст. 2076—2085 (улож. 1866 г. ст. 1523—1532.) — — — — — — — — 1 — 5 — — — 4 — 2 — — — — — 1 — 3 — 5 — 3 — — — — — О личныхъ оскорбленіяхъ, ст. 2086—2094 (улож. 1860 г. ст. 1533 и 1534 и уст. о нак. ст. 130—135.) — 2 — — 1 — 2 — 6 1 4 — — — 2 — 1 1 — — — — — — 5 1 6 1 4 — 1 — — — О противузаконномъ задержаніи и заключеніи ст. 2103—2108 (улож. 1866 г. ст. 1540—1544 и уст. о нак. ст. 142.) — — — — — — — — — 2 — — — — — — — — — — — — — — — — — 2 — — — — — Отдѣленіе Х.Отдѣленіе Х. О преступленіяхъ противъ союза брачнаго, ст. 2118—2156 (улож. 1866 г. ст. 1549—1585.) — — 2 — — — — — — 1 1 — 1 — — — — — — — — — — — — 1 2 — — — — — — — — О преступленіи дѣтей противъ родителей, ст. 2162—2165 (улож. 1866 г. ст. 1591 и 1692 и уст. о нак. ст. 132 и 143.) 4 — — — — — — 2 1 6 — — — 3 — — 3 — — — — 8 3 3 1 — — — — — — — — Отдѣленіе ХI. Отдѣленіе ХI. О насильственномъ завладѣніи чужимъ недвижимымъ имуществомъ и о истребленіи граничныхъ межъ и знаков ст. 2173— 2184 (улож. 1866 г. ст. 1601—1605 и уст. о нак. ст. 142, 144, 145, 147—149, 152 и 155.) — — — — — — — — — 1 — 2 — 1 — — — — — — — — — — — 1 — 1 — 1 — — — 1 — О зажигательствѣ, ст. 2185—2195 (улож. 1866 г. ст. 1606—1615 и уст. о нак. ст. 98.) — — 6 — — — — — — 3 — 1 4 — — — — — 2 — — — — — — 1 2 3 3 1 — — — О разбоѣ, ст. 2208—2217 (улож. 1866 г. ст. 1627—636.) — — — 2 — — — — — — 4 1 12 1 3 — 4 — 8 — — — — — — — 14 2 16 — 1 — — — — — О грабежѣ, ст. 2218—2224 (улож. 1866 г. ст. 1637—1643.) — — — 8 — — — — — — 5 3 15 2 3 1 8 2 8 — — — — — 6 — 7 5 18 3 8 — — — — — О воровствѣ-кражѣ, ст. 2225—2251 (улож. 1866 г. ст. 1644—1664 и уст. о нак. ст. 169 и 170.) — — 11 — — — — — — 28 2 35 6 16 — 37 2 30 1 — — — — 15 3 25 5 56 3 36 — 6 — 8 — О воровствѣ-мошенничествѣ, ст. 2252—2267 (улож. 1866 г. ст. 1665—1676 и уст. о нак. ст. 173—175.) — — — — — — — — — 1 — — — — — — — — — — — — — 1 — — — — — — — — — О присвоеніи ввѣреннаго чужаго движимаго имущества, ст. 2272 (улож. 1866 г. ст. 1681, 1682 и уст. о наказ. ст. 177.)1 — — — — — — 2 — 2 1 — — 1 — — — — — — — — — 3 1 1 — 1 — — — — — О преступленіяхъ и проступкахъ по договорамъ и другимъ обязательствамъ, ст. 2278—2304 (улож. 1866 г. ст. 1688—1711 и уст. о нак. ст. 174 и 180.) — — — — — — — 4 — 6 — — — 3 — 2 — — — — — — — 8 — 4 — 2 — 1 — — — По происшествіямъ нечаяннымъ: по неосторожности и другимъ случаямъ, не отнесеннымъ къ вышеприведеннымъ родамъ и видамъ.— — — — — — — — — 1 — — — 1 — — — — — — — — — 1 — 1 — — — — — — — Итого — — 76 4 — 11 — 7 — 105 14 199 36 41 4 80 13 93 9 2 — 3 — 41 7 124 37 190 29 142 3 28 — 14 — Примѣчанiе:Примѣчанiе: Отъ 1869 г. оставалось арестантовъ: 3 м. 1 ж. об. пола 4. Въ 1870 г. поступило: 151 м. * пола 178. Въ 1870 г. выбыло: 143 м. 25 ж. об. пола 168. За тѣмъ къ 1871 г. осталось: 11 м. 3 ж. об. пола 14. * Столбец прошит Вѣрно: Гражданскiй Губернаторъ Лохвицкiй С в ѣрялъ исправляющій должность Секретаря Статистическаго Комитета Ловянъ
d160;1866 г.;;120 Родъ преступленiй Родъ преступленiй * ныхъ Въ томъ числѣВъ томъ числѣ Возрастъ преступниковъВозрастъ преступниковъ Дворянъ потомственныхъ Дворянъ личныхъ Почетныхъ гражданъ и купцовъ Мещанъ Крестьянъ Военнаго сословiя Инородцевъ Поселенцевъ Ссыльно-каторжныхъ Ниже 17— 17—20 21—30 31—40 41- 50 51-60 Свыше 60 ж. м. ж. м. ж. м. ж. м. ж. м. ж. м. ж. м. ж. м. ж. м. ж. м. ж. м. ж. м. ж. м. ж. м. м м. ж. м. ж. Отдѣленіе I.Отдѣленіе I. Объ отступленіи отъ вѣры и постановленій церкви, ст. 200—234 (Улож. 1866 г. ст. 184—209 и уст. о нак. ст. 38, 63, 64, 48 и 107.)2 — — — — — — — — 5 2 — — — — — — — — — — 2 1 2 1 1 — — — — — — — О святотатствѣ, ст. 253—269 (Улож. 1866 г. ст. 219—235 и уст. о нак. ст. 170 п. 1.) — — 2 — — — — — — 1 — 3 — — — 3 2 2 — — — — — — — 3 2 6 — — — — — — — По преступленіямъ, исчисленнымъ во II отдѣленіи, дѣлъ въ разсмотрѣніи не было. — — — — — — — — — — — — — — — — — — — — — — — — — — — — — — — — — — — Отдѣленіе III.Отдѣленіе III. О самовольномъ присвоеніи власти и составленіи подложныхъ указовъ и другихъ исходящихъ отъ Правительства бумагъ, ст. 329—341 (улож. 1866 г. ст. 289—301 и уст. о нак. ст. 34.) — — — — — — — — — — — — — — — — 1 — — — — — — — — — — — 1 — — — — — — — О похищеніи бумагъ или вещей изъ присутственныхъ мѣстъ и уничтоженіе постановленныхъ или приложенныхъ по распоряженію правительства знаковъ, ст. 343—347 (улож. 1866 г. ст. 303—307 и уст. о нак. ст. 32.) — — — — — — — — — — — — — — — — — 1 — — — — — — — 1 — — — — — — — — — О взломѣ тюрьмъ, уводѣ и побѣгѣ находящихся подъ стражею или надзоромъ, ст. 348—359 (улож. 1866 ст. 308—317 и уст. о нак. ст. 63.) — — — — — — — — — — — — — 2 — — — — — 2 — — — — — — — 1 — 3 — — — — — — — Отдѣленіе IV.Отдѣленіе IV. О преступленіяхъ и проступкахъ по службѣ Государственной и общественной, ст. 371—549, 782—795, 959—975, 1022—1031, 1068—1072, 1361—1364, 1396—1406, 1410—1414 и 1429 (улож 1866 г. ст. 329—504, 533—539, 707—714, 805—821, 822—830, 854, 855, 1004—1007, 1058—1065, 1068—1072 и уст. о нак. ст. 65, 66, 102, 154—168.) — — — 3 — 10 — 5 — 8 — 12 — — — — — — — — — — — — — — — 12 — 25 — 1 — — — Отдѣленіе V.Отдѣленіе V. О преступленіяхъ и проступкахъ противъ постановленій о повинностяхъ земскихъ ст. 593—598 (улож. 1866 г. ст. 540—545.)— — — — — — — — — 1 — — — — — — — — — — — — — — — 1 — — — — — — — Отдѣленіе VI.Отдѣленіе VI. О нарушеніи уставовъ монетныхъ, ст. 608—630 (улож. 1866 г. ст. 556—578.) — — 4 — — — — — — 6 — 18 3 — — — 1 1 — — — — — — — 8 2 5 2 12 — — — — — О нарушеніи постановленій по питейному сбору и акцизу, ст. 718—795 (улож. 1866 г. ст. 665—717.) — — — — — — — — 3 — 1 — — — — — 2 — — — — — — — 4 — 2 — — — — — — — Отдѣленіе VII.Отдѣленіе VII. О преступленіяхъ и проступкахъ противъ постановленій ограждающихъ народное здравіе, ст. 1044—115* (улож. 1866 г. ст. 831—900 и уст. о нак. ст. 55, 56, 102, 104—109, 112—16 и 173.) — — — 1 — — — — — — — — — 1 — — — — — — — — — — — — — 1 — — — — — — — — О возбужденіи къ начатію или продолженію противузаконныхъ исковъ и тяжбъ о лживыхъ доносахъ, лжесвидѣтельствѣ и ложныхъ показаніяхъ на повальныхъ обыскахъ, ст. 1205—1212 (улож. 1866 г. ст. 939—946.) — — — — — — — — — — — 1 — — — — — — — — — — — — — — — 1 — — — — — — — О бродяжествѣ, укрывательствѣ бѣглыхъ и нарушеніи постановленій о паспортахъ, ст. 1216—1272 (улож. 1866 г. ст. 950—983 и уст. о нак. ст. 29, 58, 60, 61, 62 и 77.) — — — — — — — — — — — — 4 — — — 6 — 21 — — — — — — — 5 — 8 — 8 — 8 — 2 — О противузаконномъ выдѣлываніи и храненіи оружія или пороха и нарушеніи другихъ правилъ осторожности, ст. 1295— 1328 (улож. 1866 г. ст. 986—989 и уст. о нак. ст. 29, 32, 117—126, 129 и 987.) — — — — — — — — — — — 6 — — — — — 1 — — — 3 — 3 — 1 — — — — — — — — — О преступленіяхъ противъ общественной нравственности, ст. 1336—1360 (улож. 1866 г. ст. 993—1003 уст. о нак. ст. 42— 45.)— — — — — — — — — — — — — — — 1 — — — — — — — — — 1 — — — — — — — О нарушеніи правилъ осторожности отъ пожаровъ, ст. 1429—1473 (улож. 1866 г. ст. 1076 и 1077 уст. о нак. ст. 29, 66, 88, 89, 80, 91, 93—98 и 117.) — — — — — — — — — — — — — 2 — — — — — 2 — — — — — — — — — 3 — 1 — — — — — По преступленіямъ, исчисленнымъ въ VIII отдѣленіи, дѣлъ въ разсмотрѣніи не было. — — — — — — — — — — — — — — — — — — — — — — — — — — — — — — — — — — — Отдѣленіе IХ.Отдѣленіе IХ. О смертоубійствѣ, ст. 1998—2020 (улож. 1866 г. ст. 1449—1471.) — — — 27 — — — — — — 17 4 25 12 6 3 5 6 9 2 2 — — — 4 — 13 10 26 15 20 2 1 — — — О самоубійствѣ, ст. 2021—2025 (улож. 1866 г. ст. 1472—1476.) — — — — — — — — — — — — 1 — — — — — — — — — — — — — 1 — — — — — — — — — О нанесеніи увѣчья, ранъ и другихъ поврежденій, ст. 2026—2047 (улож. 1866 г. ст. 1471—1496 и уст. о нак. ст. 129.)4 1 — — — — — 13 1 26 3 12 — 2 — — — — — — — 2 — 12 2 12 2 15 — 1* — 3 — О преступленіяхъ противъ чести и цѣломудрія женщинъ, ст. 2076—2085 (улож. 1866 г. ст. 1523—1532.) — — — — — — — — 1 — 5 — — — 4 — 2 — — — — — 1 — 3 — 5 — 3 — — — — — О личныхъ оскорбленіяхъ, ст. 2086—2094 (улож. 1860 г. ст. 1533 и 1534 и уст. о нак. ст. 130—135.) — 2 — — 1 — 2 — 6 1 4 — — — 2 — 1 1 — — — — — — 5 1 6 1 4 — 1 — — — О противузаконномъ задержаніи и заключеніи ст. 2103—2108 (улож. 1866 г. ст. 1540—1544 и уст. о нак. ст. 142.) — — — — — — — — — 2 — — — — — — — — — — — — — — — — — 2 — — — — — Отдѣленіе Х.Отдѣленіе Х. О преступленіяхъ противъ союза брачнаго, ст. 2118—2156 (улож. 1866 г. ст. 1549—1585.) — — 2 — — — — — — 1 1 — 1 — — — — — — — — — — — — 1 2 — — — — — — — — О преступленіи дѣтей противъ родителей, ст. 2162—2165 (улож. 1866 г. ст. 1591 и 1692 и уст. о нак. ст. 132 и 143.) 4 — — — — — — 2 1 6 — — — 3 — — 3 — — — — 8 3 3 1 — — — — — — — — Отдѣленіе ХI. Отдѣленіе ХI. О насильственномъ завладѣніи чужимъ недвижимымъ имуществомъ и о истребленіи граничныхъ межъ и знаков ст. 2173— 2184 (улож. 1866 г. ст. 1601—1605 и уст. о нак. ст. 142, 144, 145, 147—149, 152 и 155.) — — — — — — — — — 1 — 2 — 1 — — — — — — — — — — — 1 — 1 — 1 — — — 1 — О зажигательствѣ, ст. 2185—2195 (улож. 1866 г. ст. 1606—1615 и уст. о нак. ст. 98.) — — 6 — — — — — — 3 — 1 4 — — — — — 2 — — — — — — 1 2 3 3 1 — — — О разбоѣ, ст. 2208—2217 (улож. 1866 г. ст. 1627—636.) — — — 2 — — — — — — 4 1 12 1 3 — 4 — 8 — — — — — — — 14 2 16 — 1 — — — — — О грабежѣ, ст. 2218—2224 (улож. 1866 г. ст. 1637—1643.) — — — 8 — — — — — — 5 3 15 2 3 1 8 2 8 — — — — — 6 — 7 5 18 3 8 — — — — — О воровствѣ-кражѣ, ст. 2225—2251 (улож. 1866 г. ст. 1644—1664 и уст. о нак. ст. 169 и 170.) — — 11 — — — — — — 28 2 35 6 16 — 37 2 30 1 — — — — 15 3 25 5 56 3 36 — 6 — 8 — О воровствѣ-мошенничествѣ, ст. 2252—2267 (улож. 1866 г. ст. 1665—1676 и уст. о нак. ст. 173—175.) — — — — — — — — — 1 — — — — — — — — — — — — — 1 — — — — — — — — — О присвоеніи ввѣреннаго чужаго движимаго имущества, ст. 2272 (улож. 1866 г. ст. 1681, 1682 и уст. о наказ. ст. 177.)1 — — — — — — 2 — 2 1 — — 1 — — — — — — — — — 3 1 1 — 1 — — — — — О преступленіяхъ и проступкахъ по договорамъ и другимъ обязательствамъ, ст. 2278—2304 (улож. 1866 г. ст. 1688—1711 и уст. о нак. ст. 174 и 180.) — — — — — — — 4 — 6 — — — 3 — 2 — — — — — — — 8 — 4 — 2 — 1 — — — По происшествіямъ нечаяннымъ: по неосторожности и другимъ случаямъ, не отнесеннымъ къ вышеприведеннымъ родамъ и видамъ.— — — — — — — — — 1 — — — 1 — — — — — — — — — 1 — 1 — — — — — — — Итого — — 76 4 — 11 — 7 — 105 14 199 36 41 4 80 13 93 9 2 — 3 — 41 7 124 37 190 29 142 3 28 — 14 — Примѣчанiе:Примѣчанiе: Отъ 1869 г. оставалось арестантовъ: 3 м. 1 ж. об. пола 4. Въ 1870 г. поступило: 151 м. * пола 178. Въ 1870 г. выбыло: 143 м. 25 ж. об. пола 168. За тѣмъ къ 1871 г. осталось: 11 м. 3 ж. об. пола 14. * Столбец прошит Вѣрно: Гражданскiй Губернаторъ Лохвицкiй С в ѣрялъ исправляющій должность Секретаря Статистическаго Комитета Ловянъ
d161;1860 г.;;120 Родъ преступленiй Родъ преступленiй * ныхъ Въ томъ числѣВъ томъ числѣ Возрастъ преступниковъВозрастъ преступниковъ Дворянъ потомственныхъ Дворянъ личныхъ Почетныхъ гражданъ и купцовъ Мещанъ Крестьянъ Военнаго сословiя Инородцевъ Поселенцевъ Ссыльно-каторжныхъ Ниже 17— 17—20 21—30 31—40 41- 50 51-60 Свыше 60 ж. м. ж. м. ж. м. ж. м. ж. м. ж. м. ж. м. ж. м. ж. м. ж. м. ж. м. ж. м. ж. м. ж. м. м м. ж. м. ж. Отдѣленіе I.Отдѣленіе I. Объ отступленіи отъ вѣры и постановленій церкви, ст. 200—234 (Улож. 1866 г. ст. 184—209 и уст. о нак. ст. 38, 63, 64, 48 и 107.)2 — — — — — — — — 5 2 — — — — — — — — — — 2 1 2 1 1 — — — — — — — О святотатствѣ, ст. 253—269 (Улож. 1866 г. ст. 219—235 и уст. о нак. ст. 170 п. 1.) — — 2 — — — — — — 1 — 3 — — — 3 2 2 — — — — — — — 3 2 6 — — — — — — — По преступленіямъ, исчисленнымъ во II отдѣленіи, дѣлъ въ разсмотрѣніи не было. — — — — — — — — — — — — — — — — — — — — — — — — — — — — — — — — — — — Отдѣленіе III.Отдѣленіе III. О самовольномъ присвоеніи власти и составленіи подложныхъ указовъ и другихъ исходящихъ отъ Правительства бумагъ, ст. 329—341 (улож. 1866 г. ст. 289—301 и уст. о нак. ст. 34.) — — — — — — — — — — — — — — — — 1 — — — — — — — — — — — 1 — — — — — — — О похищеніи бумагъ или вещей изъ присутственныхъ мѣстъ и уничтоженіе постановленныхъ или приложенныхъ по распоряженію правительства знаковъ, ст. 343—347 (улож. 1866 г. ст. 303—307 и уст. о нак. ст. 32.) — — — — — — — — — — — — — — — — — 1 — — — — — — — 1 — — — — — — — — — О взломѣ тюрьмъ, уводѣ и побѣгѣ находящихся подъ стражею или надзоромъ, ст. 348—359 (улож. 1866 ст. 308—317 и уст. о нак. ст. 63.) — — — — — — — — — — — — — 2 — — — — — 2 — — — — — — — 1 — 3 — — — — — — — Отдѣленіе IV.Отдѣленіе IV. О преступленіяхъ и проступкахъ по службѣ Государственной и общественной, ст. 371—549, 782—795, 959—975, 1022—1031, 1068—1072, 1361—1364, 1396—1406, 1410—1414 и 1429 (улож 1866 г. ст. 329—504, 533—539, 707—714, 805—821, 822—830, 854, 855, 1004—1007, 1058—1065, 1068—1072 и уст. о нак. ст. 65, 66, 102, 154—168.) — — — 3 — 10 — 5 — 8 — 12 — — — — — — — — — — — — — — — 12 — 25 — 1 — — — Отдѣленіе V.Отдѣленіе V. О преступленіяхъ и проступкахъ противъ постановленій о повинностяхъ земскихъ ст. 593—598 (улож. 1866 г. ст. 540—545.)— — — — — — — — — 1 — — — — — — — — — — — — — — — 1 — — — — — — — Отдѣленіе VI.Отдѣленіе VI. О нарушеніи уставовъ монетныхъ, ст. 608—630 (улож. 1866 г. ст. 556—578.) — — 4 — — — — — — 6 — 18 3 — — — 1 1 — — — — — — — 8 2 5 2 12 — — — — — О нарушеніи постановленій по питейному сбору и акцизу, ст. 718—795 (улож. 1866 г. ст. 665—717.) — — — — — — — — 3 — 1 — — — — — 2 — — — — — — — 4 — 2 — — — — — — — Отдѣленіе VII.Отдѣленіе VII. О преступленіяхъ и проступкахъ противъ постановленій ограждающихъ народное здравіе, ст. 1044—115* (улож. 1866 г. ст. 831—900 и уст. о нак. ст. 55, 56, 102, 104—109, 112—16 и 173.) — — — 1 — — — — — — — — — 1 — — — — — — — — — — — — — 1 — — — — — — — — О возбужденіи къ начатію или продолженію противузаконныхъ исковъ и тяжбъ о лживыхъ доносахъ, лжесвидѣтельствѣ и ложныхъ показаніяхъ на повальныхъ обыскахъ, ст. 1205—1212 (улож. 1866 г. ст. 939—946.) — — — — — — — — — — — 1 — — — — — — — — — — — — — — — 1 — — — — — — — О бродяжествѣ, укрывательствѣ бѣглыхъ и нарушеніи постановленій о паспортахъ, ст. 1216—1272 (улож. 1866 г. ст. 950—983 и уст. о нак. ст. 29, 58, 60, 61, 62 и 77.) — — — — — — — — — — — — 4 — — — 6 — 21 — — — — — — — 5 — 8 — 8 — 8 — 2 — О противузаконномъ выдѣлываніи и храненіи оружія или пороха и нарушеніи другихъ правилъ осторожности, ст. 1295— 1328 (улож. 1866 г. ст. 986—989 и уст. о нак. ст. 29, 32, 117—126, 129 и 987.) — — — — — — — — — — — 6 — — — — — 1 — — — 3 — 3 — 1 — — — — — — — — — О преступленіяхъ противъ общественной нравственности, ст. 1336—1360 (улож. 1866 г. ст. 993—1003 уст. о нак. ст. 42— 45.)— — — — — — — — — — — — — — — 1 — — — — — — — — — 1 — — — — — — — О нарушеніи правилъ осторожности отъ пожаровъ, ст. 1429—1473 (улож. 1866 г. ст. 1076 и 1077 уст. о нак. ст. 29, 66, 88, 89, 80, 91, 93—98 и 117.) — — — — — — — — — — — — — 2 — — — — — 2 — — — — — — — — — 3 — 1 — — — — — По преступленіямъ, исчисленнымъ въ VIII отдѣленіи, дѣлъ въ разсмотрѣніи не было. — — — — — — — — — — — — — — — — — — — — — — — — — — — — — — — — — — — Отдѣленіе IХ.Отдѣленіе IХ. О смертоубійствѣ, ст. 1998—2020 (улож. 1866 г. ст. 1449—1471.) — — — 27 — — — — — — 17 4 25 12 6 3 5 6 9 2 2 — — — 4 — 13 10 26 15 20 2 1 — — — О самоубійствѣ, ст. 2021—2025 (улож. 1866 г. ст. 1472—1476.) — — — — — — — — — — — — 1 — — — — — — — — — — — — — 1 — — — — — — — — — О нанесеніи увѣчья, ранъ и другихъ поврежденій, ст. 2026—2047 (улож. 1866 г. ст. 1471—1496 и уст. о нак. ст. 129.)4 1 — — — — — 13 1 26 3 12 — 2 — — — — — — — 2 — 12 2 12 2 15 — 1* — 3 — О преступленіяхъ противъ чести и цѣломудрія женщинъ, ст. 2076—2085 (улож. 1866 г. ст. 1523—1532.) — — — — — — — — 1 — 5 — — — 4 — 2 — — — — — 1 — 3 — 5 — 3 — — — — — О личныхъ оскорбленіяхъ, ст. 2086—2094 (улож. 1860 г. ст. 1533 и 1534 и уст. о нак. ст. 130—135.) — 2 — — 1 — 2 — 6 1 4 — — — 2 — 1 1 — — — — — — 5 1 6 1 4 — 1 — — — О противузаконномъ задержаніи и заключеніи ст. 2103—2108 (улож. 1866 г. ст. 1540—1544 и уст. о нак. ст. 142.) — — — — — — — — — 2 — — — — — — — — — — — — — — — — — 2 — — — — — Отдѣленіе Х.Отдѣленіе Х. О преступленіяхъ противъ союза брачнаго, ст. 2118—2156 (улож. 1866 г. ст. 1549—1585.) — — 2 — — — — — — 1 1 — 1 — — — — — — — — — — — — 1 2 — — — — — — — — О преступленіи дѣтей противъ родителей, ст. 2162—2165 (улож. 1866 г. ст. 1591 и 1692 и уст. о нак. ст. 132 и 143.) 4 — — — — — — 2 1 6 — — — 3 — — 3 — — — — 8 3 3 1 — — — — — — — — Отдѣленіе ХI. Отдѣленіе ХI. О насильственномъ завладѣніи чужимъ недвижимымъ имуществомъ и о истребленіи граничныхъ межъ и знаков ст. 2173— 2184 (улож. 1866 г. ст. 1601—1605 и уст. о нак. ст. 142, 144, 145, 147—149, 152 и 155.) — — — — — — — — — 1 — 2 — 1 — — — — — — — — — — — 1 — 1 — 1 — — — 1 — О зажигательствѣ, ст. 2185—2195 (улож. 1866 г. ст. 1606—1615 и уст. о нак. ст. 98.) — — 6 — — — — — — 3 — 1 4 — — — — — 2 — — — — — — 1 2 3 3 1 — — — О разбоѣ, ст. 2208—2217 (улож. 1866 г. ст. 1627—636.) — — — 2 — — — — — — 4 1 12 1 3 — 4 — 8 — — — — — — — 14 2 16 — 1 — — — — — О грабежѣ, ст. 2218—2224 (улож. 1866 г. ст. 1637—1643.) — — — 8 — — — — — — 5 3 15 2 3 1 8 2 8 — — — — — 6 — 7 5 18 3 8 — — — — — О воровствѣ-кражѣ, ст. 2225—2251 (улож. 1866 г. ст. 1644—1664 и уст. о нак. ст. 169 и 170.) — — 11 — — — — — — 28 2 35 6 16 — 37 2 30 1 — — — — 15 3 25 5 56 3 36 — 6 — 8 — О воровствѣ-мошенничествѣ, ст. 2252—2267 (улож. 1866 г. ст. 1665—1676 и уст. о нак. ст. 173—175.) — — — — — — — — — 1 — — — — — — — — — — — — — 1 — — — — — — — — — О присвоеніи ввѣреннаго чужаго движимаго имущества, ст. 2272 (улож. 1866 г. ст. 1681, 1682 и уст. о наказ. ст. 177.)1 — — — — — — 2 — 2 1 — — 1 — — — — — — — — — 3 1 1 — 1 — — — — — О преступленіяхъ и проступкахъ по договорамъ и другимъ обязательствамъ, ст. 2278—2304 (улож. 1866 г. ст. 1688—1711 и уст. о нак. ст. 174 и 180.) — — — — — — — 4 — 6 — — — 3 — 2 — — — — — — — 8 — 4 — 2 — 1 — — — По происшествіямъ нечаяннымъ: по неосторожности и другимъ случаямъ, не отнесеннымъ къ вышеприведеннымъ родамъ и видамъ.— — — — — — — — — 1 — — — 1 — — — — — — — — — 1 — 1 — — — — — — — Итого — — 76 4 — 11 — 7 — 105 14 199 36 41 4 80 13 93 9 2 — 3 — 41 7 124 37 190 29 142 3 28 — 14 — Примѣчанiе:Примѣчанiе: Отъ 1869 г. оставалось арестантовъ: 3 м. 1 ж. об. пола 4. Въ 1870 г. поступило: 151 м. * пола 178. Въ 1870 г. выбыло: 143 м. 25 ж. об. пола 168. За тѣмъ къ 1871 г. осталось: 11 м. 3 ж. об. пола 14. * Столбец прошит Вѣрно: Гражданскiй Губернаторъ Лохвицкiй С в ѣрялъ исправляющій должность Секретаря Статистическаго Комитета Ловянъ
d162;1866 г.;;120 Родъ преступленiй Родъ преступленiй * ныхъ Въ томъ числѣВъ томъ числѣ Возрастъ преступниковъВозрастъ преступниковъ Дворянъ потомственныхъ Дворянъ личныхъ Почетныхъ гражданъ и купцовъ Мещанъ Крестьянъ Военнаго сословiя Инородцевъ Поселенцевъ Ссыльно-каторжныхъ Ниже 17— 17—20 21—30 31—40 41- 50 51-60 Свыше 60 ж. м. ж. м. ж. м. ж. м. ж. м. ж. м. ж. м. ж. м. ж. м. ж. м. ж. м. ж. м. ж. м. ж. м. м м. ж. м. ж. Отдѣленіе I.Отдѣленіе I. Объ отступленіи отъ вѣры и постановленій церкви, ст. 200—234 (Улож. 1866 г. ст. 184—209 и уст. о нак. ст. 38, 63, 64, 48 и 107.)2 — — — — — — — — 5 2 — — — — — — — — — — 2 1 2 1 1 — — — — — — — О святотатствѣ, ст. 253—269 (Улож. 1866 г. ст. 219—235 и уст. о нак. ст. 170 п. 1.) — — 2 — — — — — — 1 — 3 — — — 3 2 2 — — — — — — — 3 2 6 — — — — — — — По преступленіямъ, исчисленнымъ во II отдѣленіи, дѣлъ въ разсмотрѣніи не было. — — — — — — — — — — — — — — — — — — — — — — — — — — — — — — — — — — — Отдѣленіе III.Отдѣленіе III. О самовольномъ присвоеніи власти и составленіи подложныхъ указовъ и другихъ исходящихъ отъ Правительства бумагъ, ст. 329—341 (улож. 1866 г. ст. 289—301 и уст. о нак. ст. 34.) — — — — — — — — — — — — — — — — 1 — — — — — — — — — — — 1 — — — — — — — О похищеніи бумагъ или вещей изъ присутственныхъ мѣстъ и уничтоженіе постановленныхъ или приложенныхъ по распоряженію правительства знаковъ, ст. 343—347 (улож. 1866 г. ст. 303—307 и уст. о нак. ст. 32.) — — — — — — — — — — — — — — — — — 1 — — — — — — — 1 — — — — — — — — — О взломѣ тюрьмъ, уводѣ и побѣгѣ находящихся подъ стражею или надзоромъ, ст. 348—359 (улож. 1866 ст. 308—317 и уст. о нак. ст. 63.) — — — — — — — — — — — — — 2 — — — — — 2 — — — — — — — 1 — 3 — — — — — — — Отдѣленіе IV.Отдѣленіе IV. О преступленіяхъ и проступкахъ по службѣ Государственной и общественной, ст. 371—549, 782—795, 959—975, 1022—1031, 1068—1072, 1361—1364, 1396—1406, 1410—1414 и 1429 (улож 1866 г. ст. 329—504, 533—539, 707—714, 805—821, 822—830, 854, 855, 1004—1007, 1058—1065, 1068—1072 и уст. о нак. ст. 65, 66, 102, 154—168.) — — — 3 — 10 — 5 — 8 — 12 — — — — — — — — — — — — — — — 12 — 25 — 1 — — — Отдѣленіе V.Отдѣленіе V. О преступленіяхъ и проступкахъ противъ постановленій о повинностяхъ земскихъ ст. 593—598 (улож. 1866 г. ст. 540—545.)— — — — — — — — — 1 — — — — — — — — — — — — — — — 1 — — — — — — — Отдѣленіе VI.Отдѣленіе VI. О нарушеніи уставовъ монетныхъ, ст. 608—630 (улож. 1866 г. ст. 556—578.) — — 4 — — — — — — 6 — 18 3 — — — 1 1 — — — — — — — 8 2 5 2 12 — — — — — О нарушеніи постановленій по питейному сбору и акцизу, ст. 718—795 (улож. 1866 г. ст. 665—717.) — — — — — — — — 3 — 1 — — — — — 2 — — — — — — — 4 — 2 — — — — — — — Отдѣленіе VII.Отдѣленіе VII. О преступленіяхъ и проступкахъ противъ постановленій ограждающихъ народное здравіе, ст. 1044—115* (улож. 1866 г. ст. 831—900 и уст. о нак. ст. 55, 56, 102, 104—109, 112—16 и 173.) — — — 1 — — — — — — — — — 1 — — — — — — — — — — — — — 1 — — — — — — — — О возбужденіи къ начатію или продолженію противузаконныхъ исковъ и тяжбъ о лживыхъ доносахъ, лжесвидѣтельствѣ и ложныхъ показаніяхъ на повальныхъ обыскахъ, ст. 1205—1212 (улож. 1866 г. ст. 939—946.) — — — — — — — — — — — 1 — — — — — — — — — — — — — — — 1 — — — — — — — О бродяжествѣ, укрывательствѣ бѣглыхъ и нарушеніи постановленій о паспортахъ, ст. 1216—1272 (улож. 1866 г. ст. 950—983 и уст. о нак. ст. 29, 58, 60, 61, 62 и 77.) — — — — — — — — — — — — 4 — — — 6 — 21 — — — — — — — 5 — 8 — 8 — 8 — 2 — О противузаконномъ выдѣлываніи и храненіи оружія или пороха и нарушеніи другихъ правилъ осторожности, ст. 1295— 1328 (улож. 1866 г. ст. 986—989 и уст. о нак. ст. 29, 32, 117—126, 129 и 987.) — — — — — — — — — — — 6 — — — — — 1 — — — 3 — 3 — 1 — — — — — — — — — О преступленіяхъ противъ общественной нравственности, ст. 1336—1360 (улож. 1866 г. ст. 993—1003 уст. о нак. ст. 42— 45.)— — — — — — — — — — — — — — — 1 — — — — — — — — — 1 — — — — — — — О нарушеніи правилъ осторожности отъ пожаровъ, ст. 1429—1473 (улож. 1866 г. ст. 1076 и 1077 уст. о нак. ст. 29, 66, 88, 89, 80, 91, 93—98 и 117.) — — — — — — — — — — — — — 2 — — — — — 2 — — — — — — — — — 3 — 1 — — — — — По преступленіямъ, исчисленнымъ въ VIII отдѣленіи, дѣлъ въ разсмотрѣніи не было. — — — — — — — — — — — — — — — — — — — — — — — — — — — — — — — — — — — Отдѣленіе IХ.Отдѣленіе IХ. О смертоубійствѣ, ст. 1998—2020 (улож. 1866 г. ст. 1449—1471.) — — — 27 — — — — — — 17 4 25 12 6 3 5 6 9 2 2 — — — 4 — 13 10 26 15 20 2 1 — — — О самоубійствѣ, ст. 2021—2025 (улож. 1866 г. ст. 1472—1476.) — — — — — — — — — — — — 1 — — — — — — — — — — — — — 1 — — — — — — — — — О нанесеніи увѣчья, ранъ и другихъ поврежденій, ст. 2026—2047 (улож. 1866 г. ст. 1471—1496 и уст. о нак. ст. 129.)4 1 — — — — — 13 1 26 3 12 — 2 — — — — — — — 2 — 12 2 12 2 15 — 1* — 3 — О преступленіяхъ противъ чести и цѣломудрія женщинъ, ст. 2076—2085 (улож. 1866 г. ст. 1523—1532.) — — — — — — — — 1 — 5 — — — 4 — 2 — — — — — 1 — 3 — 5 — 3 — — — — — О личныхъ оскорбленіяхъ, ст. 2086—2094 (улож. 1860 г. ст. 1533 и 1534 и уст. о нак. ст. 130—135.) — 2 — — 1 — 2 — 6 1 4 — — — 2 — 1 1 — — — — — — 5 1 6 1 4 — 1 — — — О противузаконномъ задержаніи и заключеніи ст. 2103—2108 (улож. 1866 г. ст. 1540—1544 и уст. о нак. ст. 142.) — — — — — — — — — 2 — — — — — — — — — — — — — — — — — 2 — — — — — Отдѣленіе Х.Отдѣленіе Х. О преступленіяхъ противъ союза брачнаго, ст. 2118—2156 (улож. 1866 г. ст. 1549—1585.) — — 2 — — — — — — 1 1 — 1 — — — — — — — — — — — — 1 2 — — — — — — — — О преступленіи дѣтей противъ родителей, ст. 2162—2165 (улож. 1866 г. ст. 1591 и 1692 и уст. о нак. ст. 132 и 143.) 4 — — — — — — 2 1 6 — — — 3 — — 3 — — — — 8 3 3 1 — — — — — — — — Отдѣленіе ХI. Отдѣленіе ХI. О насильственномъ завладѣніи чужимъ недвижимымъ имуществомъ и о истребленіи граничныхъ межъ и знаков ст. 2173— 2184 (улож. 1866 г. ст. 1601—1605 и уст. о нак. ст. 142, 144, 145, 147—149, 152 и 155.) — — — — — — — — — 1 — 2 — 1 — — — — — — — — — — — 1 — 1 — 1 — — — 1 — О зажигательствѣ, ст. 2185—2195 (улож. 1866 г. ст. 1606—1615 и уст. о нак. ст. 98.) — — 6 — — — — — — 3 — 1 4 — — — — — 2 — — — — — — 1 2 3 3 1 — — — О разбоѣ, ст. 2208—2217 (улож. 1866 г. ст. 1627—636.) — — — 2 — — — — — — 4 1 12 1 3 — 4 — 8 — — — — — — — 14 2 16 — 1 — — — — — О грабежѣ, ст. 2218—2224 (улож. 1866 г. ст. 1637—1643.) — — — 8 — — — — — — 5 3 15 2 3 1 8 2 8 — — — — — 6 — 7 5 18 3 8 — — — — — О воровствѣ-кражѣ, ст. 2225—2251 (улож. 1866 г. ст. 1644—1664 и уст. о нак. ст. 169 и 170.) — — 11 — — — — — — 28 2 35 6 16 — 37 2 30 1 — — — — 15 3 25 5 56 3 36 — 6 — 8 — О воровствѣ-мошенничествѣ, ст. 2252—2267 (улож. 1866 г. ст. 1665—1676 и уст. о нак. ст. 173—175.) — — — — — — — — — 1 — — — — — — — — — — — — — 1 — — — — — — — — — О присвоеніи ввѣреннаго чужаго движимаго имущества, ст. 2272 (улож. 1866 г. ст. 1681, 1682 и уст. о наказ. ст. 177.)1 — — — — — — 2 — 2 1 — — 1 — — — — — — — — — 3 1 1 — 1 — — — — — О преступленіяхъ и проступкахъ по договорамъ и другимъ обязательствамъ, ст. 2278—2304 (улож. 1866 г. ст. 1688—1711 и уст. о нак. ст. 174 и 180.) — — — — — — — 4 — 6 — — — 3 — 2 — — — — — — — 8 — 4 — 2 — 1 — — — По происшествіямъ нечаяннымъ: по неосторожности и другимъ случаямъ, не отнесеннымъ къ вышеприведеннымъ родамъ и видамъ.— — — — — — — — — 1 — — — 1 — — — — — — — — — 1 — 1 — — — — — — — Итого — — 76 4 — 11 — 7 — 105 14 199 36 41 4 80 13 93 9 2 — 3 — 41 7 124 37 190 29 142 3 28 — 14 — Примѣчанiе:Примѣчанiе: Отъ 1869 г. оставалось арестантовъ: 3 м. 1 ж. об. пола 4. Въ 1870 г. поступило: 151 м. * пола 178. Въ 1870 г. выбыло: 143 м. 25 ж. об. пола 168. За тѣмъ къ 1871 г. осталось: 11 м. 3 ж. об. пола 14. * Столбец прошит Вѣрно: Гражданскiй Губернаторъ Лохвицкiй С в ѣрялъ исправляющій должность Секретаря Статистическаго Комитета Ловянъ
d163;1866 г.;;120 Родъ преступленiй Родъ преступленiй * ныхъ Въ томъ числѣВъ томъ числѣ Возрастъ преступниковъВозрастъ преступниковъ Дворянъ потомственныхъ Дворянъ личныхъ Почетныхъ гражданъ и купцовъ Мещанъ Крестьянъ Военнаго сословiя Инородцевъ Поселенцевъ Ссыльно-каторжныхъ Ниже 17— 17—20 21—30 31—40 41- 50 51-60 Свыше 60 ж. м. ж. м. ж. м. ж. м. ж. м. ж. м. ж. м. ж. м. ж. м. ж. м. ж. м. ж. м. ж. м. ж. м. м м. ж. м. ж. Отдѣленіе I.Отдѣленіе I. Объ отступленіи отъ вѣры и постановленій церкви, ст. 200—234 (Улож. 1866 г. ст. 184—209 и уст. о нак. ст. 38, 63, 64, 48 и 107.)2 — — — — — — — — 5 2 — — — — — — — — — — 2 1 2 1 1 — — — — — — — О святотатствѣ, ст. 253—269 (Улож. 1866 г. ст. 219—235 и уст. о нак. ст. 170 п. 1.) — — 2 — — — — — — 1 — 3 — — — 3 2 2 — — — — — — — 3 2 6 — — — — — — — По преступленіямъ, исчисленнымъ во II отдѣленіи, дѣлъ въ разсмотрѣніи не было. — — — — — — — — — — — — — — — — — — — — — — — — — — — — — — — — — — — Отдѣленіе III.Отдѣленіе III. О самовольномъ присвоеніи власти и составленіи подложныхъ указовъ и другихъ исходящихъ отъ Правительства бумагъ, ст. 329—341 (улож. 1866 г. ст. 289—301 и уст. о нак. ст. 34.) — — — — — — — — — — — — — — — — 1 — — — — — — — — — — — 1 — — — — — — — О похищеніи бумагъ или вещей изъ присутственныхъ мѣстъ и уничтоженіе постановленныхъ или приложенныхъ по распоряженію правительства знаковъ, ст. 343—347 (улож. 1866 г. ст. 303—307 и уст. о нак. ст. 32.) — — — — — — — — — — — — — — — — — 1 — — — — — — — 1 — — — — — — — — — О взломѣ тюрьмъ, уводѣ и побѣгѣ находящихся подъ стражею или надзоромъ, ст. 348—359 (улож. 1866 ст. 308—317 и уст. о нак. ст. 63.) — — — — — — — — — — — — — 2 — — — — — 2 — — — — — — — 1 — 3 — — — — — — — Отдѣленіе IV.Отдѣленіе IV. О преступленіяхъ и проступкахъ по службѣ Государственной и общественной, ст. 371—549, 782—795, 959—975, 1022—1031, 1068—1072, 1361—1364, 1396—1406, 1410—1414 и 1429 (улож 1866 г. ст. 329—504, 533—539, 707—714, 805—821, 822—830, 854, 855, 1004—1007, 1058—1065, 1068—1072 и уст. о нак. ст. 65, 66, 102, 154—168.) — — — 3 — 10 — 5 — 8 — 12 — — — — — — — — — — — — — — — 12 — 25 — 1 — — — Отдѣленіе V.Отдѣленіе V. О преступленіяхъ и проступкахъ противъ постановленій о повинностяхъ земскихъ ст. 593—598 (улож. 1866 г. ст. 540—545.)— — — — — — — — — 1 — — — — — — — — — — — — — — — 1 — — — — — — — Отдѣленіе VI.Отдѣленіе VI. О нарушеніи уставовъ монетныхъ, ст. 608—630 (улож. 1866 г. ст. 556—578.) — — 4 — — — — — — 6 — 18 3 — — — 1 1 — — — — — — — 8 2 5 2 12 — — — — — О нарушеніи постановленій по питейному сбору и акцизу, ст. 718—795 (улож. 1866 г. ст. 665—717.) — — — — — — — — 3 — 1 — — — — — 2 — — — — — — — 4 — 2 — — — — — — — Отдѣленіе VII.Отдѣленіе VII. О преступленіяхъ и проступкахъ противъ постановленій ограждающихъ народное здравіе, ст. 1044—115* (улож. 1866 г. ст. 831—900 и уст. о нак. ст. 55, 56, 102, 104—109, 112—16 и 173.) — — — 1 — — — — — — — — — 1 — — — — — — — — — — — — — 1 — — — — — — — — О возбужденіи къ начатію или продолженію противузаконныхъ исковъ и тяжбъ о лживыхъ доносахъ, лжесвидѣтельствѣ и ложныхъ показаніяхъ на повальныхъ обыскахъ, ст. 1205—1212 (улож. 1866 г. ст. 939—946.) — — — — — — — — — — — 1 — — — — — — — — — — — — — — — 1 — — — — — — — О бродяжествѣ, укрывательствѣ бѣглыхъ и нарушеніи постановленій о паспортахъ, ст. 1216—1272 (улож. 1866 г. ст. 950—983 и уст. о нак. ст. 29, 58, 60, 61, 62 и 77.) — — — — — — — — — — — — 4 — — — 6 — 21 — — — — — — — 5 — 8 — 8 — 8 — 2 — О противузаконномъ выдѣлываніи и храненіи оружія или пороха и нарушеніи другихъ правилъ осторожности, ст. 1295— 1328 (улож. 1866 г. ст. 986—989 и уст. о нак. ст. 29, 32, 117—126, 129 и 987.) — — — — — — — — — — — 6 — — — — — 1 — — — 3 — 3 — 1 — — — — — — — — — О преступленіяхъ противъ общественной нравственности, ст. 1336—1360 (улож. 1866 г. ст. 993—1003 уст. о нак. ст. 42— 45.)— — — — — — — — — — — — — — — 1 — — — — — — — — — 1 — — — — — — — О нарушеніи правилъ осторожности отъ пожаровъ, ст. 1429—1473 (улож. 1866 г. ст. 1076 и 1077 уст. о нак. ст. 29, 66, 88, 89, 80, 91, 93—98 и 117.) — — — — — — — — — — — — — 2 — — — — — 2 — — — — — — — — — 3 — 1 — — — — — По преступленіямъ, исчисленнымъ въ VIII отдѣленіи, дѣлъ въ разсмотрѣніи не было. — — — — — — — — — — — — — — — — — — — — — — — — — — — — — — — — — — — Отдѣленіе IХ.Отдѣленіе IХ. О смертоубійствѣ, ст. 1998—2020 (улож. 1866 г. ст. 1449—1471.) — — — 27 — — — — — — 17 4 25 12 6 3 5 6 9 2 2 — — — 4 — 13 10 26 15 20 2 1 — — — О самоубійствѣ, ст. 2021—2025 (улож. 1866 г. ст. 1472—1476.) — — — — — — — — — — — — 1 — — — — — — — — — — — — — 1 — — — — — — — — — О нанесеніи увѣчья, ранъ и другихъ поврежденій, ст. 2026—2047 (улож. 1866 г. ст. 1471—1496 и уст. о нак. ст. 129.)4 1 — — — — — 13 1 26 3 12 — 2 — — — — — — — 2 — 12 2 12 2 15 — 1* — 3 — О преступленіяхъ противъ чести и цѣломудрія женщинъ, ст. 2076—2085 (улож. 1866 г. ст. 1523—1532.) — — — — — — — — 1 — 5 — — — 4 — 2 — — — — — 1 — 3 — 5 — 3 — — — — — О личныхъ оскорбленіяхъ, ст. 2086—2094 (улож. 1860 г. ст. 1533 и 1534 и уст. о нак. ст. 130—135.) — 2 — — 1 — 2 — 6 1 4 — — — 2 — 1 1 — — — — — — 5 1 6 1 4 — 1 — — — О противузаконномъ задержаніи и заключеніи ст. 2103—2108 (улож. 1866 г. ст. 1540—1544 и уст. о нак. ст. 142.) — — — — — — — — — 2 — — — — — — — — — — — — — — — — — 2 — — — — — Отдѣленіе Х.Отдѣленіе Х. О преступленіяхъ противъ союза брачнаго, ст. 2118—2156 (улож. 1866 г. ст. 1549—1585.) — — 2 — — — — — — 1 1 — 1 — — — — — — — — — — — — 1 2 — — — — — — — — О преступленіи дѣтей противъ родителей, ст. 2162—2165 (улож. 1866 г. ст. 1591 и 1692 и уст. о нак. ст. 132 и 143.) 4 — — — — — — 2 1 6 — — — 3 — — 3 — — — — 8 3 3 1 — — — — — — — — Отдѣленіе ХI. Отдѣленіе ХI. О насильственномъ завладѣніи чужимъ недвижимымъ имуществомъ и о истребленіи граничныхъ межъ и знаков ст. 2173— 2184 (улож. 1866 г. ст. 1601—1605 и уст. о нак. ст. 142, 144, 145, 147—149, 152 и 155.) — — — — — — — — — 1 — 2 — 1 — — — — — — — — — — — 1 — 1 — 1 — — — 1 — О зажигательствѣ, ст. 2185—2195 (улож. 1866 г. ст. 1606—1615 и уст. о нак. ст. 98.) — — 6 — — — — — — 3 — 1 4 — — — — — 2 — — — — — — 1 2 3 3 1 — — — О разбоѣ, ст. 2208—2217 (улож. 1866 г. ст. 1627—636.) — — — 2 — — — — — — 4 1 12 1 3 — 4 — 8 — — — — — — — 14 2 16 — 1 — — — — — О грабежѣ, ст. 2218—2224 (улож. 1866 г. ст. 1637—1643.) — — — 8 — — — — — — 5 3 15 2 3 1 8 2 8 — — — — — 6 — 7 5 18 3 8 — — — — — О воровствѣ-кражѣ, ст. 2225—2251 (улож. 1866 г. ст. 1644—1664 и уст. о нак. ст. 169 и 170.) — — 11 — — — — — — 28 2 35 6 16 — 37 2 30 1 — — — — 15 3 25 5 56 3 36 — 6 — 8 — О воровствѣ-мошенничествѣ, ст. 2252—2267 (улож. 1866 г. ст. 1665—1676 и уст. о нак. ст. 173—175.) — — — — — — — — — 1 — — — — — — — — — — — — — 1 — — — — — — — — — О присвоеніи ввѣреннаго чужаго движимаго имущества, ст. 2272 (улож. 1866 г. ст. 1681, 1682 и уст. о наказ. ст. 177.)1 — — — — — — 2 — 2 1 — — 1 — — — — — — — — — 3 1 1 — 1 — — — — — О преступленіяхъ и проступкахъ по договорамъ и другимъ обязательствамъ, ст. 2278—2304 (улож. 1866 г. ст. 1688—1711 и уст. о нак. ст. 174 и 180.) — — — — — — — 4 — 6 — — — 3 — 2 — — — — — — — 8 — 4 — 2 — 1 — — — По происшествіямъ нечаяннымъ: по неосторожности и другимъ случаямъ, не отнесеннымъ къ вышеприведеннымъ родамъ и видамъ.— — — — — — — — — 1 — — — 1 — — — — — — — — — 1 — 1 — — — — — — — Итого — — 76 4 — 11 — 7 — 105 14 199 36 41 4 80 13 93 9 2 — 3 — 41 7 124 37 190 29 142 3 28 — 14 — Примѣчанiе:Примѣчанiе: Отъ 1869 г. оставалось арестантовъ: 3 м. 1 ж. об. пола 4. Въ 1870 г. поступило: 151 м. * пола 178. Въ 1870 г. выбыло: 143 м. 25 ж. об. пола 168. За тѣмъ къ 1871 г. осталось: 11 м. 3 ж. об. пола 14. * Столбец прошит Вѣрно: Гражданскiй Губернаторъ Лохвицкiй С в ѣрялъ исправляющій должность Секретаря Статистическаго Комитета Ловянъ
d164;1866 г.;;120 Родъ преступленiй Родъ преступленiй * ныхъ Въ томъ числѣВъ томъ числѣ Возрастъ преступниковъВозрастъ преступниковъ Дворянъ потомственныхъ Дворянъ личныхъ Почетныхъ гражданъ и купцовъ Мещанъ Крестьянъ Военнаго сословiя Инородцевъ Поселенцевъ Ссыльно-каторжныхъ Ниже 17— 17—20 21—30 31—40 41- 50 51-60 Свыше 60 ж. м. ж. м. ж. м. ж. м. ж. м. ж. м. ж. м. ж. м. ж. м. ж. м. ж. м. ж. м. ж. м. ж. м. м м. ж. м. ж. Отдѣленіе I.Отдѣленіе I. Объ отступленіи отъ вѣры и постановленій церкви, ст. 200—234 (Улож. 1866 г. ст. 184—209 и уст. о нак. ст. 38, 63, 64, 48 и 107.)2 — — — — — — — — 5 2 — — — — — — — — — — 2 1 2 1 1 — — — — — — — О святотатствѣ, ст. 253—269 (Улож. 1866 г. ст. 219—235 и уст. о нак. ст. 170 п. 1.) — — 2 — — — — — — 1 — 3 — — — 3 2 2 — — — — — — — 3 2 6 — — — — — — — По преступленіямъ, исчисленнымъ во II отдѣленіи, дѣлъ въ разсмотрѣніи не было. — — — — — — — — — — — — — — — — — — — — — — — — — — — — — — — — — — — Отдѣленіе III.Отдѣленіе III. О самовольномъ присвоеніи власти и составленіи подложныхъ указовъ и другихъ исходящихъ отъ Правительства бумагъ, ст. 329—341 (улож. 1866 г. ст. 289—301 и уст. о нак. ст. 34.) — — — — — — — — — — — — — — — — 1 — — — — — — — — — — — 1 — — — — — — — О похищеніи бумагъ или вещей изъ присутственныхъ мѣстъ и уничтоженіе постановленныхъ или приложенныхъ по распоряженію правительства знаковъ, ст. 343—347 (улож. 1866 г. ст. 303—307 и уст. о нак. ст. 32.) — — — — — — — — — — — — — — — — — 1 — — — — — — — 1 — — — — — — — — — О взломѣ тюрьмъ, уводѣ и побѣгѣ находящихся подъ стражею или надзоромъ, ст. 348—359 (улож. 1866 ст. 308—317 и уст. о нак. ст. 63.) — — — — — — — — — — — — — 2 — — — — — 2 — — — — — — — 1 — 3 — — — — — — — Отдѣленіе IV.Отдѣленіе IV. О преступленіяхъ и проступкахъ по службѣ Государственной и общественной, ст. 371—549, 782—795, 959—975, 1022—1031, 1068—1072, 1361—1364, 1396—1406, 1410—1414 и 1429 (улож 1866 г. ст. 329—504, 533—539, 707—714, 805—821, 822—830, 854, 855, 1004—1007, 1058—1065, 1068—1072 и уст. о нак. ст. 65, 66, 102, 154—168.) — — — 3 — 10 — 5 — 8 — 12 — — — — — — — — — — — — — — — 12 — 25 — 1 — — — Отдѣленіе V.Отдѣленіе V. О преступленіяхъ и проступкахъ противъ постановленій о повинностяхъ земскихъ ст. 593—598 (улож. 1866 г. ст. 540—545.)— — — — — — — — — 1 — — — — — — — — — — — — — — — 1 — — — — — — — Отдѣленіе VI.Отдѣленіе VI. О нарушеніи уставовъ монетныхъ, ст. 608—630 (улож. 1866 г. ст. 556—578.) — — 4 — — — — — — 6 — 18 3 — — — 1 1 — — — — — — — 8 2 5 2 12 — — — — — О нарушеніи постановленій по питейному сбору и акцизу, ст. 718—795 (улож. 1866 г. ст. 665—717.) — — — — — — — — 3 — 1 — — — — — 2 — — — — — — — 4 — 2 — — — — — — — Отдѣленіе VII.Отдѣленіе VII. О преступленіяхъ и проступкахъ противъ постановленій ограждающихъ народное здравіе, ст. 1044—115* (улож. 1866 г. ст. 831—900 и уст. о нак. ст. 55, 56, 102, 104—109, 112—16 и 173.) — — — 1 — — — — — — — — — 1 — — — — — — — — — — — — — 1 — — — — — — — — О возбужденіи къ начатію или продолженію противузаконныхъ исковъ и тяжбъ о лживыхъ доносахъ, лжесвидѣтельствѣ и ложныхъ показаніяхъ на повальныхъ обыскахъ, ст. 1205—1212 (улож. 1866 г. ст. 939—946.) — — — — — — — — — — — 1 — — — — — — — — — — — — — — — 1 — — — — — — — О бродяжествѣ, укрывательствѣ бѣглыхъ и нарушеніи постановленій о паспортахъ, ст. 1216—1272 (улож. 1866 г. ст. 950—983 и уст. о нак. ст. 29, 58, 60, 61, 62 и 77.) — — — — — — — — — — — — 4 — — — 6 — 21 — — — — — — — 5 — 8 — 8 — 8 — 2 — О противузаконномъ выдѣлываніи и храненіи оружія или пороха и нарушеніи другихъ правилъ осторожности, ст. 1295— 1328 (улож. 1866 г. ст. 986—989 и уст. о нак. ст. 29, 32, 117—126, 129 и 987.) — — — — — — — — — — — 6 — — — — — 1 — — — 3 — 3 — 1 — — — — — — — — — О преступленіяхъ противъ общественной нравственности, ст. 1336—1360 (улож. 1866 г. ст. 993—1003 уст. о нак. ст. 42— 45.)— — — — — — — — — — — — — — — 1 — — — — — — — — — 1 — — — — — — — О нарушеніи правилъ осторожности отъ пожаровъ, ст. 1429—1473 (улож. 1866 г. ст. 1076 и 1077 уст. о нак. ст. 29, 66, 88, 89, 80, 91, 93—98 и 117.) — — — — — — — — — — — — — 2 — — — — — 2 — — — — — — — — — 3 — 1 — — — — — По преступленіямъ, исчисленнымъ въ VIII отдѣленіи, дѣлъ въ разсмотрѣніи не было. — — — — — — — — — — — — — — — — — — — — — — — — — — — — — — — — — — — Отдѣленіе IХ.Отдѣленіе IХ. О смертоубійствѣ, ст. 1998—2020 (улож. 1866 г. ст. 1449—1471.) — — — 27 — — — — — — 17 4 25 12 6 3 5 6 9 2 2 — — — 4 — 13 10 26 15 20 2 1 — — — О самоубійствѣ, ст. 2021—2025 (улож. 1866 г. ст. 1472—1476.) — — — — — — — — — — — — 1 — — — — — — — — — — — — — 1 — — — — — — — — — О нанесеніи увѣчья, ранъ и другихъ поврежденій, ст. 2026—2047 (улож. 1866 г. ст. 1471—1496 и уст. о нак. ст. 129.)4 1 — — — — — 13 1 26 3 12 — 2 — — — — — — — 2 — 12 2 12 2 15 — 1* — 3 — О преступленіяхъ противъ чести и цѣломудрія женщинъ, ст. 2076—2085 (улож. 1866 г. ст. 1523—1532.) — — — — — — — — 1 — 5 — — — 4 — 2 — — — — — 1 — 3 — 5 — 3 — — — — — О личныхъ оскорбленіяхъ, ст. 2086—2094 (улож. 1860 г. ст. 1533 и 1534 и уст. о нак. ст. 130—135.) — 2 — — 1 — 2 — 6 1 4 — — — 2 — 1 1 — — — — — — 5 1 6 1 4 — 1 — — — О противузаконномъ задержаніи и заключеніи ст. 2103—2108 (улож. 1866 г. ст. 1540—1544 и уст. о нак. ст. 142.) — — — — — — — — — 2 — — — — — — — — — — — — — — — — — 2 — — — — — Отдѣленіе Х.Отдѣленіе Х. О преступленіяхъ противъ союза брачнаго, ст. 2118—2156 (улож. 1866 г. ст. 1549—1585.) — — 2 — — — — — — 1 1 — 1 — — — — — — — — — — — — 1 2 — — — — — — — — О преступленіи дѣтей противъ родителей, ст. 2162—2165 (улож. 1866 г. ст. 1591 и 1692 и уст. о нак. ст. 132 и 143.) 4 — — — — — — 2 1 6 — — — 3 — — 3 — — — — 8 3 3 1 — — — — — — — — Отдѣленіе ХI. Отдѣленіе ХI. О насильственномъ завладѣніи чужимъ недвижимымъ имуществомъ и о истребленіи граничныхъ межъ и знаков ст. 2173— 2184 (улож. 1866 г. ст. 1601—1605 и уст. о нак. ст. 142, 144, 145, 147—149, 152 и 155.) — — — — — — — — — 1 — 2 — 1 — — — — — — — — — — — 1 — 1 — 1 — — — 1 — О зажигательствѣ, ст. 2185—2195 (улож. 1866 г. ст. 1606—1615 и уст. о нак. ст. 98.) — — 6 — — — — — — 3 — 1 4 — — — — — 2 — — — — — — 1 2 3 3 1 — — — О разбоѣ, ст. 2208—2217 (улож. 1866 г. ст. 1627—636.) — — — 2 — — — — — — 4 1 12 1 3 — 4 — 8 — — — — — — — 14 2 16 — 1 — — — — — О грабежѣ, ст. 2218—2224 (улож. 1866 г. ст. 1637—1643.) — — — 8 — — — — — — 5 3 15 2 3 1 8 2 8 — — — — — 6 — 7 5 18 3 8 — — — — — О воровствѣ-кражѣ, ст. 2225—2251 (улож. 1866 г. ст. 1644—1664 и уст. о нак. ст. 169 и 170.) — — 11 — — — — — — 28 2 35 6 16 — 37 2 30 1 — — — — 15 3 25 5 56 3 36 — 6 — 8 — О воровствѣ-мошенничествѣ, ст. 2252—2267 (улож. 1866 г. ст. 1665—1676 и уст. о нак. ст. 173—175.) — — — — — — — — — 1 — — — — — — — — — — — — — 1 — — — — — — — — — О присвоеніи ввѣреннаго чужаго движимаго имущества, ст. 2272 (улож. 1866 г. ст. 1681, 1682 и уст. о наказ. ст. 177.)1 — — — — — — 2 — 2 1 — — 1 — — — — — — — — — 3 1 1 — 1 — — — — — О преступленіяхъ и проступкахъ по договорамъ и другимъ обязательствамъ, ст. 2278—2304 (улож. 1866 г. ст. 1688—1711 и уст. о нак. ст. 174 и 180.) — — — — — — — 4 — 6 — — — 3 — 2 — — — — — — — 8 — 4 — 2 — 1 — — — По происшествіямъ нечаяннымъ: по неосторожности и другимъ случаямъ, не отнесеннымъ къ вышеприведеннымъ родамъ и видамъ.— — — — — — — — — 1 — — — 1 — — — — — — — — — 1 — 1 — — — — — — — Итого — — 76 4 — 11 — 7 — 105 14 199 36 41 4 80 13 93 9 2 — 3 — 41 7 124 37 190 29 142 3 28 — 14 — Примѣчанiе:Примѣчанiе: Отъ 1869 г. оставалось арестантовъ: 3 м. 1 ж. об. пола 4. Въ 1870 г. поступило: 151 м. * пола 178. Въ 1870 г. выбыло: 143 м. 25 ж. об. пола 168. За тѣмъ къ 1871 г. осталось: 11 м. 3 ж. об. пола 14. * Столбец прошит Вѣрно: Гражданскiй Губернаторъ Лохвицкiй С в ѣрялъ исправляющій должность Секретаря Статистическаго Комитета Ловянъ
d165;1866 г.;;120 Родъ преступленiй Родъ преступленiй * ныхъ Въ томъ числѣВъ томъ числѣ Возрастъ преступниковъВозрастъ преступниковъ Дворянъ потомственныхъ Дворянъ личныхъ Почетныхъ гражданъ и купцовъ Мещанъ Крестьянъ Военнаго сословiя Инородцевъ Поселенцевъ Ссыльно-каторжныхъ Ниже 17— 17—20 21—30 31—40 41- 50 51-60 Свыше 60 ж. м. ж. м. ж. м. ж. м. ж. м. ж. м. ж. м. ж. м. ж. м. ж. м. ж. м. ж. м. ж. м. ж. м. м м. ж. м. ж. Отдѣленіе I.Отдѣленіе I. Объ отступленіи отъ вѣры и постановленій церкви, ст. 200—234 (Улож. 1866 г. ст. 184—209 и уст. о нак. ст. 38, 63, 64, 48 и 107.)2 — — — — — — — — 5 2 — — — — — — — — — — 2 1 2 1 1 — — — — — — — О святотатствѣ, ст. 253—269 (Улож. 1866 г. ст. 219—235 и уст. о нак. ст. 170 п. 1.) — — 2 — — — — — — 1 — 3 — — — 3 2 2 — — — — — — — 3 2 6 — — — — — — — По преступленіямъ, исчисленнымъ во II отдѣленіи, дѣлъ въ разсмотрѣніи не было. — — — — — — — — — — — — — — — — — — — — — — — — — — — — — — — — — — — Отдѣленіе III.Отдѣленіе III. О самовольномъ присвоеніи власти и составленіи подложныхъ указовъ и другихъ исходящихъ отъ Правительства бумагъ, ст. 329—341 (улож. 1866 г. ст. 289—301 и уст. о нак. ст. 34.) — — — — — — — — — — — — — — — — 1 — — — — — — — — — — — 1 — — — — — — — О похищеніи бумагъ или вещей изъ присутственныхъ мѣстъ и уничтоженіе постановленныхъ или приложенныхъ по распоряженію правительства знаковъ, ст. 343—347 (улож. 1866 г. ст. 303—307 и уст. о нак. ст. 32.) — — — — — — — — — — — — — — — — — 1 — — — — — — — 1 — — — — — — — — — О взломѣ тюрьмъ, уводѣ и побѣгѣ находящихся подъ стражею или надзоромъ, ст. 348—359 (улож. 1866 ст. 308—317 и уст. о нак. ст. 63.) — — — — — — — — — — — — — 2 — — — — — 2 — — — — — — — 1 — 3 — — — — — — — Отдѣленіе IV.Отдѣленіе IV. О преступленіяхъ и проступкахъ по службѣ Государственной и общественной, ст. 371—549, 782—795, 959—975, 1022—1031, 1068—1072, 1361—1364, 1396—1406, 1410—1414 и 1429 (улож 1866 г. ст. 329—504, 533—539, 707—714, 805—821, 822—830, 854, 855, 1004—1007, 1058—1065, 1068—1072 и уст. о нак. ст. 65, 66, 102, 154—168.) — — — 3 — 10 — 5 — 8 — 12 — — — — — — — — — — — — — — — 12 — 25 — 1 — — — Отдѣленіе V.Отдѣленіе V. О преступленіяхъ и проступкахъ противъ постановленій о повинностяхъ земскихъ ст. 593—598 (улож. 1866 г. ст. 540—545.)— — — — — — — — — 1 — — — — — — — — — — — — — — — 1 — — — — — — — Отдѣленіе VI.Отдѣленіе VI. О нарушеніи уставовъ монетныхъ, ст. 608—630 (улож. 1866 г. ст. 556—578.) — — 4 — — — — — — 6 — 18 3 — — — 1 1 — — — — — — — 8 2 5 2 12 — — — — — О нарушеніи постановленій по питейному сбору и акцизу, ст. 718—795 (улож. 1866 г. ст. 665—717.) — — — — — — — — 3 — 1 — — — — — 2 — — — — — — — 4 — 2 — — — — — — — Отдѣленіе VII.Отдѣленіе VII. О преступленіяхъ и проступкахъ противъ постановленій ограждающихъ народное здравіе, ст. 1044—115* (улож. 1866 г. ст. 831—900 и уст. о нак. ст. 55, 56, 102, 104—109, 112—16 и 173.) — — — 1 — — — — — — — — — 1 — — — — — — — — — — — — — 1 — — — — — — — — О возбужденіи къ начатію или продолженію противузаконныхъ исковъ и тяжбъ о лживыхъ доносахъ, лжесвидѣтельствѣ и ложныхъ показаніяхъ на повальныхъ обыскахъ, ст. 1205—1212 (улож. 1866 г. ст. 939—946.) — — — — — — — — — — — 1 — — — — — — — — — — — — — — — 1 — — — — — — — О бродяжествѣ, укрывательствѣ бѣглыхъ и нарушеніи постановленій о паспортахъ, ст. 1216—1272 (улож. 1866 г. ст. 950—983 и уст. о нак. ст. 29, 58, 60, 61, 62 и 77.) — — — — — — — — — — — — 4 — — — 6 — 21 — — — — — — — 5 — 8 — 8 — 8 — 2 — О противузаконномъ выдѣлываніи и храненіи оружія или пороха и нарушеніи другихъ правилъ осторожности, ст. 1295— 1328 (улож. 1866 г. ст. 986—989 и уст. о нак. ст. 29, 32, 117—126, 129 и 987.) — — — — — — — — — — — 6 — — — — — 1 — — — 3 — 3 — 1 — — — — — — — — — О преступленіяхъ противъ общественной нравственности, ст. 1336—1360 (улож. 1866 г. ст. 993—1003 уст. о нак. ст. 42— 45.)— — — — — — — — — — — — — — — 1 — — — — — — — — — 1 — — — — — — — О нарушеніи правилъ осторожности отъ пожаровъ, ст. 1429—1473 (улож. 1866 г. ст. 1076 и 1077 уст. о нак. ст. 29, 66, 88, 89, 80, 91, 93—98 и 117.) — — — — — — — — — — — — — 2 — — — — — 2 — — — — — — — — — 3 — 1 — — — — — По преступленіямъ, исчисленнымъ въ VIII отдѣленіи, дѣлъ въ разсмотрѣніи не было. — — — — — — — — — — — — — — — — — — — — — — — — — — — — — — — — — — — Отдѣленіе IХ.Отдѣленіе IХ. О смертоубійствѣ, ст. 1998—2020 (улож. 1866 г. ст. 1449—1471.) — — — 27 — — — — — — 17 4 25 12 6 3 5 6 9 2 2 — — — 4 — 13 10 26 15 20 2 1 — — — О самоубійствѣ, ст. 2021—2025 (улож. 1866 г. ст. 1472—1476.) — — — — — — — — — — — — 1 — — — — — — — — — — — — — 1 — — — — — — — — — О нанесеніи увѣчья, ранъ и другихъ поврежденій, ст. 2026—2047 (улож. 1866 г. ст. 1471—1496 и уст. о нак. ст. 129.)4 1 — — — — — 13 1 26 3 12 — 2 — — — — — — — 2 — 12 2 12 2 15 — 1* — 3 — О преступленіяхъ противъ чести и цѣломудрія женщинъ, ст. 2076—2085 (улож. 1866 г. ст. 1523—1532.) — — — — — — — — 1 — 5 — — — 4 — 2 — — — — — 1 — 3 — 5 — 3 — — — — — О личныхъ оскорбленіяхъ, ст. 2086—2094 (улож. 1860 г. ст. 1533 и 1534 и уст. о нак. ст. 130—135.) — 2 — — 1 — 2 — 6 1 4 — — — 2 — 1 1 — — — — — — 5 1 6 1 4 — 1 — — — О противузаконномъ задержаніи и заключеніи ст. 2103—2108 (улож. 1866 г. ст. 1540—1544 и уст. о нак. ст. 142.) — — — — — — — — — 2 — — — — — — — — — — — — — — — — — 2 — — — — — Отдѣленіе Х.Отдѣленіе Х. О преступленіяхъ противъ союза брачнаго, ст. 2118—2156 (улож. 1866 г. ст. 1549—1585.) — — 2 — — — — — — 1 1 — 1 — — — — — — — — — — — — 1 2 — — — — — — — — О преступленіи дѣтей противъ родителей, ст. 2162—2165 (улож. 1866 г. ст. 1591 и 1692 и уст. о нак. ст. 132 и 143.) 4 — — — — — — 2 1 6 — — — 3 — — 3 — — — — 8 3 3 1 — — — — — — — — Отдѣленіе ХI. Отдѣленіе ХI. О насильственномъ завладѣніи чужимъ недвижимымъ имуществомъ и о истребленіи граничныхъ межъ и знаков ст. 2173— 2184 (улож. 1866 г. ст. 1601—1605 и уст. о нак. ст. 142, 144, 145, 147—149, 152 и 155.) — — — — — — — — — 1 — 2 — 1 — — — — — — — — — — — 1 — 1 — 1 — — — 1 — О зажигательствѣ, ст. 2185—2195 (улож. 1866 г. ст. 1606—1615 и уст. о нак. ст. 98.) — — 6 — — — — — — 3 — 1 4 — — — — — 2 — — — — — — 1 2 3 3 1 — — — О разбоѣ, ст. 2208—2217 (улож. 1866 г. ст. 1627—636.) — — — 2 — — — — — — 4 1 12 1 3 — 4 — 8 — — — — — — — 14 2 16 — 1 — — — — — О грабежѣ, ст. 2218—2224 (улож. 1866 г. ст. 1637—1643.) — — — 8 — — — — — — 5 3 15 2 3 1 8 2 8 — — — — — 6 — 7 5 18 3 8 — — — — — О воровствѣ-кражѣ, ст. 2225—2251 (улож. 1866 г. ст. 1644—1664 и уст. о нак. ст. 169 и 170.) — — 11 — — — — — — 28 2 35 6 16 — 37 2 30 1 — — — — 15 3 25 5 56 3 36 — 6 — 8 — О воровствѣ-мошенничествѣ, ст. 2252—2267 (улож. 1866 г. ст. 1665—1676 и уст. о нак. ст. 173—175.) — — — — — — — — — 1 — — — — — — — — — — — — — 1 — — — — — — — — — О присвоеніи ввѣреннаго чужаго движимаго имущества, ст. 2272 (улож. 1866 г. ст. 1681, 1682 и уст. о наказ. ст. 177.)1 — — — — — — 2 — 2 1 — — 1 — — — — — — — — — 3 1 1 — 1 — — — — — О преступленіяхъ и проступкахъ по договорамъ и другимъ обязательствамъ, ст. 2278—2304 (улож. 1866 г. ст. 1688—1711 и уст. о нак. ст. 174 и 180.) — — — — — — — 4 — 6 — — — 3 — 2 — — — — — — — 8 — 4 — 2 — 1 — — — По происшествіямъ нечаяннымъ: по неосторожности и другимъ случаямъ, не отнесеннымъ къ вышеприведеннымъ родамъ и видамъ.— — — — — — — — — 1 — — — 1 — — — — — — — — — 1 — 1 — — — — — — — Итого — — 76 4 — 11 — 7 — 105 14 199 36 41 4 80 13 93 9 2 — 3 — 41 7 124 37 190 29 142 3 28 — 14 — Примѣчанiе:Примѣчанiе: Отъ 1869 г. оставалось арестантовъ: 3 м. 1 ж. об. пола 4. Въ 1870 г. поступило: 151 м. * пола 178. Въ 1870 г. выбыло: 143 м. 25 ж. об. пола 168. За тѣмъ къ 1871 г. осталось: 11 м. 3 ж. об. пола 14. * Столбец прошит Вѣрно: Гражданскiй Губернаторъ Лохвицкiй С в ѣрялъ исправляющій должность Секретаря Статистическаго Комитета Ловянъ
d166;1866 г.;;120 Родъ преступленiй Родъ преступленiй * ныхъ Въ томъ числѣВъ томъ числѣ Возрастъ преступниковъВозрастъ преступниковъ Дворянъ потомственныхъ Дворянъ личныхъ Почетныхъ гражданъ и купцовъ Мещанъ Крестьянъ Военнаго сословiя Инородцевъ Поселенцевъ Ссыльно-каторжныхъ Ниже 17— 17—20 21—30 31—40 41- 50 51-60 Свыше 60 ж. м. ж. м. ж. м. ж. м. ж. м. ж. м. ж. м. ж. м. ж. м. ж. м. ж. м. ж. м. ж. м. ж. м. м м. ж. м. ж. Отдѣленіе I.Отдѣленіе I. Объ отступленіи отъ вѣры и постановленій церкви, ст. 200—234 (Улож. 1866 г. ст. 184—209 и уст. о нак. ст. 38, 63, 64, 48 и 107.)2 — — — — — — — — 5 2 — — — — — — — — — — 2 1 2 1 1 — — — — — — — О святотатствѣ, ст. 253—269 (Улож. 1866 г. ст. 219—235 и уст. о нак. ст. 170 п. 1.) — — 2 — — — — — — 1 — 3 — — — 3 2 2 — — — — — — — 3 2 6 — — — — — — — По преступленіямъ, исчисленнымъ во II отдѣленіи, дѣлъ въ разсмотрѣніи не было. — — — — — — — — — — — — — — — — — — — — — — — — — — — — — — — — — — — Отдѣленіе III.Отдѣленіе III. О самовольномъ присвоеніи власти и составленіи подложныхъ указовъ и другихъ исходящихъ отъ Правительства бумагъ, ст. 329—341 (улож. 1866 г. ст. 289—301 и уст. о нак. ст. 34.) — — — — — — — — — — — — — — — — 1 — — — — — — — — — — — 1 — — — — — — — О похищеніи бумагъ или вещей изъ присутственныхъ мѣстъ и уничтоженіе постановленныхъ или приложенныхъ по распоряженію правительства знаковъ, ст. 343—347 (улож. 1866 г. ст. 303—307 и уст. о нак. ст. 32.) — — — — — — — — — — — — — — — — — 1 — — — — — — — 1 — — — — — — — — — О взломѣ тюрьмъ, уводѣ и побѣгѣ находящихся подъ стражею или надзоромъ, ст. 348—359 (улож. 1866 ст. 308—317 и уст. о нак. ст. 63.) — — — — — — — — — — — — — 2 — — — — — 2 — — — — — — — 1 — 3 — — — — — — — Отдѣленіе IV.Отдѣленіе IV. О преступленіяхъ и проступкахъ по службѣ Государственной и общественной, ст. 371—549, 782—795, 959—975, 1022—1031, 1068—1072, 1361—1364, 1396—1406, 1410—1414 и 1429 (улож 1866 г. ст. 329—504, 533—539, 707—714, 805—821, 822—830, 854, 855, 1004—1007, 1058—1065, 1068—1072 и уст. о нак. ст. 65, 66, 102, 154—168.) — — — 3 — 10 — 5 — 8 — 12 — — — — — — — — — — — — — — — 12 — 25 — 1 — — — Отдѣленіе V.Отдѣленіе V. О преступленіяхъ и проступкахъ противъ постановленій о повинностяхъ земскихъ ст. 593—598 (улож. 1866 г. ст. 540—545.)— — — — — — — — — 1 — — — — — — — — — — — — — — — 1 — — — — — — — Отдѣленіе VI.Отдѣленіе VI. О нарушеніи уставовъ монетныхъ, ст. 608—630 (улож. 1866 г. ст. 556—578.) — — 4 — — — — — — 6 — 18 3 — — — 1 1 — — — — — — — 8 2 5 2 12 — — — — — О нарушеніи постановленій по питейному сбору и акцизу, ст. 718—795 (улож. 1866 г. ст. 665—717.) — — — — — — — — 3 — 1 — — — — — 2 — — — — — — — 4 — 2 — — — — — — — Отдѣленіе VII.Отдѣленіе VII. О преступленіяхъ и проступкахъ противъ постановленій ограждающихъ народное здравіе, ст. 1044—115* (улож. 1866 г. ст. 831—900 и уст. о нак. ст. 55, 56, 102, 104—109, 112—16 и 173.) — — — 1 — — — — — — — — — 1 — — — — — — — — — — — — — 1 — — — — — — — — О возбужденіи къ начатію или продолженію противузаконныхъ исковъ и тяжбъ о лживыхъ доносахъ, лжесвидѣтельствѣ и ложныхъ показаніяхъ на повальныхъ обыскахъ, ст. 1205—1212 (улож. 1866 г. ст. 939—946.) — — — — — — — — — — — 1 — — — — — — — — — — — — — — — 1 — — — — — — — О бродяжествѣ, укрывательствѣ бѣглыхъ и нарушеніи постановленій о паспортахъ, ст. 1216—1272 (улож. 1866 г. ст. 950—983 и уст. о нак. ст. 29, 58, 60, 61, 62 и 77.) — — — — — — — — — — — — 4 — — — 6 — 21 — — — — — — — 5 — 8 — 8 — 8 — 2 — О противузаконномъ выдѣлываніи и храненіи оружія или пороха и нарушеніи другихъ правилъ осторожности, ст. 1295— 1328 (улож. 1866 г. ст. 986—989 и уст. о нак. ст. 29, 32, 117—126, 129 и 987.) — — — — — — — — — — — 6 — — — — — 1 — — — 3 — 3 — 1 — — — — — — — — — О преступленіяхъ противъ общественной нравственности, ст. 1336—1360 (улож. 1866 г. ст. 993—1003 уст. о нак. ст. 42— 45.)— — — — — — — — — — — — — — — 1 — — — — — — — — — 1 — — — — — — — О нарушеніи правилъ осторожности отъ пожаровъ, ст. 1429—1473 (улож. 1866 г. ст. 1076 и 1077 уст. о нак. ст. 29, 66, 88, 89, 80, 91, 93—98 и 117.) — — — — — — — — — — — — — 2 — — — — — 2 — — — — — — — — — 3 — 1 — — — — — По преступленіямъ, исчисленнымъ въ VIII отдѣленіи, дѣлъ въ разсмотрѣніи не было. — — — — — — — — — — — — — — — — — — — — — — — — — — — — — — — — — — — Отдѣленіе IХ.Отдѣленіе IХ. О смертоубійствѣ, ст. 1998—2020 (улож. 1866 г. ст. 1449—1471.) — — — 27 — — — — — — 17 4 25 12 6 3 5 6 9 2 2 — — — 4 — 13 10 26 15 20 2 1 — — — О самоубійствѣ, ст. 2021—2025 (улож. 1866 г. ст. 1472—1476.) — — — — — — — — — — — — 1 — — — — — — — — — — — — — 1 — — — — — — — — — О нанесеніи увѣчья, ранъ и другихъ поврежденій, ст. 2026—2047 (улож. 1866 г. ст. 1471—1496 и уст. о нак. ст. 129.)4 1 — — — — — 13 1 26 3 12 — 2 — — — — — — — 2 — 12 2 12 2 15 — 1* — 3 — О преступленіяхъ противъ чести и цѣломудрія женщинъ, ст. 2076—2085 (улож. 1866 г. ст. 1523—1532.) — — — — — — — — 1 — 5 — — — 4 — 2 — — — — — 1 — 3 — 5 — 3 — — — — — О личныхъ оскорбленіяхъ, ст. 2086—2094 (улож. 1860 г. ст. 1533 и 1534 и уст. о нак. ст. 130—135.) — 2 — — 1 — 2 — 6 1 4 — — — 2 — 1 1 — — — — — — 5 1 6 1 4 — 1 — — — О противузаконномъ задержаніи и заключеніи ст. 2103—2108 (улож. 1866 г. ст. 1540—1544 и уст. о нак. ст. 142.) — — — — — — — — — 2 — — — — — — — — — — — — — — — — — 2 — — — — — Отдѣленіе Х.Отдѣленіе Х. О преступленіяхъ противъ союза брачнаго, ст. 2118—2156 (улож. 1866 г. ст. 1549—1585.) — — 2 — — — — — — 1 1 — 1 — — — — — — — — — — — — 1 2 — — — — — — — — О преступленіи дѣтей противъ родителей, ст. 2162—2165 (улож. 1866 г. ст. 1591 и 1692 и уст. о нак. ст. 132 и 143.) 4 — — — — — — 2 1 6 — — — 3 — — 3 — — — — 8 3 3 1 — — — — — — — — Отдѣленіе ХI. Отдѣленіе ХI. О насильственномъ завладѣніи чужимъ недвижимымъ имуществомъ и о истребленіи граничныхъ межъ и знаков ст. 2173— 2184 (улож. 1866 г. ст. 1601—1605 и уст. о нак. ст. 142, 144, 145, 147—149, 152 и 155.) — — — — — — — — — 1 — 2 — 1 — — — — — — — — — — — 1 — 1 — 1 — — — 1 — О зажигательствѣ, ст. 2185—2195 (улож. 1866 г. ст. 1606—1615 и уст. о нак. ст. 98.) — — 6 — — — — — — 3 — 1 4 — — — — — 2 — — — — — — 1 2 3 3 1 — — — О разбоѣ, ст. 2208—2217 (улож. 1866 г. ст. 1627—636.) — — — 2 — — — — — — 4 1 12 1 3 — 4 — 8 — — — — — — — 14 2 16 — 1 — — — — — О грабежѣ, ст. 2218—2224 (улож. 1866 г. ст. 1637—1643.) — — — 8 — — — — — — 5 3 15 2 3 1 8 2 8 — — — — — 6 — 7 5 18 3 8 — — — — — О воровствѣ-кражѣ, ст. 2225—2251 (улож. 1866 г. ст. 1644—1664 и уст. о нак. ст. 169 и 170.) — — 11 — — — — — — 28 2 35 6 16 — 37 2 30 1 — — — — 15 3 25 5 56 3 36 — 6 — 8 — О воровствѣ-мошенничествѣ, ст. 2252—2267 (улож. 1866 г. ст. 1665—1676 и уст. о нак. ст. 173—175.) — — — — — — — — — 1 — — — — — — — — — — — — — 1 — — — — — — — — — О присвоеніи ввѣреннаго чужаго движимаго имущества, ст. 2272 (улож. 1866 г. ст. 1681, 1682 и уст. о наказ. ст. 177.)1 — — — — — — 2 — 2 1 — — 1 — — — — — — — — — 3 1 1 — 1 — — — — — О преступленіяхъ и проступкахъ по договорамъ и другимъ обязательствамъ, ст. 2278—2304 (улож. 1866 г. ст. 1688—1711 и уст. о нак. ст. 174 и 180.) — — — — — — — 4 — 6 — — — 3 — 2 — — — — — — — 8 — 4 — 2 — 1 — — — По происшествіямъ нечаяннымъ: по неосторожности и другимъ случаямъ, не отнесеннымъ къ вышеприведеннымъ родамъ и видамъ.— — — — — — — — — 1 — — — 1 — — — — — — — — — 1 — 1 — — — — — — — Итого — — 76 4 — 11 — 7 — 105 14 199 36 41 4 80 13 93 9 2 — 3 — 41 7 124 37 190 29 142 3 28 — 14 — Примѣчанiе:Примѣчанiе: Отъ 1869 г. оставалось арестантовъ: 3 м. 1 ж. об. пола 4. Въ 1870 г. поступило: 151 м. * пола 178. Въ 1870 г. выбыло: 143 м. 25 ж. об. пола 168. За тѣмъ къ 1871 г. осталось: 11 м. 3 ж. об. пола 14. * Столбец прошит Вѣрно: Гражданскiй Губернаторъ Лохвицкiй С в ѣрялъ исправляющій должность Секретаря Статистическаго Комитета Ловянъ
d167;1866 г.;;120 Родъ преступленiй Родъ преступленiй * ныхъ Въ томъ числѣВъ томъ числѣ Возрастъ преступниковъВозрастъ преступниковъ Дворянъ потомственныхъ Дворянъ личныхъ Почетныхъ гражданъ и купцовъ Мещанъ Крестьянъ Военнаго сословiя Инородцевъ Поселенцевъ Ссыльно-каторжныхъ Ниже 17— 17—20 21—30 31—40 41- 50 51-60 Свыше 60 ж. м. ж. м. ж. м. ж. м. ж. м. ж. м. ж. м. ж. м. ж. м. ж. м. ж. м. ж. м. ж. м. ж. м. м м. ж. м. ж. Отдѣленіе I.Отдѣленіе I. Объ отступленіи отъ вѣры и постановленій церкви, ст. 200—234 (Улож. 1866 г. ст. 184—209 и уст. о нак. ст. 38, 63, 64, 48 и 107.)2 — — — — — — — — 5 2 — — — — — — — — — — 2 1 2 1 1 — — — — — — — О святотатствѣ, ст. 253—269 (Улож. 1866 г. ст. 219—235 и уст. о нак. ст. 170 п. 1.) — — 2 — — — — — — 1 — 3 — — — 3 2 2 — — — — — — — 3 2 6 — — — — — — — По преступленіямъ, исчисленнымъ во II отдѣленіи, дѣлъ въ разсмотрѣніи не было. — — — — — — — — — — — — — — — — — — — — — — — — — — — — — — — — — — — Отдѣленіе III.Отдѣленіе III. О самовольномъ присвоеніи власти и составленіи подложныхъ указовъ и другихъ исходящихъ отъ Правительства бумагъ, ст. 329—341 (улож. 1866 г. ст. 289—301 и уст. о нак. ст. 34.) — — — — — — — — — — — — — — — — 1 — — — — — — — — — — — 1 — — — — — — — О похищеніи бумагъ или вещей изъ присутственныхъ мѣстъ и уничтоженіе постановленныхъ или приложенныхъ по распоряженію правительства знаковъ, ст. 343—347 (улож. 1866 г. ст. 303—307 и уст. о нак. ст. 32.) — — — — — — — — — — — — — — — — — 1 — — — — — — — 1 — — — — — — — — — О взломѣ тюрьмъ, уводѣ и побѣгѣ находящихся подъ стражею или надзоромъ, ст. 348—359 (улож. 1866 ст. 308—317 и уст. о нак. ст. 63.) — — — — — — — — — — — — — 2 — — — — — 2 — — — — — — — 1 — 3 — — — — — — — Отдѣленіе IV.Отдѣленіе IV. О преступленіяхъ и проступкахъ по службѣ Государственной и общественной, ст. 371—549, 782—795, 959—975, 1022—1031, 1068—1072, 1361—1364, 1396—1406, 1410—1414 и 1429 (улож 1866 г. ст. 329—504, 533—539, 707—714, 805—821, 822—830, 854, 855, 1004—1007, 1058—1065, 1068—1072 и уст. о нак. ст. 65, 66, 102, 154—168.) — — — 3 — 10 — 5 — 8 — 12 — — — — — — — — — — — — — — — 12 — 25 — 1 — — — Отдѣленіе V.Отдѣленіе V. О преступленіяхъ и проступкахъ противъ постановленій о повинностяхъ земскихъ ст. 593—598 (улож. 1866 г. ст. 540—545.)— — — — — — — — — 1 — — — — — — — — — — — — — — — 1 — — — — — — — Отдѣленіе VI.Отдѣленіе VI. О нарушеніи уставовъ монетныхъ, ст. 608—630 (улож. 1866 г. ст. 556—578.) — — 4 — — — — — — 6 — 18 3 — — — 1 1 — — — — — — — 8 2 5 2 12 — — — — — О нарушеніи постановленій по питейному сбору и акцизу, ст. 718—795 (улож. 1866 г. ст. 665—717.) — — — — — — — — 3 — 1 — — — — — 2 — — — — — — — 4 — 2 — — — — — — — Отдѣленіе VII.Отдѣленіе VII. О преступленіяхъ и проступкахъ противъ постановленій ограждающихъ народное здравіе, ст. 1044—115* (улож. 1866 г. ст. 831—900 и уст. о нак. ст. 55, 56, 102, 104—109, 112—16 и 173.) — — — 1 — — — — — — — — — 1 — — — — — — — — — — — — — 1 — — — — — — — — О возбужденіи къ начатію или продолженію противузаконныхъ исковъ и тяжбъ о лживыхъ доносахъ, лжесвидѣтельствѣ и ложныхъ показаніяхъ на повальныхъ обыскахъ, ст. 1205—1212 (улож. 1866 г. ст. 939—946.) — — — — — — — — — — — 1 — — — — — — — — — — — — — — — 1 — — — — — — — О бродяжествѣ, укрывательствѣ бѣглыхъ и нарушеніи постановленій о паспортахъ, ст. 1216—1272 (улож. 1866 г. ст. 950—983 и уст. о нак. ст. 29, 58, 60, 61, 62 и 77.) — — — — — — — — — — — — 4 — — — 6 — 21 — — — — — — — 5 — 8 — 8 — 8 — 2 — О противузаконномъ выдѣлываніи и храненіи оружія или пороха и нарушеніи другихъ правилъ осторожности, ст. 1295— 1328 (улож. 1866 г. ст. 986—989 и уст. о нак. ст. 29, 32, 117—126, 129 и 987.) — — — — — — — — — — — 6 — — — — — 1 — — — 3 — 3 — 1 — — — — — — — — — О преступленіяхъ противъ общественной нравственности, ст. 1336—1360 (улож. 1866 г. ст. 993—1003 уст. о нак. ст. 42— 45.)— — — — — — — — — — — — — — — 1 — — — — — — — — — 1 — — — — — — — О нарушеніи правилъ осторожности отъ пожаровъ, ст. 1429—1473 (улож. 1866 г. ст. 1076 и 1077 уст. о нак. ст. 29, 66, 88, 89, 80, 91, 93—98 и 117.) — — — — — — — — — — — — — 2 — — — — — 2 — — — — — — — — — 3 — 1 — — — — — По преступленіямъ, исчисленнымъ въ VIII отдѣленіи, дѣлъ въ разсмотрѣніи не было. — — — — — — — — — — — — — — — — — — — — — — — — — — — — — — — — — — — Отдѣленіе IХ.Отдѣленіе IХ. О смертоубійствѣ, ст. 1998—2020 (улож. 1866 г. ст. 1449—1471.) — — — 27 — — — — — — 17 4 25 12 6 3 5 6 9 2 2 — — — 4 — 13 10 26 15 20 2 1 — — — О самоубійствѣ, ст. 2021—2025 (улож. 1866 г. ст. 1472—1476.) — — — — — — — — — — — — 1 — — — — — — — — — — — — — 1 — — — — — — — — — О нанесеніи увѣчья, ранъ и другихъ поврежденій, ст. 2026—2047 (улож. 1866 г. ст. 1471—1496 и уст. о нак. ст. 129.)4 1 — — — — — 13 1 26 3 12 — 2 — — — — — — — 2 — 12 2 12 2 15 — 1* — 3 — О преступленіяхъ противъ чести и цѣломудрія женщинъ, ст. 2076—2085 (улож. 1866 г. ст. 1523—1532.) — — — — — — — — 1 — 5 — — — 4 — 2 — — — — — 1 — 3 — 5 — 3 — — — — — О личныхъ оскорбленіяхъ, ст. 2086—2094 (улож. 1860 г. ст. 1533 и 1534 и уст. о нак. ст. 130—135.) — 2 — — 1 — 2 — 6 1 4 — — — 2 — 1 1 — — — — — — 5 1 6 1 4 — 1 — — — О противузаконномъ задержаніи и заключеніи ст. 2103—2108 (улож. 1866 г. ст. 1540—1544 и уст. о нак. ст. 142.) — — — — — — — — — 2 — — — — — — — — — — — — — — — — — 2 — — — — — Отдѣленіе Х.Отдѣленіе Х. О преступленіяхъ противъ союза брачнаго, ст. 2118—2156 (улож. 1866 г. ст. 1549—1585.) — — 2 — — — — — — 1 1 — 1 — — — — — — — — — — — — 1 2 — — — — — — — — О преступленіи дѣтей противъ родителей, ст. 2162—2165 (улож. 1866 г. ст. 1591 и 1692 и уст. о нак. ст. 132 и 143.) 4 — — — — — — 2 1 6 — — — 3 — — 3 — — — — 8 3 3 1 — — — — — — — — Отдѣленіе ХI. Отдѣленіе ХI. О насильственномъ завладѣніи чужимъ недвижимымъ имуществомъ и о истребленіи граничныхъ межъ и знаков ст. 2173— 2184 (улож. 1866 г. ст. 1601—1605 и уст. о нак. ст. 142, 144, 145, 147—149, 152 и 155.) — — — — — — — — — 1 — 2 — 1 — — — — — — — — — — — 1 — 1 — 1 — — — 1 — О зажигательствѣ, ст. 2185—2195 (улож. 1866 г. ст. 1606—1615 и уст. о нак. ст. 98.) — — 6 — — — — — — 3 — 1 4 — — — — — 2 — — — — — — 1 2 3 3 1 — — — О разбоѣ, ст. 2208—2217 (улож. 1866 г. ст. 1627—636.) — — — 2 — — — — — — 4 1 12 1 3 — 4 — 8 — — — — — — — 14 2 16 — 1 — — — — — О грабежѣ, ст. 2218—2224 (улож. 1866 г. ст. 1637—1643.) — — — 8 — — — — — — 5 3 15 2 3 1 8 2 8 — — — — — 6 — 7 5 18 3 8 — — — — — О воровствѣ-кражѣ, ст. 2225—2251 (улож. 1866 г. ст. 1644—1664 и уст. о нак. ст. 169 и 170.) — — 11 — — — — — — 28 2 35 6 16 — 37 2 30 1 — — — — 15 3 25 5 56 3 36 — 6 — 8 — О воровствѣ-мошенничествѣ, ст. 2252—2267 (улож. 1866 г. ст. 1665—1676 и уст. о нак. ст. 173—175.) — — — — — — — — — 1 — — — — — — — — — — — — — 1 — — — — — — — — — О присвоеніи ввѣреннаго чужаго движимаго имущества, ст. 2272 (улож. 1866 г. ст. 1681, 1682 и уст. о наказ. ст. 177.)1 — — — — — — 2 — 2 1 — — 1 — — — — — — — — — 3 1 1 — 1 — — — — — О преступленіяхъ и проступкахъ по договорамъ и другимъ обязательствамъ, ст. 2278—2304 (улож. 1866 г. ст. 1688—1711 и уст. о нак. ст. 174 и 180.) — — — — — — — 4 — 6 — — — 3 — 2 — — — — — — — 8 — 4 — 2 — 1 — — — По происшествіямъ нечаяннымъ: по неосторожности и другимъ случаямъ, не отнесеннымъ къ вышеприведеннымъ родамъ и видамъ.— — — — — — — — — 1 — — — 1 — — — — — — — — — 1 — 1 — — — — — — — Итого — — 76 4 — 11 — 7 — 105 14 199 36 41 4 80 13 93 9 2 — 3 — 41 7 124 37 190 29 142 3 28 — 14 — Примѣчанiе:Примѣчанiе: Отъ 1869 г. оставалось арестантовъ: 3 м. 1 ж. об. пола 4. Въ 1870 г. поступило: 151 м. * пола 178. Въ 1870 г. выбыло: 143 м. 25 ж. об. пола 168. За тѣмъ къ 1871 г. осталось: 11 м. 3 ж. об. пола 14. * Столбец прошит Вѣрно: Гражданскiй Губернаторъ Лохвицкiй С в ѣрялъ исправляющій должность Секретаря Статистическаго Комитета Ловянъ
d168;1866 г.;;120 Родъ преступленiй Родъ преступленiй * ныхъ Въ томъ числѣВъ томъ числѣ Возрастъ преступниковъВозрастъ преступниковъ Дворянъ потомственныхъ Дворянъ личныхъ Почетныхъ гражданъ и купцовъ Мещанъ Крестьянъ Военнаго сословiя Инородцевъ Поселенцевъ Ссыльно-каторжныхъ Ниже 17— 17—20 21—30 31—40 41- 50 51-60 Свыше 60 ж. м. ж. м. ж. м. ж. м. ж. м. ж. м. ж. м. ж. м. ж. м. ж. м. ж. м. ж. м. ж. м. ж. м. м м. ж. м. ж. Отдѣленіе I.Отдѣленіе I. Объ отступленіи отъ вѣры и постановленій церкви, ст. 200—234 (Улож. 1866 г. ст. 184—209 и уст. о нак. ст. 38, 63, 64, 48 и 107.)2 — — — — — — — — 5 2 — — — — — — — — — — 2 1 2 1 1 — — — — — — — О святотатствѣ, ст. 253—269 (Улож. 1866 г. ст. 219—235 и уст. о нак. ст. 170 п. 1.) — — 2 — — — — — — 1 — 3 — — — 3 2 2 — — — — — — — 3 2 6 — — — — — — — По преступленіямъ, исчисленнымъ во II отдѣленіи, дѣлъ въ разсмотрѣніи не было. — — — — — — — — — — — — — — — — — — — — — — — — — — — — — — — — — — — Отдѣленіе III.Отдѣленіе III. О самовольномъ присвоеніи власти и составленіи подложныхъ указовъ и другихъ исходящихъ отъ Правительства бумагъ, ст. 329—341 (улож. 1866 г. ст. 289—301 и уст. о нак. ст. 34.) — — — — — — — — — — — — — — — — 1 — — — — — — — — — — — 1 — — — — — — — О похищеніи бумагъ или вещей изъ присутственныхъ мѣстъ и уничтоженіе постановленныхъ или приложенныхъ по распоряженію правительства знаковъ, ст. 343—347 (улож. 1866 г. ст. 303—307 и уст. о нак. ст. 32.) — — — — — — — — — — — — — — — — — 1 — — — — — — — 1 — — — — — — — — — О взломѣ тюрьмъ, уводѣ и побѣгѣ находящихся подъ стражею или надзоромъ, ст. 348—359 (улож. 1866 ст. 308—317 и уст. о нак. ст. 63.) — — — — — — — — — — — — — 2 — — — — — 2 — — — — — — — 1 — 3 — — — — — — — Отдѣленіе IV.Отдѣленіе IV. О преступленіяхъ и проступкахъ по службѣ Государственной и общественной, ст. 371—549, 782—795, 959—975, 1022—1031, 1068—1072, 1361—1364, 1396—1406, 1410—1414 и 1429 (улож 1866 г. ст. 329—504, 533—539, 707—714, 805—821, 822—830, 854, 855, 1004—1007, 1058—1065, 1068—1072 и уст. о нак. ст. 65, 66, 102, 154—168.) — — — 3 — 10 — 5 — 8 — 12 — — — — — — — — — — — — — — — 12 — 25 — 1 — — — Отдѣленіе V.Отдѣленіе V. О преступленіяхъ и проступкахъ противъ постановленій о повинностяхъ земскихъ ст. 593—598 (улож. 1866 г. ст. 540—545.)— — — — — — — — — 1 — — — — — — — — — — — — — — — 1 — — — — — — — Отдѣленіе VI.Отдѣленіе VI. О нарушеніи уставовъ монетныхъ, ст. 608—630 (улож. 1866 г. ст. 556—578.) — — 4 — — — — — — 6 — 18 3 — — — 1 1 — — — — — — — 8 2 5 2 12 — — — — — О нарушеніи постановленій по питейному сбору и акцизу, ст. 718—795 (улож. 1866 г. ст. 665—717.) — — — — — — — — 3 — 1 — — — — — 2 — — — — — — — 4 — 2 — — — — — — — Отдѣленіе VII.Отдѣленіе VII. О преступленіяхъ и проступкахъ противъ постановленій ограждающихъ народное здравіе, ст. 1044—115* (улож. 1866 г. ст. 831—900 и уст. о нак. ст. 55, 56, 102, 104—109, 112—16 и 173.) — — — 1 — — — — — — — — — 1 — — — — — — — — — — — — — 1 — — — — — — — — О возбужденіи къ начатію или продолженію противузаконныхъ исковъ и тяжбъ о лживыхъ доносахъ, лжесвидѣтельствѣ и ложныхъ показаніяхъ на повальныхъ обыскахъ, ст. 1205—1212 (улож. 1866 г. ст. 939—946.) — — — — — — — — — — — 1 — — — — — — — — — — — — — — — 1 — — — — — — — О бродяжествѣ, укрывательствѣ бѣглыхъ и нарушеніи постановленій о паспортахъ, ст. 1216—1272 (улож. 1866 г. ст. 950—983 и уст. о нак. ст. 29, 58, 60, 61, 62 и 77.) — — — — — — — — — — — — 4 — — — 6 — 21 — — — — — — — 5 — 8 — 8 — 8 — 2 — О противузаконномъ выдѣлываніи и храненіи оружія или пороха и нарушеніи другихъ правилъ осторожности, ст. 1295— 1328 (улож. 1866 г. ст. 986—989 и уст. о нак. ст. 29, 32, 117—126, 129 и 987.) — — — — — — — — — — — 6 — — — — — 1 — — — 3 — 3 — 1 — — — — — — — — — О преступленіяхъ противъ общественной нравственности, ст. 1336—1360 (улож. 1866 г. ст. 993—1003 уст. о нак. ст. 42— 45.)— — — — — — — — — — — — — — — 1 — — — — — — — — — 1 — — — — — — — О нарушеніи правилъ осторожности отъ пожаровъ, ст. 1429—1473 (улож. 1866 г. ст. 1076 и 1077 уст. о нак. ст. 29, 66, 88, 89, 80, 91, 93—98 и 117.) — — — — — — — — — — — — — 2 — — — — — 2 — — — — — — — — — 3 — 1 — — — — — По преступленіямъ, исчисленнымъ въ VIII отдѣленіи, дѣлъ въ разсмотрѣніи не было. — — — — — — — — — — — — — — — — — — — — — — — — — — — — — — — — — — — Отдѣленіе IХ.Отдѣленіе IХ. О смертоубійствѣ, ст. 1998—2020 (улож. 1866 г. ст. 1449—1471.) — — — 27 — — — — — — 17 4 25 12 6 3 5 6 9 2 2 — — — 4 — 13 10 26 15 20 2 1 — — — О самоубійствѣ, ст. 2021—2025 (улож. 1866 г. ст. 1472—1476.) — — — — — — — — — — — — 1 — — — — — — — — — — — — — 1 — — — — — — — — — О нанесеніи увѣчья, ранъ и другихъ поврежденій, ст. 2026—2047 (улож. 1866 г. ст. 1471—1496 и уст. о нак. ст. 129.)4 1 — — — — — 13 1 26 3 12 — 2 — — — — — — — 2 — 12 2 12 2 15 — 1* — 3 — О преступленіяхъ противъ чести и цѣломудрія женщинъ, ст. 2076—2085 (улож. 1866 г. ст. 1523—1532.) — — — — — — — — 1 — 5 — — — 4 — 2 — — — — — 1 — 3 — 5 — 3 — — — — — О личныхъ оскорбленіяхъ, ст. 2086—2094 (улож. 1860 г. ст. 1533 и 1534 и уст. о нак. ст. 130—135.) — 2 — — 1 — 2 — 6 1 4 — — — 2 — 1 1 — — — — — — 5 1 6 1 4 — 1 — — — О противузаконномъ задержаніи и заключеніи ст. 2103—2108 (улож. 1866 г. ст. 1540—1544 и уст. о нак. ст. 142.) — — — — — — — — — 2 — — — — — — — — — — — — — — — — — 2 — — — — — Отдѣленіе Х.Отдѣленіе Х. О преступленіяхъ противъ союза брачнаго, ст. 2118—2156 (улож. 1866 г. ст. 1549—1585.) — — 2 — — — — — — 1 1 — 1 — — — — — — — — — — — — 1 2 — — — — — — — — О преступленіи дѣтей противъ родителей, ст. 2162—2165 (улож. 1866 г. ст. 1591 и 1692 и уст. о нак. ст. 132 и 143.) 4 — — — — — — 2 1 6 — — — 3 — — 3 — — — — 8 3 3 1 — — — — — — — — Отдѣленіе ХI. Отдѣленіе ХI. О насильственномъ завладѣніи чужимъ недвижимымъ имуществомъ и о истребленіи граничныхъ межъ и знаков ст. 2173— 2184 (улож. 1866 г. ст. 1601—1605 и уст. о нак. ст. 142, 144, 145, 147—149, 152 и 155.) — — — — — — — — — 1 — 2 — 1 — — — — — — — — — — — 1 — 1 — 1 — — — 1 — О зажигательствѣ, ст. 2185—2195 (улож. 1866 г. ст. 1606—1615 и уст. о нак. ст. 98.) — — 6 — — — — — — 3 — 1 4 — — — — — 2 — — — — — — 1 2 3 3 1 — — — О разбоѣ, ст. 2208—2217 (улож. 1866 г. ст. 1627—636.) — — — 2 — — — — — — 4 1 12 1 3 — 4 — 8 — — — — — — — 14 2 16 — 1 — — — — — О грабежѣ, ст. 2218—2224 (улож. 1866 г. ст. 1637—1643.) — — — 8 — — — — — — 5 3 15 2 3 1 8 2 8 — — — — — 6 — 7 5 18 3 8 — — — — — О воровствѣ-кражѣ, ст. 2225—2251 (улож. 1866 г. ст. 1644—1664 и уст. о нак. ст. 169 и 170.) — — 11 — — — — — — 28 2 35 6 16 — 37 2 30 1 — — — — 15 3 25 5 56 3 36 — 6 — 8 — О воровствѣ-мошенничествѣ, ст. 2252—2267 (улож. 1866 г. ст. 1665—1676 и уст. о нак. ст. 173—175.) — — — — — — — — — 1 — — — — — — — — — — — — — 1 — — — — — — — — — О присвоеніи ввѣреннаго чужаго движимаго имущества, ст. 2272 (улож. 1866 г. ст. 1681, 1682 и уст. о наказ. ст. 177.)1 — — — — — — 2 — 2 1 — — 1 — — — — — — — — — 3 1 1 — 1 — — — — — О преступленіяхъ и проступкахъ по договорамъ и другимъ обязательствамъ, ст. 2278—2304 (улож. 1866 г. ст. 1688—1711 и уст. о нак. ст. 174 и 180.) — — — — — — — 4 — 6 — — — 3 — 2 — — — — — — — 8 — 4 — 2 — 1 — — — По происшествіямъ нечаяннымъ: по неосторожности и другимъ случаямъ, не отнесеннымъ къ вышеприведеннымъ родамъ и видамъ.— — — — — — — — — 1 — — — 1 — — — — — — — — — 1 — 1 — — — — — — — Итого — — 76 4 — 11 — 7 — 105 14 199 36 41 4 80 13 93 9 2 — 3 — 41 7 124 37 190 29 142 3 28 — 14 — Примѣчанiе:Примѣчанiе: Отъ 1869 г. оставалось арестантовъ: 3 м. 1 ж. об. пола 4. Въ 1870 г. поступило: 151 м. * пола 178. Въ 1870 г. выбыло: 143 м. 25 ж. об. пола 168. За тѣмъ къ 1871 г. осталось: 11 м. 3 ж. об. пола 14. * Столбец прошит Вѣрно: Гражданскiй Губернаторъ Лохвицкiй С в ѣрялъ исправляющій должность Секретаря Статистическаго Комитета Ловянъ
d169;1866 г.;;120 Родъ преступленiй Родъ преступленiй * ныхъ Въ томъ числѣВъ томъ числѣ Возрастъ преступниковъВозрастъ преступниковъ Дворянъ потомственныхъ Дворянъ личныхъ Почетныхъ гражданъ и купцовъ Мещанъ Крестьянъ Военнаго сословiя Инородцевъ Поселенцевъ Ссыльно-каторжныхъ Ниже 17— 17—20 21—30 31—40 41- 50 51-60 Свыше 60 ж. м. ж. м. ж. м. ж. м. ж. м. ж. м. ж. м. ж. м. ж. м. ж. м. ж. м. ж. м. ж. м. ж. м. м м. ж. м. ж. Отдѣленіе I.Отдѣленіе I. Объ отступленіи отъ вѣры и постановленій церкви, ст. 200—234 (Улож. 1866 г. ст. 184—209 и уст. о нак. ст. 38, 63, 64, 48 и 107.)2 — — — — — — — — 5 2 — — — — — — — — — — 2 1 2 1 1 — — — — — — — О святотатствѣ, ст. 253—269 (Улож. 1866 г. ст. 219—235 и уст. о нак. ст. 170 п. 1.) — — 2 — — — — — — 1 — 3 — — — 3 2 2 — — — — — — — 3 2 6 — — — — — — — По преступленіямъ, исчисленнымъ во II отдѣленіи, дѣлъ въ разсмотрѣніи не было. — — — — — — — — — — — — — — — — — — — — — — — — — — — — — — — — — — — Отдѣленіе III.Отдѣленіе III. О самовольномъ присвоеніи власти и составленіи подложныхъ указовъ и другихъ исходящихъ отъ Правительства бумагъ, ст. 329—341 (улож. 1866 г. ст. 289—301 и уст. о нак. ст. 34.) — — — — — — — — — — — — — — — — 1 — — — — — — — — — — — 1 — — — — — — — О похищеніи бумагъ или вещей изъ присутственныхъ мѣстъ и уничтоженіе постановленныхъ или приложенныхъ по распоряженію правительства знаковъ, ст. 343—347 (улож. 1866 г. ст. 303—307 и уст. о нак. ст. 32.) — — — — — — — — — — — — — — — — — 1 — — — — — — — 1 — — — — — — — — — О взломѣ тюрьмъ, уводѣ и побѣгѣ находящихся подъ стражею или надзоромъ, ст. 348—359 (улож. 1866 ст. 308—317 и уст. о нак. ст. 63.) — — — — — — — — — — — — — 2 — — — — — 2 — — — — — — — 1 — 3 — — — — — — — Отдѣленіе IV.Отдѣленіе IV. О преступленіяхъ и проступкахъ по службѣ Государственной и общественной, ст. 371—549, 782—795, 959—975, 1022—1031, 1068—1072, 1361—1364, 1396—1406, 1410—1414 и 1429 (улож 1866 г. ст. 329—504, 533—539, 707—714, 805—821, 822—830, 854, 855, 1004—1007, 1058—1065, 1068—1072 и уст. о нак. ст. 65, 66, 102, 154—168.) — — — 3 — 10 — 5 — 8 — 12 — — — — — — — — — — — — — — — 12 — 25 — 1 — — — Отдѣленіе V.Отдѣленіе V. О преступленіяхъ и проступкахъ противъ постановленій о повинностяхъ земскихъ ст. 593—598 (улож. 1866 г. ст. 540—545.)— — — — — — — — — 1 — — — — — — — — — — — — — — — 1 — — — — — — — Отдѣленіе VI.Отдѣленіе VI. О нарушеніи уставовъ монетныхъ, ст. 608—630 (улож. 1866 г. ст. 556—578.) — — 4 — — — — — — 6 — 18 3 — — — 1 1 — — — — — — — 8 2 5 2 12 — — — — — О нарушеніи постановленій по питейному сбору и акцизу, ст. 718—795 (улож. 1866 г. ст. 665—717.) — — — — — — — — 3 — 1 — — — — — 2 — — — — — — — 4 — 2 — — — — — — — Отдѣленіе VII.Отдѣленіе VII. О преступленіяхъ и проступкахъ противъ постановленій ограждающихъ народное здравіе, ст. 1044—115* (улож. 1866 г. ст. 831—900 и уст. о нак. ст. 55, 56, 102, 104—109, 112—16 и 173.) — — — 1 — — — — — — — — — 1 — — — — — — — — — — — — — 1 — — — — — — — — О возбужденіи къ начатію или продолженію противузаконныхъ исковъ и тяжбъ о лживыхъ доносахъ, лжесвидѣтельствѣ и ложныхъ показаніяхъ на повальныхъ обыскахъ, ст. 1205—1212 (улож. 1866 г. ст. 939—946.) — — — — — — — — — — — 1 — — — — — — — — — — — — — — — 1 — — — — — — — О бродяжествѣ, укрывательствѣ бѣглыхъ и нарушеніи постановленій о паспортахъ, ст. 1216—1272 (улож. 1866 г. ст. 950—983 и уст. о нак. ст. 29, 58, 60, 61, 62 и 77.) — — — — — — — — — — — — 4 — — — 6 — 21 — — — — — — — 5 — 8 — 8 — 8 — 2 — О противузаконномъ выдѣлываніи и храненіи оружія или пороха и нарушеніи другихъ правилъ осторожности, ст. 1295— 1328 (улож. 1866 г. ст. 986—989 и уст. о нак. ст. 29, 32, 117—126, 129 и 987.) — — — — — — — — — — — 6 — — — — — 1 — — — 3 — 3 — 1 — — — — — — — — — О преступленіяхъ противъ общественной нравственности, ст. 1336—1360 (улож. 1866 г. ст. 993—1003 уст. о нак. ст. 42— 45.)— — — — — — — — — — — — — — — 1 — — — — — — — — — 1 — — — — — — — О нарушеніи правилъ осторожности отъ пожаровъ, ст. 1429—1473 (улож. 1866 г. ст. 1076 и 1077 уст. о нак. ст. 29, 66, 88, 89, 80, 91, 93—98 и 117.) — — — — — — — — — — — — — 2 — — — — — 2 — — — — — — — — — 3 — 1 — — — — — По преступленіямъ, исчисленнымъ въ VIII отдѣленіи, дѣлъ въ разсмотрѣніи не было. — — — — — — — — — — — — — — — — — — — — — — — — — — — — — — — — — — — Отдѣленіе IХ.Отдѣленіе IХ. О смертоубійствѣ, ст. 1998—2020 (улож. 1866 г. ст. 1449—1471.) — — — 27 — — — — — — 17 4 25 12 6 3 5 6 9 2 2 — — — 4 — 13 10 26 15 20 2 1 — — — О самоубійствѣ, ст. 2021—2025 (улож. 1866 г. ст. 1472—1476.) — — — — — — — — — — — — 1 — — — — — — — — — — — — — 1 — — — — — — — — — О нанесеніи увѣчья, ранъ и другихъ поврежденій, ст. 2026—2047 (улож. 1866 г. ст. 1471—1496 и уст. о нак. ст. 129.)4 1 — — — — — 13 1 26 3 12 — 2 — — — — — — — 2 — 12 2 12 2 15 — 1* — 3 — О преступленіяхъ противъ чести и цѣломудрія женщинъ, ст. 2076—2085 (улож. 1866 г. ст. 1523—1532.) — — — — — — — — 1 — 5 — — — 4 — 2 — — — — — 1 — 3 — 5 — 3 — — — — — О личныхъ оскорбленіяхъ, ст. 2086—2094 (улож. 1860 г. ст. 1533 и 1534 и уст. о нак. ст. 130—135.) — 2 — — 1 — 2 — 6 1 4 — — — 2 — 1 1 — — — — — — 5 1 6 1 4 — 1 — — — О противузаконномъ задержаніи и заключеніи ст. 2103—2108 (улож. 1866 г. ст. 1540—1544 и уст. о нак. ст. 142.) — — — — — — — — — 2 — — — — — — — — — — — — — — — — — 2 — — — — — Отдѣленіе Х.Отдѣленіе Х. О преступленіяхъ противъ союза брачнаго, ст. 2118—2156 (улож. 1866 г. ст. 1549—1585.) — — 2 — — — — — — 1 1 — 1 — — — — — — — — — — — — 1 2 — — — — — — — — О преступленіи дѣтей противъ родителей, ст. 2162—2165 (улож. 1866 г. ст. 1591 и 1692 и уст. о нак. ст. 132 и 143.) 4 — — — — — — 2 1 6 — — — 3 — — 3 — — — — 8 3 3 1 — — — — — — — — Отдѣленіе ХI. Отдѣленіе ХI. О насильственномъ завладѣніи чужимъ недвижимымъ имуществомъ и о истребленіи граничныхъ межъ и знаков ст. 2173— 2184 (улож. 1866 г. ст. 1601—1605 и уст. о нак. ст. 142, 144, 145, 147—149, 152 и 155.) — — — — — — — — — 1 — 2 — 1 — — — — — — — — — — — 1 — 1 — 1 — — — 1 — О зажигательствѣ, ст. 2185—2195 (улож. 1866 г. ст. 1606—1615 и уст. о нак. ст. 98.) — — 6 — — — — — — 3 — 1 4 — — — — — 2 — — — — — — 1 2 3 3 1 — — — О разбоѣ, ст. 2208—2217 (улож. 1866 г. ст. 1627—636.) — — — 2 — — — — — — 4 1 12 1 3 — 4 — 8 — — — — — — — 14 2 16 — 1 — — — — — О грабежѣ, ст. 2218—2224 (улож. 1866 г. ст. 1637—1643.) — — — 8 — — — — — — 5 3 15 2 3 1 8 2 8 — — — — — 6 — 7 5 18 3 8 — — — — — О воровствѣ-кражѣ, ст. 2225—2251 (улож. 1866 г. ст. 1644—1664 и уст. о нак. ст. 169 и 170.) — — 11 — — — — — — 28 2 35 6 16 — 37 2 30 1 — — — — 15 3 25 5 56 3 36 — 6 — 8 — О воровствѣ-мошенничествѣ, ст. 2252—2267 (улож. 1866 г. ст. 1665—1676 и уст. о нак. ст. 173—175.) — — — — — — — — — 1 — — — — — — — — — — — — — 1 — — — — — — — — — О присвоеніи ввѣреннаго чужаго движимаго имущества, ст. 2272 (улож. 1866 г. ст. 1681, 1682 и уст. о наказ. ст. 177.)1 — — — — — — 2 — 2 1 — — 1 — — — — — — — — — 3 1 1 — 1 — — — — — О преступленіяхъ и проступкахъ по договорамъ и другимъ обязательствамъ, ст. 2278—2304 (улож. 1866 г. ст. 1688—1711 и уст. о нак. ст. 174 и 180.) — — — — — — — 4 — 6 — — — 3 — 2 — — — — — — — 8 — 4 — 2 — 1 — — — По происшествіямъ нечаяннымъ: по неосторожности и другимъ случаямъ, не отнесеннымъ къ вышеприведеннымъ родамъ и видамъ.— — — — — — — — — 1 — — — 1 — — — — — — — — — 1 — 1 — — — — — — — Итого — — 76 4 — 11 — 7 — 105 14 199 36 41 4 80 13 93 9 2 — 3 — 41 7 124 37 190 29 142 3 28 — 14 — Примѣчанiе:Примѣчанiе: Отъ 1869 г. оставалось арестантовъ: 3 м. 1 ж. об. пола 4. Въ 1870 г. поступило: 151 м. * пола 178. Въ 1870 г. выбыло: 143 м. 25 ж. об. пола 168. За тѣмъ къ 1871 г. осталось: 11 м. 3 ж. об. пола 14. * Столбец прошит Вѣрно: Гражданскiй Губернаторъ Лохвицкiй С в ѣрялъ исправляющій должность Секретаря Статистическаго Комитета Ловянъ
d170;1866 г.;;120 Родъ преступленiй Родъ преступленiй * ныхъ Въ томъ числѣВъ томъ числѣ Возрастъ преступниковъВозрастъ преступниковъ Дворянъ потомственныхъ Дворянъ личныхъ Почетныхъ гражданъ и купцовъ Мещанъ Крестьянъ Военнаго сословiя Инородцевъ Поселенцевъ Ссыльно-каторжныхъ Ниже 17— 17—20 21—30 31—40 41- 50 51-60 Свыше 60 ж. м. ж. м. ж. м. ж. м. ж. м. ж. м. ж. м. ж. м. ж. м. ж. м. ж. м. ж. м. ж. м. ж. м. м м. ж. м. ж. Отдѣленіе I.Отдѣленіе I. Объ отступленіи отъ вѣры и постановленій церкви, ст. 200—234 (Улож. 1866 г. ст. 184—209 и уст. о нак. ст. 38, 63, 64, 48 и 107.)2 — — — — — — — — 5 2 — — — — — — — — — — 2 1 2 1 1 — — — — — — — О святотатствѣ, ст. 253—269 (Улож. 1866 г. ст. 219—235 и уст. о нак. ст. 170 п. 1.) — — 2 — — — — — — 1 — 3 — — — 3 2 2 — — — — — — — 3 2 6 — — — — — — — По преступленіямъ, исчисленнымъ во II отдѣленіи, дѣлъ въ разсмотрѣніи не было. — — — — — — — — — — — — — — — — — — — — — — — — — — — — — — — — — — — Отдѣленіе III.Отдѣленіе III. О самовольномъ присвоеніи власти и составленіи подложныхъ указовъ и другихъ исходящихъ отъ Правительства бумагъ, ст. 329—341 (улож. 1866 г. ст. 289—301 и уст. о нак. ст. 34.) — — — — — — — — — — — — — — — — 1 — — — — — — — — — — — 1 — — — — — — — О похищеніи бумагъ или вещей изъ присутственныхъ мѣстъ и уничтоженіе постановленныхъ или приложенныхъ по распоряженію правительства знаковъ, ст. 343—347 (улож. 1866 г. ст. 303—307 и уст. о нак. ст. 32.) — — — — — — — — — — — — — — — — — 1 — — — — — — — 1 — — — — — — — — — О взломѣ тюрьмъ, уводѣ и побѣгѣ находящихся подъ стражею или надзоромъ, ст. 348—359 (улож. 1866 ст. 308—317 и уст. о нак. ст. 63.) — — — — — — — — — — — — — 2 — — — — — 2 — — — — — — — 1 — 3 — — — — — — — Отдѣленіе IV.Отдѣленіе IV. О преступленіяхъ и проступкахъ по службѣ Государственной и общественной, ст. 371—549, 782—795, 959—975, 1022—1031, 1068—1072, 1361—1364, 1396—1406, 1410—1414 и 1429 (улож 1866 г. ст. 329—504, 533—539, 707—714, 805—821, 822—830, 854, 855, 1004—1007, 1058—1065, 1068—1072 и уст. о нак. ст. 65, 66, 102, 154—168.) — — — 3 — 10 — 5 — 8 — 12 — — — — — — — — — — — — — — — 12 — 25 — 1 — — — Отдѣленіе V.Отдѣленіе V. О преступленіяхъ и проступкахъ противъ постановленій о повинностяхъ земскихъ ст. 593—598 (улож. 1866 г. ст. 540—545.)— — — — — — — — — 1 — — — — — — — — — — — — — — — 1 — — — — — — — Отдѣленіе VI.Отдѣленіе VI. О нарушеніи уставовъ монетныхъ, ст. 608—630 (улож. 1866 г. ст. 556—578.) — — 4 — — — — — — 6 — 18 3 — — — 1 1 — — — — — — — 8 2 5 2 12 — — — — — О нарушеніи постановленій по питейному сбору и акцизу, ст. 718—795 (улож. 1866 г. ст. 665—717.) — — — — — — — — 3 — 1 — — — — — 2 — — — — — — — 4 — 2 — — — — — — — Отдѣленіе VII.Отдѣленіе VII. О преступленіяхъ и проступкахъ противъ постановленій ограждающихъ народное здравіе, ст. 1044—115* (улож. 1866 г. ст. 831—900 и уст. о нак. ст. 55, 56, 102, 104—109, 112—16 и 173.) — — — 1 — — — — — — — — — 1 — — — — — — — — — — — — — 1 — — — — — — — — О возбужденіи къ начатію или продолженію противузаконныхъ исковъ и тяжбъ о лживыхъ доносахъ, лжесвидѣтельствѣ и ложныхъ показаніяхъ на повальныхъ обыскахъ, ст. 1205—1212 (улож. 1866 г. ст. 939—946.) — — — — — — — — — — — 1 — — — — — — — — — — — — — — — 1 — — — — — — — О бродяжествѣ, укрывательствѣ бѣглыхъ и нарушеніи постановленій о паспортахъ, ст. 1216—1272 (улож. 1866 г. ст. 950—983 и уст. о нак. ст. 29, 58, 60, 61, 62 и 77.) — — — — — — — — — — — — 4 — — — 6 — 21 — — — — — — — 5 — 8 — 8 — 8 — 2 — О противузаконномъ выдѣлываніи и храненіи оружія или пороха и нарушеніи другихъ правилъ осторожности, ст. 1295— 1328 (улож. 1866 г. ст. 986—989 и уст. о нак. ст. 29, 32, 117—126, 129 и 987.) — — — — — — — — — — — 6 — — — — — 1 — — — 3 — 3 — 1 — — — — — — — — — О преступленіяхъ противъ общественной нравственности, ст. 1336—1360 (улож. 1866 г. ст. 993—1003 уст. о нак. ст. 42— 45.)— — — — — — — — — — — — — — — 1 — — — — — — — — — 1 — — — — — — — О нарушеніи правилъ осторожности отъ пожаровъ, ст. 1429—1473 (улож. 1866 г. ст. 1076 и 1077 уст. о нак. ст. 29, 66, 88, 89, 80, 91, 93—98 и 117.) — — — — — — — — — — — — — 2 — — — — — 2 — — — — — — — — — 3 — 1 — — — — — По преступленіямъ, исчисленнымъ въ VIII отдѣленіи, дѣлъ въ разсмотрѣніи не было. — — — — — — — — — — — — — — — — — — — — — — — — — — — — — — — — — — — Отдѣленіе IХ.Отдѣленіе IХ. О смертоубійствѣ, ст. 1998—2020 (улож. 1866 г. ст. 1449—1471.) — — — 27 — — — — — — 17 4 25 12 6 3 5 6 9 2 2 — — — 4 — 13 10 26 15 20 2 1 — — — О самоубійствѣ, ст. 2021—2025 (улож. 1866 г. ст. 1472—1476.) — — — — — — — — — — — — 1 — — — — — — — — — — — — — 1 — — — — — — — — — О нанесеніи увѣчья, ранъ и другихъ поврежденій, ст. 2026—2047 (улож. 1866 г. ст. 1471—1496 и уст. о нак. ст. 129.)4 1 — — — — — 13 1 26 3 12 — 2 — — — — — — — 2 — 12 2 12 2 15 — 1* — 3 — О преступленіяхъ противъ чести и цѣломудрія женщинъ, ст. 2076—2085 (улож. 1866 г. ст. 1523—1532.) — — — — — — — — 1 — 5 — — — 4 — 2 — — — — — 1 — 3 — 5 — 3 — — — — — О личныхъ оскорбленіяхъ, ст. 2086—2094 (улож. 1860 г. ст. 1533 и 1534 и уст. о нак. ст. 130—135.) — 2 — — 1 — 2 — 6 1 4 — — — 2 — 1 1 — — — — — — 5 1 6 1 4 — 1 — — — О противузаконномъ задержаніи и заключеніи ст. 2103—2108 (улож. 1866 г. ст. 1540—1544 и уст. о нак. ст. 142.) — — — — — — — — — 2 — — — — — — — — — — — — — — — — — 2 — — — — — Отдѣленіе Х.Отдѣленіе Х. О преступленіяхъ противъ союза брачнаго, ст. 2118—2156 (улож. 1866 г. ст. 1549—1585.) — — 2 — — — — — — 1 1 — 1 — — — — — — — — — — — — 1 2 — — — — — — — — О преступленіи дѣтей противъ родителей, ст. 2162—2165 (улож. 1866 г. ст. 1591 и 1692 и уст. о нак. ст. 132 и 143.) 4 — — — — — — 2 1 6 — — — 3 — — 3 — — — — 8 3 3 1 — — — — — — — — Отдѣленіе ХI. Отдѣленіе ХI. О насильственномъ завладѣніи чужимъ недвижимымъ имуществомъ и о истребленіи граничныхъ межъ и знаков ст. 2173— 2184 (улож. 1866 г. ст. 1601—1605 и уст. о нак. ст. 142, 144, 145, 147—149, 152 и 155.) — — — — — — — — — 1 — 2 — 1 — — — — — — — — — — — 1 — 1 — 1 — — — 1 — О зажигательствѣ, ст. 2185—2195 (улож. 1866 г. ст. 1606—1615 и уст. о нак. ст. 98.) — — 6 — — — — — — 3 — 1 4 — — — — — 2 — — — — — — 1 2 3 3 1 — — — О разбоѣ, ст. 2208—2217 (улож. 1866 г. ст. 1627—636.) — — — 2 — — — — — — 4 1 12 1 3 — 4 — 8 — — — — — — — 14 2 16 — 1 — — — — — О грабежѣ, ст. 2218—2224 (улож. 1866 г. ст. 1637—1643.) — — — 8 — — — — — — 5 3 15 2 3 1 8 2 8 — — — — — 6 — 7 5 18 3 8 — — — — — О воровствѣ-кражѣ, ст. 2225—2251 (улож. 1866 г. ст. 1644—1664 и уст. о нак. ст. 169 и 170.) — — 11 — — — — — — 28 2 35 6 16 — 37 2 30 1 — — — — 15 3 25 5 56 3 36 — 6 — 8 — О воровствѣ-мошенничествѣ, ст. 2252—2267 (улож. 1866 г. ст. 1665—1676 и уст. о нак. ст. 173—175.) — — — — — — — — — 1 — — — — — — — — — — — — — 1 — — — — — — — — — О присвоеніи ввѣреннаго чужаго движимаго имущества, ст. 2272 (улож. 1866 г. ст. 1681, 1682 и уст. о наказ. ст. 177.)1 — — — — — — 2 — 2 1 — — 1 — — — — — — — — — 3 1 1 — 1 — — — — — О преступленіяхъ и проступкахъ по договорамъ и другимъ обязательствамъ, ст. 2278—2304 (улож. 1866 г. ст. 1688—1711 и уст. о нак. ст. 174 и 180.) — — — — — — — 4 — 6 — — — 3 — 2 — — — — — — — 8 — 4 — 2 — 1 — — — По происшествіямъ нечаяннымъ: по неосторожности и другимъ случаямъ, не отнесеннымъ къ вышеприведеннымъ родамъ и видамъ.— — — — — — — — — 1 — — — 1 — — — — — — — — — 1 — 1 — — — — — — — Итого — — 76 4 — 11 — 7 — 105 14 199 36 41 4 80 13 93 9 2 — 3 — 41 7 124 37 190 29 142 3 28 — 14 — Примѣчанiе:Примѣчанiе: Отъ 1869 г. оставалось арестантовъ: 3 м. 1 ж. об. пола 4. Въ 1870 г. поступило: 151 м. * пола 178. Въ 1870 г. выбыло: 143 м. 25 ж. об. пола 168. За тѣмъ къ 1871 г. осталось: 11 м. 3 ж. об. пола 14. * Столбец прошит Вѣрно: Гражданскiй Губернаторъ Лохвицкiй С в ѣрялъ исправляющій должность Секретаря Статистическаго Комитета Ловянъ
d171;1866 г.;;120 Родъ преступленiй Родъ преступленiй * ныхъ Въ томъ числѣВъ томъ числѣ Возрастъ преступниковъВозрастъ преступниковъ Дворянъ потомственныхъ Дворянъ личныхъ Почетныхъ гражданъ и купцовъ Мещанъ Крестьянъ Военнаго сословiя Инородцевъ Поселенцевъ Ссыльно-каторжныхъ Ниже 17— 17—20 21—30 31—40 41- 50 51-60 Свыше 60 ж. м. ж. м. ж. м. ж. м. ж. м. ж. м. ж. м. ж. м. ж. м. ж. м. ж. м. ж. м. ж. м. ж. м. м м. ж. м. ж. Отдѣленіе I.Отдѣленіе I. Объ отступленіи отъ вѣры и постановленій церкви, ст. 200—234 (Улож. 1866 г. ст. 184—209 и уст. о нак. ст. 38, 63, 64, 48 и 107.)2 — — — — — — — — 5 2 — — — — — — — — — — 2 1 2 1 1 — — — — — — — О святотатствѣ, ст. 253—269 (Улож. 1866 г. ст. 219—235 и уст. о нак. ст. 170 п. 1.) — — 2 — — — — — — 1 — 3 — — — 3 2 2 — — — — — — — 3 2 6 — — — — — — — По преступленіямъ, исчисленнымъ во II отдѣленіи, дѣлъ въ разсмотрѣніи не было. — — — — — — — — — — — — — — — — — — — — — — — — — — — — — — — — — — — Отдѣленіе III.Отдѣленіе III. О самовольномъ присвоеніи власти и составленіи подложныхъ указовъ и другихъ исходящихъ отъ Правительства бумагъ, ст. 329—341 (улож. 1866 г. ст. 289—301 и уст. о нак. ст. 34.) — — — — — — — — — — — — — — — — 1 — — — — — — — — — — — 1 — — — — — — — О похищеніи бумагъ или вещей изъ присутственныхъ мѣстъ и уничтоженіе постановленныхъ или приложенныхъ по распоряженію правительства знаковъ, ст. 343—347 (улож. 1866 г. ст. 303—307 и уст. о нак. ст. 32.) — — — — — — — — — — — — — — — — — 1 — — — — — — — 1 — — — — — — — — — О взломѣ тюрьмъ, уводѣ и побѣгѣ находящихся подъ стражею или надзоромъ, ст. 348—359 (улож. 1866 ст. 308—317 и уст. о нак. ст. 63.) — — — — — — — — — — — — — 2 — — — — — 2 — — — — — — — 1 — 3 — — — — — — — Отдѣленіе IV.Отдѣленіе IV. О преступленіяхъ и проступкахъ по службѣ Государственной и общественной, ст. 371—549, 782—795, 959—975, 1022—1031, 1068—1072, 1361—1364, 1396—1406, 1410—1414 и 1429 (улож 1866 г. ст. 329—504, 533—539, 707—714, 805—821, 822—830, 854, 855, 1004—1007, 1058—1065, 1068—1072 и уст. о нак. ст. 65, 66, 102, 154—168.) — — — 3 — 10 — 5 — 8 — 12 — — — — — — — — — — — — — — — 12 — 25 — 1 — — — Отдѣленіе V.Отдѣленіе V. О преступленіяхъ и проступкахъ противъ постановленій о повинностяхъ земскихъ ст. 593—598 (улож. 1866 г. ст. 540—545.)— — — — — — — — — 1 — — — — — — — — — — — — — — — 1 — — — — — — — Отдѣленіе VI.Отдѣленіе VI. О нарушеніи уставовъ монетныхъ, ст. 608—630 (улож. 1866 г. ст. 556—578.) — — 4 — — — — — — 6 — 18 3 — — — 1 1 — — — — — — — 8 2 5 2 12 — — — — — О нарушеніи постановленій по питейному сбору и акцизу, ст. 718—795 (улож. 1866 г. ст. 665—717.) — — — — — — — — 3 — 1 — — — — — 2 — — — — — — — 4 — 2 — — — — — — — Отдѣленіе VII.Отдѣленіе VII. О преступленіяхъ и проступкахъ противъ постановленій ограждающихъ народное здравіе, ст. 1044—115* (улож. 1866 г. ст. 831—900 и уст. о нак. ст. 55, 56, 102, 104—109, 112—16 и 173.) — — — 1 — — — — — — — — — 1 — — — — — — — — — — — — — 1 — — — — — — — — О возбужденіи къ начатію или продолженію противузаконныхъ исковъ и тяжбъ о лживыхъ доносахъ, лжесвидѣтельствѣ и ложныхъ показаніяхъ на повальныхъ обыскахъ, ст. 1205—1212 (улож. 1866 г. ст. 939—946.) — — — — — — — — — — — 1 — — — — — — — — — — — — — — — 1 — — — — — — — О бродяжествѣ, укрывательствѣ бѣглыхъ и нарушеніи постановленій о паспортахъ, ст. 1216—1272 (улож. 1866 г. ст. 950—983 и уст. о нак. ст. 29, 58, 60, 61, 62 и 77.) — — — — — — — — — — — — 4 — — — 6 — 21 — — — — — — — 5 — 8 — 8 — 8 — 2 — О противузаконномъ выдѣлываніи и храненіи оружія или пороха и нарушеніи другихъ правилъ осторожности, ст. 1295— 1328 (улож. 1866 г. ст. 986—989 и уст. о нак. ст. 29, 32, 117—126, 129 и 987.) — — — — — — — — — — — 6 — — — — — 1 — — — 3 — 3 — 1 — — — — — — — — — О преступленіяхъ противъ общественной нравственности, ст. 1336—1360 (улож. 1866 г. ст. 993—1003 уст. о нак. ст. 42— 45.)— — — — — — — — — — — — — — — 1 — — — — — — — — — 1 — — — — — — — О нарушеніи правилъ осторожности отъ пожаровъ, ст. 1429—1473 (улож. 1866 г. ст. 1076 и 1077 уст. о нак. ст. 29, 66, 88, 89, 80, 91, 93—98 и 117.) — — — — — — — — — — — — — 2 — — — — — 2 — — — — — — — — — 3 — 1 — — — — — По преступленіямъ, исчисленнымъ въ VIII отдѣленіи, дѣлъ въ разсмотрѣніи не было. — — — — — — — — — — — — — — — — — — — — — — — — — — — — — — — — — — — Отдѣленіе IХ.Отдѣленіе IХ. О смертоубійствѣ, ст. 1998—2020 (улож. 1866 г. ст. 1449—1471.) — — — 27 — — — — — — 17 4 25 12 6 3 5 6 9 2 2 — — — 4 — 13 10 26 15 20 2 1 — — — О самоубійствѣ, ст. 2021—2025 (улож. 1866 г. ст. 1472—1476.) — — — — — — — — — — — — 1 — — — — — — — — — — — — — 1 — — — — — — — — — О нанесеніи увѣчья, ранъ и другихъ поврежденій, ст. 2026—2047 (улож. 1866 г. ст. 1471—1496 и уст. о нак. ст. 129.)4 1 — — — — — 13 1 26 3 12 — 2 — — — — — — — 2 — 12 2 12 2 15 — 1* — 3 — О преступленіяхъ противъ чести и цѣломудрія женщинъ, ст. 2076—2085 (улож. 1866 г. ст. 1523—1532.) — — — — — — — — 1 — 5 — — — 4 — 2 — — — — — 1 — 3 — 5 — 3 — — — — — О личныхъ оскорбленіяхъ, ст. 2086—2094 (улож. 1860 г. ст. 1533 и 1534 и уст. о нак. ст. 130—135.) — 2 — — 1 — 2 — 6 1 4 — — — 2 — 1 1 — — — — — — 5 1 6 1 4 — 1 — — — О противузаконномъ задержаніи и заключеніи ст. 2103—2108 (улож. 1866 г. ст. 1540—1544 и уст. о нак. ст. 142.) — — — — — — — — — 2 — — — — — — — — — — — — — — — — — 2 — — — — — Отдѣленіе Х.Отдѣленіе Х. О преступленіяхъ противъ союза брачнаго, ст. 2118—2156 (улож. 1866 г. ст. 1549—1585.) — — 2 — — — — — — 1 1 — 1 — — — — — — — — — — — — 1 2 — — — — — — — — О преступленіи дѣтей противъ родителей, ст. 2162—2165 (улож. 1866 г. ст. 1591 и 1692 и уст. о нак. ст. 132 и 143.) 4 — — — — — — 2 1 6 — — — 3 — — 3 — — — — 8 3 3 1 — — — — — — — — Отдѣленіе ХI. Отдѣленіе ХI. О насильственномъ завладѣніи чужимъ недвижимымъ имуществомъ и о истребленіи граничныхъ межъ и знаков ст. 2173— 2184 (улож. 1866 г. ст. 1601—1605 и уст. о нак. ст. 142, 144, 145, 147—149, 152 и 155.) — — — — — — — — — 1 — 2 — 1 — — — — — — — — — — — 1 — 1 — 1 — — — 1 — О зажигательствѣ, ст. 2185—2195 (улож. 1866 г. ст. 1606—1615 и уст. о нак. ст. 98.) — — 6 — — — — — — 3 — 1 4 — — — — — 2 — — — — — — 1 2 3 3 1 — — — О разбоѣ, ст. 2208—2217 (улож. 1866 г. ст. 1627—636.) — — — 2 — — — — — — 4 1 12 1 3 — 4 — 8 — — — — — — — 14 2 16 — 1 — — — — — О грабежѣ, ст. 2218—2224 (улож. 1866 г. ст. 1637—1643.) — — — 8 — — — — — — 5 3 15 2 3 1 8 2 8 — — — — — 6 — 7 5 18 3 8 — — — — — О воровствѣ-кражѣ, ст. 2225—2251 (улож. 1866 г. ст. 1644—1664 и уст. о нак. ст. 169 и 170.) — — 11 — — — — — — 28 2 35 6 16 — 37 2 30 1 — — — — 15 3 25 5 56 3 36 — 6 — 8 — О воровствѣ-мошенничествѣ, ст. 2252—2267 (улож. 1866 г. ст. 1665—1676 и уст. о нак. ст. 173—175.) — — — — — — — — — 1 — — — — — — — — — — — — — 1 — — — — — — — — — О присвоеніи ввѣреннаго чужаго движимаго имущества, ст. 2272 (улож. 1866 г. ст. 1681, 1682 и уст. о наказ. ст. 177.)1 — — — — — — 2 — 2 1 — — 1 — — — — — — — — — 3 1 1 — 1 — — — — — О преступленіяхъ и проступкахъ по договорамъ и другимъ обязательствамъ, ст. 2278—2304 (улож. 1866 г. ст. 1688—1711 и уст. о нак. ст. 174 и 180.) — — — — — — — 4 — 6 — — — 3 — 2 — — — — — — — 8 — 4 — 2 — 1 — — — По происшествіямъ нечаяннымъ: по неосторожности и другимъ случаямъ, не отнесеннымъ къ вышеприведеннымъ родамъ и видамъ.— — — — — — — — — 1 — — — 1 — — — — — — — — — 1 — 1 — — — — — — — Итого — — 76 4 — 11 — 7 — 105 14 199 36 41 4 80 13 93 9 2 — 3 — 41 7 124 37 190 29 142 3 28 — 14 — Примѣчанiе:Примѣчанiе: Отъ 1869 г. оставалось арестантовъ: 3 м. 1 ж. об. пола 4. Въ 1870 г. поступило: 151 м. * пола 178. Въ 1870 г. выбыло: 143 м. 25 ж. об. пола 168. За тѣмъ къ 1871 г. осталось: 11 м. 3 ж. об. пола 14. * Столбец прошит Вѣрно: Гражданскiй Губернаторъ Лохвицкiй С в ѣрялъ исправляющій должность Секретаря Статистическаго Комитета Ловянъ
d172;1866 г.;;120 Родъ преступленiй Родъ преступленiй * ныхъ Въ томъ числѣВъ томъ числѣ Возрастъ преступниковъВозрастъ преступниковъ Дворянъ потомственныхъ Дворянъ личныхъ Почетныхъ гражданъ и купцовъ Мещанъ Крестьянъ Военнаго сословiя Инородцевъ Поселенцевъ Ссыльно-каторжныхъ Ниже 17— 17—20 21—30 31—40 41- 50 51-60 Свыше 60 ж. м. ж. м. ж. м. ж. м. ж. м. ж. м. ж. м. ж. м. ж. м. ж. м. ж. м. ж. м. ж. м. ж. м. м м. ж. м. ж. Отдѣленіе I.Отдѣленіе I. Объ отступленіи отъ вѣры и постановленій церкви, ст. 200—234 (Улож. 1866 г. ст. 184—209 и уст. о нак. ст. 38, 63, 64, 48 и 107.)2 — — — — — — — — 5 2 — — — — — — — — — — 2 1 2 1 1 — — — — — — — О святотатствѣ, ст. 253—269 (Улож. 1866 г. ст. 219—235 и уст. о нак. ст. 170 п. 1.) — — 2 — — — — — — 1 — 3 — — — 3 2 2 — — — — — — — 3 2 6 — — — — — — — По преступленіямъ, исчисленнымъ во II отдѣленіи, дѣлъ въ разсмотрѣніи не было. — — — — — — — — — — — — — — — — — — — — — — — — — — — — — — — — — — — Отдѣленіе III.Отдѣленіе III. О самовольномъ присвоеніи власти и составленіи подложныхъ указовъ и другихъ исходящихъ отъ Правительства бумагъ, ст. 329—341 (улож. 1866 г. ст. 289—301 и уст. о нак. ст. 34.) — — — — — — — — — — — — — — — — 1 — — — — — — — — — — — 1 — — — — — — — О похищеніи бумагъ или вещей изъ присутственныхъ мѣстъ и уничтоженіе постановленныхъ или приложенныхъ по распоряженію правительства знаковъ, ст. 343—347 (улож. 1866 г. ст. 303—307 и уст. о нак. ст. 32.) — — — — — — — — — — — — — — — — — 1 — — — — — — — 1 — — — — — — — — — О взломѣ тюрьмъ, уводѣ и побѣгѣ находящихся подъ стражею или надзоромъ, ст. 348—359 (улож. 1866 ст. 308—317 и уст. о нак. ст. 63.) — — — — — — — — — — — — — 2 — — — — — 2 — — — — — — — 1 — 3 — — — — — — — Отдѣленіе IV.Отдѣленіе IV. О преступленіяхъ и проступкахъ по службѣ Государственной и общественной, ст. 371—549, 782—795, 959—975, 1022—1031, 1068—1072, 1361—1364, 1396—1406, 1410—1414 и 1429 (улож 1866 г. ст. 329—504, 533—539, 707—714, 805—821, 822—830, 854, 855, 1004—1007, 1058—1065, 1068—1072 и уст. о нак. ст. 65, 66, 102, 154—168.) — — — 3 — 10 — 5 — 8 — 12 — — — — — — — — — — — — — — — 12 — 25 — 1 — — — Отдѣленіе V.Отдѣленіе V. О преступленіяхъ и проступкахъ противъ постановленій о повинностяхъ земскихъ ст. 593—598 (улож. 1866 г. ст. 540—545.)— — — — — — — — — 1 — — — — — — — — — — — — — — — 1 — — — — — — — Отдѣленіе VI.Отдѣленіе VI. О нарушеніи уставовъ монетныхъ, ст. 608—630 (улож. 1866 г. ст. 556—578.) — — 4 — — — — — — 6 — 18 3 — — — 1 1 — — — — — — — 8 2 5 2 12 — — — — — О нарушеніи постановленій по питейному сбору и акцизу, ст. 718—795 (улож. 1866 г. ст. 665—717.) — — — — — — — — 3 — 1 — — — — — 2 — — — — — — — 4 — 2 — — — — — — — Отдѣленіе VII.Отдѣленіе VII. О преступленіяхъ и проступкахъ противъ постановленій ограждающихъ народное здравіе, ст. 1044—115* (улож. 1866 г. ст. 831—900 и уст. о нак. ст. 55, 56, 102, 104—109, 112—16 и 173.) — — — 1 — — — — — — — — — 1 — — — — — — — — — — — — — 1 — — — — — — — — О возбужденіи къ начатію или продолженію противузаконныхъ исковъ и тяжбъ о лживыхъ доносахъ, лжесвидѣтельствѣ и ложныхъ показаніяхъ на повальныхъ обыскахъ, ст. 1205—1212 (улож. 1866 г. ст. 939—946.) — — — — — — — — — — — 1 — — — — — — — — — — — — — — — 1 — — — — — — — О бродяжествѣ, укрывательствѣ бѣглыхъ и нарушеніи постановленій о паспортахъ, ст. 1216—1272 (улож. 1866 г. ст. 950—983 и уст. о нак. ст. 29, 58, 60, 61, 62 и 77.) — — — — — — — — — — — — 4 — — — 6 — 21 — — — — — — — 5 — 8 — 8 — 8 — 2 — О противузаконномъ выдѣлываніи и храненіи оружія или пороха и нарушеніи другихъ правилъ осторожности, ст. 1295— 1328 (улож. 1866 г. ст. 986—989 и уст. о нак. ст. 29, 32, 117—126, 129 и 987.) — — — — — — — — — — — 6 — — — — — 1 — — — 3 — 3 — 1 — — — — — — — — — О преступленіяхъ противъ общественной нравственности, ст. 1336—1360 (улож. 1866 г. ст. 993—1003 уст. о нак. ст. 42— 45.)— — — — — — — — — — — — — — — 1 — — — — — — — — — 1 — — — — — — — О нарушеніи правилъ осторожности отъ пожаровъ, ст. 1429—1473 (улож. 1866 г. ст. 1076 и 1077 уст. о нак. ст. 29, 66, 88, 89, 80, 91, 93—98 и 117.) — — — — — — — — — — — — — 2 — — — — — 2 — — — — — — — — — 3 — 1 — — — — — По преступленіямъ, исчисленнымъ въ VIII отдѣленіи, дѣлъ въ разсмотрѣніи не было. — — — — — — — — — — — — — — — — — — — — — — — — — — — — — — — — — — — Отдѣленіе IХ.Отдѣленіе IХ. О смертоубійствѣ, ст. 1998—2020 (улож. 1866 г. ст. 1449—1471.) — — — 27 — — — — — — 17 4 25 12 6 3 5 6 9 2 2 — — — 4 — 13 10 26 15 20 2 1 — — — О самоубійствѣ, ст. 2021—2025 (улож. 1866 г. ст. 1472—1476.) — — — — — — — — — — — — 1 — — — — — — — — — — — — — 1 — — — — — — — — — О нанесеніи увѣчья, ранъ и другихъ поврежденій, ст. 2026—2047 (улож. 1866 г. ст. 1471—1496 и уст. о нак. ст. 129.)4 1 — — — — — 13 1 26 3 12 — 2 — — — — — — — 2 — 12 2 12 2 15 — 1* — 3 — О преступленіяхъ противъ чести и цѣломудрія женщинъ, ст. 2076—2085 (улож. 1866 г. ст. 1523—1532.) — — — — — — — — 1 — 5 — — — 4 — 2 — — — — — 1 — 3 — 5 — 3 — — — — — О личныхъ оскорбленіяхъ, ст. 2086—2094 (улож. 1860 г. ст. 1533 и 1534 и уст. о нак. ст. 130—135.) — 2 — — 1 — 2 — 6 1 4 — — — 2 — 1 1 — — — — — — 5 1 6 1 4 — 1 — — — О противузаконномъ задержаніи и заключеніи ст. 2103—2108 (улож. 1866 г. ст. 1540—1544 и уст. о нак. ст. 142.) — — — — — — — — — 2 — — — — — — — — — — — — — — — — — 2 — — — — — Отдѣленіе Х.Отдѣленіе Х. О преступленіяхъ противъ союза брачнаго, ст. 2118—2156 (улож. 1866 г. ст. 1549—1585.) — — 2 — — — — — — 1 1 — 1 — — — — — — — — — — — — 1 2 — — — — — — — — О преступленіи дѣтей противъ родителей, ст. 2162—2165 (улож. 1866 г. ст. 1591 и 1692 и уст. о нак. ст. 132 и 143.) 4 — — — — — — 2 1 6 — — — 3 — — 3 — — — — 8 3 3 1 — — — — — — — — Отдѣленіе ХI. Отдѣленіе ХI. О насильственномъ завладѣніи чужимъ недвижимымъ имуществомъ и о истребленіи граничныхъ межъ и знаков ст. 2173— 2184 (улож. 1866 г. ст. 1601—1605 и уст. о нак. ст. 142, 144, 145, 147—149, 152 и 155.) — — — — — — — — — 1 — 2 — 1 — — — — — — — — — — — 1 — 1 — 1 — — — 1 — О зажигательствѣ, ст. 2185—2195 (улож. 1866 г. ст. 1606—1615 и уст. о нак. ст. 98.) — — 6 — — — — — — 3 — 1 4 — — — — — 2 — — — — — — 1 2 3 3 1 — — — О разбоѣ, ст. 2208—2217 (улож. 1866 г. ст. 1627—636.) — — — 2 — — — — — — 4 1 12 1 3 — 4 — 8 — — — — — — — 14 2 16 — 1 — — — — — О грабежѣ, ст. 2218—2224 (улож. 1866 г. ст. 1637—1643.) — — — 8 — — — — — — 5 3 15 2 3 1 8 2 8 — — — — — 6 — 7 5 18 3 8 — — — — — О воровствѣ-кражѣ, ст. 2225—2251 (улож. 1866 г. ст. 1644—1664 и уст. о нак. ст. 169 и 170.) — — 11 — — — — — — 28 2 35 6 16 — 37 2 30 1 — — — — 15 3 25 5 56 3 36 — 6 — 8 — О воровствѣ-мошенничествѣ, ст. 2252—2267 (улож. 1866 г. ст. 1665—1676 и уст. о нак. ст. 173—175.) — — — — — — — — — 1 — — — — — — — — — — — — — 1 — — — — — — — — — О присвоеніи ввѣреннаго чужаго движимаго имущества, ст. 2272 (улож. 1866 г. ст. 1681, 1682 и уст. о наказ. ст. 177.)1 — — — — — — 2 — 2 1 — — 1 — — — — — — — — — 3 1 1 — 1 — — — — — О преступленіяхъ и проступкахъ по договорамъ и другимъ обязательствамъ, ст. 2278—2304 (улож. 1866 г. ст. 1688—1711 и уст. о нак. ст. 174 и 180.) — — — — — — — 4 — 6 — — — 3 — 2 — — — — — — — 8 — 4 — 2 — 1 — — — По происшествіямъ нечаяннымъ: по неосторожности и другимъ случаямъ, не отнесеннымъ къ вышеприведеннымъ родамъ и видамъ.— — — — — — — — — 1 — — — 1 — — — — — — — — — 1 — 1 — — — — — — — Итого — — 76 4 — 11 — 7 — 105 14 199 36 41 4 80 13 93 9 2 — 3 — 41 7 124 37 190 29 142 3 28 — 14 — Примѣчанiе:Примѣчанiе: Отъ 1869 г. оставалось арестантовъ: 3 м. 1 ж. об. пола 4. Въ 1870 г. поступило: 151 м. * пола 178. Въ 1870 г. выбыло: 143 м. 25 ж. об. пола 168. За тѣмъ къ 1871 г. осталось: 11 м. 3 ж. об. пола 14. * Столбец прошит Вѣрно: Гражданскiй Губернаторъ Лохвицкiй С в ѣрялъ исправляющій должность Секретаря Статистическаго Комитета Ловянъ
d173;1869 г.;;120 Родъ преступленiй Родъ преступленiй * ныхъ Въ томъ числѣВъ томъ числѣ Возрастъ преступниковъВозрастъ преступниковъ Дворянъ потомственныхъ Дворянъ личныхъ Почетныхъ гражданъ и купцовъ Мещанъ Крестьянъ Военнаго сословiя Инородцевъ Поселенцевъ Ссыльно-каторжныхъ Ниже 17— 17—20 21—30 31—40 41- 50 51-60 Свыше 60 ж. м. ж. м. ж. м. ж. м. ж. м. ж. м. ж. м. ж. м. ж. м. ж. м. ж. м. ж. м. ж. м. ж. м. м м. ж. м. ж. Отдѣленіе I.Отдѣленіе I. Объ отступленіи отъ вѣры и постановленій церкви, ст. 200—234 (Улож. 1866 г. ст. 184—209 и уст. о нак. ст. 38, 63, 64, 48 и 107.)2 — — — — — — — — 5 2 — — — — — — — — — — 2 1 2 1 1 — — — — — — — О святотатствѣ, ст. 253—269 (Улож. 1866 г. ст. 219—235 и уст. о нак. ст. 170 п. 1.) — — 2 — — — — — — 1 — 3 — — — 3 2 2 — — — — — — — 3 2 6 — — — — — — — По преступленіямъ, исчисленнымъ во II отдѣленіи, дѣлъ въ разсмотрѣніи не было. — — — — — — — — — — — — — — — — — — — — — — — — — — — — — — — — — — — Отдѣленіе III.Отдѣленіе III. О самовольномъ присвоеніи власти и составленіи подложныхъ указовъ и другихъ исходящихъ отъ Правительства бумагъ, ст. 329—341 (улож. 1866 г. ст. 289—301 и уст. о нак. ст. 34.) — — — — — — — — — — — — — — — — 1 — — — — — — — — — — — 1 — — — — — — — О похищеніи бумагъ или вещей изъ присутственныхъ мѣстъ и уничтоженіе постановленныхъ или приложенныхъ по распоряженію правительства знаковъ, ст. 343—347 (улож. 1866 г. ст. 303—307 и уст. о нак. ст. 32.) — — — — — — — — — — — — — — — — — 1 — — — — — — — 1 — — — — — — — — — О взломѣ тюрьмъ, уводѣ и побѣгѣ находящихся подъ стражею или надзоромъ, ст. 348—359 (улож. 1866 ст. 308—317 и уст. о нак. ст. 63.) — — — — — — — — — — — — — 2 — — — — — 2 — — — — — — — 1 — 3 — — — — — — — Отдѣленіе IV.Отдѣленіе IV. О преступленіяхъ и проступкахъ по службѣ Государственной и общественной, ст. 371—549, 782—795, 959—975, 1022—1031, 1068—1072, 1361—1364, 1396—1406, 1410—1414 и 1429 (улож 1866 г. ст. 329—504, 533—539, 707—714, 805—821, 822—830, 854, 855, 1004—1007, 1058—1065, 1068—1072 и уст. о нак. ст. 65, 66, 102, 154—168.) — — — 3 — 10 — 5 — 8 — 12 — — — — — — — — — — — — — — — 12 — 25 — 1 — — — Отдѣленіе V.Отдѣленіе V. О преступленіяхъ и проступкахъ противъ постановленій о повинностяхъ земскихъ ст. 593—598 (улож. 1866 г. ст. 540—545.)— — — — — — — — — 1 — — — — — — — — — — — — — — — 1 — — — — — — — Отдѣленіе VI.Отдѣленіе VI. О нарушеніи уставовъ монетныхъ, ст. 608—630 (улож. 1866 г. ст. 556—578.) — — 4 — — — — — — 6 — 18 3 — — — 1 1 — — — — — — — 8 2 5 2 12 — — — — — О нарушеніи постановленій по питейному сбору и акцизу, ст. 718—795 (улож. 1866 г. ст. 665—717.) — — — — — — — — 3 — 1 — — — — — 2 — — — — — — — 4 — 2 — — — — — — — Отдѣленіе VII.Отдѣленіе VII. О преступленіяхъ и проступкахъ противъ постановленій ограждающихъ народное здравіе, ст. 1044—115* (улож. 1866 г. ст. 831—900 и уст. о нак. ст. 55, 56, 102, 104—109, 112—16 и 173.) — — — 1 — — — — — — — — — 1 — — — — — — — — — — — — — 1 — — — — — — — — О возбужденіи къ начатію или продолженію противузаконныхъ исковъ и тяжбъ о лживыхъ доносахъ, лжесвидѣтельствѣ и ложныхъ показаніяхъ на повальныхъ обыскахъ, ст. 1205—1212 (улож. 1866 г. ст. 939—946.) — — — — — — — — — — — 1 — — — — — — — — — — — — — — — 1 — — — — — — — О бродяжествѣ, укрывательствѣ бѣглыхъ и нарушеніи постановленій о паспортахъ, ст. 1216—1272 (улож. 1866 г. ст. 950—983 и уст. о нак. ст. 29, 58, 60, 61, 62 и 77.) — — — — — — — — — — — — 4 — — — 6 — 21 — — — — — — — 5 — 8 — 8 — 8 — 2 — О противузаконномъ выдѣлываніи и храненіи оружія или пороха и нарушеніи другихъ правилъ осторожности, ст. 1295— 1328 (улож. 1866 г. ст. 986—989 и уст. о нак. ст. 29, 32, 117—126, 129 и 987.) — — — — — — — — — — — 6 — — — — — 1 — — — 3 — 3 — 1 — — — — — — — — — О преступленіяхъ противъ общественной нравственности, ст. 1336—1360 (улож. 1866 г. ст. 993—1003 уст. о нак. ст. 42— 45.)— — — — — — — — — — — — — — — 1 — — — — — — — — — 1 — — — — — — — О нарушеніи правилъ осторожности отъ пожаровъ, ст. 1429—1473 (улож. 1866 г. ст. 1076 и 1077 уст. о нак. ст. 29, 66, 88, 89, 80, 91, 93—98 и 117.) — — — — — — — — — — — — — 2 — — — — — 2 — — — — — — — — — 3 — 1 — — — — — По преступленіямъ, исчисленнымъ въ VIII отдѣленіи, дѣлъ въ разсмотрѣніи не было. — — — — — — — — — — — — — — — — — — — — — — — — — — — — — — — — — — — Отдѣленіе IХ.Отдѣленіе IХ. О смертоубійствѣ, ст. 1998—2020 (улож. 1866 г. ст. 1449—1471.) — — — 27 — — — — — — 17 4 25 12 6 3 5 6 9 2 2 — — — 4 — 13 10 26 15 20 2 1 — — — О самоубійствѣ, ст. 2021—2025 (улож. 1866 г. ст. 1472—1476.) — — — — — — — — — — — — 1 — — — — — — — — — — — — — 1 — — — — — — — — — О нанесеніи увѣчья, ранъ и другихъ поврежденій, ст. 2026—2047 (улож. 1866 г. ст. 1471—1496 и уст. о нак. ст. 129.)4 1 — — — — — 13 1 26 3 12 — 2 — — — — — — — 2 — 12 2 12 2 15 — 1* — 3 — О преступленіяхъ противъ чести и цѣломудрія женщинъ, ст. 2076—2085 (улож. 1866 г. ст. 1523—1532.) — — — — — — — — 1 — 5 — — — 4 — 2 — — — — — 1 — 3 — 5 — 3 — — — — — О личныхъ оскорбленіяхъ, ст. 2086—2094 (улож. 1860 г. ст. 1533 и 1534 и уст. о нак. ст. 130—135.) — 2 — — 1 — 2 — 6 1 4 — — — 2 — 1 1 — — — — — — 5 1 6 1 4 — 1 — — — О противузаконномъ задержаніи и заключеніи ст. 2103—2108 (улож. 1866 г. ст. 1540—1544 и уст. о нак. ст. 142.) — — — — — — — — — 2 — — — — — — — — — — — — — — — — — 2 — — — — — Отдѣленіе Х.Отдѣленіе Х. О преступленіяхъ противъ союза брачнаго, ст. 2118—2156 (улож. 1866 г. ст. 1549—1585.) — — 2 — — — — — — 1 1 — 1 — — — — — — — — — — — — 1 2 — — — — — — — — О преступленіи дѣтей противъ родителей, ст. 2162—2165 (улож. 1866 г. ст. 1591 и 1692 и уст. о нак. ст. 132 и 143.) 4 — — — — — — 2 1 6 — — — 3 — — 3 — — — — 8 3 3 1 — — — — — — — — Отдѣленіе ХI. Отдѣленіе ХI. О насильственномъ завладѣніи чужимъ недвижимымъ имуществомъ и о истребленіи граничныхъ межъ и знаков ст. 2173— 2184 (улож. 1866 г. ст. 1601—1605 и уст. о нак. ст. 142, 144, 145, 147—149, 152 и 155.) — — — — — — — — — 1 — 2 — 1 — — — — — — — — — — — 1 — 1 — 1 — — — 1 — О зажигательствѣ, ст. 2185—2195 (улож. 1866 г. ст. 1606—1615 и уст. о нак. ст. 98.) — — 6 — — — — — — 3 — 1 4 — — — — — 2 — — — — — — 1 2 3 3 1 — — — О разбоѣ, ст. 2208—2217 (улож. 1866 г. ст. 1627—636.) — — — 2 — — — — — — 4 1 12 1 3 — 4 — 8 — — — — — — — 14 2 16 — 1 — — — — — О грабежѣ, ст. 2218—2224 (улож. 1866 г. ст. 1637—1643.) — — — 8 — — — — — — 5 3 15 2 3 1 8 2 8 — — — — — 6 — 7 5 18 3 8 — — — — — О воровствѣ-кражѣ, ст. 2225—2251 (улож. 1866 г. ст. 1644—1664 и уст. о нак. ст. 169 и 170.) — — 11 — — — — — — 28 2 35 6 16 — 37 2 30 1 — — — — 15 3 25 5 56 3 36 — 6 — 8 — О воровствѣ-мошенничествѣ, ст. 2252—2267 (улож. 1866 г. ст. 1665—1676 и уст. о нак. ст. 173—175.) — — — — — — — — — 1 — — — — — — — — — — — — — 1 — — — — — — — — — О присвоеніи ввѣреннаго чужаго движимаго имущества, ст. 2272 (улож. 1866 г. ст. 1681, 1682 и уст. о наказ. ст. 177.)1 — — — — — — 2 — 2 1 — — 1 — — — — — — — — — 3 1 1 — 1 — — — — — О преступленіяхъ и проступкахъ по договорамъ и другимъ обязательствамъ, ст. 2278—2304 (улож. 1866 г. ст. 1688—1711 и уст. о нак. ст. 174 и 180.) — — — — — — — 4 — 6 — — — 3 — 2 — — — — — — — 8 — 4 — 2 — 1 — — — По происшествіямъ нечаяннымъ: по неосторожности и другимъ случаямъ, не отнесеннымъ къ вышеприведеннымъ родамъ и видамъ.— — — — — — — — — 1 — — — 1 — — — — — — — — — 1 — 1 — — — — — — — Итого — — 76 4 — 11 — 7 — 105 14 199 36 41 4 80 13 93 9 2 — 3 — 41 7 124 37 190 29 142 3 28 — 14 — Примѣчанiе:Примѣчанiе: Отъ 1869 г. оставалось арестантовъ: 3 м. 1 ж. об. пола 4. Въ 1870 г. поступило: 151 м. * пола 178. Въ 1870 г. выбыло: 143 м. 25 ж. об. пола 168. За тѣмъ къ 1871 г. осталось: 11 м. 3 ж. об. пола 14. * Столбец прошит Вѣрно: Гражданскiй Губернаторъ Лохвицкiй С в ѣрялъ исправляющій должность Секретаря Статистическаго Комитета Ловянъ
d174;1870 г.;;120 Родъ преступленiй Родъ преступленiй * ныхъ Въ томъ числѣВъ томъ числѣ Возрастъ преступниковъВозрастъ преступниковъ Дворянъ потомственныхъ Дворянъ личныхъ Почетныхъ гражданъ и купцовъ Мещанъ Крестьянъ Военнаго сословiя Инородцевъ Поселенцевъ Ссыльно-каторжныхъ Ниже 17— 17—20 21—30 31—40 41- 50 51-60 Свыше 60 ж. м. ж. м. ж. м. ж. м. ж. м. ж. м. ж. м. ж. м. ж. м. ж. м. ж. м. ж. м. ж. м. ж. м. м м. ж. м. ж. Отдѣленіе I.Отдѣленіе I. Объ отступленіи отъ вѣры и постановленій церкви, ст. 200—234 (Улож. 1866 г. ст. 184—209 и уст. о нак. ст. 38, 63, 64, 48 и 107.)2 — — — — — — — — 5 2 — — — — — — — — — — 2 1 2 1 1 — — — — — — — О святотатствѣ, ст. 253—269 (Улож. 1866 г. ст. 219—235 и уст. о нак. ст. 170 п. 1.) — — 2 — — — — — — 1 — 3 — — — 3 2 2 — — — — — — — 3 2 6 — — — — — — — По преступленіямъ, исчисленнымъ во II отдѣленіи, дѣлъ въ разсмотрѣніи не было. — — — — — — — — — — — — — — — — — — — — — — — — — — — — — — — — — — — Отдѣленіе III.Отдѣленіе III. О самовольномъ присвоеніи власти и составленіи подложныхъ указовъ и другихъ исходящихъ отъ Правительства бумагъ, ст. 329—341 (улож. 1866 г. ст. 289—301 и уст. о нак. ст. 34.) — — — — — — — — — — — — — — — — 1 — — — — — — — — — — — 1 — — — — — — — О похищеніи бумагъ или вещей изъ присутственныхъ мѣстъ и уничтоженіе постановленныхъ или приложенныхъ по распоряженію правительства знаковъ, ст. 343—347 (улож. 1866 г. ст. 303—307 и уст. о нак. ст. 32.) — — — — — — — — — — — — — — — — — 1 — — — — — — — 1 — — — — — — — — — О взломѣ тюрьмъ, уводѣ и побѣгѣ находящихся подъ стражею или надзоромъ, ст. 348—359 (улож. 1866 ст. 308—317 и уст. о нак. ст. 63.) — — — — — — — — — — — — — 2 — — — — — 2 — — — — — — — 1 — 3 — — — — — — — Отдѣленіе IV.Отдѣленіе IV. О преступленіяхъ и проступкахъ по службѣ Государственной и общественной, ст. 371—549, 782—795, 959—975, 1022—1031, 1068—1072, 1361—1364, 1396—1406, 1410—1414 и 1429 (улож 1866 г. ст. 329—504, 533—539, 707—714, 805—821, 822—830, 854, 855, 1004—1007, 1058—1065, 1068—1072 и уст. о нак. ст. 65, 66, 102, 154—168.) — — — 3 — 10 — 5 — 8 — 12 — — — — — — — — — — — — — — — 12 — 25 — 1 — — — Отдѣленіе V.Отдѣленіе V. О преступленіяхъ и проступкахъ противъ постановленій о повинностяхъ земскихъ ст. 593—598 (улож. 1866 г. ст. 540—545.)— — — — — — — — — 1 — — — — — — — — — — — — — — — 1 — — — — — — — Отдѣленіе VI.Отдѣленіе VI. О нарушеніи уставовъ монетныхъ, ст. 608—630 (улож. 1866 г. ст. 556—578.) — — 4 — — — — — — 6 — 18 3 — — — 1 1 — — — — — — — 8 2 5 2 12 — — — — — О нарушеніи постановленій по питейному сбору и акцизу, ст. 718—795 (улож. 1866 г. ст. 665—717.) — — — — — — — — 3 — 1 — — — — — 2 — — — — — — — 4 — 2 — — — — — — — Отдѣленіе VII.Отдѣленіе VII. О преступленіяхъ и проступкахъ противъ постановленій ограждающихъ народное здравіе, ст. 1044—115* (улож. 1866 г. ст. 831—900 и уст. о нак. ст. 55, 56, 102, 104—109, 112—16 и 173.) — — — 1 — — — — — — — — — 1 — — — — — — — — — — — — — 1 — — — — — — — — О возбужденіи къ начатію или продолженію противузаконныхъ исковъ и тяжбъ о лживыхъ доносахъ, лжесвидѣтельствѣ и ложныхъ показаніяхъ на повальныхъ обыскахъ, ст. 1205—1212 (улож. 1866 г. ст. 939—946.) — — — — — — — — — — — 1 — — — — — — — — — — — — — — — 1 — — — — — — — О бродяжествѣ, укрывательствѣ бѣглыхъ и нарушеніи постановленій о паспортахъ, ст. 1216—1272 (улож. 1866 г. ст. 950—983 и уст. о нак. ст. 29, 58, 60, 61, 62 и 77.) — — — — — — — — — — — — 4 — — — 6 — 21 — — — — — — — 5 — 8 — 8 — 8 — 2 — О противузаконномъ выдѣлываніи и храненіи оружія или пороха и нарушеніи другихъ правилъ осторожности, ст. 1295— 1328 (улож. 1866 г. ст. 986—989 и уст. о нак. ст. 29, 32, 117—126, 129 и 987.) — — — — — — — — — — — 6 — — — — — 1 — — — 3 — 3 — 1 — — — — — — — — — О преступленіяхъ противъ общественной нравственности, ст. 1336—1360 (улож. 1866 г. ст. 993—1003 уст. о нак. ст. 42— 45.)— — — — — — — — — — — — — — — 1 — — — — — — — — — 1 — — — — — — — О нарушеніи правилъ осторожности отъ пожаровъ, ст. 1429—1473 (улож. 1866 г. ст. 1076 и 1077 уст. о нак. ст. 29, 66, 88, 89, 80, 91, 93—98 и 117.) — — — — — — — — — — — — — 2 — — — — — 2 — — — — — — — — — 3 — 1 — — — — — По преступленіямъ, исчисленнымъ въ VIII отдѣленіи, дѣлъ въ разсмотрѣніи не было. — — — — — — — — — — — — — — — — — — — — — — — — — — — — — — — — — — — Отдѣленіе IХ.Отдѣленіе IХ. О смертоубійствѣ, ст. 1998—2020 (улож. 1866 г. ст. 1449—1471.) — — — 27 — — — — — — 17 4 25 12 6 3 5 6 9 2 2 — — — 4 — 13 10 26 15 20 2 1 — — — О самоубійствѣ, ст. 2021—2025 (улож. 1866 г. ст. 1472—1476.) — — — — — — — — — — — — 1 — — — — — — — — — — — — — 1 — — — — — — — — — О нанесеніи увѣчья, ранъ и другихъ поврежденій, ст. 2026—2047 (улож. 1866 г. ст. 1471—1496 и уст. о нак. ст. 129.)4 1 — — — — — 13 1 26 3 12 — 2 — — — — — — — 2 — 12 2 12 2 15 — 1* — 3 — О преступленіяхъ противъ чести и цѣломудрія женщинъ, ст. 2076—2085 (улож. 1866 г. ст. 1523—1532.) — — — — — — — — 1 — 5 — — — 4 — 2 — — — — — 1 — 3 — 5 — 3 — — — — — О личныхъ оскорбленіяхъ, ст. 2086—2094 (улож. 1860 г. ст. 1533 и 1534 и уст. о нак. ст. 130—135.) — 2 — — 1 — 2 — 6 1 4 — — — 2 — 1 1 — — — — — — 5 1 6 1 4 — 1 — — — О противузаконномъ задержаніи и заключеніи ст. 2103—2108 (улож. 1866 г. ст. 1540—1544 и уст. о нак. ст. 142.) — — — — — — — — — 2 — — — — — — — — — — — — — — — — — 2 — — — — — Отдѣленіе Х.Отдѣленіе Х. О преступленіяхъ противъ союза брачнаго, ст. 2118—2156 (улож. 1866 г. ст. 1549—1585.) — — 2 — — — — — — 1 1 — 1 — — — — — — — — — — — — 1 2 — — — — — — — — О преступленіи дѣтей противъ родителей, ст. 2162—2165 (улож. 1866 г. ст. 1591 и 1692 и уст. о нак. ст. 132 и 143.) 4 — — — — — — 2 1 6 — — — 3 — — 3 — — — — 8 3 3 1 — — — — — — — — Отдѣленіе ХI. Отдѣленіе ХI. О насильственномъ завладѣніи чужимъ недвижимымъ имуществомъ и о истребленіи граничныхъ межъ и знаков ст. 2173— 2184 (улож. 1866 г. ст. 1601—1605 и уст. о нак. ст. 142, 144, 145, 147—149, 152 и 155.) — — — — — — — — — 1 — 2 — 1 — — — — — — — — — — — 1 — 1 — 1 — — — 1 — О зажигательствѣ, ст. 2185—2195 (улож. 1866 г. ст. 1606—1615 и уст. о нак. ст. 98.) — — 6 — — — — — — 3 — 1 4 — — — — — 2 — — — — — — 1 2 3 3 1 — — — О разбоѣ, ст. 2208—2217 (улож. 1866 г. ст. 1627—636.) — — — 2 — — — — — — 4 1 12 1 3 — 4 — 8 — — — — — — — 14 2 16 — 1 — — — — — О грабежѣ, ст. 2218—2224 (улож. 1866 г. ст. 1637—1643.) — — — 8 — — — — — — 5 3 15 2 3 1 8 2 8 — — — — — 6 — 7 5 18 3 8 — — — — — О воровствѣ-кражѣ, ст. 2225—2251 (улож. 1866 г. ст. 1644—1664 и уст. о нак. ст. 169 и 170.) — — 11 — — — — — — 28 2 35 6 16 — 37 2 30 1 — — — — 15 3 25 5 56 3 36 — 6 — 8 — О воровствѣ-мошенничествѣ, ст. 2252—2267 (улож. 1866 г. ст. 1665—1676 и уст. о нак. ст. 173—175.) — — — — — — — — — 1 — — — — — — — — — — — — — 1 — — — — — — — — — О присвоеніи ввѣреннаго чужаго движимаго имущества, ст. 2272 (улож. 1866 г. ст. 1681, 1682 и уст. о наказ. ст. 177.)1 — — — — — — 2 — 2 1 — — 1 — — — — — — — — — 3 1 1 — 1 — — — — — О преступленіяхъ и проступкахъ по договорамъ и другимъ обязательствамъ, ст. 2278—2304 (улож. 1866 г. ст. 1688—1711 и уст. о нак. ст. 174 и 180.) — — — — — — — 4 — 6 — — — 3 — 2 — — — — — — — 8 — 4 — 2 — 1 — — — По происшествіямъ нечаяннымъ: по неосторожности и другимъ случаямъ, не отнесеннымъ къ вышеприведеннымъ родамъ и видамъ.— — — — — — — — — 1 — — — 1 — — — — — — — — — 1 — 1 — — — — — — — Итого — — 76 4 — 11 — 7 — 105 14 199 36 41 4 80 13 93 9 2 — 3 — 41 7 124 37 190 29 142 3 28 — 14 — Примѣчанiе:Примѣчанiе: Отъ 1869 г. оставалось арестантовъ: 3 м. 1 ж. об. пола 4. Въ 1870 г. поступило: 151 м. * пола 178. Въ 1870 г. выбыло: 143 м. 25 ж. об. пола 168. За тѣмъ къ 1871 г. осталось: 11 м. 3 ж. об. пола 14. * Столбец прошит Вѣрно: Гражданскiй Губернаторъ Лохвицкiй С в ѣрялъ исправляющій должность Секретаря Статистическаго Комитета Ловянъ
d175;1870 г.;;120 Родъ преступленiй Родъ преступленiй * ныхъ Въ томъ числѣВъ томъ числѣ Возрастъ преступниковъВозрастъ преступниковъ Дворянъ потомственныхъ Дворянъ личныхъ Почетныхъ гражданъ и купцовъ Мещанъ Крестьянъ Военнаго сословiя Инородцевъ Поселенцевъ Ссыльно-каторжныхъ Ниже 17— 17—20 21—30 31—40 41- 50 51-60 Свыше 60 ж. м. ж. м. ж. м. ж. м. ж. м. ж. м. ж. м. ж. м. ж. м. ж. м. ж. м. ж. м. ж. м. ж. м. м м. ж. м. ж. Отдѣленіе I.Отдѣленіе I. Объ отступленіи отъ вѣры и постановленій церкви, ст. 200—234 (Улож. 1866 г. ст. 184—209 и уст. о нак. ст. 38, 63, 64, 48 и 107.)2 — — — — — — — — 5 2 — — — — — — — — — — 2 1 2 1 1 — — — — — — — О святотатствѣ, ст. 253—269 (Улож. 1866 г. ст. 219—235 и уст. о нак. ст. 170 п. 1.) — — 2 — — — — — — 1 — 3 — — — 3 2 2 — — — — — — — 3 2 6 — — — — — — — По преступленіямъ, исчисленнымъ во II отдѣленіи, дѣлъ въ разсмотрѣніи не было. — — — — — — — — — — — — — — — — — — — — — — — — — — — — — — — — — — — Отдѣленіе III.Отдѣленіе III. О самовольномъ присвоеніи власти и составленіи подложныхъ указовъ и другихъ исходящихъ отъ Правительства бумагъ, ст. 329—341 (улож. 1866 г. ст. 289—301 и уст. о нак. ст. 34.) — — — — — — — — — — — — — — — — 1 — — — — — — — — — — — 1 — — — — — — — О похищеніи бумагъ или вещей изъ присутственныхъ мѣстъ и уничтоженіе постановленныхъ или приложенныхъ по распоряженію правительства знаковъ, ст. 343—347 (улож. 1866 г. ст. 303—307 и уст. о нак. ст. 32.) — — — — — — — — — — — — — — — — — 1 — — — — — — — 1 — — — — — — — — — О взломѣ тюрьмъ, уводѣ и побѣгѣ находящихся подъ стражею или надзоромъ, ст. 348—359 (улож. 1866 ст. 308—317 и уст. о нак. ст. 63.) — — — — — — — — — — — — — 2 — — — — — 2 — — — — — — — 1 — 3 — — — — — — — Отдѣленіе IV.Отдѣленіе IV. О преступленіяхъ и проступкахъ по службѣ Государственной и общественной, ст. 371—549, 782—795, 959—975, 1022—1031, 1068—1072, 1361—1364, 1396—1406, 1410—1414 и 1429 (улож 1866 г. ст. 329—504, 533—539, 707—714, 805—821, 822—830, 854, 855, 1004—1007, 1058—1065, 1068—1072 и уст. о нак. ст. 65, 66, 102, 154—168.) — — — 3 — 10 — 5 — 8 — 12 — — — — — — — — — — — — — — — 12 — 25 — 1 — — — Отдѣленіе V.Отдѣленіе V. О преступленіяхъ и проступкахъ противъ постановленій о повинностяхъ земскихъ ст. 593—598 (улож. 1866 г. ст. 540—545.)— — — — — — — — — 1 — — — — — — — — — — — — — — — 1 — — — — — — — Отдѣленіе VI.Отдѣленіе VI. О нарушеніи уставовъ монетныхъ, ст. 608—630 (улож. 1866 г. ст. 556—578.) — — 4 — — — — — — 6 — 18 3 — — — 1 1 — — — — — — — 8 2 5 2 12 — — — — — О нарушеніи постановленій по питейному сбору и акцизу, ст. 718—795 (улож. 1866 г. ст. 665—717.) — — — — — — — — 3 — 1 — — — — — 2 — — — — — — — 4 — 2 — — — — — — — Отдѣленіе VII.Отдѣленіе VII. О преступленіяхъ и проступкахъ противъ постановленій ограждающихъ народное здравіе, ст. 1044—115* (улож. 1866 г. ст. 831—900 и уст. о нак. ст. 55, 56, 102, 104—109, 112—16 и 173.) — — — 1 — — — — — — — — — 1 — — — — — — — — — — — — — 1 — — — — — — — — О возбужденіи къ начатію или продолженію противузаконныхъ исковъ и тяжбъ о лживыхъ доносахъ, лжесвидѣтельствѣ и ложныхъ показаніяхъ на повальныхъ обыскахъ, ст. 1205—1212 (улож. 1866 г. ст. 939—946.) — — — — — — — — — — — 1 — — — — — — — — — — — — — — — 1 — — — — — — — О бродяжествѣ, укрывательствѣ бѣглыхъ и нарушеніи постановленій о паспортахъ, ст. 1216—1272 (улож. 1866 г. ст. 950—983 и уст. о нак. ст. 29, 58, 60, 61, 62 и 77.) — — — — — — — — — — — — 4 — — — 6 — 21 — — — — — — — 5 — 8 — 8 — 8 — 2 — О противузаконномъ выдѣлываніи и храненіи оружія или пороха и нарушеніи другихъ правилъ осторожности, ст. 1295— 1328 (улож. 1866 г. ст. 986—989 и уст. о нак. ст. 29, 32, 117—126, 129 и 987.) — — — — — — — — — — — 6 — — — — — 1 — — — 3 — 3 — 1 — — — — — — — — — О преступленіяхъ противъ общественной нравственности, ст. 1336—1360 (улож. 1866 г. ст. 993—1003 уст. о нак. ст. 42— 45.)— — — — — — — — — — — — — — — 1 — — — — — — — — — 1 — — — — — — — О нарушеніи правилъ осторожности отъ пожаровъ, ст. 1429—1473 (улож. 1866 г. ст. 1076 и 1077 уст. о нак. ст. 29, 66, 88, 89, 80, 91, 93—98 и 117.) — — — — — — — — — — — — — 2 — — — — — 2 — — — — — — — — — 3 — 1 — — — — — По преступленіямъ, исчисленнымъ въ VIII отдѣленіи, дѣлъ въ разсмотрѣніи не было. — — — — — — — — — — — — — — — — — — — — — — — — — — — — — — — — — — — Отдѣленіе IХ.Отдѣленіе IХ. О смертоубійствѣ, ст. 1998—2020 (улож. 1866 г. ст. 1449—1471.) — — — 27 — — — — — — 17 4 25 12 6 3 5 6 9 2 2 — — — 4 — 13 10 26 15 20 2 1 — — — О самоубійствѣ, ст. 2021—2025 (улож. 1866 г. ст. 1472—1476.) — — — — — — — — — — — — 1 — — — — — — — — — — — — — 1 — — — — — — — — — О нанесеніи увѣчья, ранъ и другихъ поврежденій, ст. 2026—2047 (улож. 1866 г. ст. 1471—1496 и уст. о нак. ст. 129.)4 1 — — — — — 13 1 26 3 12 — 2 — — — — — — — 2 — 12 2 12 2 15 — 1* — 3 — О преступленіяхъ противъ чести и цѣломудрія женщинъ, ст. 2076—2085 (улож. 1866 г. ст. 1523—1532.) — — — — — — — — 1 — 5 — — — 4 — 2 — — — — — 1 — 3 — 5 — 3 — — — — — О личныхъ оскорбленіяхъ, ст. 2086—2094 (улож. 1860 г. ст. 1533 и 1534 и уст. о нак. ст. 130—135.) — 2 — — 1 — 2 — 6 1 4 — — — 2 — 1 1 — — — — — — 5 1 6 1 4 — 1 — — — О противузаконномъ задержаніи и заключеніи ст. 2103—2108 (улож. 1866 г. ст. 1540—1544 и уст. о нак. ст. 142.) — — — — — — — — — 2 — — — — — — — — — — — — — — — — — 2 — — — — — Отдѣленіе Х.Отдѣленіе Х. О преступленіяхъ противъ союза брачнаго, ст. 2118—2156 (улож. 1866 г. ст. 1549—1585.) — — 2 — — — — — — 1 1 — 1 — — — — — — — — — — — — 1 2 — — — — — — — — О преступленіи дѣтей противъ родителей, ст. 2162—2165 (улож. 1866 г. ст. 1591 и 1692 и уст. о нак. ст. 132 и 143.) 4 — — — — — — 2 1 6 — — — 3 — — 3 — — — — 8 3 3 1 — — — — — — — — Отдѣленіе ХI. Отдѣленіе ХI. О насильственномъ завладѣніи чужимъ недвижимымъ имуществомъ и о истребленіи граничныхъ межъ и знаков ст. 2173— 2184 (улож. 1866 г. ст. 1601—1605 и уст. о нак. ст. 142, 144, 145, 147—149, 152 и 155.) — — — — — — — — — 1 — 2 — 1 — — — — — — — — — — — 1 — 1 — 1 — — — 1 — О зажигательствѣ, ст. 2185—2195 (улож. 1866 г. ст. 1606—1615 и уст. о нак. ст. 98.) — — 6 — — — — — — 3 — 1 4 — — — — — 2 — — — — — — 1 2 3 3 1 — — — О разбоѣ, ст. 2208—2217 (улож. 1866 г. ст. 1627—636.) — — — 2 — — — — — — 4 1 12 1 3 — 4 — 8 — — — — — — — 14 2 16 — 1 — — — — — О грабежѣ, ст. 2218—2224 (улож. 1866 г. ст. 1637—1643.) — — — 8 — — — — — — 5 3 15 2 3 1 8 2 8 — — — — — 6 — 7 5 18 3 8 — — — — — О воровствѣ-кражѣ, ст. 2225—2251 (улож. 1866 г. ст. 1644—1664 и уст. о нак. ст. 169 и 170.) — — 11 — — — — — — 28 2 35 6 16 — 37 2 30 1 — — — — 15 3 25 5 56 3 36 — 6 — 8 — О воровствѣ-мошенничествѣ, ст. 2252—2267 (улож. 1866 г. ст. 1665—1676 и уст. о нак. ст. 173—175.) — — — — — — — — — 1 — — — — — — — — — — — — — 1 — — — — — — — — — О присвоеніи ввѣреннаго чужаго движимаго имущества, ст. 2272 (улож. 1866 г. ст. 1681, 1682 и уст. о наказ. ст. 177.)1 — — — — — — 2 — 2 1 — — 1 — — — — — — — — — 3 1 1 — 1 — — — — — О преступленіяхъ и проступкахъ по договорамъ и другимъ обязательствамъ, ст. 2278—2304 (улож. 1866 г. ст. 1688—1711 и уст. о нак. ст. 174 и 180.) — — — — — — — 4 — 6 — — — 3 — 2 — — — — — — — 8 — 4 — 2 — 1 — — — По происшествіямъ нечаяннымъ: по неосторожности и другимъ случаямъ, не отнесеннымъ къ вышеприведеннымъ родамъ и видамъ.— — — — — — — — — 1 — — — 1 — — — — — — — — — 1 — 1 — — — — — — — Итого — — 76 4 — 11 — 7 — 105 14 199 36 41 4 80 13 93 9 2 — 3 — 41 7 124 37 190 29 142 3 28 — 14 — Примѣчанiе:Примѣчанiе: Отъ 1869 г. оставалось арестантовъ: 3 м. 1 ж. об. пола 4. Въ 1870 г. поступило: 151 м. * пола 178. Въ 1870 г. выбыло: 143 м. 25 ж. об. пола 168. За тѣмъ къ 1871 г. осталось: 11 м. 3 ж. об. пола 14. * Столбец прошит Вѣрно: Гражданскiй Губернаторъ Лохвицкiй С в ѣрялъ исправляющій должность Секретаря Статистическаго Комитета Ловянъ
d176;1871 г.;;120 Родъ преступленiй Родъ преступленiй * ныхъ Въ томъ числѣВъ томъ числѣ Возрастъ преступниковъВозрастъ преступниковъ Дворянъ потомственныхъ Дворянъ личныхъ Почетныхъ гражданъ и купцовъ Мещанъ Крестьянъ Военнаго сословiя Инородцевъ Поселенцевъ Ссыльно-каторжныхъ Ниже 17— 17—20 21—30 31—40 41- 50 51-60 Свыше 60 ж. м. ж. м. ж. м. ж. м. ж. м. ж. м. ж. м. ж. м. ж. м. ж. м. ж. м. ж. м. ж. м. ж. м. м м. ж. м. ж. Отдѣленіе I.Отдѣленіе I. Объ отступленіи отъ вѣры и постановленій церкви, ст. 200—234 (Улож. 1866 г. ст. 184—209 и уст. о нак. ст. 38, 63, 64, 48 и 107.)2 — — — — — — — — 5 2 — — — — — — — — — — 2 1 2 1 1 — — — — — — — О святотатствѣ, ст. 253—269 (Улож. 1866 г. ст. 219—235 и уст. о нак. ст. 170 п. 1.) — — 2 — — — — — — 1 — 3 — — — 3 2 2 — — — — — — — 3 2 6 — — — — — — — По преступленіямъ, исчисленнымъ во II отдѣленіи, дѣлъ въ разсмотрѣніи не было. — — — — — — — — — — — — — — — — — — — — — — — — — — — — — — — — — — — Отдѣленіе III.Отдѣленіе III. О самовольномъ присвоеніи власти и составленіи подложныхъ указовъ и другихъ исходящихъ отъ Правительства бумагъ, ст. 329—341 (улож. 1866 г. ст. 289—301 и уст. о нак. ст. 34.) — — — — — — — — — — — — — — — — 1 — — — — — — — — — — — 1 — — — — — — — О похищеніи бумагъ или вещей изъ присутственныхъ мѣстъ и уничтоженіе постановленныхъ или приложенныхъ по распоряженію правительства знаковъ, ст. 343—347 (улож. 1866 г. ст. 303—307 и уст. о нак. ст. 32.) — — — — — — — — — — — — — — — — — 1 — — — — — — — 1 — — — — — — — — — О взломѣ тюрьмъ, уводѣ и побѣгѣ находящихся подъ стражею или надзоромъ, ст. 348—359 (улож. 1866 ст. 308—317 и уст. о нак. ст. 63.) — — — — — — — — — — — — — 2 — — — — — 2 — — — — — — — 1 — 3 — — — — — — — Отдѣленіе IV.Отдѣленіе IV. О преступленіяхъ и проступкахъ по службѣ Государственной и общественной, ст. 371—549, 782—795, 959—975, 1022—1031, 1068—1072, 1361—1364, 1396—1406, 1410—1414 и 1429 (улож 1866 г. ст. 329—504, 533—539, 707—714, 805—821, 822—830, 854, 855, 1004—1007, 1058—1065, 1068—1072 и уст. о нак. ст. 65, 66, 102, 154—168.) — — — 3 — 10 — 5 — 8 — 12 — — — — — — — — — — — — — — — 12 — 25 — 1 — — — Отдѣленіе V.Отдѣленіе V. О преступленіяхъ и проступкахъ противъ постановленій о повинностяхъ земскихъ ст. 593—598 (улож. 1866 г. ст. 540—545.)— — — — — — — — — 1 — — — — — — — — — — — — — — — 1 — — — — — — — Отдѣленіе VI.Отдѣленіе VI. О нарушеніи уставовъ монетныхъ, ст. 608—630 (улож. 1866 г. ст. 556—578.) — — 4 — — — — — — 6 — 18 3 — — — 1 1 — — — — — — — 8 2 5 2 12 — — — — — О нарушеніи постановленій по питейному сбору и акцизу, ст. 718—795 (улож. 1866 г. ст. 665—717.) — — — — — — — — 3 — 1 — — — — — 2 — — — — — — — 4 — 2 — — — — — — — Отдѣленіе VII.Отдѣленіе VII. О преступленіяхъ и проступкахъ противъ постановленій ограждающихъ народное здравіе, ст. 1044—115* (улож. 1866 г. ст. 831—900 и уст. о нак. ст. 55, 56, 102, 104—109, 112—16 и 173.) — — — 1 — — — — — — — — — 1 — — — — — — — — — — — — — 1 — — — — — — — — О возбужденіи къ начатію или продолженію противузаконныхъ исковъ и тяжбъ о лживыхъ доносахъ, лжесвидѣтельствѣ и ложныхъ показаніяхъ на повальныхъ обыскахъ, ст. 1205—1212 (улож. 1866 г. ст. 939—946.) — — — — — — — — — — — 1 — — — — — — — — — — — — — — — 1 — — — — — — — О бродяжествѣ, укрывательствѣ бѣглыхъ и нарушеніи постановленій о паспортахъ, ст. 1216—1272 (улож. 1866 г. ст. 950—983 и уст. о нак. ст. 29, 58, 60, 61, 62 и 77.) — — — — — — — — — — — — 4 — — — 6 — 21 — — — — — — — 5 — 8 — 8 — 8 — 2 — О противузаконномъ выдѣлываніи и храненіи оружія или пороха и нарушеніи другихъ правилъ осторожности, ст. 1295— 1328 (улож. 1866 г. ст. 986—989 и уст. о нак. ст. 29, 32, 117—126, 129 и 987.) — — — — — — — — — — — 6 — — — — — 1 — — — 3 — 3 — 1 — — — — — — — — — О преступленіяхъ противъ общественной нравственности, ст. 1336—1360 (улож. 1866 г. ст. 993—1003 уст. о нак. ст. 42— 45.)— — — — — — — — — — — — — — — 1 — — — — — — — — — 1 — — — — — — — О нарушеніи правилъ осторожности отъ пожаровъ, ст. 1429—1473 (улож. 1866 г. ст. 1076 и 1077 уст. о нак. ст. 29, 66, 88, 89, 80, 91, 93—98 и 117.) — — — — — — — — — — — — — 2 — — — — — 2 — — — — — — — — — 3 — 1 — — — — — По преступленіямъ, исчисленнымъ въ VIII отдѣленіи, дѣлъ въ разсмотрѣніи не было. — — — — — — — — — — — — — — — — — — — — — — — — — — — — — — — — — — — Отдѣленіе IХ.Отдѣленіе IХ. О смертоубійствѣ, ст. 1998—2020 (улож. 1866 г. ст. 1449—1471.) — — — 27 — — — — — — 17 4 25 12 6 3 5 6 9 2 2 — — — 4 — 13 10 26 15 20 2 1 — — — О самоубійствѣ, ст. 2021—2025 (улож. 1866 г. ст. 1472—1476.) — — — — — — — — — — — — 1 — — — — — — — — — — — — — 1 — — — — — — — — — О нанесеніи увѣчья, ранъ и другихъ поврежденій, ст. 2026—2047 (улож. 1866 г. ст. 1471—1496 и уст. о нак. ст. 129.)4 1 — — — — — 13 1 26 3 12 — 2 — — — — — — — 2 — 12 2 12 2 15 — 1* — 3 — О преступленіяхъ противъ чести и цѣломудрія женщинъ, ст. 2076—2085 (улож. 1866 г. ст. 1523—1532.) — — — — — — — — 1 — 5 — — — 4 — 2 — — — — — 1 — 3 — 5 — 3 — — — — — О личныхъ оскорбленіяхъ, ст. 2086—2094 (улож. 1860 г. ст. 1533 и 1534 и уст. о нак. ст. 130—135.) — 2 — — 1 — 2 — 6 1 4 — — — 2 — 1 1 — — — — — — 5 1 6 1 4 — 1 — — — О противузаконномъ задержаніи и заключеніи ст. 2103—2108 (улож. 1866 г. ст. 1540—1544 и уст. о нак. ст. 142.) — — — — — — — — — 2 — — — — — — — — — — — — — — — — — 2 — — — — — Отдѣленіе Х.Отдѣленіе Х. О преступленіяхъ противъ союза брачнаго, ст. 2118—2156 (улож. 1866 г. ст. 1549—1585.) — — 2 — — — — — — 1 1 — 1 — — — — — — — — — — — — 1 2 — — — — — — — — О преступленіи дѣтей противъ родителей, ст. 2162—2165 (улож. 1866 г. ст. 1591 и 1692 и уст. о нак. ст. 132 и 143.) 4 — — — — — — 2 1 6 — — — 3 — — 3 — — — — 8 3 3 1 — — — — — — — — Отдѣленіе ХI. Отдѣленіе ХI. О насильственномъ завладѣніи чужимъ недвижимымъ имуществомъ и о истребленіи граничныхъ межъ и знаков ст. 2173— 2184 (улож. 1866 г. ст. 1601—1605 и уст. о нак. ст. 142, 144, 145, 147—149, 152 и 155.) — — — — — — — — — 1 — 2 — 1 — — — — — — — — — — — 1 — 1 — 1 — — — 1 — О зажигательствѣ, ст. 2185—2195 (улож. 1866 г. ст. 1606—1615 и уст. о нак. ст. 98.) — — 6 — — — — — — 3 — 1 4 — — — — — 2 — — — — — — 1 2 3 3 1 — — — О разбоѣ, ст. 2208—2217 (улож. 1866 г. ст. 1627—636.) — — — 2 — — — — — — 4 1 12 1 3 — 4 — 8 — — — — — — — 14 2 16 — 1 — — — — — О грабежѣ, ст. 2218—2224 (улож. 1866 г. ст. 1637—1643.) — — — 8 — — — — — — 5 3 15 2 3 1 8 2 8 — — — — — 6 — 7 5 18 3 8 — — — — — О воровствѣ-кражѣ, ст. 2225—2251 (улож. 1866 г. ст. 1644—1664 и уст. о нак. ст. 169 и 170.) — — 11 — — — — — — 28 2 35 6 16 — 37 2 30 1 — — — — 15 3 25 5 56 3 36 — 6 — 8 — О воровствѣ-мошенничествѣ, ст. 2252—2267 (улож. 1866 г. ст. 1665—1676 и уст. о нак. ст. 173—175.) — — — — — — — — — 1 — — — — — — — — — — — — — 1 — — — — — — — — — О присвоеніи ввѣреннаго чужаго движимаго имущества, ст. 2272 (улож. 1866 г. ст. 1681, 1682 и уст. о наказ. ст. 177.)1 — — — — — — 2 — 2 1 — — 1 — — — — — — — — — 3 1 1 — 1 — — — — — О преступленіяхъ и проступкахъ по договорамъ и другимъ обязательствамъ, ст. 2278—2304 (улож. 1866 г. ст. 1688—1711 и уст. о нак. ст. 174 и 180.) — — — — — — — 4 — 6 — — — 3 — 2 — — — — — — — 8 — 4 — 2 — 1 — — — По происшествіямъ нечаяннымъ: по неосторожности и другимъ случаямъ, не отнесеннымъ къ вышеприведеннымъ родамъ и видамъ.— — — — — — — — — 1 — — — 1 — — — — — — — — — 1 — 1 — — — — — — — Итого — — 76 4 — 11 — 7 — 105 14 199 36 41 4 80 13 93 9 2 — 3 — 41 7 124 37 190 29 142 3 28 — 14 — Примѣчанiе:Примѣчанiе: Отъ 1869 г. оставалось арестантовъ: 3 м. 1 ж. об. пола 4. Въ 1870 г. поступило: 151 м. * пола 178. Въ 1870 г. выбыло: 143 м. 25 ж. об. пола 168. За тѣмъ къ 1871 г. осталось: 11 м. 3 ж. об. пола 14. * Столбец прошит Вѣрно: Гражданскiй Губернаторъ Лохвицкiй С в ѣрялъ исправляющій должность Секретаря Статистическаго Комитета Ловянъ
d177;1866 г.;;121 Родъ преступленiй Родъ преступленiй * ныхъ Въ томъ числѣВъ томъ числѣ Возрастъ преступниковъВозрастъ преступниковъ Дворянъ потомственныхъ Дворянъ личныхъ Почетныхъ гражданъ и купцовъ Мещанъ Крестьянъ Военнаго сословiя Инородцевъ Поселенцевъ Ссыльно-каторжныхъ Ниже 17— 17—20 21—30 31—40 41- 50 51-60 Свыше 60 ж. м. ж. м. ж. м. ж. м. ж. м. ж. м. ж. м. ж. м. ж. м. ж. м. ж. м. ж. м. ж. м. ж. м. м м. ж. м. ж. Отдѣленіе I.Отдѣленіе I. Объ отступленіи отъ вѣры и постановленій церкви, ст. 200—234 (Улож. 1866 г. ст. 184—209 и уст. о нак. ст. 38, 63, 64, 48 и 107.)2 — — — — — — — — 5 2 — — — — — — — — — — 2 1 2 1 1 — — — — — — — О святотатствѣ, ст. 253—269 (Улож. 1866 г. ст. 219—235 и уст. о нак. ст. 170 п. 1.) — — 2 — — — — — — 1 — 3 — — — 3 2 2 — — — — — — — 3 2 6 — — — — — — — По преступленіямъ, исчисленнымъ во II отдѣленіи, дѣлъ въ разсмотрѣніи не было. — — — — — — — — — — — — — — — — — — — — — — — — — — — — — — — — — — — Отдѣленіе III.Отдѣленіе III. О самовольномъ присвоеніи власти и составленіи подложныхъ указовъ и другихъ исходящихъ отъ Правительства бумагъ, ст. 329—341 (улож. 1866 г. ст. 289—301 и уст. о нак. ст. 34.) — — — — — — — — — — — — — — — — 1 — — — — — — — — — — — 1 — — — — — — — О похищеніи бумагъ или вещей изъ присутственныхъ мѣстъ и уничтоженіе постановленныхъ или приложенныхъ по распоряженію правительства знаковъ, ст. 343—347 (улож. 1866 г. ст. 303—307 и уст. о нак. ст. 32.) — — — — — — — — — — — — — — — — — 1 — — — — — — — 1 — — — — — — — — — О взломѣ тюрьмъ, уводѣ и побѣгѣ находящихся подъ стражею или надзоромъ, ст. 348—359 (улож. 1866 ст. 308—317 и уст. о нак. ст. 63.) — — — — — — — — — — — — — 2 — — — — — 2 — — — — — — — 1 — 3 — — — — — — — Отдѣленіе IV.Отдѣленіе IV. О преступленіяхъ и проступкахъ по службѣ Государственной и общественной, ст. 371—549, 782—795, 959—975, 1022—1031, 1068—1072, 1361—1364, 1396—1406, 1410—1414 и 1429 (улож 1866 г. ст. 329—504, 533—539, 707—714, 805—821, 822—830, 854, 855, 1004—1007, 1058—1065, 1068—1072 и уст. о нак. ст. 65, 66, 102, 154—168.) — — — 3 — 10 — 5 — 8 — 12 — — — — — — — — — — — — — — — 12 — 25 — 1 — — — Отдѣленіе V.Отдѣленіе V. О преступленіяхъ и проступкахъ противъ постановленій о повинностяхъ земскихъ ст. 593—598 (улож. 1866 г. ст. 540—545.)— — — — — — — — — 1 — — — — — — — — — — — — — — — 1 — — — — — — — Отдѣленіе VI.Отдѣленіе VI. О нарушеніи уставовъ монетныхъ, ст. 608—630 (улож. 1866 г. ст. 556—578.) — — 4 — — — — — — 6 — 18 3 — — — 1 1 — — — — — — — 8 2 5 2 12 — — — — — О нарушеніи постановленій по питейному сбору и акцизу, ст. 718—795 (улож. 1866 г. ст. 665—717.) — — — — — — — — 3 — 1 — — — — — 2 — — — — — — — 4 — 2 — — — — — — — Отдѣленіе VII.Отдѣленіе VII. О преступленіяхъ и проступкахъ противъ постановленій ограждающихъ народное здравіе, ст. 1044—115* (улож. 1866 г. ст. 831—900 и уст. о нак. ст. 55, 56, 102, 104—109, 112—16 и 173.) — — — 1 — — — — — — — — — 1 — — — — — — — — — — — — — 1 — — — — — — — — О возбужденіи къ начатію или продолженію противузаконныхъ исковъ и тяжбъ о лживыхъ доносахъ, лжесвидѣтельствѣ и ложныхъ показаніяхъ на повальныхъ обыскахъ, ст. 1205—1212 (улож. 1866 г. ст. 939—946.) — — — — — — — — — — — 1 — — — — — — — — — — — — — — — 1 — — — — — — — О бродяжествѣ, укрывательствѣ бѣглыхъ и нарушеніи постановленій о паспортахъ, ст. 1216—1272 (улож. 1866 г. ст. 950—983 и уст. о нак. ст. 29, 58, 60, 61, 62 и 77.) — — — — — — — — — — — — 4 — — — 6 — 21 — — — — — — — 5 — 8 — 8 — 8 — 2 — О противузаконномъ выдѣлываніи и храненіи оружія или пороха и нарушеніи другихъ правилъ осторожности, ст. 1295— 1328 (улож. 1866 г. ст. 986—989 и уст. о нак. ст. 29, 32, 117—126, 129 и 987.) — — — — — — — — — — — 6 — — — — — 1 — — — 3 — 3 — 1 — — — — — — — — — О преступленіяхъ противъ общественной нравственности, ст. 1336—1360 (улож. 1866 г. ст. 993—1003 уст. о нак. ст. 42— 45.)— — — — — — — — — — — — — — — 1 — — — — — — — — — 1 — — — — — — — О нарушеніи правилъ осторожности отъ пожаровъ, ст. 1429—1473 (улож. 1866 г. ст. 1076 и 1077 уст. о нак. ст. 29, 66, 88, 89, 80, 91, 93—98 и 117.) — — — — — — — — — — — — — 2 — — — — — 2 — — — — — — — — — 3 — 1 — — — — — По преступленіямъ, исчисленнымъ въ VIII отдѣленіи, дѣлъ въ разсмотрѣніи не было. — — — — — — — — — — — — — — — — — — — — — — — — — — — — — — — — — — — Отдѣленіе IХ.Отдѣленіе IХ. О смертоубійствѣ, ст. 1998—2020 (улож. 1866 г. ст. 1449—1471.) — — — 27 — — — — — — 17 4 25 12 6 3 5 6 9 2 2 — — — 4 — 13 10 26 15 20 2 1 — — — О самоубійствѣ, ст. 2021—2025 (улож. 1866 г. ст. 1472—1476.) — — — — — — — — — — — — 1 — — — — — — — — — — — — — 1 — — — — — — — — — О нанесеніи увѣчья, ранъ и другихъ поврежденій, ст. 2026—2047 (улож. 1866 г. ст. 1471—1496 и уст. о нак. ст. 129.)4 1 — — — — — 13 1 26 3 12 — 2 — — — — — — — 2 — 12 2 12 2 15 — 1* — 3 — О преступленіяхъ противъ чести и цѣломудрія женщинъ, ст. 2076—2085 (улож. 1866 г. ст. 1523—1532.) — — — — — — — — 1 — 5 — — — 4 — 2 — — — — — 1 — 3 — 5 — 3 — — — — — О личныхъ оскорбленіяхъ, ст. 2086—2094 (улож. 1860 г. ст. 1533 и 1534 и уст. о нак. ст. 130—135.) — 2 — — 1 — 2 — 6 1 4 — — — 2 — 1 1 — — — — — — 5 1 6 1 4 — 1 — — — О противузаконномъ задержаніи и заключеніи ст. 2103—2108 (улож. 1866 г. ст. 1540—1544 и уст. о нак. ст. 142.) — — — — — — — — — 2 — — — — — — — — — — — — — — — — — 2 — — — — — Отдѣленіе Х.Отдѣленіе Х. О преступленіяхъ противъ союза брачнаго, ст. 2118—2156 (улож. 1866 г. ст. 1549—1585.) — — 2 — — — — — — 1 1 — 1 — — — — — — — — — — — — 1 2 — — — — — — — — О преступленіи дѣтей противъ родителей, ст. 2162—2165 (улож. 1866 г. ст. 1591 и 1692 и уст. о нак. ст. 132 и 143.) 4 — — — — — — 2 1 6 — — — 3 — — 3 — — — — 8 3 3 1 — — — — — — — — Отдѣленіе ХI. Отдѣленіе ХI. О насильственномъ завладѣніи чужимъ недвижимымъ имуществомъ и о истребленіи граничныхъ межъ и знаков ст. 2173— 2184 (улож. 1866 г. ст. 1601—1605 и уст. о нак. ст. 142, 144, 145, 147—149, 152 и 155.) — — — — — — — — — 1 — 2 — 1 — — — — — — — — — — — 1 — 1 — 1 — — — 1 — О зажигательствѣ, ст. 2185—2195 (улож. 1866 г. ст. 1606—1615 и уст. о нак. ст. 98.) — — 6 — — — — — — 3 — 1 4 — — — — — 2 — — — — — — 1 2 3 3 1 — — — О разбоѣ, ст. 2208—2217 (улож. 1866 г. ст. 1627—636.) — — — 2 — — — — — — 4 1 12 1 3 — 4 — 8 — — — — — — — 14 2 16 — 1 — — — — — О грабежѣ, ст. 2218—2224 (улож. 1866 г. ст. 1637—1643.) — — — 8 — — — — — — 5 3 15 2 3 1 8 2 8 — — — — — 6 — 7 5 18 3 8 — — — — — О воровствѣ-кражѣ, ст. 2225—2251 (улож. 1866 г. ст. 1644—1664 и уст. о нак. ст. 169 и 170.) — — 11 — — — — — — 28 2 35 6 16 — 37 2 30 1 — — — — 15 3 25 5 56 3 36 — 6 — 8 — О воровствѣ-мошенничествѣ, ст. 2252—2267 (улож. 1866 г. ст. 1665—1676 и уст. о нак. ст. 173—175.) — — — — — — — — — 1 — — — — — — — — — — — — — 1 — — — — — — — — — О присвоеніи ввѣреннаго чужаго движимаго имущества, ст. 2272 (улож. 1866 г. ст. 1681, 1682 и уст. о наказ. ст. 177.)1 — — — — — — 2 — 2 1 — — 1 — — — — — — — — — 3 1 1 — 1 — — — — — О преступленіяхъ и проступкахъ по договорамъ и другимъ обязательствамъ, ст. 2278—2304 (улож. 1866 г. ст. 1688—1711 и уст. о нак. ст. 174 и 180.) — — — — — — — 4 — 6 — — — 3 — 2 — — — — — — — 8 — 4 — 2 — 1 — — — По происшествіямъ нечаяннымъ: по неосторожности и другимъ случаямъ, не отнесеннымъ къ вышеприведеннымъ родамъ и видамъ.— — — — — — — — — 1 — — — 1 — — — — — — — — — 1 — 1 — — — — — — — Итого — — 76 4 — 11 — 7 — 105 14 199 36 41 4 80 13 93 9 2 — 3 — 41 7 124 37 190 29 142 3 28 — 14 — Примѣчанiе:Примѣчанiе: Отъ 1869 г. оставалось арестантовъ: 3 м. 1 ж. об. пола 4. Въ 1870 г. поступило: 151 м. * пола 178. Въ 1870 г. выбыло: 143 м. 25 ж. об. пола 168. За тѣмъ къ 1871 г. осталось: 11 м. 3 ж. об. пола 14. * Столбец прошит Вѣрно: Гражданскiй Губернаторъ Лохвицкiй С в ѣрялъ исправляющій должность Секретаря Статистическаго Комитета Ловянъ
d178;1866 г.;;121 Родъ преступленiй Родъ преступленiй * ныхъ Въ томъ числѣВъ томъ числѣ Возрастъ преступниковъВозрастъ преступниковъ Дворянъ потомственныхъ Дворянъ личныхъ Почетныхъ гражданъ и купцовъ Мещанъ Крестьянъ Военнаго сословiя Инородцевъ Поселенцевъ Ссыльно-каторжныхъ Ниже 17— 17—20 21—30 31—40 41- 50 51-60 Свыше 60 ж. м. ж. м. ж. м. ж. м. ж. м. ж. м. ж. м. ж. м. ж. м. ж. м. ж. м. ж. м. ж. м. ж. м. м м. ж. м. ж. Отдѣленіе I.Отдѣленіе I. Объ отступленіи отъ вѣры и постановленій церкви, ст. 200—234 (Улож. 1866 г. ст. 184—209 и уст. о нак. ст. 38, 63, 64, 48 и 107.)2 — — — — — — — — 5 2 — — — — — — — — — — 2 1 2 1 1 — — — — — — — О святотатствѣ, ст. 253—269 (Улож. 1866 г. ст. 219—235 и уст. о нак. ст. 170 п. 1.) — — 2 — — — — — — 1 — 3 — — — 3 2 2 — — — — — — — 3 2 6 — — — — — — — По преступленіямъ, исчисленнымъ во II отдѣленіи, дѣлъ въ разсмотрѣніи не было. — — — — — — — — — — — — — — — — — — — — — — — — — — — — — — — — — — — Отдѣленіе III.Отдѣленіе III. О самовольномъ присвоеніи власти и составленіи подложныхъ указовъ и другихъ исходящихъ отъ Правительства бумагъ, ст. 329—341 (улож. 1866 г. ст. 289—301 и уст. о нак. ст. 34.) — — — — — — — — — — — — — — — — 1 — — — — — — — — — — — 1 — — — — — — — О похищеніи бумагъ или вещей изъ присутственныхъ мѣстъ и уничтоженіе постановленныхъ или приложенныхъ по распоряженію правительства знаковъ, ст. 343—347 (улож. 1866 г. ст. 303—307 и уст. о нак. ст. 32.) — — — — — — — — — — — — — — — — — 1 — — — — — — — 1 — — — — — — — — — О взломѣ тюрьмъ, уводѣ и побѣгѣ находящихся подъ стражею или надзоромъ, ст. 348—359 (улож. 1866 ст. 308—317 и уст. о нак. ст. 63.) — — — — — — — — — — — — — 2 — — — — — 2 — — — — — — — 1 — 3 — — — — — — — Отдѣленіе IV.Отдѣленіе IV. О преступленіяхъ и проступкахъ по службѣ Государственной и общественной, ст. 371—549, 782—795, 959—975, 1022—1031, 1068—1072, 1361—1364, 1396—1406, 1410—1414 и 1429 (улож 1866 г. ст. 329—504, 533—539, 707—714, 805—821, 822—830, 854, 855, 1004—1007, 1058—1065, 1068—1072 и уст. о нак. ст. 65, 66, 102, 154—168.) — — — 3 — 10 — 5 — 8 — 12 — — — — — — — — — — — — — — — 12 — 25 — 1 — — — Отдѣленіе V.Отдѣленіе V. О преступленіяхъ и проступкахъ противъ постановленій о повинностяхъ земскихъ ст. 593—598 (улож. 1866 г. ст. 540—545.)— — — — — — — — — 1 — — — — — — — — — — — — — — — 1 — — — — — — — Отдѣленіе VI.Отдѣленіе VI. О нарушеніи уставовъ монетныхъ, ст. 608—630 (улож. 1866 г. ст. 556—578.) — — 4 — — — — — — 6 — 18 3 — — — 1 1 — — — — — — — 8 2 5 2 12 — — — — — О нарушеніи постановленій по питейному сбору и акцизу, ст. 718—795 (улож. 1866 г. ст. 665—717.) — — — — — — — — 3 — 1 — — — — — 2 — — — — — — — 4 — 2 — — — — — — — Отдѣленіе VII.Отдѣленіе VII. О преступленіяхъ и проступкахъ противъ постановленій ограждающихъ народное здравіе, ст. 1044—115* (улож. 1866 г. ст. 831—900 и уст. о нак. ст. 55, 56, 102, 104—109, 112—16 и 173.) — — — 1 — — — — — — — — — 1 — — — — — — — — — — — — — 1 — — — — — — — — О возбужденіи къ начатію или продолженію противузаконныхъ исковъ и тяжбъ о лживыхъ доносахъ, лжесвидѣтельствѣ и ложныхъ показаніяхъ на повальныхъ обыскахъ, ст. 1205—1212 (улож. 1866 г. ст. 939—946.) — — — — — — — — — — — 1 — — — — — — — — — — — — — — — 1 — — — — — — — О бродяжествѣ, укрывательствѣ бѣглыхъ и нарушеніи постановленій о паспортахъ, ст. 1216—1272 (улож. 1866 г. ст. 950—983 и уст. о нак. ст. 29, 58, 60, 61, 62 и 77.) — — — — — — — — — — — — 4 — — — 6 — 21 — — — — — — — 5 — 8 — 8 — 8 — 2 — О противузаконномъ выдѣлываніи и храненіи оружія или пороха и нарушеніи другихъ правилъ осторожности, ст. 1295— 1328 (улож. 1866 г. ст. 986—989 и уст. о нак. ст. 29, 32, 117—126, 129 и 987.) — — — — — — — — — — — 6 — — — — — 1 — — — 3 — 3 — 1 — — — — — — — — — О преступленіяхъ противъ общественной нравственности, ст. 1336—1360 (улож. 1866 г. ст. 993—1003 уст. о нак. ст. 42— 45.)— — — — — — — — — — — — — — — 1 — — — — — — — — — 1 — — — — — — — О нарушеніи правилъ осторожности отъ пожаровъ, ст. 1429—1473 (улож. 1866 г. ст. 1076 и 1077 уст. о нак. ст. 29, 66, 88, 89, 80, 91, 93—98 и 117.) — — — — — — — — — — — — — 2 — — — — — 2 — — — — — — — — — 3 — 1 — — — — — По преступленіямъ, исчисленнымъ въ VIII отдѣленіи, дѣлъ въ разсмотрѣніи не было. — — — — — — — — — — — — — — — — — — — — — — — — — — — — — — — — — — — Отдѣленіе IХ.Отдѣленіе IХ. О смертоубійствѣ, ст. 1998—2020 (улож. 1866 г. ст. 1449—1471.) — — — 27 — — — — — — 17 4 25 12 6 3 5 6 9 2 2 — — — 4 — 13 10 26 15 20 2 1 — — — О самоубійствѣ, ст. 2021—2025 (улож. 1866 г. ст. 1472—1476.) — — — — — — — — — — — — 1 — — — — — — — — — — — — — 1 — — — — — — — — — О нанесеніи увѣчья, ранъ и другихъ поврежденій, ст. 2026—2047 (улож. 1866 г. ст. 1471—1496 и уст. о нак. ст. 129.)4 1 — — — — — 13 1 26 3 12 — 2 — — — — — — — 2 — 12 2 12 2 15 — 1* — 3 — О преступленіяхъ противъ чести и цѣломудрія женщинъ, ст. 2076—2085 (улож. 1866 г. ст. 1523—1532.) — — — — — — — — 1 — 5 — — — 4 — 2 — — — — — 1 — 3 — 5 — 3 — — — — — О личныхъ оскорбленіяхъ, ст. 2086—2094 (улож. 1860 г. ст. 1533 и 1534 и уст. о нак. ст. 130—135.) — 2 — — 1 — 2 — 6 1 4 — — — 2 — 1 1 — — — — — — 5 1 6 1 4 — 1 — — — О противузаконномъ задержаніи и заключеніи ст. 2103—2108 (улож. 1866 г. ст. 1540—1544 и уст. о нак. ст. 142.) — — — — — — — — — 2 — — — — — — — — — — — — — — — — — 2 — — — — — Отдѣленіе Х.Отдѣленіе Х. О преступленіяхъ противъ союза брачнаго, ст. 2118—2156 (улож. 1866 г. ст. 1549—1585.) — — 2 — — — — — — 1 1 — 1 — — — — — — — — — — — — 1 2 — — — — — — — — О преступленіи дѣтей противъ родителей, ст. 2162—2165 (улож. 1866 г. ст. 1591 и 1692 и уст. о нак. ст. 132 и 143.) 4 — — — — — — 2 1 6 — — — 3 — — 3 — — — — 8 3 3 1 — — — — — — — — Отдѣленіе ХI. Отдѣленіе ХI. О насильственномъ завладѣніи чужимъ недвижимымъ имуществомъ и о истребленіи граничныхъ межъ и знаков ст. 2173— 2184 (улож. 1866 г. ст. 1601—1605 и уст. о нак. ст. 142, 144, 145, 147—149, 152 и 155.) — — — — — — — — — 1 — 2 — 1 — — — — — — — — — — — 1 — 1 — 1 — — — 1 — О зажигательствѣ, ст. 2185—2195 (улож. 1866 г. ст. 1606—1615 и уст. о нак. ст. 98.) — — 6 — — — — — — 3 — 1 4 — — — — — 2 — — — — — — 1 2 3 3 1 — — — О разбоѣ, ст. 2208—2217 (улож. 1866 г. ст. 1627—636.) — — — 2 — — — — — — 4 1 12 1 3 — 4 — 8 — — — — — — — 14 2 16 — 1 — — — — — О грабежѣ, ст. 2218—2224 (улож. 1866 г. ст. 1637—1643.) — — — 8 — — — — — — 5 3 15 2 3 1 8 2 8 — — — — — 6 — 7 5 18 3 8 — — — — — О воровствѣ-кражѣ, ст. 2225—2251 (улож. 1866 г. ст. 1644—1664 и уст. о нак. ст. 169 и 170.) — — 11 — — — — — — 28 2 35 6 16 — 37 2 30 1 — — — — 15 3 25 5 56 3 36 — 6 — 8 — О воровствѣ-мошенничествѣ, ст. 2252—2267 (улож. 1866 г. ст. 1665—1676 и уст. о нак. ст. 173—175.) — — — — — — — — — 1 — — — — — — — — — — — — — 1 — — — — — — — — — О присвоеніи ввѣреннаго чужаго движимаго имущества, ст. 2272 (улож. 1866 г. ст. 1681, 1682 и уст. о наказ. ст. 177.)1 — — — — — — 2 — 2 1 — — 1 — — — — — — — — — 3 1 1 — 1 — — — — — О преступленіяхъ и проступкахъ по договорамъ и другимъ обязательствамъ, ст. 2278—2304 (улож. 1866 г. ст. 1688—1711 и уст. о нак. ст. 174 и 180.) — — — — — — — 4 — 6 — — — 3 — 2 — — — — — — — 8 — 4 — 2 — 1 — — — По происшествіямъ нечаяннымъ: по неосторожности и другимъ случаямъ, не отнесеннымъ къ вышеприведеннымъ родамъ и видамъ.— — — — — — — — — 1 — — — 1 — — — — — — — — — 1 — 1 — — — — — — — Итого — — 76 4 — 11 — 7 — 105 14 199 36 41 4 80 13 93 9 2 — 3 — 41 7 124 37 190 29 142 3 28 — 14 — Примѣчанiе:Примѣчанiе: Отъ 1869 г. оставалось арестантовъ: 3 м. 1 ж. об. пола 4. Въ 1870 г. поступило: 151 м. * пола 178. Въ 1870 г. выбыло: 143 м. 25 ж. об. пола 168. За тѣмъ къ 1871 г. осталось: 11 м. 3 ж. об. пола 14. * Столбец прошит Вѣрно: Гражданскiй Губернаторъ Лохвицкiй С в ѣрялъ исправляющій должность Секретаря Статистическаго Комитета Ловянъ
d179;1866 г.;;121 Родъ преступленiй Родъ преступленiй * ныхъ Въ томъ числѣВъ томъ числѣ Возрастъ преступниковъВозрастъ преступниковъ Дворянъ потомственныхъ Дворянъ личныхъ Почетныхъ гражданъ и купцовъ Мещанъ Крестьянъ Военнаго сословiя Инородцевъ Поселенцевъ Ссыльно-каторжныхъ Ниже 17— 17—20 21—30 31—40 41- 50 51-60 Свыше 60 ж. м. ж. м. ж. м. ж. м. ж. м. ж. м. ж. м. ж. м. ж. м. ж. м. ж. м. ж. м. ж. м. ж. м. м м. ж. м. ж. Отдѣленіе I.Отдѣленіе I. Объ отступленіи отъ вѣры и постановленій церкви, ст. 200—234 (Улож. 1866 г. ст. 184—209 и уст. о нак. ст. 38, 63, 64, 48 и 107.)2 — — — — — — — — 5 2 — — — — — — — — — — 2 1 2 1 1 — — — — — — — О святотатствѣ, ст. 253—269 (Улож. 1866 г. ст. 219—235 и уст. о нак. ст. 170 п. 1.) — — 2 — — — — — — 1 — 3 — — — 3 2 2 — — — — — — — 3 2 6 — — — — — — — По преступленіямъ, исчисленнымъ во II отдѣленіи, дѣлъ въ разсмотрѣніи не было. — — — — — — — — — — — — — — — — — — — — — — — — — — — — — — — — — — — Отдѣленіе III.Отдѣленіе III. О самовольномъ присвоеніи власти и составленіи подложныхъ указовъ и другихъ исходящихъ отъ Правительства бумагъ, ст. 329—341 (улож. 1866 г. ст. 289—301 и уст. о нак. ст. 34.) — — — — — — — — — — — — — — — — 1 — — — — — — — — — — — 1 — — — — — — — О похищеніи бумагъ или вещей изъ присутственныхъ мѣстъ и уничтоженіе постановленныхъ или приложенныхъ по распоряженію правительства знаковъ, ст. 343—347 (улож. 1866 г. ст. 303—307 и уст. о нак. ст. 32.) — — — — — — — — — — — — — — — — — 1 — — — — — — — 1 — — — — — — — — — О взломѣ тюрьмъ, уводѣ и побѣгѣ находящихся подъ стражею или надзоромъ, ст. 348—359 (улож. 1866 ст. 308—317 и уст. о нак. ст. 63.) — — — — — — — — — — — — — 2 — — — — — 2 — — — — — — — 1 — 3 — — — — — — — Отдѣленіе IV.Отдѣленіе IV. О преступленіяхъ и проступкахъ по службѣ Государственной и общественной, ст. 371—549, 782—795, 959—975, 1022—1031, 1068—1072, 1361—1364, 1396—1406, 1410—1414 и 1429 (улож 1866 г. ст. 329—504, 533—539, 707—714, 805—821, 822—830, 854, 855, 1004—1007, 1058—1065, 1068—1072 и уст. о нак. ст. 65, 66, 102, 154—168.) — — — 3 — 10 — 5 — 8 — 12 — — — — — — — — — — — — — — — 12 — 25 — 1 — — — Отдѣленіе V.Отдѣленіе V. О преступленіяхъ и проступкахъ противъ постановленій о повинностяхъ земскихъ ст. 593—598 (улож. 1866 г. ст. 540—545.)— — — — — — — — — 1 — — — — — — — — — — — — — — — 1 — — — — — — — Отдѣленіе VI.Отдѣленіе VI. О нарушеніи уставовъ монетныхъ, ст. 608—630 (улож. 1866 г. ст. 556—578.) — — 4 — — — — — — 6 — 18 3 — — — 1 1 — — — — — — — 8 2 5 2 12 — — — — — О нарушеніи постановленій по питейному сбору и акцизу, ст. 718—795 (улож. 1866 г. ст. 665—717.) — — — — — — — — 3 — 1 — — — — — 2 — — — — — — — 4 — 2 — — — — — — — Отдѣленіе VII.Отдѣленіе VII. О преступленіяхъ и проступкахъ противъ постановленій ограждающихъ народное здравіе, ст. 1044—115* (улож. 1866 г. ст. 831—900 и уст. о нак. ст. 55, 56, 102, 104—109, 112—16 и 173.) — — — 1 — — — — — — — — — 1 — — — — — — — — — — — — — 1 — — — — — — — — О возбужденіи къ начатію или продолженію противузаконныхъ исковъ и тяжбъ о лживыхъ доносахъ, лжесвидѣтельствѣ и ложныхъ показаніяхъ на повальныхъ обыскахъ, ст. 1205—1212 (улож. 1866 г. ст. 939—946.) — — — — — — — — — — — 1 — — — — — — — — — — — — — — — 1 — — — — — — — О бродяжествѣ, укрывательствѣ бѣглыхъ и нарушеніи постановленій о паспортахъ, ст. 1216—1272 (улож. 1866 г. ст. 950—983 и уст. о нак. ст. 29, 58, 60, 61, 62 и 77.) — — — — — — — — — — — — 4 — — — 6 — 21 — — — — — — — 5 — 8 — 8 — 8 — 2 — О противузаконномъ выдѣлываніи и храненіи оружія или пороха и нарушеніи другихъ правилъ осторожности, ст. 1295— 1328 (улож. 1866 г. ст. 986—989 и уст. о нак. ст. 29, 32, 117—126, 129 и 987.) — — — — — — — — — — — 6 — — — — — 1 — — — 3 — 3 — 1 — — — — — — — — — О преступленіяхъ противъ общественной нравственности, ст. 1336—1360 (улож. 1866 г. ст. 993—1003 уст. о нак. ст. 42— 45.)— — — — — — — — — — — — — — — 1 — — — — — — — — — 1 — — — — — — — О нарушеніи правилъ осторожности отъ пожаровъ, ст. 1429—1473 (улож. 1866 г. ст. 1076 и 1077 уст. о нак. ст. 29, 66, 88, 89, 80, 91, 93—98 и 117.) — — — — — — — — — — — — — 2 — — — — — 2 — — — — — — — — — 3 — 1 — — — — — По преступленіямъ, исчисленнымъ въ VIII отдѣленіи, дѣлъ въ разсмотрѣніи не было. — — — — — — — — — — — — — — — — — — — — — — — — — — — — — — — — — — — Отдѣленіе IХ.Отдѣленіе IХ. О смертоубійствѣ, ст. 1998—2020 (улож. 1866 г. ст. 1449—1471.) — — — 27 — — — — — — 17 4 25 12 6 3 5 6 9 2 2 — — — 4 — 13 10 26 15 20 2 1 — — — О самоубійствѣ, ст. 2021—2025 (улож. 1866 г. ст. 1472—1476.) — — — — — — — — — — — — 1 — — — — — — — — — — — — — 1 — — — — — — — — — О нанесеніи увѣчья, ранъ и другихъ поврежденій, ст. 2026—2047 (улож. 1866 г. ст. 1471—1496 и уст. о нак. ст. 129.)4 1 — — — — — 13 1 26 3 12 — 2 — — — — — — — 2 — 12 2 12 2 15 — 1* — 3 — О преступленіяхъ противъ чести и цѣломудрія женщинъ, ст. 2076—2085 (улож. 1866 г. ст. 1523—1532.) — — — — — — — — 1 — 5 — — — 4 — 2 — — — — — 1 — 3 — 5 — 3 — — — — — О личныхъ оскорбленіяхъ, ст. 2086—2094 (улож. 1860 г. ст. 1533 и 1534 и уст. о нак. ст. 130—135.) — 2 — — 1 — 2 — 6 1 4 — — — 2 — 1 1 — — — — — — 5 1 6 1 4 — 1 — — — О противузаконномъ задержаніи и заключеніи ст. 2103—2108 (улож. 1866 г. ст. 1540—1544 и уст. о нак. ст. 142.) — — — — — — — — — 2 — — — — — — — — — — — — — — — — — 2 — — — — — Отдѣленіе Х.Отдѣленіе Х. О преступленіяхъ противъ союза брачнаго, ст. 2118—2156 (улож. 1866 г. ст. 1549—1585.) — — 2 — — — — — — 1 1 — 1 — — — — — — — — — — — — 1 2 — — — — — — — — О преступленіи дѣтей противъ родителей, ст. 2162—2165 (улож. 1866 г. ст. 1591 и 1692 и уст. о нак. ст. 132 и 143.) 4 — — — — — — 2 1 6 — — — 3 — — 3 — — — — 8 3 3 1 — — — — — — — — Отдѣленіе ХI. Отдѣленіе ХI. О насильственномъ завладѣніи чужимъ недвижимымъ имуществомъ и о истребленіи граничныхъ межъ и знаков ст. 2173— 2184 (улож. 1866 г. ст. 1601—1605 и уст. о нак. ст. 142, 144, 145, 147—149, 152 и 155.) — — — — — — — — — 1 — 2 — 1 — — — — — — — — — — — 1 — 1 — 1 — — — 1 — О зажигательствѣ, ст. 2185—2195 (улож. 1866 г. ст. 1606—1615 и уст. о нак. ст. 98.) — — 6 — — — — — — 3 — 1 4 — — — — — 2 — — — — — — 1 2 3 3 1 — — — О разбоѣ, ст. 2208—2217 (улож. 1866 г. ст. 1627—636.) — — — 2 — — — — — — 4 1 12 1 3 — 4 — 8 — — — — — — — 14 2 16 — 1 — — — — — О грабежѣ, ст. 2218—2224 (улож. 1866 г. ст. 1637—1643.) — — — 8 — — — — — — 5 3 15 2 3 1 8 2 8 — — — — — 6 — 7 5 18 3 8 — — — — — О воровствѣ-кражѣ, ст. 2225—2251 (улож. 1866 г. ст. 1644—1664 и уст. о нак. ст. 169 и 170.) — — 11 — — — — — — 28 2 35 6 16 — 37 2 30 1 — — — — 15 3 25 5 56 3 36 — 6 — 8 — О воровствѣ-мошенничествѣ, ст. 2252—2267 (улож. 1866 г. ст. 1665—1676 и уст. о нак. ст. 173—175.) — — — — — — — — — 1 — — — — — — — — — — — — — 1 — — — — — — — — — О присвоеніи ввѣреннаго чужаго движимаго имущества, ст. 2272 (улож. 1866 г. ст. 1681, 1682 и уст. о наказ. ст. 177.)1 — — — — — — 2 — 2 1 — — 1 — — — — — — — — — 3 1 1 — 1 — — — — — О преступленіяхъ и проступкахъ по договорамъ и другимъ обязательствамъ, ст. 2278—2304 (улож. 1866 г. ст. 1688—1711 и уст. о нак. ст. 174 и 180.) — — — — — — — 4 — 6 — — — 3 — 2 — — — — — — — 8 — 4 — 2 — 1 — — — По происшествіямъ нечаяннымъ: по неосторожности и другимъ случаямъ, не отнесеннымъ къ вышеприведеннымъ родамъ и видамъ.— — — — — — — — — 1 — — — 1 — — — — — — — — — 1 — 1 — — — — — — — Итого — — 76 4 — 11 — 7 — 105 14 199 36 41 4 80 13 93 9 2 — 3 — 41 7 124 37 190 29 142 3 28 — 14 — Примѣчанiе:Примѣчанiе: Отъ 1869 г. оставалось арестантовъ: 3 м. 1 ж. об. пола 4. Въ 1870 г. поступило: 151 м. * пола 178. Въ 1870 г. выбыло: 143 м. 25 ж. об. пола 168. За тѣмъ къ 1871 г. осталось: 11 м. 3 ж. об. пола 14. * Столбец прошит Вѣрно: Гражданскiй Губернаторъ Лохвицкiй С в ѣрялъ исправляющій должность Секретаря Статистическаго Комитета Ловянъ
d180;1866 г.;;121 Родъ преступленiй Родъ преступленiй * ныхъ Въ томъ числѣВъ томъ числѣ Возрастъ преступниковъВозрастъ преступниковъ Дворянъ потомственныхъ Дворянъ личныхъ Почетныхъ гражданъ и купцовъ Мещанъ Крестьянъ Военнаго сословiя Инородцевъ Поселенцевъ Ссыльно-каторжныхъ Ниже 17— 17—20 21—30 31—40 41- 50 51-60 Свыше 60 ж. м. ж. м. ж. м. ж. м. ж. м. ж. м. ж. м. ж. м. ж. м. ж. м. ж. м. ж. м. ж. м. ж. м. м м. ж. м. ж. Отдѣленіе I.Отдѣленіе I. Объ отступленіи отъ вѣры и постановленій церкви, ст. 200—234 (Улож. 1866 г. ст. 184—209 и уст. о нак. ст. 38, 63, 64, 48 и 107.)2 — — — — — — — — 5 2 — — — — — — — — — — 2 1 2 1 1 — — — — — — — О святотатствѣ, ст. 253—269 (Улож. 1866 г. ст. 219—235 и уст. о нак. ст. 170 п. 1.) — — 2 — — — — — — 1 — 3 — — — 3 2 2 — — — — — — — 3 2 6 — — — — — — — По преступленіямъ, исчисленнымъ во II отдѣленіи, дѣлъ въ разсмотрѣніи не было. — — — — — — — — — — — — — — — — — — — — — — — — — — — — — — — — — — — Отдѣленіе III.Отдѣленіе III. О самовольномъ присвоеніи власти и составленіи подложныхъ указовъ и другихъ исходящихъ отъ Правительства бумагъ, ст. 329—341 (улож. 1866 г. ст. 289—301 и уст. о нак. ст. 34.) — — — — — — — — — — — — — — — — 1 — — — — — — — — — — — 1 — — — — — — — О похищеніи бумагъ или вещей изъ присутственныхъ мѣстъ и уничтоженіе постановленныхъ или приложенныхъ по распоряженію правительства знаковъ, ст. 343—347 (улож. 1866 г. ст. 303—307 и уст. о нак. ст. 32.) — — — — — — — — — — — — — — — — — 1 — — — — — — — 1 — — — — — — — — — О взломѣ тюрьмъ, уводѣ и побѣгѣ находящихся подъ стражею или надзоромъ, ст. 348—359 (улож. 1866 ст. 308—317 и уст. о нак. ст. 63.) — — — — — — — — — — — — — 2 — — — — — 2 — — — — — — — 1 — 3 — — — — — — — Отдѣленіе IV.Отдѣленіе IV. О преступленіяхъ и проступкахъ по службѣ Государственной и общественной, ст. 371—549, 782—795, 959—975, 1022—1031, 1068—1072, 1361—1364, 1396—1406, 1410—1414 и 1429 (улож 1866 г. ст. 329—504, 533—539, 707—714, 805—821, 822—830, 854, 855, 1004—1007, 1058—1065, 1068—1072 и уст. о нак. ст. 65, 66, 102, 154—168.) — — — 3 — 10 — 5 — 8 — 12 — — — — — — — — — — — — — — — 12 — 25 — 1 — — — Отдѣленіе V.Отдѣленіе V. О преступленіяхъ и проступкахъ противъ постановленій о повинностяхъ земскихъ ст. 593—598 (улож. 1866 г. ст. 540—545.)— — — — — — — — — 1 — — — — — — — — — — — — — — — 1 — — — — — — — Отдѣленіе VI.Отдѣленіе VI. О нарушеніи уставовъ монетныхъ, ст. 608—630 (улож. 1866 г. ст. 556—578.) — — 4 — — — — — — 6 — 18 3 — — — 1 1 — — — — — — — 8 2 5 2 12 — — — — — О нарушеніи постановленій по питейному сбору и акцизу, ст. 718—795 (улож. 1866 г. ст. 665—717.) — — — — — — — — 3 — 1 — — — — — 2 — — — — — — — 4 — 2 — — — — — — — Отдѣленіе VII.Отдѣленіе VII. О преступленіяхъ и проступкахъ противъ постановленій ограждающихъ народное здравіе, ст. 1044—115* (улож. 1866 г. ст. 831—900 и уст. о нак. ст. 55, 56, 102, 104—109, 112—16 и 173.) — — — 1 — — — — — — — — — 1 — — — — — — — — — — — — — 1 — — — — — — — — О возбужденіи къ начатію или продолженію противузаконныхъ исковъ и тяжбъ о лживыхъ доносахъ, лжесвидѣтельствѣ и ложныхъ показаніяхъ на повальныхъ обыскахъ, ст. 1205—1212 (улож. 1866 г. ст. 939—946.) — — — — — — — — — — — 1 — — — — — — — — — — — — — — — 1 — — — — — — — О бродяжествѣ, укрывательствѣ бѣглыхъ и нарушеніи постановленій о паспортахъ, ст. 1216—1272 (улож. 1866 г. ст. 950—983 и уст. о нак. ст. 29, 58, 60, 61, 62 и 77.) — — — — — — — — — — — — 4 — — — 6 — 21 — — — — — — — 5 — 8 — 8 — 8 — 2 — О противузаконномъ выдѣлываніи и храненіи оружія или пороха и нарушеніи другихъ правилъ осторожности, ст. 1295— 1328 (улож. 1866 г. ст. 986—989 и уст. о нак. ст. 29, 32, 117—126, 129 и 987.) — — — — — — — — — — — 6 — — — — — 1 — — — 3 — 3 — 1 — — — — — — — — — О преступленіяхъ противъ общественной нравственности, ст. 1336—1360 (улож. 1866 г. ст. 993—1003 уст. о нак. ст. 42— 45.)— — — — — — — — — — — — — — — 1 — — — — — — — — — 1 — — — — — — — О нарушеніи правилъ осторожности отъ пожаровъ, ст. 1429—1473 (улож. 1866 г. ст. 1076 и 1077 уст. о нак. ст. 29, 66, 88, 89, 80, 91, 93—98 и 117.) — — — — — — — — — — — — — 2 — — — — — 2 — — — — — — — — — 3 — 1 — — — — — По преступленіямъ, исчисленнымъ въ VIII отдѣленіи, дѣлъ въ разсмотрѣніи не было. — — — — — — — — — — — — — — — — — — — — — — — — — — — — — — — — — — — Отдѣленіе IХ.Отдѣленіе IХ. О смертоубійствѣ, ст. 1998—2020 (улож. 1866 г. ст. 1449—1471.) — — — 27 — — — — — — 17 4 25 12 6 3 5 6 9 2 2 — — — 4 — 13 10 26 15 20 2 1 — — — О самоубійствѣ, ст. 2021—2025 (улож. 1866 г. ст. 1472—1476.) — — — — — — — — — — — — 1 — — — — — — — — — — — — — 1 — — — — — — — — — О нанесеніи увѣчья, ранъ и другихъ поврежденій, ст. 2026—2047 (улож. 1866 г. ст. 1471—1496 и уст. о нак. ст. 129.)4 1 — — — — — 13 1 26 3 12 — 2 — — — — — — — 2 — 12 2 12 2 15 — 1* — 3 — О преступленіяхъ противъ чести и цѣломудрія женщинъ, ст. 2076—2085 (улож. 1866 г. ст. 1523—1532.) — — — — — — — — 1 — 5 — — — 4 — 2 — — — — — 1 — 3 — 5 — 3 — — — — — О личныхъ оскорбленіяхъ, ст. 2086—2094 (улож. 1860 г. ст. 1533 и 1534 и уст. о нак. ст. 130—135.) — 2 — — 1 — 2 — 6 1 4 — — — 2 — 1 1 — — — — — — 5 1 6 1 4 — 1 — — — О противузаконномъ задержаніи и заключеніи ст. 2103—2108 (улож. 1866 г. ст. 1540—1544 и уст. о нак. ст. 142.) — — — — — — — — — 2 — — — — — — — — — — — — — — — — — 2 — — — — — Отдѣленіе Х.Отдѣленіе Х. О преступленіяхъ противъ союза брачнаго, ст. 2118—2156 (улож. 1866 г. ст. 1549—1585.) — — 2 — — — — — — 1 1 — 1 — — — — — — — — — — — — 1 2 — — — — — — — — О преступленіи дѣтей противъ родителей, ст. 2162—2165 (улож. 1866 г. ст. 1591 и 1692 и уст. о нак. ст. 132 и 143.) 4 — — — — — — 2 1 6 — — — 3 — — 3 — — — — 8 3 3 1 — — — — — — — — Отдѣленіе ХI. Отдѣленіе ХI. О насильственномъ завладѣніи чужимъ недвижимымъ имуществомъ и о истребленіи граничныхъ межъ и знаков ст. 2173— 2184 (улож. 1866 г. ст. 1601—1605 и уст. о нак. ст. 142, 144, 145, 147—149, 152 и 155.) — — — — — — — — — 1 — 2 — 1 — — — — — — — — — — — 1 — 1 — 1 — — — 1 — О зажигательствѣ, ст. 2185—2195 (улож. 1866 г. ст. 1606—1615 и уст. о нак. ст. 98.) — — 6 — — — — — — 3 — 1 4 — — — — — 2 — — — — — — 1 2 3 3 1 — — — О разбоѣ, ст. 2208—2217 (улож. 1866 г. ст. 1627—636.) — — — 2 — — — — — — 4 1 12 1 3 — 4 — 8 — — — — — — — 14 2 16 — 1 — — — — — О грабежѣ, ст. 2218—2224 (улож. 1866 г. ст. 1637—1643.) — — — 8 — — — — — — 5 3 15 2 3 1 8 2 8 — — — — — 6 — 7 5 18 3 8 — — — — — О воровствѣ-кражѣ, ст. 2225—2251 (улож. 1866 г. ст. 1644—1664 и уст. о нак. ст. 169 и 170.) — — 11 — — — — — — 28 2 35 6 16 — 37 2 30 1 — — — — 15 3 25 5 56 3 36 — 6 — 8 — О воровствѣ-мошенничествѣ, ст. 2252—2267 (улож. 1866 г. ст. 1665—1676 и уст. о нак. ст. 173—175.) — — — — — — — — — 1 — — — — — — — — — — — — — 1 — — — — — — — — — О присвоеніи ввѣреннаго чужаго движимаго имущества, ст. 2272 (улож. 1866 г. ст. 1681, 1682 и уст. о наказ. ст. 177.)1 — — — — — — 2 — 2 1 — — 1 — — — — — — — — — 3 1 1 — 1 — — — — — О преступленіяхъ и проступкахъ по договорамъ и другимъ обязательствамъ, ст. 2278—2304 (улож. 1866 г. ст. 1688—1711 и уст. о нак. ст. 174 и 180.) — — — — — — — 4 — 6 — — — 3 — 2 — — — — — — — 8 — 4 — 2 — 1 — — — По происшествіямъ нечаяннымъ: по неосторожности и другимъ случаямъ, не отнесеннымъ къ вышеприведеннымъ родамъ и видамъ.— — — — — — — — — 1 — — — 1 — — — — — — — — — 1 — 1 — — — — — — — Итого — — 76 4 — 11 — 7 — 105 14 199 36 41 4 80 13 93 9 2 — 3 — 41 7 124 37 190 29 142 3 28 — 14 — Примѣчанiе:Примѣчанiе: Отъ 1869 г. оставалось арестантовъ: 3 м. 1 ж. об. пола 4. Въ 1870 г. поступило: 151 м. * пола 178. Въ 1870 г. выбыло: 143 м. 25 ж. об. пола 168. За тѣмъ къ 1871 г. осталось: 11 м. 3 ж. об. пола 14. * Столбец прошит Вѣрно: Гражданскiй Губернаторъ Лохвицкiй С в ѣрялъ исправляющій должность Секретаря Статистическаго Комитета Ловянъ
d181;1866 г.;;121 Родъ преступленiй Родъ преступленiй * ныхъ Въ томъ числѣВъ томъ числѣ Возрастъ преступниковъВозрастъ преступниковъ Дворянъ потомственныхъ Дворянъ личныхъ Почетныхъ гражданъ и купцовъ Мещанъ Крестьянъ Военнаго сословiя Инородцевъ Поселенцевъ Ссыльно-каторжныхъ Ниже 17— 17—20 21—30 31—40 41- 50 51-60 Свыше 60 ж. м. ж. м. ж. м. ж. м. ж. м. ж. м. ж. м. ж. м. ж. м. ж. м. ж. м. ж. м. ж. м. ж. м. м м. ж. м. ж. Отдѣленіе I.Отдѣленіе I. Объ отступленіи отъ вѣры и постановленій церкви, ст. 200—234 (Улож. 1866 г. ст. 184—209 и уст. о нак. ст. 38, 63, 64, 48 и 107.)2 — — — — — — — — 5 2 — — — — — — — — — — 2 1 2 1 1 — — — — — — — О святотатствѣ, ст. 253—269 (Улож. 1866 г. ст. 219—235 и уст. о нак. ст. 170 п. 1.) — — 2 — — — — — — 1 — 3 — — — 3 2 2 — — — — — — — 3 2 6 — — — — — — — По преступленіямъ, исчисленнымъ во II отдѣленіи, дѣлъ въ разсмотрѣніи не было. — — — — — — — — — — — — — — — — — — — — — — — — — — — — — — — — — — — Отдѣленіе III.Отдѣленіе III. О самовольномъ присвоеніи власти и составленіи подложныхъ указовъ и другихъ исходящихъ отъ Правительства бумагъ, ст. 329—341 (улож. 1866 г. ст. 289—301 и уст. о нак. ст. 34.) — — — — — — — — — — — — — — — — 1 — — — — — — — — — — — 1 — — — — — — — О похищеніи бумагъ или вещей изъ присутственныхъ мѣстъ и уничтоженіе постановленныхъ или приложенныхъ по распоряженію правительства знаковъ, ст. 343—347 (улож. 1866 г. ст. 303—307 и уст. о нак. ст. 32.) — — — — — — — — — — — — — — — — — 1 — — — — — — — 1 — — — — — — — — — О взломѣ тюрьмъ, уводѣ и побѣгѣ находящихся подъ стражею или надзоромъ, ст. 348—359 (улож. 1866 ст. 308—317 и уст. о нак. ст. 63.) — — — — — — — — — — — — — 2 — — — — — 2 — — — — — — — 1 — 3 — — — — — — — Отдѣленіе IV.Отдѣленіе IV. О преступленіяхъ и проступкахъ по службѣ Государственной и общественной, ст. 371—549, 782—795, 959—975, 1022—1031, 1068—1072, 1361—1364, 1396—1406, 1410—1414 и 1429 (улож 1866 г. ст. 329—504, 533—539, 707—714, 805—821, 822—830, 854, 855, 1004—1007, 1058—1065, 1068—1072 и уст. о нак. ст. 65, 66, 102, 154—168.) — — — 3 — 10 — 5 — 8 — 12 — — — — — — — — — — — — — — — 12 — 25 — 1 — — — Отдѣленіе V.Отдѣленіе V. О преступленіяхъ и проступкахъ противъ постановленій о повинностяхъ земскихъ ст. 593—598 (улож. 1866 г. ст. 540—545.)— — — — — — — — — 1 — — — — — — — — — — — — — — — 1 — — — — — — — Отдѣленіе VI.Отдѣленіе VI. О нарушеніи уставовъ монетныхъ, ст. 608—630 (улож. 1866 г. ст. 556—578.) — — 4 — — — — — — 6 — 18 3 — — — 1 1 — — — — — — — 8 2 5 2 12 — — — — — О нарушеніи постановленій по питейному сбору и акцизу, ст. 718—795 (улож. 1866 г. ст. 665—717.) — — — — — — — — 3 — 1 — — — — — 2 — — — — — — — 4 — 2 — — — — — — — Отдѣленіе VII.Отдѣленіе VII. О преступленіяхъ и проступкахъ противъ постановленій ограждающихъ народное здравіе, ст. 1044—115* (улож. 1866 г. ст. 831—900 и уст. о нак. ст. 55, 56, 102, 104—109, 112—16 и 173.) — — — 1 — — — — — — — — — 1 — — — — — — — — — — — — — 1 — — — — — — — — О возбужденіи къ начатію или продолженію противузаконныхъ исковъ и тяжбъ о лживыхъ доносахъ, лжесвидѣтельствѣ и ложныхъ показаніяхъ на повальныхъ обыскахъ, ст. 1205—1212 (улож. 1866 г. ст. 939—946.) — — — — — — — — — — — 1 — — — — — — — — — — — — — — — 1 — — — — — — — О бродяжествѣ, укрывательствѣ бѣглыхъ и нарушеніи постановленій о паспортахъ, ст. 1216—1272 (улож. 1866 г. ст. 950—983 и уст. о нак. ст. 29, 58, 60, 61, 62 и 77.) — — — — — — — — — — — — 4 — — — 6 — 21 — — — — — — — 5 — 8 — 8 — 8 — 2 — О противузаконномъ выдѣлываніи и храненіи оружія или пороха и нарушеніи другихъ правилъ осторожности, ст. 1295— 1328 (улож. 1866 г. ст. 986—989 и уст. о нак. ст. 29, 32, 117—126, 129 и 987.) — — — — — — — — — — — 6 — — — — — 1 — — — 3 — 3 — 1 — — — — — — — — — О преступленіяхъ противъ общественной нравственности, ст. 1336—1360 (улож. 1866 г. ст. 993—1003 уст. о нак. ст. 42— 45.)— — — — — — — — — — — — — — — 1 — — — — — — — — — 1 — — — — — — — О нарушеніи правилъ осторожности отъ пожаровъ, ст. 1429—1473 (улож. 1866 г. ст. 1076 и 1077 уст. о нак. ст. 29, 66, 88, 89, 80, 91, 93—98 и 117.) — — — — — — — — — — — — — 2 — — — — — 2 — — — — — — — — — 3 — 1 — — — — — По преступленіямъ, исчисленнымъ въ VIII отдѣленіи, дѣлъ въ разсмотрѣніи не было. — — — — — — — — — — — — — — — — — — — — — — — — — — — — — — — — — — — Отдѣленіе IХ.Отдѣленіе IХ. О смертоубійствѣ, ст. 1998—2020 (улож. 1866 г. ст. 1449—1471.) — — — 27 — — — — — — 17 4 25 12 6 3 5 6 9 2 2 — — — 4 — 13 10 26 15 20 2 1 — — — О самоубійствѣ, ст. 2021—2025 (улож. 1866 г. ст. 1472—1476.) — — — — — — — — — — — — 1 — — — — — — — — — — — — — 1 — — — — — — — — — О нанесеніи увѣчья, ранъ и другихъ поврежденій, ст. 2026—2047 (улож. 1866 г. ст. 1471—1496 и уст. о нак. ст. 129.)4 1 — — — — — 13 1 26 3 12 — 2 — — — — — — — 2 — 12 2 12 2 15 — 1* — 3 — О преступленіяхъ противъ чести и цѣломудрія женщинъ, ст. 2076—2085 (улож. 1866 г. ст. 1523—1532.) — — — — — — — — 1 — 5 — — — 4 — 2 — — — — — 1 — 3 — 5 — 3 — — — — — О личныхъ оскорбленіяхъ, ст. 2086—2094 (улож. 1860 г. ст. 1533 и 1534 и уст. о нак. ст. 130—135.) — 2 — — 1 — 2 — 6 1 4 — — — 2 — 1 1 — — — — — — 5 1 6 1 4 — 1 — — — О противузаконномъ задержаніи и заключеніи ст. 2103—2108 (улож. 1866 г. ст. 1540—1544 и уст. о нак. ст. 142.) — — — — — — — — — 2 — — — — — — — — — — — — — — — — — 2 — — — — — Отдѣленіе Х.Отдѣленіе Х. О преступленіяхъ противъ союза брачнаго, ст. 2118—2156 (улож. 1866 г. ст. 1549—1585.) — — 2 — — — — — — 1 1 — 1 — — — — — — — — — — — — 1 2 — — — — — — — — О преступленіи дѣтей противъ родителей, ст. 2162—2165 (улож. 1866 г. ст. 1591 и 1692 и уст. о нак. ст. 132 и 143.) 4 — — — — — — 2 1 6 — — — 3 — — 3 — — — — 8 3 3 1 — — — — — — — — Отдѣленіе ХI. Отдѣленіе ХI. О насильственномъ завладѣніи чужимъ недвижимымъ имуществомъ и о истребленіи граничныхъ межъ и знаков ст. 2173— 2184 (улож. 1866 г. ст. 1601—1605 и уст. о нак. ст. 142, 144, 145, 147—149, 152 и 155.) — — — — — — — — — 1 — 2 — 1 — — — — — — — — — — — 1 — 1 — 1 — — — 1 — О зажигательствѣ, ст. 2185—2195 (улож. 1866 г. ст. 1606—1615 и уст. о нак. ст. 98.) — — 6 — — — — — — 3 — 1 4 — — — — — 2 — — — — — — 1 2 3 3 1 — — — О разбоѣ, ст. 2208—2217 (улож. 1866 г. ст. 1627—636.) — — — 2 — — — — — — 4 1 12 1 3 — 4 — 8 — — — — — — — 14 2 16 — 1 — — — — — О грабежѣ, ст. 2218—2224 (улож. 1866 г. ст. 1637—1643.) — — — 8 — — — — — — 5 3 15 2 3 1 8 2 8 — — — — — 6 — 7 5 18 3 8 — — — — — О воровствѣ-кражѣ, ст. 2225—2251 (улож. 1866 г. ст. 1644—1664 и уст. о нак. ст. 169 и 170.) — — 11 — — — — — — 28 2 35 6 16 — 37 2 30 1 — — — — 15 3 25 5 56 3 36 — 6 — 8 — О воровствѣ-мошенничествѣ, ст. 2252—2267 (улож. 1866 г. ст. 1665—1676 и уст. о нак. ст. 173—175.) — — — — — — — — — 1 — — — — — — — — — — — — — 1 — — — — — — — — — О присвоеніи ввѣреннаго чужаго движимаго имущества, ст. 2272 (улож. 1866 г. ст. 1681, 1682 и уст. о наказ. ст. 177.)1 — — — — — — 2 — 2 1 — — 1 — — — — — — — — — 3 1 1 — 1 — — — — — О преступленіяхъ и проступкахъ по договорамъ и другимъ обязательствамъ, ст. 2278—2304 (улож. 1866 г. ст. 1688—1711 и уст. о нак. ст. 174 и 180.) — — — — — — — 4 — 6 — — — 3 — 2 — — — — — — — 8 — 4 — 2 — 1 — — — По происшествіямъ нечаяннымъ: по неосторожности и другимъ случаямъ, не отнесеннымъ къ вышеприведеннымъ родамъ и видамъ.— — — — — — — — — 1 — — — 1 — — — — — — — — — 1 — 1 — — — — — — — Итого — — 76 4 — 11 — 7 — 105 14 199 36 41 4 80 13 93 9 2 — 3 — 41 7 124 37 190 29 142 3 28 — 14 — Примѣчанiе:Примѣчанiе: Отъ 1869 г. оставалось арестантовъ: 3 м. 1 ж. об. пола 4. Въ 1870 г. поступило: 151 м. * пола 178. Въ 1870 г. выбыло: 143 м. 25 ж. об. пола 168. За тѣмъ къ 1871 г. осталось: 11 м. 3 ж. об. пола 14. * Столбец прошит Вѣрно: Гражданскiй Губернаторъ Лохвицкiй С в ѣрялъ исправляющій должность Секретаря Статистическаго Комитета Ловянъ
d182;1866 г.;;121 Родъ преступленiй Родъ преступленiй * ныхъ Въ томъ числѣВъ томъ числѣ Возрастъ преступниковъВозрастъ преступниковъ Дворянъ потомственныхъ Дворянъ личныхъ Почетныхъ гражданъ и купцовъ Мещанъ Крестьянъ Военнаго сословiя Инородцевъ Поселенцевъ Ссыльно-каторжныхъ Ниже 17— 17—20 21—30 31—40 41- 50 51-60 Свыше 60 ж. м. ж. м. ж. м. ж. м. ж. м. ж. м. ж. м. ж. м. ж. м. ж. м. ж. м. ж. м. ж. м. ж. м. м м. ж. м. ж. Отдѣленіе I.Отдѣленіе I. Объ отступленіи отъ вѣры и постановленій церкви, ст. 200—234 (Улож. 1866 г. ст. 184—209 и уст. о нак. ст. 38, 63, 64, 48 и 107.)2 — — — — — — — — 5 2 — — — — — — — — — — 2 1 2 1 1 — — — — — — — О святотатствѣ, ст. 253—269 (Улож. 1866 г. ст. 219—235 и уст. о нак. ст. 170 п. 1.) — — 2 — — — — — — 1 — 3 — — — 3 2 2 — — — — — — — 3 2 6 — — — — — — — По преступленіямъ, исчисленнымъ во II отдѣленіи, дѣлъ въ разсмотрѣніи не было. — — — — — — — — — — — — — — — — — — — — — — — — — — — — — — — — — — — Отдѣленіе III.Отдѣленіе III. О самовольномъ присвоеніи власти и составленіи подложныхъ указовъ и другихъ исходящихъ отъ Правительства бумагъ, ст. 329—341 (улож. 1866 г. ст. 289—301 и уст. о нак. ст. 34.) — — — — — — — — — — — — — — — — 1 — — — — — — — — — — — 1 — — — — — — — О похищеніи бумагъ или вещей изъ присутственныхъ мѣстъ и уничтоженіе постановленныхъ или приложенныхъ по распоряженію правительства знаковъ, ст. 343—347 (улож. 1866 г. ст. 303—307 и уст. о нак. ст. 32.) — — — — — — — — — — — — — — — — — 1 — — — — — — — 1 — — — — — — — — — О взломѣ тюрьмъ, уводѣ и побѣгѣ находящихся подъ стражею или надзоромъ, ст. 348—359 (улож. 1866 ст. 308—317 и уст. о нак. ст. 63.) — — — — — — — — — — — — — 2 — — — — — 2 — — — — — — — 1 — 3 — — — — — — — Отдѣленіе IV.Отдѣленіе IV. О преступленіяхъ и проступкахъ по службѣ Государственной и общественной, ст. 371—549, 782—795, 959—975, 1022—1031, 1068—1072, 1361—1364, 1396—1406, 1410—1414 и 1429 (улож 1866 г. ст. 329—504, 533—539, 707—714, 805—821, 822—830, 854, 855, 1004—1007, 1058—1065, 1068—1072 и уст. о нак. ст. 65, 66, 102, 154—168.) — — — 3 — 10 — 5 — 8 — 12 — — — — — — — — — — — — — — — 12 — 25 — 1 — — — Отдѣленіе V.Отдѣленіе V. О преступленіяхъ и проступкахъ противъ постановленій о повинностяхъ земскихъ ст. 593—598 (улож. 1866 г. ст. 540—545.)— — — — — — — — — 1 — — — — — — — — — — — — — — — 1 — — — — — — — Отдѣленіе VI.Отдѣленіе VI. О нарушеніи уставовъ монетныхъ, ст. 608—630 (улож. 1866 г. ст. 556—578.) — — 4 — — — — — — 6 — 18 3 — — — 1 1 — — — — — — — 8 2 5 2 12 — — — — — О нарушеніи постановленій по питейному сбору и акцизу, ст. 718—795 (улож. 1866 г. ст. 665—717.) — — — — — — — — 3 — 1 — — — — — 2 — — — — — — — 4 — 2 — — — — — — — Отдѣленіе VII.Отдѣленіе VII. О преступленіяхъ и проступкахъ противъ постановленій ограждающихъ народное здравіе, ст. 1044—115* (улож. 1866 г. ст. 831—900 и уст. о нак. ст. 55, 56, 102, 104—109, 112—16 и 173.) — — — 1 — — — — — — — — — 1 — — — — — — — — — — — — — 1 — — — — — — — — О возбужденіи къ начатію или продолженію противузаконныхъ исковъ и тяжбъ о лживыхъ доносахъ, лжесвидѣтельствѣ и ложныхъ показаніяхъ на повальныхъ обыскахъ, ст. 1205—1212 (улож. 1866 г. ст. 939—946.) — — — — — — — — — — — 1 — — — — — — — — — — — — — — — 1 — — — — — — — О бродяжествѣ, укрывательствѣ бѣглыхъ и нарушеніи постановленій о паспортахъ, ст. 1216—1272 (улож. 1866 г. ст. 950—983 и уст. о нак. ст. 29, 58, 60, 61, 62 и 77.) — — — — — — — — — — — — 4 — — — 6 — 21 — — — — — — — 5 — 8 — 8 — 8 — 2 — О противузаконномъ выдѣлываніи и храненіи оружія или пороха и нарушеніи другихъ правилъ осторожности, ст. 1295— 1328 (улож. 1866 г. ст. 986—989 и уст. о нак. ст. 29, 32, 117—126, 129 и 987.) — — — — — — — — — — — 6 — — — — — 1 — — — 3 — 3 — 1 — — — — — — — — — О преступленіяхъ противъ общественной нравственности, ст. 1336—1360 (улож. 1866 г. ст. 993—1003 уст. о нак. ст. 42— 45.)— — — — — — — — — — — — — — — 1 — — — — — — — — — 1 — — — — — — — О нарушеніи правилъ осторожности отъ пожаровъ, ст. 1429—1473 (улож. 1866 г. ст. 1076 и 1077 уст. о нак. ст. 29, 66, 88, 89, 80, 91, 93—98 и 117.) — — — — — — — — — — — — — 2 — — — — — 2 — — — — — — — — — 3 — 1 — — — — — По преступленіямъ, исчисленнымъ въ VIII отдѣленіи, дѣлъ въ разсмотрѣніи не было. — — — — — — — — — — — — — — — — — — — — — — — — — — — — — — — — — — — Отдѣленіе IХ.Отдѣленіе IХ. О смертоубійствѣ, ст. 1998—2020 (улож. 1866 г. ст. 1449—1471.) — — — 27 — — — — — — 17 4 25 12 6 3 5 6 9 2 2 — — — 4 — 13 10 26 15 20 2 1 — — — О самоубійствѣ, ст. 2021—2025 (улож. 1866 г. ст. 1472—1476.) — — — — — — — — — — — — 1 — — — — — — — — — — — — — 1 — — — — — — — — — О нанесеніи увѣчья, ранъ и другихъ поврежденій, ст. 2026—2047 (улож. 1866 г. ст. 1471—1496 и уст. о нак. ст. 129.)4 1 — — — — — 13 1 26 3 12 — 2 — — — — — — — 2 — 12 2 12 2 15 — 1* — 3 — О преступленіяхъ противъ чести и цѣломудрія женщинъ, ст. 2076—2085 (улож. 1866 г. ст. 1523—1532.) — — — — — — — — 1 — 5 — — — 4 — 2 — — — — — 1 — 3 — 5 — 3 — — — — — О личныхъ оскорбленіяхъ, ст. 2086—2094 (улож. 1860 г. ст. 1533 и 1534 и уст. о нак. ст. 130—135.) — 2 — — 1 — 2 — 6 1 4 — — — 2 — 1 1 — — — — — — 5 1 6 1 4 — 1 — — — О противузаконномъ задержаніи и заключеніи ст. 2103—2108 (улож. 1866 г. ст. 1540—1544 и уст. о нак. ст. 142.) — — — — — — — — — 2 — — — — — — — — — — — — — — — — — 2 — — — — — Отдѣленіе Х.Отдѣленіе Х. О преступленіяхъ противъ союза брачнаго, ст. 2118—2156 (улож. 1866 г. ст. 1549—1585.) — — 2 — — — — — — 1 1 — 1 — — — — — — — — — — — — 1 2 — — — — — — — — О преступленіи дѣтей противъ родителей, ст. 2162—2165 (улож. 1866 г. ст. 1591 и 1692 и уст. о нак. ст. 132 и 143.) 4 — — — — — — 2 1 6 — — — 3 — — 3 — — — — 8 3 3 1 — — — — — — — — Отдѣленіе ХI. Отдѣленіе ХI. О насильственномъ завладѣніи чужимъ недвижимымъ имуществомъ и о истребленіи граничныхъ межъ и знаков ст. 2173— 2184 (улож. 1866 г. ст. 1601—1605 и уст. о нак. ст. 142, 144, 145, 147—149, 152 и 155.) — — — — — — — — — 1 — 2 — 1 — — — — — — — — — — — 1 — 1 — 1 — — — 1 — О зажигательствѣ, ст. 2185—2195 (улож. 1866 г. ст. 1606—1615 и уст. о нак. ст. 98.) — — 6 — — — — — — 3 — 1 4 — — — — — 2 — — — — — — 1 2 3 3 1 — — — О разбоѣ, ст. 2208—2217 (улож. 1866 г. ст. 1627—636.) — — — 2 — — — — — — 4 1 12 1 3 — 4 — 8 — — — — — — — 14 2 16 — 1 — — — — — О грабежѣ, ст. 2218—2224 (улож. 1866 г. ст. 1637—1643.) — — — 8 — — — — — — 5 3 15 2 3 1 8 2 8 — — — — — 6 — 7 5 18 3 8 — — — — — О воровствѣ-кражѣ, ст. 2225—2251 (улож. 1866 г. ст. 1644—1664 и уст. о нак. ст. 169 и 170.) — — 11 — — — — — — 28 2 35 6 16 — 37 2 30 1 — — — — 15 3 25 5 56 3 36 — 6 — 8 — О воровствѣ-мошенничествѣ, ст. 2252—2267 (улож. 1866 г. ст. 1665—1676 и уст. о нак. ст. 173—175.) — — — — — — — — — 1 — — — — — — — — — — — — — 1 — — — — — — — — — О присвоеніи ввѣреннаго чужаго движимаго имущества, ст. 2272 (улож. 1866 г. ст. 1681, 1682 и уст. о наказ. ст. 177.)1 — — — — — — 2 — 2 1 — — 1 — — — — — — — — — 3 1 1 — 1 — — — — — О преступленіяхъ и проступкахъ по договорамъ и другимъ обязательствамъ, ст. 2278—2304 (улож. 1866 г. ст. 1688—1711 и уст. о нак. ст. 174 и 180.) — — — — — — — 4 — 6 — — — 3 — 2 — — — — — — — 8 — 4 — 2 — 1 — — — По происшествіямъ нечаяннымъ: по неосторожности и другимъ случаямъ, не отнесеннымъ къ вышеприведеннымъ родамъ и видамъ.— — — — — — — — — 1 — — — 1 — — — — — — — — — 1 — 1 — — — — — — — Итого — — 76 4 — 11 — 7 — 105 14 199 36 41 4 80 13 93 9 2 — 3 — 41 7 124 37 190 29 142 3 28 — 14 — Примѣчанiе:Примѣчанiе: Отъ 1869 г. оставалось арестантовъ: 3 м. 1 ж. об. пола 4. Въ 1870 г. поступило: 151 м. * пола 178. Въ 1870 г. выбыло: 143 м. 25 ж. об. пола 168. За тѣмъ къ 1871 г. осталось: 11 м. 3 ж. об. пола 14. * Столбец прошит Вѣрно: Гражданскiй Губернаторъ Лохвицкiй С в ѣрялъ исправляющій должность Секретаря Статистическаго Комитета Ловянъ
d183;1866 г.;;121 Родъ преступленiй Родъ преступленiй * ныхъ Въ томъ числѣВъ томъ числѣ Возрастъ преступниковъВозрастъ преступниковъ Дворянъ потомственныхъ Дворянъ личныхъ Почетныхъ гражданъ и купцовъ Мещанъ Крестьянъ Военнаго сословiя Инородцевъ Поселенцевъ Ссыльно-каторжныхъ Ниже 17— 17—20 21—30 31—40 41- 50 51-60 Свыше 60 ж. м. ж. м. ж. м. ж. м. ж. м. ж. м. ж. м. ж. м. ж. м. ж. м. ж. м. ж. м. ж. м. ж. м. м м. ж. м. ж. Отдѣленіе I.Отдѣленіе I. Объ отступленіи отъ вѣры и постановленій церкви, ст. 200—234 (Улож. 1866 г. ст. 184—209 и уст. о нак. ст. 38, 63, 64, 48 и 107.)2 — — — — — — — — 5 2 — — — — — — — — — — 2 1 2 1 1 — — — — — — — О святотатствѣ, ст. 253—269 (Улож. 1866 г. ст. 219—235 и уст. о нак. ст. 170 п. 1.) — — 2 — — — — — — 1 — 3 — — — 3 2 2 — — — — — — — 3 2 6 — — — — — — — По преступленіямъ, исчисленнымъ во II отдѣленіи, дѣлъ въ разсмотрѣніи не было. — — — — — — — — — — — — — — — — — — — — — — — — — — — — — — — — — — — Отдѣленіе III.Отдѣленіе III. О самовольномъ присвоеніи власти и составленіи подложныхъ указовъ и другихъ исходящихъ отъ Правительства бумагъ, ст. 329—341 (улож. 1866 г. ст. 289—301 и уст. о нак. ст. 34.) — — — — — — — — — — — — — — — — 1 — — — — — — — — — — — 1 — — — — — — — О похищеніи бумагъ или вещей изъ присутственныхъ мѣстъ и уничтоженіе постановленныхъ или приложенныхъ по распоряженію правительства знаковъ, ст. 343—347 (улож. 1866 г. ст. 303—307 и уст. о нак. ст. 32.) — — — — — — — — — — — — — — — — — 1 — — — — — — — 1 — — — — — — — — — О взломѣ тюрьмъ, уводѣ и побѣгѣ находящихся подъ стражею или надзоромъ, ст. 348—359 (улож. 1866 ст. 308—317 и уст. о нак. ст. 63.) — — — — — — — — — — — — — 2 — — — — — 2 — — — — — — — 1 — 3 — — — — — — — Отдѣленіе IV.Отдѣленіе IV. О преступленіяхъ и проступкахъ по службѣ Государственной и общественной, ст. 371—549, 782—795, 959—975, 1022—1031, 1068—1072, 1361—1364, 1396—1406, 1410—1414 и 1429 (улож 1866 г. ст. 329—504, 533—539, 707—714, 805—821, 822—830, 854, 855, 1004—1007, 1058—1065, 1068—1072 и уст. о нак. ст. 65, 66, 102, 154—168.) — — — 3 — 10 — 5 — 8 — 12 — — — — — — — — — — — — — — — 12 — 25 — 1 — — — Отдѣленіе V.Отдѣленіе V. О преступленіяхъ и проступкахъ противъ постановленій о повинностяхъ земскихъ ст. 593—598 (улож. 1866 г. ст. 540—545.)— — — — — — — — — 1 — — — — — — — — — — — — — — — 1 — — — — — — — Отдѣленіе VI.Отдѣленіе VI. О нарушеніи уставовъ монетныхъ, ст. 608—630 (улож. 1866 г. ст. 556—578.) — — 4 — — — — — — 6 — 18 3 — — — 1 1 — — — — — — — 8 2 5 2 12 — — — — — О нарушеніи постановленій по питейному сбору и акцизу, ст. 718—795 (улож. 1866 г. ст. 665—717.) — — — — — — — — 3 — 1 — — — — — 2 — — — — — — — 4 — 2 — — — — — — — Отдѣленіе VII.Отдѣленіе VII. О преступленіяхъ и проступкахъ противъ постановленій ограждающихъ народное здравіе, ст. 1044—115* (улож. 1866 г. ст. 831—900 и уст. о нак. ст. 55, 56, 102, 104—109, 112—16 и 173.) — — — 1 — — — — — — — — — 1 — — — — — — — — — — — — — 1 — — — — — — — — О возбужденіи къ начатію или продолженію противузаконныхъ исковъ и тяжбъ о лживыхъ доносахъ, лжесвидѣтельствѣ и ложныхъ показаніяхъ на повальныхъ обыскахъ, ст. 1205—1212 (улож. 1866 г. ст. 939—946.) — — — — — — — — — — — 1 — — — — — — — — — — — — — — — 1 — — — — — — — О бродяжествѣ, укрывательствѣ бѣглыхъ и нарушеніи постановленій о паспортахъ, ст. 1216—1272 (улож. 1866 г. ст. 950—983 и уст. о нак. ст. 29, 58, 60, 61, 62 и 77.) — — — — — — — — — — — — 4 — — — 6 — 21 — — — — — — — 5 — 8 — 8 — 8 — 2 — О противузаконномъ выдѣлываніи и храненіи оружія или пороха и нарушеніи другихъ правилъ осторожности, ст. 1295— 1328 (улож. 1866 г. ст. 986—989 и уст. о нак. ст. 29, 32, 117—126, 129 и 987.) — — — — — — — — — — — 6 — — — — — 1 — — — 3 — 3 — 1 — — — — — — — — — О преступленіяхъ противъ общественной нравственности, ст. 1336—1360 (улож. 1866 г. ст. 993—1003 уст. о нак. ст. 42— 45.)— — — — — — — — — — — — — — — 1 — — — — — — — — — 1 — — — — — — — О нарушеніи правилъ осторожности отъ пожаровъ, ст. 1429—1473 (улож. 1866 г. ст. 1076 и 1077 уст. о нак. ст. 29, 66, 88, 89, 80, 91, 93—98 и 117.) — — — — — — — — — — — — — 2 — — — — — 2 — — — — — — — — — 3 — 1 — — — — — По преступленіямъ, исчисленнымъ въ VIII отдѣленіи, дѣлъ въ разсмотрѣніи не было. — — — — — — — — — — — — — — — — — — — — — — — — — — — — — — — — — — — Отдѣленіе IХ.Отдѣленіе IХ. О смертоубійствѣ, ст. 1998—2020 (улож. 1866 г. ст. 1449—1471.) — — — 27 — — — — — — 17 4 25 12 6 3 5 6 9 2 2 — — — 4 — 13 10 26 15 20 2 1 — — — О самоубійствѣ, ст. 2021—2025 (улож. 1866 г. ст. 1472—1476.) — — — — — — — — — — — — 1 — — — — — — — — — — — — — 1 — — — — — — — — — О нанесеніи увѣчья, ранъ и другихъ поврежденій, ст. 2026—2047 (улож. 1866 г. ст. 1471—1496 и уст. о нак. ст. 129.)4 1 — — — — — 13 1 26 3 12 — 2 — — — — — — — 2 — 12 2 12 2 15 — 1* — 3 — О преступленіяхъ противъ чести и цѣломудрія женщинъ, ст. 2076—2085 (улож. 1866 г. ст. 1523—1532.) — — — — — — — — 1 — 5 — — — 4 — 2 — — — — — 1 — 3 — 5 — 3 — — — — — О личныхъ оскорбленіяхъ, ст. 2086—2094 (улож. 1860 г. ст. 1533 и 1534 и уст. о нак. ст. 130—135.) — 2 — — 1 — 2 — 6 1 4 — — — 2 — 1 1 — — — — — — 5 1 6 1 4 — 1 — — — О противузаконномъ задержаніи и заключеніи ст. 2103—2108 (улож. 1866 г. ст. 1540—1544 и уст. о нак. ст. 142.) — — — — — — — — — 2 — — — — — — — — — — — — — — — — — 2 — — — — — Отдѣленіе Х.Отдѣленіе Х. О преступленіяхъ противъ союза брачнаго, ст. 2118—2156 (улож. 1866 г. ст. 1549—1585.) — — 2 — — — — — — 1 1 — 1 — — — — — — — — — — — — 1 2 — — — — — — — — О преступленіи дѣтей противъ родителей, ст. 2162—2165 (улож. 1866 г. ст. 1591 и 1692 и уст. о нак. ст. 132 и 143.) 4 — — — — — — 2 1 6 — — — 3 — — 3 — — — — 8 3 3 1 — — — — — — — — Отдѣленіе ХI. Отдѣленіе ХI. О насильственномъ завладѣніи чужимъ недвижимымъ имуществомъ и о истребленіи граничныхъ межъ и знаков ст. 2173— 2184 (улож. 1866 г. ст. 1601—1605 и уст. о нак. ст. 142, 144, 145, 147—149, 152 и 155.) — — — — — — — — — 1 — 2 — 1 — — — — — — — — — — — 1 — 1 — 1 — — — 1 — О зажигательствѣ, ст. 2185—2195 (улож. 1866 г. ст. 1606—1615 и уст. о нак. ст. 98.) — — 6 — — — — — — 3 — 1 4 — — — — — 2 — — — — — — 1 2 3 3 1 — — — О разбоѣ, ст. 2208—2217 (улож. 1866 г. ст. 1627—636.) — — — 2 — — — — — — 4 1 12 1 3 — 4 — 8 — — — — — — — 14 2 16 — 1 — — — — — О грабежѣ, ст. 2218—2224 (улож. 1866 г. ст. 1637—1643.) — — — 8 — — — — — — 5 3 15 2 3 1 8 2 8 — — — — — 6 — 7 5 18 3 8 — — — — — О воровствѣ-кражѣ, ст. 2225—2251 (улож. 1866 г. ст. 1644—1664 и уст. о нак. ст. 169 и 170.) — — 11 — — — — — — 28 2 35 6 16 — 37 2 30 1 — — — — 15 3 25 5 56 3 36 — 6 — 8 — О воровствѣ-мошенничествѣ, ст. 2252—2267 (улож. 1866 г. ст. 1665—1676 и уст. о нак. ст. 173—175.) — — — — — — — — — 1 — — — — — — — — — — — — — 1 — — — — — — — — — О присвоеніи ввѣреннаго чужаго движимаго имущества, ст. 2272 (улож. 1866 г. ст. 1681, 1682 и уст. о наказ. ст. 177.)1 — — — — — — 2 — 2 1 — — 1 — — — — — — — — — 3 1 1 — 1 — — — — — О преступленіяхъ и проступкахъ по договорамъ и другимъ обязательствамъ, ст. 2278—2304 (улож. 1866 г. ст. 1688—1711 и уст. о нак. ст. 174 и 180.) — — — — — — — 4 — 6 — — — 3 — 2 — — — — — — — 8 — 4 — 2 — 1 — — — По происшествіямъ нечаяннымъ: по неосторожности и другимъ случаямъ, не отнесеннымъ къ вышеприведеннымъ родамъ и видамъ.— — — — — — — — — 1 — — — 1 — — — — — — — — — 1 — 1 — — — — — — — Итого — — 76 4 — 11 — 7 — 105 14 199 36 41 4 80 13 93 9 2 — 3 — 41 7 124 37 190 29 142 3 28 — 14 — Примѣчанiе:Примѣчанiе: Отъ 1869 г. оставалось арестантовъ: 3 м. 1 ж. об. пола 4. Въ 1870 г. поступило: 151 м. * пола 178. Въ 1870 г. выбыло: 143 м. 25 ж. об. пола 168. За тѣмъ къ 1871 г. осталось: 11 м. 3 ж. об. пола 14. * Столбец прошит Вѣрно: Гражданскiй Губернаторъ Лохвицкiй С в ѣрялъ исправляющій должность Секретаря Статистическаго Комитета Ловянъ
d184;1866 г.;;121 Родъ преступленiй Родъ преступленiй * ныхъ Въ томъ числѣВъ томъ числѣ Возрастъ преступниковъВозрастъ преступниковъ Дворянъ потомственныхъ Дворянъ личныхъ Почетныхъ гражданъ и купцовъ Мещанъ Крестьянъ Военнаго сословiя Инородцевъ Поселенцевъ Ссыльно-каторжныхъ Ниже 17— 17—20 21—30 31—40 41- 50 51-60 Свыше 60 ж. м. ж. м. ж. м. ж. м. ж. м. ж. м. ж. м. ж. м. ж. м. ж. м. ж. м. ж. м. ж. м. ж. м. м м. ж. м. ж. Отдѣленіе I.Отдѣленіе I. Объ отступленіи отъ вѣры и постановленій церкви, ст. 200—234 (Улож. 1866 г. ст. 184—209 и уст. о нак. ст. 38, 63, 64, 48 и 107.)2 — — — — — — — — 5 2 — — — — — — — — — — 2 1 2 1 1 — — — — — — — О святотатствѣ, ст. 253—269 (Улож. 1866 г. ст. 219—235 и уст. о нак. ст. 170 п. 1.) — — 2 — — — — — — 1 — 3 — — — 3 2 2 — — — — — — — 3 2 6 — — — — — — — По преступленіямъ, исчисленнымъ во II отдѣленіи, дѣлъ въ разсмотрѣніи не было. — — — — — — — — — — — — — — — — — — — — — — — — — — — — — — — — — — — Отдѣленіе III.Отдѣленіе III. О самовольномъ присвоеніи власти и составленіи подложныхъ указовъ и другихъ исходящихъ отъ Правительства бумагъ, ст. 329—341 (улож. 1866 г. ст. 289—301 и уст. о нак. ст. 34.) — — — — — — — — — — — — — — — — 1 — — — — — — — — — — — 1 — — — — — — — О похищеніи бумагъ или вещей изъ присутственныхъ мѣстъ и уничтоженіе постановленныхъ или приложенныхъ по распоряженію правительства знаковъ, ст. 343—347 (улож. 1866 г. ст. 303—307 и уст. о нак. ст. 32.) — — — — — — — — — — — — — — — — — 1 — — — — — — — 1 — — — — — — — — — О взломѣ тюрьмъ, уводѣ и побѣгѣ находящихся подъ стражею или надзоромъ, ст. 348—359 (улож. 1866 ст. 308—317 и уст. о нак. ст. 63.) — — — — — — — — — — — — — 2 — — — — — 2 — — — — — — — 1 — 3 — — — — — — — Отдѣленіе IV.Отдѣленіе IV. О преступленіяхъ и проступкахъ по службѣ Государственной и общественной, ст. 371—549, 782—795, 959—975, 1022—1031, 1068—1072, 1361—1364, 1396—1406, 1410—1414 и 1429 (улож 1866 г. ст. 329—504, 533—539, 707—714, 805—821, 822—830, 854, 855, 1004—1007, 1058—1065, 1068—1072 и уст. о нак. ст. 65, 66, 102, 154—168.) — — — 3 — 10 — 5 — 8 — 12 — — — — — — — — — — — — — — — 12 — 25 — 1 — — — Отдѣленіе V.Отдѣленіе V. О преступленіяхъ и проступкахъ противъ постановленій о повинностяхъ земскихъ ст. 593—598 (улож. 1866 г. ст. 540—545.)— — — — — — — — — 1 — — — — — — — — — — — — — — — 1 — — — — — — — Отдѣленіе VI.Отдѣленіе VI. О нарушеніи уставовъ монетныхъ, ст. 608—630 (улож. 1866 г. ст. 556—578.) — — 4 — — — — — — 6 — 18 3 — — — 1 1 — — — — — — — 8 2 5 2 12 — — — — — О нарушеніи постановленій по питейному сбору и акцизу, ст. 718—795 (улож. 1866 г. ст. 665—717.) — — — — — — — — 3 — 1 — — — — — 2 — — — — — — — 4 — 2 — — — — — — — Отдѣленіе VII.Отдѣленіе VII. О преступленіяхъ и проступкахъ противъ постановленій ограждающихъ народное здравіе, ст. 1044—115* (улож. 1866 г. ст. 831—900 и уст. о нак. ст. 55, 56, 102, 104—109, 112—16 и 173.) — — — 1 — — — — — — — — — 1 — — — — — — — — — — — — — 1 — — — — — — — — О возбужденіи къ начатію или продолженію противузаконныхъ исковъ и тяжбъ о лживыхъ доносахъ, лжесвидѣтельствѣ и ложныхъ показаніяхъ на повальныхъ обыскахъ, ст. 1205—1212 (улож. 1866 г. ст. 939—946.) — — — — — — — — — — — 1 — — — — — — — — — — — — — — — 1 — — — — — — — О бродяжествѣ, укрывательствѣ бѣглыхъ и нарушеніи постановленій о паспортахъ, ст. 1216—1272 (улож. 1866 г. ст. 950—983 и уст. о нак. ст. 29, 58, 60, 61, 62 и 77.) — — — — — — — — — — — — 4 — — — 6 — 21 — — — — — — — 5 — 8 — 8 — 8 — 2 — О противузаконномъ выдѣлываніи и храненіи оружія или пороха и нарушеніи другихъ правилъ осторожности, ст. 1295— 1328 (улож. 1866 г. ст. 986—989 и уст. о нак. ст. 29, 32, 117—126, 129 и 987.) — — — — — — — — — — — 6 — — — — — 1 — — — 3 — 3 — 1 — — — — — — — — — О преступленіяхъ противъ общественной нравственности, ст. 1336—1360 (улож. 1866 г. ст. 993—1003 уст. о нак. ст. 42— 45.)— — — — — — — — — — — — — — — 1 — — — — — — — — — 1 — — — — — — — О нарушеніи правилъ осторожности отъ пожаровъ, ст. 1429—1473 (улож. 1866 г. ст. 1076 и 1077 уст. о нак. ст. 29, 66, 88, 89, 80, 91, 93—98 и 117.) — — — — — — — — — — — — — 2 — — — — — 2 — — — — — — — — — 3 — 1 — — — — — По преступленіямъ, исчисленнымъ въ VIII отдѣленіи, дѣлъ въ разсмотрѣніи не было. — — — — — — — — — — — — — — — — — — — — — — — — — — — — — — — — — — — Отдѣленіе IХ.Отдѣленіе IХ. О смертоубійствѣ, ст. 1998—2020 (улож. 1866 г. ст. 1449—1471.) — — — 27 — — — — — — 17 4 25 12 6 3 5 6 9 2 2 — — — 4 — 13 10 26 15 20 2 1 — — — О самоубійствѣ, ст. 2021—2025 (улож. 1866 г. ст. 1472—1476.) — — — — — — — — — — — — 1 — — — — — — — — — — — — — 1 — — — — — — — — — О нанесеніи увѣчья, ранъ и другихъ поврежденій, ст. 2026—2047 (улож. 1866 г. ст. 1471—1496 и уст. о нак. ст. 129.)4 1 — — — — — 13 1 26 3 12 — 2 — — — — — — — 2 — 12 2 12 2 15 — 1* — 3 — О преступленіяхъ противъ чести и цѣломудрія женщинъ, ст. 2076—2085 (улож. 1866 г. ст. 1523—1532.) — — — — — — — — 1 — 5 — — — 4 — 2 — — — — — 1 — 3 — 5 — 3 — — — — — О личныхъ оскорбленіяхъ, ст. 2086—2094 (улож. 1860 г. ст. 1533 и 1534 и уст. о нак. ст. 130—135.) — 2 — — 1 — 2 — 6 1 4 — — — 2 — 1 1 — — — — — — 5 1 6 1 4 — 1 — — — О противузаконномъ задержаніи и заключеніи ст. 2103—2108 (улож. 1866 г. ст. 1540—1544 и уст. о нак. ст. 142.) — — — — — — — — — 2 — — — — — — — — — — — — — — — — — 2 — — — — — Отдѣленіе Х.Отдѣленіе Х. О преступленіяхъ противъ союза брачнаго, ст. 2118—2156 (улож. 1866 г. ст. 1549—1585.) — — 2 — — — — — — 1 1 — 1 — — — — — — — — — — — — 1 2 — — — — — — — — О преступленіи дѣтей противъ родителей, ст. 2162—2165 (улож. 1866 г. ст. 1591 и 1692 и уст. о нак. ст. 132 и 143.) 4 — — — — — — 2 1 6 — — — 3 — — 3 — — — — 8 3 3 1 — — — — — — — — Отдѣленіе ХI. Отдѣленіе ХI. О насильственномъ завладѣніи чужимъ недвижимымъ имуществомъ и о истребленіи граничныхъ межъ и знаков ст. 2173— 2184 (улож. 1866 г. ст. 1601—1605 и уст. о нак. ст. 142, 144, 145, 147—149, 152 и 155.) — — — — — — — — — 1 — 2 — 1 — — — — — — — — — — — 1 — 1 — 1 — — — 1 — О зажигательствѣ, ст. 2185—2195 (улож. 1866 г. ст. 1606—1615 и уст. о нак. ст. 98.) — — 6 — — — — — — 3 — 1 4 — — — — — 2 — — — — — — 1 2 3 3 1 — — — О разбоѣ, ст. 2208—2217 (улож. 1866 г. ст. 1627—636.) — — — 2 — — — — — — 4 1 12 1 3 — 4 — 8 — — — — — — — 14 2 16 — 1 — — — — — О грабежѣ, ст. 2218—2224 (улож. 1866 г. ст. 1637—1643.) — — — 8 — — — — — — 5 3 15 2 3 1 8 2 8 — — — — — 6 — 7 5 18 3 8 — — — — — О воровствѣ-кражѣ, ст. 2225—2251 (улож. 1866 г. ст. 1644—1664 и уст. о нак. ст. 169 и 170.) — — 11 — — — — — — 28 2 35 6 16 — 37 2 30 1 — — — — 15 3 25 5 56 3 36 — 6 — 8 — О воровствѣ-мошенничествѣ, ст. 2252—2267 (улож. 1866 г. ст. 1665—1676 и уст. о нак. ст. 173—175.) — — — — — — — — — 1 — — — — — — — — — — — — — 1 — — — — — — — — — О присвоеніи ввѣреннаго чужаго движимаго имущества, ст. 2272 (улож. 1866 г. ст. 1681, 1682 и уст. о наказ. ст. 177.)1 — — — — — — 2 — 2 1 — — 1 — — — — — — — — — 3 1 1 — 1 — — — — — О преступленіяхъ и проступкахъ по договорамъ и другимъ обязательствамъ, ст. 2278—2304 (улож. 1866 г. ст. 1688—1711 и уст. о нак. ст. 174 и 180.) — — — — — — — 4 — 6 — — — 3 — 2 — — — — — — — 8 — 4 — 2 — 1 — — — По происшествіямъ нечаяннымъ: по неосторожности и другимъ случаямъ, не отнесеннымъ къ вышеприведеннымъ родамъ и видамъ.— — — — — — — — — 1 — — — 1 — — — — — — — — — 1 — 1 — — — — — — — Итого — — 76 4 — 11 — 7 — 105 14 199 36 41 4 80 13 93 9 2 — 3 — 41 7 124 37 190 29 142 3 28 — 14 — Примѣчанiе:Примѣчанiе: Отъ 1869 г. оставалось арестантовъ: 3 м. 1 ж. об. пола 4. Въ 1870 г. поступило: 151 м. * пола 178. Въ 1870 г. выбыло: 143 м. 25 ж. об. пола 168. За тѣмъ къ 1871 г. осталось: 11 м. 3 ж. об. пола 14. * Столбец прошит Вѣрно: Гражданскiй Губернаторъ Лохвицкiй С в ѣрялъ исправляющій должность Секретаря Статистическаго Комитета Ловянъ
d185;1866 г.;;121 Родъ преступленiй Родъ преступленiй * ныхъ Въ томъ числѣВъ томъ числѣ Возрастъ преступниковъВозрастъ преступниковъ Дворянъ потомственныхъ Дворянъ личныхъ Почетныхъ гражданъ и купцовъ Мещанъ Крестьянъ Военнаго сословiя Инородцевъ Поселенцевъ Ссыльно-каторжныхъ Ниже 17— 17—20 21—30 31—40 41- 50 51-60 Свыше 60 ж. м. ж. м. ж. м. ж. м. ж. м. ж. м. ж. м. ж. м. ж. м. ж. м. ж. м. ж. м. ж. м. ж. м. м м. ж. м. ж. Отдѣленіе I.Отдѣленіе I. Объ отступленіи отъ вѣры и постановленій церкви, ст. 200—234 (Улож. 1866 г. ст. 184—209 и уст. о нак. ст. 38, 63, 64, 48 и 107.)2 — — — — — — — — 5 2 — — — — — — — — — — 2 1 2 1 1 — — — — — — — О святотатствѣ, ст. 253—269 (Улож. 1866 г. ст. 219—235 и уст. о нак. ст. 170 п. 1.) — — 2 — — — — — — 1 — 3 — — — 3 2 2 — — — — — — — 3 2 6 — — — — — — — По преступленіямъ, исчисленнымъ во II отдѣленіи, дѣлъ въ разсмотрѣніи не было. — — — — — — — — — — — — — — — — — — — — — — — — — — — — — — — — — — — Отдѣленіе III.Отдѣленіе III. О самовольномъ присвоеніи власти и составленіи подложныхъ указовъ и другихъ исходящихъ отъ Правительства бумагъ, ст. 329—341 (улож. 1866 г. ст. 289—301 и уст. о нак. ст. 34.) — — — — — — — — — — — — — — — — 1 — — — — — — — — — — — 1 — — — — — — — О похищеніи бумагъ или вещей изъ присутственныхъ мѣстъ и уничтоженіе постановленныхъ или приложенныхъ по распоряженію правительства знаковъ, ст. 343—347 (улож. 1866 г. ст. 303—307 и уст. о нак. ст. 32.) — — — — — — — — — — — — — — — — — 1 — — — — — — — 1 — — — — — — — — — О взломѣ тюрьмъ, уводѣ и побѣгѣ находящихся подъ стражею или надзоромъ, ст. 348—359 (улож. 1866 ст. 308—317 и уст. о нак. ст. 63.) — — — — — — — — — — — — — 2 — — — — — 2 — — — — — — — 1 — 3 — — — — — — — Отдѣленіе IV.Отдѣленіе IV. О преступленіяхъ и проступкахъ по службѣ Государственной и общественной, ст. 371—549, 782—795, 959—975, 1022—1031, 1068—1072, 1361—1364, 1396—1406, 1410—1414 и 1429 (улож 1866 г. ст. 329—504, 533—539, 707—714, 805—821, 822—830, 854, 855, 1004—1007, 1058—1065, 1068—1072 и уст. о нак. ст. 65, 66, 102, 154—168.) — — — 3 — 10 — 5 — 8 — 12 — — — — — — — — — — — — — — — 12 — 25 — 1 — — — Отдѣленіе V.Отдѣленіе V. О преступленіяхъ и проступкахъ противъ постановленій о повинностяхъ земскихъ ст. 593—598 (улож. 1866 г. ст. 540—545.)— — — — — — — — — 1 — — — — — — — — — — — — — — — 1 — — — — — — — Отдѣленіе VI.Отдѣленіе VI. О нарушеніи уставовъ монетныхъ, ст. 608—630 (улож. 1866 г. ст. 556—578.) — — 4 — — — — — — 6 — 18 3 — — — 1 1 — — — — — — — 8 2 5 2 12 — — — — — О нарушеніи постановленій по питейному сбору и акцизу, ст. 718—795 (улож. 1866 г. ст. 665—717.) — — — — — — — — 3 — 1 — — — — — 2 — — — — — — — 4 — 2 — — — — — — — Отдѣленіе VII.Отдѣленіе VII. О преступленіяхъ и проступкахъ противъ постановленій ограждающихъ народное здравіе, ст. 1044—115* (улож. 1866 г. ст. 831—900 и уст. о нак. ст. 55, 56, 102, 104—109, 112—16 и 173.) — — — 1 — — — — — — — — — 1 — — — — — — — — — — — — — 1 — — — — — — — — О возбужденіи къ начатію или продолженію противузаконныхъ исковъ и тяжбъ о лживыхъ доносахъ, лжесвидѣтельствѣ и ложныхъ показаніяхъ на повальныхъ обыскахъ, ст. 1205—1212 (улож. 1866 г. ст. 939—946.) — — — — — — — — — — — 1 — — — — — — — — — — — — — — — 1 — — — — — — — О бродяжествѣ, укрывательствѣ бѣглыхъ и нарушеніи постановленій о паспортахъ, ст. 1216—1272 (улож. 1866 г. ст. 950—983 и уст. о нак. ст. 29, 58, 60, 61, 62 и 77.) — — — — — — — — — — — — 4 — — — 6 — 21 — — — — — — — 5 — 8 — 8 — 8 — 2 — О противузаконномъ выдѣлываніи и храненіи оружія или пороха и нарушеніи другихъ правилъ осторожности, ст. 1295— 1328 (улож. 1866 г. ст. 986—989 и уст. о нак. ст. 29, 32, 117—126, 129 и 987.) — — — — — — — — — — — 6 — — — — — 1 — — — 3 — 3 — 1 — — — — — — — — — О преступленіяхъ противъ общественной нравственности, ст. 1336—1360 (улож. 1866 г. ст. 993—1003 уст. о нак. ст. 42— 45.)— — — — — — — — — — — — — — — 1 — — — — — — — — — 1 — — — — — — — О нарушеніи правилъ осторожности отъ пожаровъ, ст. 1429—1473 (улож. 1866 г. ст. 1076 и 1077 уст. о нак. ст. 29, 66, 88, 89, 80, 91, 93—98 и 117.) — — — — — — — — — — — — — 2 — — — — — 2 — — — — — — — — — 3 — 1 — — — — — По преступленіямъ, исчисленнымъ въ VIII отдѣленіи, дѣлъ въ разсмотрѣніи не было. — — — — — — — — — — — — — — — — — — — — — — — — — — — — — — — — — — — Отдѣленіе IХ.Отдѣленіе IХ. О смертоубійствѣ, ст. 1998—2020 (улож. 1866 г. ст. 1449—1471.) — — — 27 — — — — — — 17 4 25 12 6 3 5 6 9 2 2 — — — 4 — 13 10 26 15 20 2 1 — — — О самоубійствѣ, ст. 2021—2025 (улож. 1866 г. ст. 1472—1476.) — — — — — — — — — — — — 1 — — — — — — — — — — — — — 1 — — — — — — — — — О нанесеніи увѣчья, ранъ и другихъ поврежденій, ст. 2026—2047 (улож. 1866 г. ст. 1471—1496 и уст. о нак. ст. 129.)4 1 — — — — — 13 1 26 3 12 — 2 — — — — — — — 2 — 12 2 12 2 15 — 1* — 3 — О преступленіяхъ противъ чести и цѣломудрія женщинъ, ст. 2076—2085 (улож. 1866 г. ст. 1523—1532.) — — — — — — — — 1 — 5 — — — 4 — 2 — — — — — 1 — 3 — 5 — 3 — — — — — О личныхъ оскорбленіяхъ, ст. 2086—2094 (улож. 1860 г. ст. 1533 и 1534 и уст. о нак. ст. 130—135.) — 2 — — 1 — 2 — 6 1 4 — — — 2 — 1 1 — — — — — — 5 1 6 1 4 — 1 — — — О противузаконномъ задержаніи и заключеніи ст. 2103—2108 (улож. 1866 г. ст. 1540—1544 и уст. о нак. ст. 142.) — — — — — — — — — 2 — — — — — — — — — — — — — — — — — 2 — — — — — Отдѣленіе Х.Отдѣленіе Х. О преступленіяхъ противъ союза брачнаго, ст. 2118—2156 (улож. 1866 г. ст. 1549—1585.) — — 2 — — — — — — 1 1 — 1 — — — — — — — — — — — — 1 2 — — — — — — — — О преступленіи дѣтей противъ родителей, ст. 2162—2165 (улож. 1866 г. ст. 1591 и 1692 и уст. о нак. ст. 132 и 143.) 4 — — — — — — 2 1 6 — — — 3 — — 3 — — — — 8 3 3 1 — — — — — — — — Отдѣленіе ХI. Отдѣленіе ХI. О насильственномъ завладѣніи чужимъ недвижимымъ имуществомъ и о истребленіи граничныхъ межъ и знаков ст. 2173— 2184 (улож. 1866 г. ст. 1601—1605 и уст. о нак. ст. 142, 144, 145, 147—149, 152 и 155.) — — — — — — — — — 1 — 2 — 1 — — — — — — — — — — — 1 — 1 — 1 — — — 1 — О зажигательствѣ, ст. 2185—2195 (улож. 1866 г. ст. 1606—1615 и уст. о нак. ст. 98.) — — 6 — — — — — — 3 — 1 4 — — — — — 2 — — — — — — 1 2 3 3 1 — — — О разбоѣ, ст. 2208—2217 (улож. 1866 г. ст. 1627—636.) — — — 2 — — — — — — 4 1 12 1 3 — 4 — 8 — — — — — — — 14 2 16 — 1 — — — — — О грабежѣ, ст. 2218—2224 (улож. 1866 г. ст. 1637—1643.) — — — 8 — — — — — — 5 3 15 2 3 1 8 2 8 — — — — — 6 — 7 5 18 3 8 — — — — — О воровствѣ-кражѣ, ст. 2225—2251 (улож. 1866 г. ст. 1644—1664 и уст. о нак. ст. 169 и 170.) — — 11 — — — — — — 28 2 35 6 16 — 37 2 30 1 — — — — 15 3 25 5 56 3 36 — 6 — 8 — О воровствѣ-мошенничествѣ, ст. 2252—2267 (улож. 1866 г. ст. 1665—1676 и уст. о нак. ст. 173—175.) — — — — — — — — — 1 — — — — — — — — — — — — — 1 — — — — — — — — — О присвоеніи ввѣреннаго чужаго движимаго имущества, ст. 2272 (улож. 1866 г. ст. 1681, 1682 и уст. о наказ. ст. 177.)1 — — — — — — 2 — 2 1 — — 1 — — — — — — — — — 3 1 1 — 1 — — — — — О преступленіяхъ и проступкахъ по договорамъ и другимъ обязательствамъ, ст. 2278—2304 (улож. 1866 г. ст. 1688—1711 и уст. о нак. ст. 174 и 180.) — — — — — — — 4 — 6 — — — 3 — 2 — — — — — — — 8 — 4 — 2 — 1 — — — По происшествіямъ нечаяннымъ: по неосторожности и другимъ случаямъ, не отнесеннымъ къ вышеприведеннымъ родамъ и видамъ.— — — — — — — — — 1 — — — 1 — — — — — — — — — 1 — 1 — — — — — — — Итого — — 76 4 — 11 — 7 — 105 14 199 36 41 4 80 13 93 9 2 — 3 — 41 7 124 37 190 29 142 3 28 — 14 — Примѣчанiе:Примѣчанiе: Отъ 1869 г. оставалось арестантовъ: 3 м. 1 ж. об. пола 4. Въ 1870 г. поступило: 151 м. * пола 178. Въ 1870 г. выбыло: 143 м. 25 ж. об. пола 168. За тѣмъ къ 1871 г. осталось: 11 м. 3 ж. об. пола 14. * Столбец прошит Вѣрно: Гражданскiй Губернаторъ Лохвицкiй С в ѣрялъ исправляющій должность Секретаря Статистическаго Комитета Ловянъ
d186;1866 г.;;121 Родъ преступленiй Родъ преступленiй * ныхъ Въ томъ числѣВъ томъ числѣ Возрастъ преступниковъВозрастъ преступниковъ Дворянъ потомственныхъ Дворянъ личныхъ Почетныхъ гражданъ и купцовъ Мещанъ Крестьянъ Военнаго сословiя Инородцевъ Поселенцевъ Ссыльно-каторжныхъ Ниже 17— 17—20 21—30 31—40 41- 50 51-60 Свыше 60 ж. м. ж. м. ж. м. ж. м. ж. м. ж. м. ж. м. ж. м. ж. м. ж. м. ж. м. ж. м. ж. м. ж. м. м м. ж. м. ж. Отдѣленіе I.Отдѣленіе I. Объ отступленіи отъ вѣры и постановленій церкви, ст. 200—234 (Улож. 1866 г. ст. 184—209 и уст. о нак. ст. 38, 63, 64, 48 и 107.)2 — — — — — — — — 5 2 — — — — — — — — — — 2 1 2 1 1 — — — — — — — О святотатствѣ, ст. 253—269 (Улож. 1866 г. ст. 219—235 и уст. о нак. ст. 170 п. 1.) — — 2 — — — — — — 1 — 3 — — — 3 2 2 — — — — — — — 3 2 6 — — — — — — — По преступленіямъ, исчисленнымъ во II отдѣленіи, дѣлъ въ разсмотрѣніи не было. — — — — — — — — — — — — — — — — — — — — — — — — — — — — — — — — — — — Отдѣленіе III.Отдѣленіе III. О самовольномъ присвоеніи власти и составленіи подложныхъ указовъ и другихъ исходящихъ отъ Правительства бумагъ, ст. 329—341 (улож. 1866 г. ст. 289—301 и уст. о нак. ст. 34.) — — — — — — — — — — — — — — — — 1 — — — — — — — — — — — 1 — — — — — — — О похищеніи бумагъ или вещей изъ присутственныхъ мѣстъ и уничтоженіе постановленныхъ или приложенныхъ по распоряженію правительства знаковъ, ст. 343—347 (улож. 1866 г. ст. 303—307 и уст. о нак. ст. 32.) — — — — — — — — — — — — — — — — — 1 — — — — — — — 1 — — — — — — — — — О взломѣ тюрьмъ, уводѣ и побѣгѣ находящихся подъ стражею или надзоромъ, ст. 348—359 (улож. 1866 ст. 308—317 и уст. о нак. ст. 63.) — — — — — — — — — — — — — 2 — — — — — 2 — — — — — — — 1 — 3 — — — — — — — Отдѣленіе IV.Отдѣленіе IV. О преступленіяхъ и проступкахъ по службѣ Государственной и общественной, ст. 371—549, 782—795, 959—975, 1022—1031, 1068—1072, 1361—1364, 1396—1406, 1410—1414 и 1429 (улож 1866 г. ст. 329—504, 533—539, 707—714, 805—821, 822—830, 854, 855, 1004—1007, 1058—1065, 1068—1072 и уст. о нак. ст. 65, 66, 102, 154—168.) — — — 3 — 10 — 5 — 8 — 12 — — — — — — — — — — — — — — — 12 — 25 — 1 — — — Отдѣленіе V.Отдѣленіе V. О преступленіяхъ и проступкахъ противъ постановленій о повинностяхъ земскихъ ст. 593—598 (улож. 1866 г. ст. 540—545.)— — — — — — — — — 1 — — — — — — — — — — — — — — — 1 — — — — — — — Отдѣленіе VI.Отдѣленіе VI. О нарушеніи уставовъ монетныхъ, ст. 608—630 (улож. 1866 г. ст. 556—578.) — — 4 — — — — — — 6 — 18 3 — — — 1 1 — — — — — — — 8 2 5 2 12 — — — — — О нарушеніи постановленій по питейному сбору и акцизу, ст. 718—795 (улож. 1866 г. ст. 665—717.) — — — — — — — — 3 — 1 — — — — — 2 — — — — — — — 4 — 2 — — — — — — — Отдѣленіе VII.Отдѣленіе VII. О преступленіяхъ и проступкахъ противъ постановленій ограждающихъ народное здравіе, ст. 1044—115* (улож. 1866 г. ст. 831—900 и уст. о нак. ст. 55, 56, 102, 104—109, 112—16 и 173.) — — — 1 — — — — — — — — — 1 — — — — — — — — — — — — — 1 — — — — — — — — О возбужденіи къ начатію или продолженію противузаконныхъ исковъ и тяжбъ о лживыхъ доносахъ, лжесвидѣтельствѣ и ложныхъ показаніяхъ на повальныхъ обыскахъ, ст. 1205—1212 (улож. 1866 г. ст. 939—946.) — — — — — — — — — — — 1 — — — — — — — — — — — — — — — 1 — — — — — — — О бродяжествѣ, укрывательствѣ бѣглыхъ и нарушеніи постановленій о паспортахъ, ст. 1216—1272 (улож. 1866 г. ст. 950—983 и уст. о нак. ст. 29, 58, 60, 61, 62 и 77.) — — — — — — — — — — — — 4 — — — 6 — 21 — — — — — — — 5 — 8 — 8 — 8 — 2 — О противузаконномъ выдѣлываніи и храненіи оружія или пороха и нарушеніи другихъ правилъ осторожности, ст. 1295— 1328 (улож. 1866 г. ст. 986—989 и уст. о нак. ст. 29, 32, 117—126, 129 и 987.) — — — — — — — — — — — 6 — — — — — 1 — — — 3 — 3 — 1 — — — — — — — — — О преступленіяхъ противъ общественной нравственности, ст. 1336—1360 (улож. 1866 г. ст. 993—1003 уст. о нак. ст. 42— 45.)— — — — — — — — — — — — — — — 1 — — — — — — — — — 1 — — — — — — — О нарушеніи правилъ осторожности отъ пожаровъ, ст. 1429—1473 (улож. 1866 г. ст. 1076 и 1077 уст. о нак. ст. 29, 66, 88, 89, 80, 91, 93—98 и 117.) — — — — — — — — — — — — — 2 — — — — — 2 — — — — — — — — — 3 — 1 — — — — — По преступленіямъ, исчисленнымъ въ VIII отдѣленіи, дѣлъ въ разсмотрѣніи не было. — — — — — — — — — — — — — — — — — — — — — — — — — — — — — — — — — — — Отдѣленіе IХ.Отдѣленіе IХ. О смертоубійствѣ, ст. 1998—2020 (улож. 1866 г. ст. 1449—1471.) — — — 27 — — — — — — 17 4 25 12 6 3 5 6 9 2 2 — — — 4 — 13 10 26 15 20 2 1 — — — О самоубійствѣ, ст. 2021—2025 (улож. 1866 г. ст. 1472—1476.) — — — — — — — — — — — — 1 — — — — — — — — — — — — — 1 — — — — — — — — — О нанесеніи увѣчья, ранъ и другихъ поврежденій, ст. 2026—2047 (улож. 1866 г. ст. 1471—1496 и уст. о нак. ст. 129.)4 1 — — — — — 13 1 26 3 12 — 2 — — — — — — — 2 — 12 2 12 2 15 — 1* — 3 — О преступленіяхъ противъ чести и цѣломудрія женщинъ, ст. 2076—2085 (улож. 1866 г. ст. 1523—1532.) — — — — — — — — 1 — 5 — — — 4 — 2 — — — — — 1 — 3 — 5 — 3 — — — — — О личныхъ оскорбленіяхъ, ст. 2086—2094 (улож. 1860 г. ст. 1533 и 1534 и уст. о нак. ст. 130—135.) — 2 — — 1 — 2 — 6 1 4 — — — 2 — 1 1 — — — — — — 5 1 6 1 4 — 1 — — — О противузаконномъ задержаніи и заключеніи ст. 2103—2108 (улож. 1866 г. ст. 1540—1544 и уст. о нак. ст. 142.) — — — — — — — — — 2 — — — — — — — — — — — — — — — — — 2 — — — — — Отдѣленіе Х.Отдѣленіе Х. О преступленіяхъ противъ союза брачнаго, ст. 2118—2156 (улож. 1866 г. ст. 1549—1585.) — — 2 — — — — — — 1 1 — 1 — — — — — — — — — — — — 1 2 — — — — — — — — О преступленіи дѣтей противъ родителей, ст. 2162—2165 (улож. 1866 г. ст. 1591 и 1692 и уст. о нак. ст. 132 и 143.) 4 — — — — — — 2 1 6 — — — 3 — — 3 — — — — 8 3 3 1 — — — — — — — — Отдѣленіе ХI. Отдѣленіе ХI. О насильственномъ завладѣніи чужимъ недвижимымъ имуществомъ и о истребленіи граничныхъ межъ и знаков ст. 2173— 2184 (улож. 1866 г. ст. 1601—1605 и уст. о нак. ст. 142, 144, 145, 147—149, 152 и 155.) — — — — — — — — — 1 — 2 — 1 — — — — — — — — — — — 1 — 1 — 1 — — — 1 — О зажигательствѣ, ст. 2185—2195 (улож. 1866 г. ст. 1606—1615 и уст. о нак. ст. 98.) — — 6 — — — — — — 3 — 1 4 — — — — — 2 — — — — — — 1 2 3 3 1 — — — О разбоѣ, ст. 2208—2217 (улож. 1866 г. ст. 1627—636.) — — — 2 — — — — — — 4 1 12 1 3 — 4 — 8 — — — — — — — 14 2 16 — 1 — — — — — О грабежѣ, ст. 2218—2224 (улож. 1866 г. ст. 1637—1643.) — — — 8 — — — — — — 5 3 15 2 3 1 8 2 8 — — — — — 6 — 7 5 18 3 8 — — — — — О воровствѣ-кражѣ, ст. 2225—2251 (улож. 1866 г. ст. 1644—1664 и уст. о нак. ст. 169 и 170.) — — 11 — — — — — — 28 2 35 6 16 — 37 2 30 1 — — — — 15 3 25 5 56 3 36 — 6 — 8 — О воровствѣ-мошенничествѣ, ст. 2252—2267 (улож. 1866 г. ст. 1665—1676 и уст. о нак. ст. 173—175.) — — — — — — — — — 1 — — — — — — — — — — — — — 1 — — — — — — — — — О присвоеніи ввѣреннаго чужаго движимаго имущества, ст. 2272 (улож. 1866 г. ст. 1681, 1682 и уст. о наказ. ст. 177.)1 — — — — — — 2 — 2 1 — — 1 — — — — — — — — — 3 1 1 — 1 — — — — — О преступленіяхъ и проступкахъ по договорамъ и другимъ обязательствамъ, ст. 2278—2304 (улож. 1866 г. ст. 1688—1711 и уст. о нак. ст. 174 и 180.) — — — — — — — 4 — 6 — — — 3 — 2 — — — — — — — 8 — 4 — 2 — 1 — — — По происшествіямъ нечаяннымъ: по неосторожности и другимъ случаямъ, не отнесеннымъ къ вышеприведеннымъ родамъ и видамъ.— — — — — — — — — 1 — — — 1 — — — — — — — — — 1 — 1 — — — — — — — Итого — — 76 4 — 11 — 7 — 105 14 199 36 41 4 80 13 93 9 2 — 3 — 41 7 124 37 190 29 142 3 28 — 14 — Примѣчанiе:Примѣчанiе: Отъ 1869 г. оставалось арестантовъ: 3 м. 1 ж. об. пола 4. Въ 1870 г. поступило: 151 м. * пола 178. Въ 1870 г. выбыло: 143 м. 25 ж. об. пола 168. За тѣмъ къ 1871 г. осталось: 11 м. 3 ж. об. пола 14. * Столбец прошит Вѣрно: Гражданскiй Губернаторъ Лохвицкiй С в ѣрялъ исправляющій должность Секретаря Статистическаго Комитета Ловянъ
d187;1866 г.;;121 Родъ преступленiй Родъ преступленiй * ныхъ Въ томъ числѣВъ томъ числѣ Возрастъ преступниковъВозрастъ преступниковъ Дворянъ потомственныхъ Дворянъ личныхъ Почетныхъ гражданъ и купцовъ Мещанъ Крестьянъ Военнаго сословiя Инородцевъ Поселенцевъ Ссыльно-каторжныхъ Ниже 17— 17—20 21—30 31—40 41- 50 51-60 Свыше 60 ж. м. ж. м. ж. м. ж. м. ж. м. ж. м. ж. м. ж. м. ж. м. ж. м. ж. м. ж. м. ж. м. ж. м. м м. ж. м. ж. Отдѣленіе I.Отдѣленіе I. Объ отступленіи отъ вѣры и постановленій церкви, ст. 200—234 (Улож. 1866 г. ст. 184—209 и уст. о нак. ст. 38, 63, 64, 48 и 107.)2 — — — — — — — — 5 2 — — — — — — — — — — 2 1 2 1 1 — — — — — — — О святотатствѣ, ст. 253—269 (Улож. 1866 г. ст. 219—235 и уст. о нак. ст. 170 п. 1.) — — 2 — — — — — — 1 — 3 — — — 3 2 2 — — — — — — — 3 2 6 — — — — — — — По преступленіямъ, исчисленнымъ во II отдѣленіи, дѣлъ въ разсмотрѣніи не было. — — — — — — — — — — — — — — — — — — — — — — — — — — — — — — — — — — — Отдѣленіе III.Отдѣленіе III. О самовольномъ присвоеніи власти и составленіи подложныхъ указовъ и другихъ исходящихъ отъ Правительства бумагъ, ст. 329—341 (улож. 1866 г. ст. 289—301 и уст. о нак. ст. 34.) — — — — — — — — — — — — — — — — 1 — — — — — — — — — — — 1 — — — — — — — О похищеніи бумагъ или вещей изъ присутственныхъ мѣстъ и уничтоженіе постановленныхъ или приложенныхъ по распоряженію правительства знаковъ, ст. 343—347 (улож. 1866 г. ст. 303—307 и уст. о нак. ст. 32.) — — — — — — — — — — — — — — — — — 1 — — — — — — — 1 — — — — — — — — — О взломѣ тюрьмъ, уводѣ и побѣгѣ находящихся подъ стражею или надзоромъ, ст. 348—359 (улож. 1866 ст. 308—317 и уст. о нак. ст. 63.) — — — — — — — — — — — — — 2 — — — — — 2 — — — — — — — 1 — 3 — — — — — — — Отдѣленіе IV.Отдѣленіе IV. О преступленіяхъ и проступкахъ по службѣ Государственной и общественной, ст. 371—549, 782—795, 959—975, 1022—1031, 1068—1072, 1361—1364, 1396—1406, 1410—1414 и 1429 (улож 1866 г. ст. 329—504, 533—539, 707—714, 805—821, 822—830, 854, 855, 1004—1007, 1058—1065, 1068—1072 и уст. о нак. ст. 65, 66, 102, 154—168.) — — — 3 — 10 — 5 — 8 — 12 — — — — — — — — — — — — — — — 12 — 25 — 1 — — — Отдѣленіе V.Отдѣленіе V. О преступленіяхъ и проступкахъ противъ постановленій о повинностяхъ земскихъ ст. 593—598 (улож. 1866 г. ст. 540—545.)— — — — — — — — — 1 — — — — — — — — — — — — — — — 1 — — — — — — — Отдѣленіе VI.Отдѣленіе VI. О нарушеніи уставовъ монетныхъ, ст. 608—630 (улож. 1866 г. ст. 556—578.) — — 4 — — — — — — 6 — 18 3 — — — 1 1 — — — — — — — 8 2 5 2 12 — — — — — О нарушеніи постановленій по питейному сбору и акцизу, ст. 718—795 (улож. 1866 г. ст. 665—717.) — — — — — — — — 3 — 1 — — — — — 2 — — — — — — — 4 — 2 — — — — — — — Отдѣленіе VII.Отдѣленіе VII. О преступленіяхъ и проступкахъ противъ постановленій ограждающихъ народное здравіе, ст. 1044—115* (улож. 1866 г. ст. 831—900 и уст. о нак. ст. 55, 56, 102, 104—109, 112—16 и 173.) — — — 1 — — — — — — — — — 1 — — — — — — — — — — — — — 1 — — — — — — — — О возбужденіи къ начатію или продолженію противузаконныхъ исковъ и тяжбъ о лживыхъ доносахъ, лжесвидѣтельствѣ и ложныхъ показаніяхъ на повальныхъ обыскахъ, ст. 1205—1212 (улож. 1866 г. ст. 939—946.) — — — — — — — — — — — 1 — — — — — — — — — — — — — — — 1 — — — — — — — О бродяжествѣ, укрывательствѣ бѣглыхъ и нарушеніи постановленій о паспортахъ, ст. 1216—1272 (улож. 1866 г. ст. 950—983 и уст. о нак. ст. 29, 58, 60, 61, 62 и 77.) — — — — — — — — — — — — 4 — — — 6 — 21 — — — — — — — 5 — 8 — 8 — 8 — 2 — О противузаконномъ выдѣлываніи и храненіи оружія или пороха и нарушеніи другихъ правилъ осторожности, ст. 1295— 1328 (улож. 1866 г. ст. 986—989 и уст. о нак. ст. 29, 32, 117—126, 129 и 987.) — — — — — — — — — — — 6 — — — — — 1 — — — 3 — 3 — 1 — — — — — — — — — О преступленіяхъ противъ общественной нравственности, ст. 1336—1360 (улож. 1866 г. ст. 993—1003 уст. о нак. ст. 42— 45.)— — — — — — — — — — — — — — — 1 — — — — — — — — — 1 — — — — — — — О нарушеніи правилъ осторожности отъ пожаровъ, ст. 1429—1473 (улож. 1866 г. ст. 1076 и 1077 уст. о нак. ст. 29, 66, 88, 89, 80, 91, 93—98 и 117.) — — — — — — — — — — — — — 2 — — — — — 2 — — — — — — — — — 3 — 1 — — — — — По преступленіямъ, исчисленнымъ въ VIII отдѣленіи, дѣлъ въ разсмотрѣніи не было. — — — — — — — — — — — — — — — — — — — — — — — — — — — — — — — — — — — Отдѣленіе IХ.Отдѣленіе IХ. О смертоубійствѣ, ст. 1998—2020 (улож. 1866 г. ст. 1449—1471.) — — — 27 — — — — — — 17 4 25 12 6 3 5 6 9 2 2 — — — 4 — 13 10 26 15 20 2 1 — — — О самоубійствѣ, ст. 2021—2025 (улож. 1866 г. ст. 1472—1476.) — — — — — — — — — — — — 1 — — — — — — — — — — — — — 1 — — — — — — — — — О нанесеніи увѣчья, ранъ и другихъ поврежденій, ст. 2026—2047 (улож. 1866 г. ст. 1471—1496 и уст. о нак. ст. 129.)4 1 — — — — — 13 1 26 3 12 — 2 — — — — — — — 2 — 12 2 12 2 15 — 1* — 3 — О преступленіяхъ противъ чести и цѣломудрія женщинъ, ст. 2076—2085 (улож. 1866 г. ст. 1523—1532.) — — — — — — — — 1 — 5 — — — 4 — 2 — — — — — 1 — 3 — 5 — 3 — — — — — О личныхъ оскорбленіяхъ, ст. 2086—2094 (улож. 1860 г. ст. 1533 и 1534 и уст. о нак. ст. 130—135.) — 2 — — 1 — 2 — 6 1 4 — — — 2 — 1 1 — — — — — — 5 1 6 1 4 — 1 — — — О противузаконномъ задержаніи и заключеніи ст. 2103—2108 (улож. 1866 г. ст. 1540—1544 и уст. о нак. ст. 142.) — — — — — — — — — 2 — — — — — — — — — — — — — — — — — 2 — — — — — Отдѣленіе Х.Отдѣленіе Х. О преступленіяхъ противъ союза брачнаго, ст. 2118—2156 (улож. 1866 г. ст. 1549—1585.) — — 2 — — — — — — 1 1 — 1 — — — — — — — — — — — — 1 2 — — — — — — — — О преступленіи дѣтей противъ родителей, ст. 2162—2165 (улож. 1866 г. ст. 1591 и 1692 и уст. о нак. ст. 132 и 143.) 4 — — — — — — 2 1 6 — — — 3 — — 3 — — — — 8 3 3 1 — — — — — — — — Отдѣленіе ХI. Отдѣленіе ХI. О насильственномъ завладѣніи чужимъ недвижимымъ имуществомъ и о истребленіи граничныхъ межъ и знаков ст. 2173— 2184 (улож. 1866 г. ст. 1601—1605 и уст. о нак. ст. 142, 144, 145, 147—149, 152 и 155.) — — — — — — — — — 1 — 2 — 1 — — — — — — — — — — — 1 — 1 — 1 — — — 1 — О зажигательствѣ, ст. 2185—2195 (улож. 1866 г. ст. 1606—1615 и уст. о нак. ст. 98.) — — 6 — — — — — — 3 — 1 4 — — — — — 2 — — — — — — 1 2 3 3 1 — — — О разбоѣ, ст. 2208—2217 (улож. 1866 г. ст. 1627—636.) — — — 2 — — — — — — 4 1 12 1 3 — 4 — 8 — — — — — — — 14 2 16 — 1 — — — — — О грабежѣ, ст. 2218—2224 (улож. 1866 г. ст. 1637—1643.) — — — 8 — — — — — — 5 3 15 2 3 1 8 2 8 — — — — — 6 — 7 5 18 3 8 — — — — — О воровствѣ-кражѣ, ст. 2225—2251 (улож. 1866 г. ст. 1644—1664 и уст. о нак. ст. 169 и 170.) — — 11 — — — — — — 28 2 35 6 16 — 37 2 30 1 — — — — 15 3 25 5 56 3 36 — 6 — 8 — О воровствѣ-мошенничествѣ, ст. 2252—2267 (улож. 1866 г. ст. 1665—1676 и уст. о нак. ст. 173—175.) — — — — — — — — — 1 — — — — — — — — — — — — — 1 — — — — — — — — — О присвоеніи ввѣреннаго чужаго движимаго имущества, ст. 2272 (улож. 1866 г. ст. 1681, 1682 и уст. о наказ. ст. 177.)1 — — — — — — 2 — 2 1 — — 1 — — — — — — — — — 3 1 1 — 1 — — — — — О преступленіяхъ и проступкахъ по договорамъ и другимъ обязательствамъ, ст. 2278—2304 (улож. 1866 г. ст. 1688—1711 и уст. о нак. ст. 174 и 180.) — — — — — — — 4 — 6 — — — 3 — 2 — — — — — — — 8 — 4 — 2 — 1 — — — По происшествіямъ нечаяннымъ: по неосторожности и другимъ случаямъ, не отнесеннымъ къ вышеприведеннымъ родамъ и видамъ.— — — — — — — — — 1 — — — 1 — — — — — — — — — 1 — 1 — — — — — — — Итого — — 76 4 — 11 — 7 — 105 14 199 36 41 4 80 13 93 9 2 — 3 — 41 7 124 37 190 29 142 3 28 — 14 — Примѣчанiе:Примѣчанiе: Отъ 1869 г. оставалось арестантовъ: 3 м. 1 ж. об. пола 4. Въ 1870 г. поступило: 151 м. * пола 178. Въ 1870 г. выбыло: 143 м. 25 ж. об. пола 168. За тѣмъ къ 1871 г. осталось: 11 м. 3 ж. об. пола 14. * Столбец прошит Вѣрно: Гражданскiй Губернаторъ Лохвицкiй С в ѣрялъ исправляющій должность Секретаря Статистическаго Комитета Ловянъ
d188;1866 г.;;121 Родъ преступленiй Родъ преступленiй * ныхъ Въ томъ числѣВъ томъ числѣ Возрастъ преступниковъВозрастъ преступниковъ Дворянъ потомственныхъ Дворянъ личныхъ Почетныхъ гражданъ и купцовъ Мещанъ Крестьянъ Военнаго сословiя Инородцевъ Поселенцевъ Ссыльно-каторжныхъ Ниже 17— 17—20 21—30 31—40 41- 50 51-60 Свыше 60 ж. м. ж. м. ж. м. ж. м. ж. м. ж. м. ж. м. ж. м. ж. м. ж. м. ж. м. ж. м. ж. м. ж. м. м м. ж. м. ж. Отдѣленіе I.Отдѣленіе I. Объ отступленіи отъ вѣры и постановленій церкви, ст. 200—234 (Улож. 1866 г. ст. 184—209 и уст. о нак. ст. 38, 63, 64, 48 и 107.)2 — — — — — — — — 5 2 — — — — — — — — — — 2 1 2 1 1 — — — — — — — О святотатствѣ, ст. 253—269 (Улож. 1866 г. ст. 219—235 и уст. о нак. ст. 170 п. 1.) — — 2 — — — — — — 1 — 3 — — — 3 2 2 — — — — — — — 3 2 6 — — — — — — — По преступленіямъ, исчисленнымъ во II отдѣленіи, дѣлъ въ разсмотрѣніи не было. — — — — — — — — — — — — — — — — — — — — — — — — — — — — — — — — — — — Отдѣленіе III.Отдѣленіе III. О самовольномъ присвоеніи власти и составленіи подложныхъ указовъ и другихъ исходящихъ отъ Правительства бумагъ, ст. 329—341 (улож. 1866 г. ст. 289—301 и уст. о нак. ст. 34.) — — — — — — — — — — — — — — — — 1 — — — — — — — — — — — 1 — — — — — — — О похищеніи бумагъ или вещей изъ присутственныхъ мѣстъ и уничтоженіе постановленныхъ или приложенныхъ по распоряженію правительства знаковъ, ст. 343—347 (улож. 1866 г. ст. 303—307 и уст. о нак. ст. 32.) — — — — — — — — — — — — — — — — — 1 — — — — — — — 1 — — — — — — — — — О взломѣ тюрьмъ, уводѣ и побѣгѣ находящихся подъ стражею или надзоромъ, ст. 348—359 (улож. 1866 ст. 308—317 и уст. о нак. ст. 63.) — — — — — — — — — — — — — 2 — — — — — 2 — — — — — — — 1 — 3 — — — — — — — Отдѣленіе IV.Отдѣленіе IV. О преступленіяхъ и проступкахъ по службѣ Государственной и общественной, ст. 371—549, 782—795, 959—975, 1022—1031, 1068—1072, 1361—1364, 1396—1406, 1410—1414 и 1429 (улож 1866 г. ст. 329—504, 533—539, 707—714, 805—821, 822—830, 854, 855, 1004—1007, 1058—1065, 1068—1072 и уст. о нак. ст. 65, 66, 102, 154—168.) — — — 3 — 10 — 5 — 8 — 12 — — — — — — — — — — — — — — — 12 — 25 — 1 — — — Отдѣленіе V.Отдѣленіе V. О преступленіяхъ и проступкахъ противъ постановленій о повинностяхъ земскихъ ст. 593—598 (улож. 1866 г. ст. 540—545.)— — — — — — — — — 1 — — — — — — — — — — — — — — — 1 — — — — — — — Отдѣленіе VI.Отдѣленіе VI. О нарушеніи уставовъ монетныхъ, ст. 608—630 (улож. 1866 г. ст. 556—578.) — — 4 — — — — — — 6 — 18 3 — — — 1 1 — — — — — — — 8 2 5 2 12 — — — — — О нарушеніи постановленій по питейному сбору и акцизу, ст. 718—795 (улож. 1866 г. ст. 665—717.) — — — — — — — — 3 — 1 — — — — — 2 — — — — — — — 4 — 2 — — — — — — — Отдѣленіе VII.Отдѣленіе VII. О преступленіяхъ и проступкахъ противъ постановленій ограждающихъ народное здравіе, ст. 1044—115* (улож. 1866 г. ст. 831—900 и уст. о нак. ст. 55, 56, 102, 104—109, 112—16 и 173.) — — — 1 — — — — — — — — — 1 — — — — — — — — — — — — — 1 — — — — — — — — О возбужденіи къ начатію или продолженію противузаконныхъ исковъ и тяжбъ о лживыхъ доносахъ, лжесвидѣтельствѣ и ложныхъ показаніяхъ на повальныхъ обыскахъ, ст. 1205—1212 (улож. 1866 г. ст. 939—946.) — — — — — — — — — — — 1 — — — — — — — — — — — — — — — 1 — — — — — — — О бродяжествѣ, укрывательствѣ бѣглыхъ и нарушеніи постановленій о паспортахъ, ст. 1216—1272 (улож. 1866 г. ст. 950—983 и уст. о нак. ст. 29, 58, 60, 61, 62 и 77.) — — — — — — — — — — — — 4 — — — 6 — 21 — — — — — — — 5 — 8 — 8 — 8 — 2 — О противузаконномъ выдѣлываніи и храненіи оружія или пороха и нарушеніи другихъ правилъ осторожности, ст. 1295— 1328 (улож. 1866 г. ст. 986—989 и уст. о нак. ст. 29, 32, 117—126, 129 и 987.) — — — — — — — — — — — 6 — — — — — 1 — — — 3 — 3 — 1 — — — — — — — — — О преступленіяхъ противъ общественной нравственности, ст. 1336—1360 (улож. 1866 г. ст. 993—1003 уст. о нак. ст. 42— 45.)— — — — — — — — — — — — — — — 1 — — — — — — — — — 1 — — — — — — — О нарушеніи правилъ осторожности отъ пожаровъ, ст. 1429—1473 (улож. 1866 г. ст. 1076 и 1077 уст. о нак. ст. 29, 66, 88, 89, 80, 91, 93—98 и 117.) — — — — — — — — — — — — — 2 — — — — — 2 — — — — — — — — — 3 — 1 — — — — — По преступленіямъ, исчисленнымъ въ VIII отдѣленіи, дѣлъ въ разсмотрѣніи не было. — — — — — — — — — — — — — — — — — — — — — — — — — — — — — — — — — — — Отдѣленіе IХ.Отдѣленіе IХ. О смертоубійствѣ, ст. 1998—2020 (улож. 1866 г. ст. 1449—1471.) — — — 27 — — — — — — 17 4 25 12 6 3 5 6 9 2 2 — — — 4 — 13 10 26 15 20 2 1 — — — О самоубійствѣ, ст. 2021—2025 (улож. 1866 г. ст. 1472—1476.) — — — — — — — — — — — — 1 — — — — — — — — — — — — — 1 — — — — — — — — — О нанесеніи увѣчья, ранъ и другихъ поврежденій, ст. 2026—2047 (улож. 1866 г. ст. 1471—1496 и уст. о нак. ст. 129.)4 1 — — — — — 13 1 26 3 12 — 2 — — — — — — — 2 — 12 2 12 2 15 — 1* — 3 — О преступленіяхъ противъ чести и цѣломудрія женщинъ, ст. 2076—2085 (улож. 1866 г. ст. 1523—1532.) — — — — — — — — 1 — 5 — — — 4 — 2 — — — — — 1 — 3 — 5 — 3 — — — — — О личныхъ оскорбленіяхъ, ст. 2086—2094 (улож. 1860 г. ст. 1533 и 1534 и уст. о нак. ст. 130—135.) — 2 — — 1 — 2 — 6 1 4 — — — 2 — 1 1 — — — — — — 5 1 6 1 4 — 1 — — — О противузаконномъ задержаніи и заключеніи ст. 2103—2108 (улож. 1866 г. ст. 1540—1544 и уст. о нак. ст. 142.) — — — — — — — — — 2 — — — — — — — — — — — — — — — — — 2 — — — — — Отдѣленіе Х.Отдѣленіе Х. О преступленіяхъ противъ союза брачнаго, ст. 2118—2156 (улож. 1866 г. ст. 1549—1585.) — — 2 — — — — — — 1 1 — 1 — — — — — — — — — — — — 1 2 — — — — — — — — О преступленіи дѣтей противъ родителей, ст. 2162—2165 (улож. 1866 г. ст. 1591 и 1692 и уст. о нак. ст. 132 и 143.) 4 — — — — — — 2 1 6 — — — 3 — — 3 — — — — 8 3 3 1 — — — — — — — — Отдѣленіе ХI. Отдѣленіе ХI. О насильственномъ завладѣніи чужимъ недвижимымъ имуществомъ и о истребленіи граничныхъ межъ и знаков ст. 2173— 2184 (улож. 1866 г. ст. 1601—1605 и уст. о нак. ст. 142, 144, 145, 147—149, 152 и 155.) — — — — — — — — — 1 — 2 — 1 — — — — — — — — — — — 1 — 1 — 1 — — — 1 — О зажигательствѣ, ст. 2185—2195 (улож. 1866 г. ст. 1606—1615 и уст. о нак. ст. 98.) — — 6 — — — — — — 3 — 1 4 — — — — — 2 — — — — — — 1 2 3 3 1 — — — О разбоѣ, ст. 2208—2217 (улож. 1866 г. ст. 1627—636.) — — — 2 — — — — — — 4 1 12 1 3 — 4 — 8 — — — — — — — 14 2 16 — 1 — — — — — О грабежѣ, ст. 2218—2224 (улож. 1866 г. ст. 1637—1643.) — — — 8 — — — — — — 5 3 15 2 3 1 8 2 8 — — — — — 6 — 7 5 18 3 8 — — — — — О воровствѣ-кражѣ, ст. 2225—2251 (улож. 1866 г. ст. 1644—1664 и уст. о нак. ст. 169 и 170.) — — 11 — — — — — — 28 2 35 6 16 — 37 2 30 1 — — — — 15 3 25 5 56 3 36 — 6 — 8 — О воровствѣ-мошенничествѣ, ст. 2252—2267 (улож. 1866 г. ст. 1665—1676 и уст. о нак. ст. 173—175.) — — — — — — — — — 1 — — — — — — — — — — — — — 1 — — — — — — — — — О присвоеніи ввѣреннаго чужаго движимаго имущества, ст. 2272 (улож. 1866 г. ст. 1681, 1682 и уст. о наказ. ст. 177.)1 — — — — — — 2 — 2 1 — — 1 — — — — — — — — — 3 1 1 — 1 — — — — — О преступленіяхъ и проступкахъ по договорамъ и другимъ обязательствамъ, ст. 2278—2304 (улож. 1866 г. ст. 1688—1711 и уст. о нак. ст. 174 и 180.) — — — — — — — 4 — 6 — — — 3 — 2 — — — — — — — 8 — 4 — 2 — 1 — — — По происшествіямъ нечаяннымъ: по неосторожности и другимъ случаямъ, не отнесеннымъ къ вышеприведеннымъ родамъ и видамъ.— — — — — — — — — 1 — — — 1 — — — — — — — — — 1 — 1 — — — — — — — Итого — — 76 4 — 11 — 7 — 105 14 199 36 41 4 80 13 93 9 2 — 3 — 41 7 124 37 190 29 142 3 28 — 14 — Примѣчанiе:Примѣчанiе: Отъ 1869 г. оставалось арестантовъ: 3 м. 1 ж. об. пола 4. Въ 1870 г. поступило: 151 м. * пола 178. Въ 1870 г. выбыло: 143 м. 25 ж. об. пола 168. За тѣмъ къ 1871 г. осталось: 11 м. 3 ж. об. пола 14. * Столбец прошит Вѣрно: Гражданскiй Губернаторъ Лохвицкiй С в ѣрялъ исправляющій должность Секретаря Статистическаго Комитета Ловянъ
d189;1866 г.;;121 Родъ преступленiй Родъ преступленiй * ныхъ Въ томъ числѣВъ томъ числѣ Возрастъ преступниковъВозрастъ преступниковъ Дворянъ потомственныхъ Дворянъ личныхъ Почетныхъ гражданъ и купцовъ Мещанъ Крестьянъ Военнаго сословiя Инородцевъ Поселенцевъ Ссыльно-каторжныхъ Ниже 17— 17—20 21—30 31—40 41- 50 51-60 Свыше 60 ж. м. ж. м. ж. м. ж. м. ж. м. ж. м. ж. м. ж. м. ж. м. ж. м. ж. м. ж. м. ж. м. ж. м. м м. ж. м. ж. Отдѣленіе I.Отдѣленіе I. Объ отступленіи отъ вѣры и постановленій церкви, ст. 200—234 (Улож. 1866 г. ст. 184—209 и уст. о нак. ст. 38, 63, 64, 48 и 107.)2 — — — — — — — — 5 2 — — — — — — — — — — 2 1 2 1 1 — — — — — — — О святотатствѣ, ст. 253—269 (Улож. 1866 г. ст. 219—235 и уст. о нак. ст. 170 п. 1.) — — 2 — — — — — — 1 — 3 — — — 3 2 2 — — — — — — — 3 2 6 — — — — — — — По преступленіямъ, исчисленнымъ во II отдѣленіи, дѣлъ въ разсмотрѣніи не было. — — — — — — — — — — — — — — — — — — — — — — — — — — — — — — — — — — — Отдѣленіе III.Отдѣленіе III. О самовольномъ присвоеніи власти и составленіи подложныхъ указовъ и другихъ исходящихъ отъ Правительства бумагъ, ст. 329—341 (улож. 1866 г. ст. 289—301 и уст. о нак. ст. 34.) — — — — — — — — — — — — — — — — 1 — — — — — — — — — — — 1 — — — — — — — О похищеніи бумагъ или вещей изъ присутственныхъ мѣстъ и уничтоженіе постановленныхъ или приложенныхъ по распоряженію правительства знаковъ, ст. 343—347 (улож. 1866 г. ст. 303—307 и уст. о нак. ст. 32.) — — — — — — — — — — — — — — — — — 1 — — — — — — — 1 — — — — — — — — — О взломѣ тюрьмъ, уводѣ и побѣгѣ находящихся подъ стражею или надзоромъ, ст. 348—359 (улож. 1866 ст. 308—317 и уст. о нак. ст. 63.) — — — — — — — — — — — — — 2 — — — — — 2 — — — — — — — 1 — 3 — — — — — — — Отдѣленіе IV.Отдѣленіе IV. О преступленіяхъ и проступкахъ по службѣ Государственной и общественной, ст. 371—549, 782—795, 959—975, 1022—1031, 1068—1072, 1361—1364, 1396—1406, 1410—1414 и 1429 (улож 1866 г. ст. 329—504, 533—539, 707—714, 805—821, 822—830, 854, 855, 1004—1007, 1058—1065, 1068—1072 и уст. о нак. ст. 65, 66, 102, 154—168.) — — — 3 — 10 — 5 — 8 — 12 — — — — — — — — — — — — — — — 12 — 25 — 1 — — — Отдѣленіе V.Отдѣленіе V. О преступленіяхъ и проступкахъ противъ постановленій о повинностяхъ земскихъ ст. 593—598 (улож. 1866 г. ст. 540—545.)— — — — — — — — — 1 — — — — — — — — — — — — — — — 1 — — — — — — — Отдѣленіе VI.Отдѣленіе VI. О нарушеніи уставовъ монетныхъ, ст. 608—630 (улож. 1866 г. ст. 556—578.) — — 4 — — — — — — 6 — 18 3 — — — 1 1 — — — — — — — 8 2 5 2 12 — — — — — О нарушеніи постановленій по питейному сбору и акцизу, ст. 718—795 (улож. 1866 г. ст. 665—717.) — — — — — — — — 3 — 1 — — — — — 2 — — — — — — — 4 — 2 — — — — — — — Отдѣленіе VII.Отдѣленіе VII. О преступленіяхъ и проступкахъ противъ постановленій ограждающихъ народное здравіе, ст. 1044—115* (улож. 1866 г. ст. 831—900 и уст. о нак. ст. 55, 56, 102, 104—109, 112—16 и 173.) — — — 1 — — — — — — — — — 1 — — — — — — — — — — — — — 1 — — — — — — — — О возбужденіи къ начатію или продолженію противузаконныхъ исковъ и тяжбъ о лживыхъ доносахъ, лжесвидѣтельствѣ и ложныхъ показаніяхъ на повальныхъ обыскахъ, ст. 1205—1212 (улож. 1866 г. ст. 939—946.) — — — — — — — — — — — 1 — — — — — — — — — — — — — — — 1 — — — — — — — О бродяжествѣ, укрывательствѣ бѣглыхъ и нарушеніи постановленій о паспортахъ, ст. 1216—1272 (улож. 1866 г. ст. 950—983 и уст. о нак. ст. 29, 58, 60, 61, 62 и 77.) — — — — — — — — — — — — 4 — — — 6 — 21 — — — — — — — 5 — 8 — 8 — 8 — 2 — О противузаконномъ выдѣлываніи и храненіи оружія или пороха и нарушеніи другихъ правилъ осторожности, ст. 1295— 1328 (улож. 1866 г. ст. 986—989 и уст. о нак. ст. 29, 32, 117—126, 129 и 987.) — — — — — — — — — — — 6 — — — — — 1 — — — 3 — 3 — 1 — — — — — — — — — О преступленіяхъ противъ общественной нравственности, ст. 1336—1360 (улож. 1866 г. ст. 993—1003 уст. о нак. ст. 42— 45.)— — — — — — — — — — — — — — — 1 — — — — — — — — — 1 — — — — — — — О нарушеніи правилъ осторожности отъ пожаровъ, ст. 1429—1473 (улож. 1866 г. ст. 1076 и 1077 уст. о нак. ст. 29, 66, 88, 89, 80, 91, 93—98 и 117.) — — — — — — — — — — — — — 2 — — — — — 2 — — — — — — — — — 3 — 1 — — — — — По преступленіямъ, исчисленнымъ въ VIII отдѣленіи, дѣлъ въ разсмотрѣніи не было. — — — — — — — — — — — — — — — — — — — — — — — — — — — — — — — — — — — Отдѣленіе IХ.Отдѣленіе IХ. О смертоубійствѣ, ст. 1998—2020 (улож. 1866 г. ст. 1449—1471.) — — — 27 — — — — — — 17 4 25 12 6 3 5 6 9 2 2 — — — 4 — 13 10 26 15 20 2 1 — — — О самоубійствѣ, ст. 2021—2025 (улож. 1866 г. ст. 1472—1476.) — — — — — — — — — — — — 1 — — — — — — — — — — — — — 1 — — — — — — — — — О нанесеніи увѣчья, ранъ и другихъ поврежденій, ст. 2026—2047 (улож. 1866 г. ст. 1471—1496 и уст. о нак. ст. 129.)4 1 — — — — — 13 1 26 3 12 — 2 — — — — — — — 2 — 12 2 12 2 15 — 1* — 3 — О преступленіяхъ противъ чести и цѣломудрія женщинъ, ст. 2076—2085 (улож. 1866 г. ст. 1523—1532.) — — — — — — — — 1 — 5 — — — 4 — 2 — — — — — 1 — 3 — 5 — 3 — — — — — О личныхъ оскорбленіяхъ, ст. 2086—2094 (улож. 1860 г. ст. 1533 и 1534 и уст. о нак. ст. 130—135.) — 2 — — 1 — 2 — 6 1 4 — — — 2 — 1 1 — — — — — — 5 1 6 1 4 — 1 — — — О противузаконномъ задержаніи и заключеніи ст. 2103—2108 (улож. 1866 г. ст. 1540—1544 и уст. о нак. ст. 142.) — — — — — — — — — 2 — — — — — — — — — — — — — — — — — 2 — — — — — Отдѣленіе Х.Отдѣленіе Х. О преступленіяхъ противъ союза брачнаго, ст. 2118—2156 (улож. 1866 г. ст. 1549—1585.) — — 2 — — — — — — 1 1 — 1 — — — — — — — — — — — — 1 2 — — — — — — — — О преступленіи дѣтей противъ родителей, ст. 2162—2165 (улож. 1866 г. ст. 1591 и 1692 и уст. о нак. ст. 132 и 143.) 4 — — — — — — 2 1 6 — — — 3 — — 3 — — — — 8 3 3 1 — — — — — — — — Отдѣленіе ХI. Отдѣленіе ХI. О насильственномъ завладѣніи чужимъ недвижимымъ имуществомъ и о истребленіи граничныхъ межъ и знаков ст. 2173— 2184 (улож. 1866 г. ст. 1601—1605 и уст. о нак. ст. 142, 144, 145, 147—149, 152 и 155.) — — — — — — — — — 1 — 2 — 1 — — — — — — — — — — — 1 — 1 — 1 — — — 1 — О зажигательствѣ, ст. 2185—2195 (улож. 1866 г. ст. 1606—1615 и уст. о нак. ст. 98.) — — 6 — — — — — — 3 — 1 4 — — — — — 2 — — — — — — 1 2 3 3 1 — — — О разбоѣ, ст. 2208—2217 (улож. 1866 г. ст. 1627—636.) — — — 2 — — — — — — 4 1 12 1 3 — 4 — 8 — — — — — — — 14 2 16 — 1 — — — — — О грабежѣ, ст. 2218—2224 (улож. 1866 г. ст. 1637—1643.) — — — 8 — — — — — — 5 3 15 2 3 1 8 2 8 — — — — — 6 — 7 5 18 3 8 — — — — — О воровствѣ-кражѣ, ст. 2225—2251 (улож. 1866 г. ст. 1644—1664 и уст. о нак. ст. 169 и 170.) — — 11 — — — — — — 28 2 35 6 16 — 37 2 30 1 — — — — 15 3 25 5 56 3 36 — 6 — 8 — О воровствѣ-мошенничествѣ, ст. 2252—2267 (улож. 1866 г. ст. 1665—1676 и уст. о нак. ст. 173—175.) — — — — — — — — — 1 — — — — — — — — — — — — — 1 — — — — — — — — — О присвоеніи ввѣреннаго чужаго движимаго имущества, ст. 2272 (улож. 1866 г. ст. 1681, 1682 и уст. о наказ. ст. 177.)1 — — — — — — 2 — 2 1 — — 1 — — — — — — — — — 3 1 1 — 1 — — — — — О преступленіяхъ и проступкахъ по договорамъ и другимъ обязательствамъ, ст. 2278—2304 (улож. 1866 г. ст. 1688—1711 и уст. о нак. ст. 174 и 180.) — — — — — — — 4 — 6 — — — 3 — 2 — — — — — — — 8 — 4 — 2 — 1 — — — По происшествіямъ нечаяннымъ: по неосторожности и другимъ случаямъ, не отнесеннымъ къ вышеприведеннымъ родамъ и видамъ.— — — — — — — — — 1 — — — 1 — — — — — — — — — 1 — 1 — — — — — — — Итого — — 76 4 — 11 — 7 — 105 14 199 36 41 4 80 13 93 9 2 — 3 — 41 7 124 37 190 29 142 3 28 — 14 — Примѣчанiе:Примѣчанiе: Отъ 1869 г. оставалось арестантовъ: 3 м. 1 ж. об. пола 4. Въ 1870 г. поступило: 151 м. * пола 178. Въ 1870 г. выбыло: 143 м. 25 ж. об. пола 168. За тѣмъ къ 1871 г. осталось: 11 м. 3 ж. об. пола 14. * Столбец прошит Вѣрно: Гражданскiй Губернаторъ Лохвицкiй С в ѣрялъ исправляющій должность Секретаря Статистическаго Комитета Ловянъ
d190;1866 г.;;121 Родъ преступленiй Родъ преступленiй * ныхъ Въ томъ числѣВъ томъ числѣ Возрастъ преступниковъВозрастъ преступниковъ Дворянъ потомственныхъ Дворянъ личныхъ Почетныхъ гражданъ и купцовъ Мещанъ Крестьянъ Военнаго сословiя Инородцевъ Поселенцевъ Ссыльно-каторжныхъ Ниже 17— 17—20 21—30 31—40 41- 50 51-60 Свыше 60 ж. м. ж. м. ж. м. ж. м. ж. м. ж. м. ж. м. ж. м. ж. м. ж. м. ж. м. ж. м. ж. м. ж. м. м м. ж. м. ж. Отдѣленіе I.Отдѣленіе I. Объ отступленіи отъ вѣры и постановленій церкви, ст. 200—234 (Улож. 1866 г. ст. 184—209 и уст. о нак. ст. 38, 63, 64, 48 и 107.)2 — — — — — — — — 5 2 — — — — — — — — — — 2 1 2 1 1 — — — — — — — О святотатствѣ, ст. 253—269 (Улож. 1866 г. ст. 219—235 и уст. о нак. ст. 170 п. 1.) — — 2 — — — — — — 1 — 3 — — — 3 2 2 — — — — — — — 3 2 6 — — — — — — — По преступленіямъ, исчисленнымъ во II отдѣленіи, дѣлъ въ разсмотрѣніи не было. — — — — — — — — — — — — — — — — — — — — — — — — — — — — — — — — — — — Отдѣленіе III.Отдѣленіе III. О самовольномъ присвоеніи власти и составленіи подложныхъ указовъ и другихъ исходящихъ отъ Правительства бумагъ, ст. 329—341 (улож. 1866 г. ст. 289—301 и уст. о нак. ст. 34.) — — — — — — — — — — — — — — — — 1 — — — — — — — — — — — 1 — — — — — — — О похищеніи бумагъ или вещей изъ присутственныхъ мѣстъ и уничтоженіе постановленныхъ или приложенныхъ по распоряженію правительства знаковъ, ст. 343—347 (улож. 1866 г. ст. 303—307 и уст. о нак. ст. 32.) — — — — — — — — — — — — — — — — — 1 — — — — — — — 1 — — — — — — — — — О взломѣ тюрьмъ, уводѣ и побѣгѣ находящихся подъ стражею или надзоромъ, ст. 348—359 (улож. 1866 ст. 308—317 и уст. о нак. ст. 63.) — — — — — — — — — — — — — 2 — — — — — 2 — — — — — — — 1 — 3 — — — — — — — Отдѣленіе IV.Отдѣленіе IV. О преступленіяхъ и проступкахъ по службѣ Государственной и общественной, ст. 371—549, 782—795, 959—975, 1022—1031, 1068—1072, 1361—1364, 1396—1406, 1410—1414 и 1429 (улож 1866 г. ст. 329—504, 533—539, 707—714, 805—821, 822—830, 854, 855, 1004—1007, 1058—1065, 1068—1072 и уст. о нак. ст. 65, 66, 102, 154—168.) — — — 3 — 10 — 5 — 8 — 12 — — — — — — — — — — — — — — — 12 — 25 — 1 — — — Отдѣленіе V.Отдѣленіе V. О преступленіяхъ и проступкахъ противъ постановленій о повинностяхъ земскихъ ст. 593—598 (улож. 1866 г. ст. 540—545.)— — — — — — — — — 1 — — — — — — — — — — — — — — — 1 — — — — — — — Отдѣленіе VI.Отдѣленіе VI. О нарушеніи уставовъ монетныхъ, ст. 608—630 (улож. 1866 г. ст. 556—578.) — — 4 — — — — — — 6 — 18 3 — — — 1 1 — — — — — — — 8 2 5 2 12 — — — — — О нарушеніи постановленій по питейному сбору и акцизу, ст. 718—795 (улож. 1866 г. ст. 665—717.) — — — — — — — — 3 — 1 — — — — — 2 — — — — — — — 4 — 2 — — — — — — — Отдѣленіе VII.Отдѣленіе VII. О преступленіяхъ и проступкахъ противъ постановленій ограждающихъ народное здравіе, ст. 1044—115* (улож. 1866 г. ст. 831—900 и уст. о нак. ст. 55, 56, 102, 104—109, 112—16 и 173.) — — — 1 — — — — — — — — — 1 — — — — — — — — — — — — — 1 — — — — — — — — О возбужденіи къ начатію или продолженію противузаконныхъ исковъ и тяжбъ о лживыхъ доносахъ, лжесвидѣтельствѣ и ложныхъ показаніяхъ на повальныхъ обыскахъ, ст. 1205—1212 (улож. 1866 г. ст. 939—946.) — — — — — — — — — — — 1 — — — — — — — — — — — — — — — 1 — — — — — — — О бродяжествѣ, укрывательствѣ бѣглыхъ и нарушеніи постановленій о паспортахъ, ст. 1216—1272 (улож. 1866 г. ст. 950—983 и уст. о нак. ст. 29, 58, 60, 61, 62 и 77.) — — — — — — — — — — — — 4 — — — 6 — 21 — — — — — — — 5 — 8 — 8 — 8 — 2 — О противузаконномъ выдѣлываніи и храненіи оружія или пороха и нарушеніи другихъ правилъ осторожности, ст. 1295— 1328 (улож. 1866 г. ст. 986—989 и уст. о нак. ст. 29, 32, 117—126, 129 и 987.) — — — — — — — — — — — 6 — — — — — 1 — — — 3 — 3 — 1 — — — — — — — — — О преступленіяхъ противъ общественной нравственности, ст. 1336—1360 (улож. 1866 г. ст. 993—1003 уст. о нак. ст. 42— 45.)— — — — — — — — — — — — — — — 1 — — — — — — — — — 1 — — — — — — — О нарушеніи правилъ осторожности отъ пожаровъ, ст. 1429—1473 (улож. 1866 г. ст. 1076 и 1077 уст. о нак. ст. 29, 66, 88, 89, 80, 91, 93—98 и 117.) — — — — — — — — — — — — — 2 — — — — — 2 — — — — — — — — — 3 — 1 — — — — — По преступленіямъ, исчисленнымъ въ VIII отдѣленіи, дѣлъ въ разсмотрѣніи не было. — — — — — — — — — — — — — — — — — — — — — — — — — — — — — — — — — — — Отдѣленіе IХ.Отдѣленіе IХ. О смертоубійствѣ, ст. 1998—2020 (улож. 1866 г. ст. 1449—1471.) — — — 27 — — — — — — 17 4 25 12 6 3 5 6 9 2 2 — — — 4 — 13 10 26 15 20 2 1 — — — О самоубійствѣ, ст. 2021—2025 (улож. 1866 г. ст. 1472—1476.) — — — — — — — — — — — — 1 — — — — — — — — — — — — — 1 — — — — — — — — — О нанесеніи увѣчья, ранъ и другихъ поврежденій, ст. 2026—2047 (улож. 1866 г. ст. 1471—1496 и уст. о нак. ст. 129.)4 1 — — — — — 13 1 26 3 12 — 2 — — — — — — — 2 — 12 2 12 2 15 — 1* — 3 — О преступленіяхъ противъ чести и цѣломудрія женщинъ, ст. 2076—2085 (улож. 1866 г. ст. 1523—1532.) — — — — — — — — 1 — 5 — — — 4 — 2 — — — — — 1 — 3 — 5 — 3 — — — — — О личныхъ оскорбленіяхъ, ст. 2086—2094 (улож. 1860 г. ст. 1533 и 1534 и уст. о нак. ст. 130—135.) — 2 — — 1 — 2 — 6 1 4 — — — 2 — 1 1 — — — — — — 5 1 6 1 4 — 1 — — — О противузаконномъ задержаніи и заключеніи ст. 2103—2108 (улож. 1866 г. ст. 1540—1544 и уст. о нак. ст. 142.) — — — — — — — — — 2 — — — — — — — — — — — — — — — — — 2 — — — — — Отдѣленіе Х.Отдѣленіе Х. О преступленіяхъ противъ союза брачнаго, ст. 2118—2156 (улож. 1866 г. ст. 1549—1585.) — — 2 — — — — — — 1 1 — 1 — — — — — — — — — — — — 1 2 — — — — — — — — О преступленіи дѣтей противъ родителей, ст. 2162—2165 (улож. 1866 г. ст. 1591 и 1692 и уст. о нак. ст. 132 и 143.) 4 — — — — — — 2 1 6 — — — 3 — — 3 — — — — 8 3 3 1 — — — — — — — — Отдѣленіе ХI. Отдѣленіе ХI. О насильственномъ завладѣніи чужимъ недвижимымъ имуществомъ и о истребленіи граничныхъ межъ и знаков ст. 2173— 2184 (улож. 1866 г. ст. 1601—1605 и уст. о нак. ст. 142, 144, 145, 147—149, 152 и 155.) — — — — — — — — — 1 — 2 — 1 — — — — — — — — — — — 1 — 1 — 1 — — — 1 — О зажигательствѣ, ст. 2185—2195 (улож. 1866 г. ст. 1606—1615 и уст. о нак. ст. 98.) — — 6 — — — — — — 3 — 1 4 — — — — — 2 — — — — — — 1 2 3 3 1 — — — О разбоѣ, ст. 2208—2217 (улож. 1866 г. ст. 1627—636.) — — — 2 — — — — — — 4 1 12 1 3 — 4 — 8 — — — — — — — 14 2 16 — 1 — — — — — О грабежѣ, ст. 2218—2224 (улож. 1866 г. ст. 1637—1643.) — — — 8 — — — — — — 5 3 15 2 3 1 8 2 8 — — — — — 6 — 7 5 18 3 8 — — — — — О воровствѣ-кражѣ, ст. 2225—2251 (улож. 1866 г. ст. 1644—1664 и уст. о нак. ст. 169 и 170.) — — 11 — — — — — — 28 2 35 6 16 — 37 2 30 1 — — — — 15 3 25 5 56 3 36 — 6 — 8 — О воровствѣ-мошенничествѣ, ст. 2252—2267 (улож. 1866 г. ст. 1665—1676 и уст. о нак. ст. 173—175.) — — — — — — — — — 1 — — — — — — — — — — — — — 1 — — — — — — — — — О присвоеніи ввѣреннаго чужаго движимаго имущества, ст. 2272 (улож. 1866 г. ст. 1681, 1682 и уст. о наказ. ст. 177.)1 — — — — — — 2 — 2 1 — — 1 — — — — — — — — — 3 1 1 — 1 — — — — — О преступленіяхъ и проступкахъ по договорамъ и другимъ обязательствамъ, ст. 2278—2304 (улож. 1866 г. ст. 1688—1711 и уст. о нак. ст. 174 и 180.) — — — — — — — 4 — 6 — — — 3 — 2 — — — — — — — 8 — 4 — 2 — 1 — — — По происшествіямъ нечаяннымъ: по неосторожности и другимъ случаямъ, не отнесеннымъ къ вышеприведеннымъ родамъ и видамъ.— — — — — — — — — 1 — — — 1 — — — — — — — — — 1 — 1 — — — — — — — Итого — — 76 4 — 11 — 7 — 105 14 199 36 41 4 80 13 93 9 2 — 3 — 41 7 124 37 190 29 142 3 28 — 14 — Примѣчанiе:Примѣчанiе: Отъ 1869 г. оставалось арестантовъ: 3 м. 1 ж. об. пола 4. Въ 1870 г. поступило: 151 м. * пола 178. Въ 1870 г. выбыло: 143 м. 25 ж. об. пола 168. За тѣмъ къ 1871 г. осталось: 11 м. 3 ж. об. пола 14. * Столбец прошит Вѣрно: Гражданскiй Губернаторъ Лохвицкiй С в ѣрялъ исправляющій должность Секретаря Статистическаго Комитета Ловянъ
d191;1866 г.;;121 Родъ преступленiй Родъ преступленiй * ныхъ Въ томъ числѣВъ томъ числѣ Возрастъ преступниковъВозрастъ преступниковъ Дворянъ потомственныхъ Дворянъ личныхъ Почетныхъ гражданъ и купцовъ Мещанъ Крестьянъ Военнаго сословiя Инородцевъ Поселенцевъ Ссыльно-каторжныхъ Ниже 17— 17—20 21—30 31—40 41- 50 51-60 Свыше 60 ж. м. ж. м. ж. м. ж. м. ж. м. ж. м. ж. м. ж. м. ж. м. ж. м. ж. м. ж. м. ж. м. ж. м. м м. ж. м. ж. Отдѣленіе I.Отдѣленіе I. Объ отступленіи отъ вѣры и постановленій церкви, ст. 200—234 (Улож. 1866 г. ст. 184—209 и уст. о нак. ст. 38, 63, 64, 48 и 107.)2 — — — — — — — — 5 2 — — — — — — — — — — 2 1 2 1 1 — — — — — — — О святотатствѣ, ст. 253—269 (Улож. 1866 г. ст. 219—235 и уст. о нак. ст. 170 п. 1.) — — 2 — — — — — — 1 — 3 — — — 3 2 2 — — — — — — — 3 2 6 — — — — — — — По преступленіямъ, исчисленнымъ во II отдѣленіи, дѣлъ въ разсмотрѣніи не было. — — — — — — — — — — — — — — — — — — — — — — — — — — — — — — — — — — — Отдѣленіе III.Отдѣленіе III. О самовольномъ присвоеніи власти и составленіи подложныхъ указовъ и другихъ исходящихъ отъ Правительства бумагъ, ст. 329—341 (улож. 1866 г. ст. 289—301 и уст. о нак. ст. 34.) — — — — — — — — — — — — — — — — 1 — — — — — — — — — — — 1 — — — — — — — О похищеніи бумагъ или вещей изъ присутственныхъ мѣстъ и уничтоженіе постановленныхъ или приложенныхъ по распоряженію правительства знаковъ, ст. 343—347 (улож. 1866 г. ст. 303—307 и уст. о нак. ст. 32.) — — — — — — — — — — — — — — — — — 1 — — — — — — — 1 — — — — — — — — — О взломѣ тюрьмъ, уводѣ и побѣгѣ находящихся подъ стражею или надзоромъ, ст. 348—359 (улож. 1866 ст. 308—317 и уст. о нак. ст. 63.) — — — — — — — — — — — — — 2 — — — — — 2 — — — — — — — 1 — 3 — — — — — — — Отдѣленіе IV.Отдѣленіе IV. О преступленіяхъ и проступкахъ по службѣ Государственной и общественной, ст. 371—549, 782—795, 959—975, 1022—1031, 1068—1072, 1361—1364, 1396—1406, 1410—1414 и 1429 (улож 1866 г. ст. 329—504, 533—539, 707—714, 805—821, 822—830, 854, 855, 1004—1007, 1058—1065, 1068—1072 и уст. о нак. ст. 65, 66, 102, 154—168.) — — — 3 — 10 — 5 — 8 — 12 — — — — — — — — — — — — — — — 12 — 25 — 1 — — — Отдѣленіе V.Отдѣленіе V. О преступленіяхъ и проступкахъ противъ постановленій о повинностяхъ земскихъ ст. 593—598 (улож. 1866 г. ст. 540—545.)— — — — — — — — — 1 — — — — — — — — — — — — — — — 1 — — — — — — — Отдѣленіе VI.Отдѣленіе VI. О нарушеніи уставовъ монетныхъ, ст. 608—630 (улож. 1866 г. ст. 556—578.) — — 4 — — — — — — 6 — 18 3 — — — 1 1 — — — — — — — 8 2 5 2 12 — — — — — О нарушеніи постановленій по питейному сбору и акцизу, ст. 718—795 (улож. 1866 г. ст. 665—717.) — — — — — — — — 3 — 1 — — — — — 2 — — — — — — — 4 — 2 — — — — — — — Отдѣленіе VII.Отдѣленіе VII. О преступленіяхъ и проступкахъ противъ постановленій ограждающихъ народное здравіе, ст. 1044—115* (улож. 1866 г. ст. 831—900 и уст. о нак. ст. 55, 56, 102, 104—109, 112—16 и 173.) — — — 1 — — — — — — — — — 1 — — — — — — — — — — — — — 1 — — — — — — — — О возбужденіи къ начатію или продолженію противузаконныхъ исковъ и тяжбъ о лживыхъ доносахъ, лжесвидѣтельствѣ и ложныхъ показаніяхъ на повальныхъ обыскахъ, ст. 1205—1212 (улож. 1866 г. ст. 939—946.) — — — — — — — — — — — 1 — — — — — — — — — — — — — — — 1 — — — — — — — О бродяжествѣ, укрывательствѣ бѣглыхъ и нарушеніи постановленій о паспортахъ, ст. 1216—1272 (улож. 1866 г. ст. 950—983 и уст. о нак. ст. 29, 58, 60, 61, 62 и 77.) — — — — — — — — — — — — 4 — — — 6 — 21 — — — — — — — 5 — 8 — 8 — 8 — 2 — О противузаконномъ выдѣлываніи и храненіи оружія или пороха и нарушеніи другихъ правилъ осторожности, ст. 1295— 1328 (улож. 1866 г. ст. 986—989 и уст. о нак. ст. 29, 32, 117—126, 129 и 987.) — — — — — — — — — — — 6 — — — — — 1 — — — 3 — 3 — 1 — — — — — — — — — О преступленіяхъ противъ общественной нравственности, ст. 1336—1360 (улож. 1866 г. ст. 993—1003 уст. о нак. ст. 42— 45.)— — — — — — — — — — — — — — — 1 — — — — — — — — — 1 — — — — — — — О нарушеніи правилъ осторожности отъ пожаровъ, ст. 1429—1473 (улож. 1866 г. ст. 1076 и 1077 уст. о нак. ст. 29, 66, 88, 89, 80, 91, 93—98 и 117.) — — — — — — — — — — — — — 2 — — — — — 2 — — — — — — — — — 3 — 1 — — — — — По преступленіямъ, исчисленнымъ въ VIII отдѣленіи, дѣлъ въ разсмотрѣніи не было. — — — — — — — — — — — — — — — — — — — — — — — — — — — — — — — — — — — Отдѣленіе IХ.Отдѣленіе IХ. О смертоубійствѣ, ст. 1998—2020 (улож. 1866 г. ст. 1449—1471.) — — — 27 — — — — — — 17 4 25 12 6 3 5 6 9 2 2 — — — 4 — 13 10 26 15 20 2 1 — — — О самоубійствѣ, ст. 2021—2025 (улож. 1866 г. ст. 1472—1476.) — — — — — — — — — — — — 1 — — — — — — — — — — — — — 1 — — — — — — — — — О нанесеніи увѣчья, ранъ и другихъ поврежденій, ст. 2026—2047 (улож. 1866 г. ст. 1471—1496 и уст. о нак. ст. 129.)4 1 — — — — — 13 1 26 3 12 — 2 — — — — — — — 2 — 12 2 12 2 15 — 1* — 3 — О преступленіяхъ противъ чести и цѣломудрія женщинъ, ст. 2076—2085 (улож. 1866 г. ст. 1523—1532.) — — — — — — — — 1 — 5 — — — 4 — 2 — — — — — 1 — 3 — 5 — 3 — — — — — О личныхъ оскорбленіяхъ, ст. 2086—2094 (улож. 1860 г. ст. 1533 и 1534 и уст. о нак. ст. 130—135.) — 2 — — 1 — 2 — 6 1 4 — — — 2 — 1 1 — — — — — — 5 1 6 1 4 — 1 — — — О противузаконномъ задержаніи и заключеніи ст. 2103—2108 (улож. 1866 г. ст. 1540—1544 и уст. о нак. ст. 142.) — — — — — — — — — 2 — — — — — — — — — — — — — — — — — 2 — — — — — Отдѣленіе Х.Отдѣленіе Х. О преступленіяхъ противъ союза брачнаго, ст. 2118—2156 (улож. 1866 г. ст. 1549—1585.) — — 2 — — — — — — 1 1 — 1 — — — — — — — — — — — — 1 2 — — — — — — — — О преступленіи дѣтей противъ родителей, ст. 2162—2165 (улож. 1866 г. ст. 1591 и 1692 и уст. о нак. ст. 132 и 143.) 4 — — — — — — 2 1 6 — — — 3 — — 3 — — — — 8 3 3 1 — — — — — — — — Отдѣленіе ХI. Отдѣленіе ХI. О насильственномъ завладѣніи чужимъ недвижимымъ имуществомъ и о истребленіи граничныхъ межъ и знаков ст. 2173— 2184 (улож. 1866 г. ст. 1601—1605 и уст. о нак. ст. 142, 144, 145, 147—149, 152 и 155.) — — — — — — — — — 1 — 2 — 1 — — — — — — — — — — — 1 — 1 — 1 — — — 1 — О зажигательствѣ, ст. 2185—2195 (улож. 1866 г. ст. 1606—1615 и уст. о нак. ст. 98.) — — 6 — — — — — — 3 — 1 4 — — — — — 2 — — — — — — 1 2 3 3 1 — — — О разбоѣ, ст. 2208—2217 (улож. 1866 г. ст. 1627—636.) — — — 2 — — — — — — 4 1 12 1 3 — 4 — 8 — — — — — — — 14 2 16 — 1 — — — — — О грабежѣ, ст. 2218—2224 (улож. 1866 г. ст. 1637—1643.) — — — 8 — — — — — — 5 3 15 2 3 1 8 2 8 — — — — — 6 — 7 5 18 3 8 — — — — — О воровствѣ-кражѣ, ст. 2225—2251 (улож. 1866 г. ст. 1644—1664 и уст. о нак. ст. 169 и 170.) — — 11 — — — — — — 28 2 35 6 16 — 37 2 30 1 — — — — 15 3 25 5 56 3 36 — 6 — 8 — О воровствѣ-мошенничествѣ, ст. 2252—2267 (улож. 1866 г. ст. 1665—1676 и уст. о нак. ст. 173—175.) — — — — — — — — — 1 — — — — — — — — — — — — — 1 — — — — — — — — — О присвоеніи ввѣреннаго чужаго движимаго имущества, ст. 2272 (улож. 1866 г. ст. 1681, 1682 и уст. о наказ. ст. 177.)1 — — — — — — 2 — 2 1 — — 1 — — — — — — — — — 3 1 1 — 1 — — — — — О преступленіяхъ и проступкахъ по договорамъ и другимъ обязательствамъ, ст. 2278—2304 (улож. 1866 г. ст. 1688—1711 и уст. о нак. ст. 174 и 180.) — — — — — — — 4 — 6 — — — 3 — 2 — — — — — — — 8 — 4 — 2 — 1 — — — По происшествіямъ нечаяннымъ: по неосторожности и другимъ случаямъ, не отнесеннымъ къ вышеприведеннымъ родамъ и видамъ.— — — — — — — — — 1 — — — 1 — — — — — — — — — 1 — 1 — — — — — — — Итого — — 76 4 — 11 — 7 — 105 14 199 36 41 4 80 13 93 9 2 — 3 — 41 7 124 37 190 29 142 3 28 — 14 — Примѣчанiе:Примѣчанiе: Отъ 1869 г. оставалось арестантовъ: 3 м. 1 ж. об. пола 4. Въ 1870 г. поступило: 151 м. * пола 178. Въ 1870 г. выбыло: 143 м. 25 ж. об. пола 168. За тѣмъ къ 1871 г. осталось: 11 м. 3 ж. об. пола 14. * Столбец прошит Вѣрно: Гражданскiй Губернаторъ Лохвицкiй С в ѣрялъ исправляющій должность Секретаря Статистическаго Комитета Ловянъ
d192;1866 г.;;121 Родъ преступленiй Родъ преступленiй * ныхъ Въ томъ числѣВъ томъ числѣ Возрастъ преступниковъВозрастъ преступниковъ Дворянъ потомственныхъ Дворянъ личныхъ Почетныхъ гражданъ и купцовъ Мещанъ Крестьянъ Военнаго сословiя Инородцевъ Поселенцевъ Ссыльно-каторжныхъ Ниже 17— 17—20 21—30 31—40 41- 50 51-60 Свыше 60 ж. м. ж. м. ж. м. ж. м. ж. м. ж. м. ж. м. ж. м. ж. м. ж. м. ж. м. ж. м. ж. м. ж. м. м м. ж. м. ж. Отдѣленіе I.Отдѣленіе I. Объ отступленіи отъ вѣры и постановленій церкви, ст. 200—234 (Улож. 1866 г. ст. 184—209 и уст. о нак. ст. 38, 63, 64, 48 и 107.)2 — — — — — — — — 5 2 — — — — — — — — — — 2 1 2 1 1 — — — — — — — О святотатствѣ, ст. 253—269 (Улож. 1866 г. ст. 219—235 и уст. о нак. ст. 170 п. 1.) — — 2 — — — — — — 1 — 3 — — — 3 2 2 — — — — — — — 3 2 6 — — — — — — — По преступленіямъ, исчисленнымъ во II отдѣленіи, дѣлъ въ разсмотрѣніи не было. — — — — — — — — — — — — — — — — — — — — — — — — — — — — — — — — — — — Отдѣленіе III.Отдѣленіе III. О самовольномъ присвоеніи власти и составленіи подложныхъ указовъ и другихъ исходящихъ отъ Правительства бумагъ, ст. 329—341 (улож. 1866 г. ст. 289—301 и уст. о нак. ст. 34.) — — — — — — — — — — — — — — — — 1 — — — — — — — — — — — 1 — — — — — — — О похищеніи бумагъ или вещей изъ присутственныхъ мѣстъ и уничтоженіе постановленныхъ или приложенныхъ по распоряженію правительства знаковъ, ст. 343—347 (улож. 1866 г. ст. 303—307 и уст. о нак. ст. 32.) — — — — — — — — — — — — — — — — — 1 — — — — — — — 1 — — — — — — — — — О взломѣ тюрьмъ, уводѣ и побѣгѣ находящихся подъ стражею или надзоромъ, ст. 348—359 (улож. 1866 ст. 308—317 и уст. о нак. ст. 63.) — — — — — — — — — — — — — 2 — — — — — 2 — — — — — — — 1 — 3 — — — — — — — Отдѣленіе IV.Отдѣленіе IV. О преступленіяхъ и проступкахъ по службѣ Государственной и общественной, ст. 371—549, 782—795, 959—975, 1022—1031, 1068—1072, 1361—1364, 1396—1406, 1410—1414 и 1429 (улож 1866 г. ст. 329—504, 533—539, 707—714, 805—821, 822—830, 854, 855, 1004—1007, 1058—1065, 1068—1072 и уст. о нак. ст. 65, 66, 102, 154—168.) — — — 3 — 10 — 5 — 8 — 12 — — — — — — — — — — — — — — — 12 — 25 — 1 — — — Отдѣленіе V.Отдѣленіе V. О преступленіяхъ и проступкахъ противъ постановленій о повинностяхъ земскихъ ст. 593—598 (улож. 1866 г. ст. 540—545.)— — — — — — — — — 1 — — — — — — — — — — — — — — — 1 — — — — — — — Отдѣленіе VI.Отдѣленіе VI. О нарушеніи уставовъ монетныхъ, ст. 608—630 (улож. 1866 г. ст. 556—578.) — — 4 — — — — — — 6 — 18 3 — — — 1 1 — — — — — — — 8 2 5 2 12 — — — — — О нарушеніи постановленій по питейному сбору и акцизу, ст. 718—795 (улож. 1866 г. ст. 665—717.) — — — — — — — — 3 — 1 — — — — — 2 — — — — — — — 4 — 2 — — — — — — — Отдѣленіе VII.Отдѣленіе VII. О преступленіяхъ и проступкахъ противъ постановленій ограждающихъ народное здравіе, ст. 1044—115* (улож. 1866 г. ст. 831—900 и уст. о нак. ст. 55, 56, 102, 104—109, 112—16 и 173.) — — — 1 — — — — — — — — — 1 — — — — — — — — — — — — — 1 — — — — — — — — О возбужденіи къ начатію или продолженію противузаконныхъ исковъ и тяжбъ о лживыхъ доносахъ, лжесвидѣтельствѣ и ложныхъ показаніяхъ на повальныхъ обыскахъ, ст. 1205—1212 (улож. 1866 г. ст. 939—946.) — — — — — — — — — — — 1 — — — — — — — — — — — — — — — 1 — — — — — — — О бродяжествѣ, укрывательствѣ бѣглыхъ и нарушеніи постановленій о паспортахъ, ст. 1216—1272 (улож. 1866 г. ст. 950—983 и уст. о нак. ст. 29, 58, 60, 61, 62 и 77.) — — — — — — — — — — — — 4 — — — 6 — 21 — — — — — — — 5 — 8 — 8 — 8 — 2 — О противузаконномъ выдѣлываніи и храненіи оружія или пороха и нарушеніи другихъ правилъ осторожности, ст. 1295— 1328 (улож. 1866 г. ст. 986—989 и уст. о нак. ст. 29, 32, 117—126, 129 и 987.) — — — — — — — — — — — 6 — — — — — 1 — — — 3 — 3 — 1 — — — — — — — — — О преступленіяхъ противъ общественной нравственности, ст. 1336—1360 (улож. 1866 г. ст. 993—1003 уст. о нак. ст. 42— 45.)— — — — — — — — — — — — — — — 1 — — — — — — — — — 1 — — — — — — — О нарушеніи правилъ осторожности отъ пожаровъ, ст. 1429—1473 (улож. 1866 г. ст. 1076 и 1077 уст. о нак. ст. 29, 66, 88, 89, 80, 91, 93—98 и 117.) — — — — — — — — — — — — — 2 — — — — — 2 — — — — — — — — — 3 — 1 — — — — — По преступленіямъ, исчисленнымъ въ VIII отдѣленіи, дѣлъ въ разсмотрѣніи не было. — — — — — — — — — — — — — — — — — — — — — — — — — — — — — — — — — — — Отдѣленіе IХ.Отдѣленіе IХ. О смертоубійствѣ, ст. 1998—2020 (улож. 1866 г. ст. 1449—1471.) — — — 27 — — — — — — 17 4 25 12 6 3 5 6 9 2 2 — — — 4 — 13 10 26 15 20 2 1 — — — О самоубійствѣ, ст. 2021—2025 (улож. 1866 г. ст. 1472—1476.) — — — — — — — — — — — — 1 — — — — — — — — — — — — — 1 — — — — — — — — — О нанесеніи увѣчья, ранъ и другихъ поврежденій, ст. 2026—2047 (улож. 1866 г. ст. 1471—1496 и уст. о нак. ст. 129.)4 1 — — — — — 13 1 26 3 12 — 2 — — — — — — — 2 — 12 2 12 2 15 — 1* — 3 — О преступленіяхъ противъ чести и цѣломудрія женщинъ, ст. 2076—2085 (улож. 1866 г. ст. 1523—1532.) — — — — — — — — 1 — 5 — — — 4 — 2 — — — — — 1 — 3 — 5 — 3 — — — — — О личныхъ оскорбленіяхъ, ст. 2086—2094 (улож. 1860 г. ст. 1533 и 1534 и уст. о нак. ст. 130—135.) — 2 — — 1 — 2 — 6 1 4 — — — 2 — 1 1 — — — — — — 5 1 6 1 4 — 1 — — — О противузаконномъ задержаніи и заключеніи ст. 2103—2108 (улож. 1866 г. ст. 1540—1544 и уст. о нак. ст. 142.) — — — — — — — — — 2 — — — — — — — — — — — — — — — — — 2 — — — — — Отдѣленіе Х.Отдѣленіе Х. О преступленіяхъ противъ союза брачнаго, ст. 2118—2156 (улож. 1866 г. ст. 1549—1585.) — — 2 — — — — — — 1 1 — 1 — — — — — — — — — — — — 1 2 — — — — — — — — О преступленіи дѣтей противъ родителей, ст. 2162—2165 (улож. 1866 г. ст. 1591 и 1692 и уст. о нак. ст. 132 и 143.) 4 — — — — — — 2 1 6 — — — 3 — — 3 — — — — 8 3 3 1 — — — — — — — — Отдѣленіе ХI. Отдѣленіе ХI. О насильственномъ завладѣніи чужимъ недвижимымъ имуществомъ и о истребленіи граничныхъ межъ и знаков ст. 2173— 2184 (улож. 1866 г. ст. 1601—1605 и уст. о нак. ст. 142, 144, 145, 147—149, 152 и 155.) — — — — — — — — — 1 — 2 — 1 — — — — — — — — — — — 1 — 1 — 1 — — — 1 — О зажигательствѣ, ст. 2185—2195 (улож. 1866 г. ст. 1606—1615 и уст. о нак. ст. 98.) — — 6 — — — — — — 3 — 1 4 — — — — — 2 — — — — — — 1 2 3 3 1 — — — О разбоѣ, ст. 2208—2217 (улож. 1866 г. ст. 1627—636.) — — — 2 — — — — — — 4 1 12 1 3 — 4 — 8 — — — — — — — 14 2 16 — 1 — — — — — О грабежѣ, ст. 2218—2224 (улож. 1866 г. ст. 1637—1643.) — — — 8 — — — — — — 5 3 15 2 3 1 8 2 8 — — — — — 6 — 7 5 18 3 8 — — — — — О воровствѣ-кражѣ, ст. 2225—2251 (улож. 1866 г. ст. 1644—1664 и уст. о нак. ст. 169 и 170.) — — 11 — — — — — — 28 2 35 6 16 — 37 2 30 1 — — — — 15 3 25 5 56 3 36 — 6 — 8 — О воровствѣ-мошенничествѣ, ст. 2252—2267 (улож. 1866 г. ст. 1665—1676 и уст. о нак. ст. 173—175.) — — — — — — — — — 1 — — — — — — — — — — — — — 1 — — — — — — — — — О присвоеніи ввѣреннаго чужаго движимаго имущества, ст. 2272 (улож. 1866 г. ст. 1681, 1682 и уст. о наказ. ст. 177.)1 — — — — — — 2 — 2 1 — — 1 — — — — — — — — — 3 1 1 — 1 — — — — — О преступленіяхъ и проступкахъ по договорамъ и другимъ обязательствамъ, ст. 2278—2304 (улож. 1866 г. ст. 1688—1711 и уст. о нак. ст. 174 и 180.) — — — — — — — 4 — 6 — — — 3 — 2 — — — — — — — 8 — 4 — 2 — 1 — — — По происшествіямъ нечаяннымъ: по неосторожности и другимъ случаямъ, не отнесеннымъ къ вышеприведеннымъ родамъ и видамъ.— — — — — — — — — 1 — — — 1 — — — — — — — — — 1 — 1 — — — — — — — Итого — — 76 4 — 11 — 7 — 105 14 199 36 41 4 80 13 93 9 2 — 3 — 41 7 124 37 190 29 142 3 28 — 14 — Примѣчанiе:Примѣчанiе: Отъ 1869 г. оставалось арестантовъ: 3 м. 1 ж. об. пола 4. Въ 1870 г. поступило: 151 м. * пола 178. Въ 1870 г. выбыло: 143 м. 25 ж. об. пола 168. За тѣмъ къ 1871 г. осталось: 11 м. 3 ж. об. пола 14. * Столбец прошит Вѣрно: Гражданскiй Губернаторъ Лохвицкiй С в ѣрялъ исправляющій должность Секретаря Статистическаго Комитета Ловянъ
d193;1866 г.;;121 Родъ преступленiй Родъ преступленiй * ныхъ Въ томъ числѣВъ томъ числѣ Возрастъ преступниковъВозрастъ преступниковъ Дворянъ потомственныхъ Дворянъ личныхъ Почетныхъ гражданъ и купцовъ Мещанъ Крестьянъ Военнаго сословiя Инородцевъ Поселенцевъ Ссыльно-каторжныхъ Ниже 17— 17—20 21—30 31—40 41- 50 51-60 Свыше 60 ж. м. ж. м. ж. м. ж. м. ж. м. ж. м. ж. м. ж. м. ж. м. ж. м. ж. м. ж. м. ж. м. ж. м. м м. ж. м. ж. Отдѣленіе I.Отдѣленіе I. Объ отступленіи отъ вѣры и постановленій церкви, ст. 200—234 (Улож. 1866 г. ст. 184—209 и уст. о нак. ст. 38, 63, 64, 48 и 107.)2 — — — — — — — — 5 2 — — — — — — — — — — 2 1 2 1 1 — — — — — — — О святотатствѣ, ст. 253—269 (Улож. 1866 г. ст. 219—235 и уст. о нак. ст. 170 п. 1.) — — 2 — — — — — — 1 — 3 — — — 3 2 2 — — — — — — — 3 2 6 — — — — — — — По преступленіямъ, исчисленнымъ во II отдѣленіи, дѣлъ въ разсмотрѣніи не было. — — — — — — — — — — — — — — — — — — — — — — — — — — — — — — — — — — — Отдѣленіе III.Отдѣленіе III. О самовольномъ присвоеніи власти и составленіи подложныхъ указовъ и другихъ исходящихъ отъ Правительства бумагъ, ст. 329—341 (улож. 1866 г. ст. 289—301 и уст. о нак. ст. 34.) — — — — — — — — — — — — — — — — 1 — — — — — — — — — — — 1 — — — — — — — О похищеніи бумагъ или вещей изъ присутственныхъ мѣстъ и уничтоженіе постановленныхъ или приложенныхъ по распоряженію правительства знаковъ, ст. 343—347 (улож. 1866 г. ст. 303—307 и уст. о нак. ст. 32.) — — — — — — — — — — — — — — — — — 1 — — — — — — — 1 — — — — — — — — — О взломѣ тюрьмъ, уводѣ и побѣгѣ находящихся подъ стражею или надзоромъ, ст. 348—359 (улож. 1866 ст. 308—317 и уст. о нак. ст. 63.) — — — — — — — — — — — — — 2 — — — — — 2 — — — — — — — 1 — 3 — — — — — — — Отдѣленіе IV.Отдѣленіе IV. О преступленіяхъ и проступкахъ по службѣ Государственной и общественной, ст. 371—549, 782—795, 959—975, 1022—1031, 1068—1072, 1361—1364, 1396—1406, 1410—1414 и 1429 (улож 1866 г. ст. 329—504, 533—539, 707—714, 805—821, 822—830, 854, 855, 1004—1007, 1058—1065, 1068—1072 и уст. о нак. ст. 65, 66, 102, 154—168.) — — — 3 — 10 — 5 — 8 — 12 — — — — — — — — — — — — — — — 12 — 25 — 1 — — — Отдѣленіе V.Отдѣленіе V. О преступленіяхъ и проступкахъ противъ постановленій о повинностяхъ земскихъ ст. 593—598 (улож. 1866 г. ст. 540—545.)— — — — — — — — — 1 — — — — — — — — — — — — — — — 1 — — — — — — — Отдѣленіе VI.Отдѣленіе VI. О нарушеніи уставовъ монетныхъ, ст. 608—630 (улож. 1866 г. ст. 556—578.) — — 4 — — — — — — 6 — 18 3 — — — 1 1 — — — — — — — 8 2 5 2 12 — — — — — О нарушеніи постановленій по питейному сбору и акцизу, ст. 718—795 (улож. 1866 г. ст. 665—717.) — — — — — — — — 3 — 1 — — — — — 2 — — — — — — — 4 — 2 — — — — — — — Отдѣленіе VII.Отдѣленіе VII. О преступленіяхъ и проступкахъ противъ постановленій ограждающихъ народное здравіе, ст. 1044—115* (улож. 1866 г. ст. 831—900 и уст. о нак. ст. 55, 56, 102, 104—109, 112—16 и 173.) — — — 1 — — — — — — — — — 1 — — — — — — — — — — — — — 1 — — — — — — — — О возбужденіи къ начатію или продолженію противузаконныхъ исковъ и тяжбъ о лживыхъ доносахъ, лжесвидѣтельствѣ и ложныхъ показаніяхъ на повальныхъ обыскахъ, ст. 1205—1212 (улож. 1866 г. ст. 939—946.) — — — — — — — — — — — 1 — — — — — — — — — — — — — — — 1 — — — — — — — О бродяжествѣ, укрывательствѣ бѣглыхъ и нарушеніи постановленій о паспортахъ, ст. 1216—1272 (улож. 1866 г. ст. 950—983 и уст. о нак. ст. 29, 58, 60, 61, 62 и 77.) — — — — — — — — — — — — 4 — — — 6 — 21 — — — — — — — 5 — 8 — 8 — 8 — 2 — О противузаконномъ выдѣлываніи и храненіи оружія или пороха и нарушеніи другихъ правилъ осторожности, ст. 1295— 1328 (улож. 1866 г. ст. 986—989 и уст. о нак. ст. 29, 32, 117—126, 129 и 987.) — — — — — — — — — — — 6 — — — — — 1 — — — 3 — 3 — 1 — — — — — — — — — О преступленіяхъ противъ общественной нравственности, ст. 1336—1360 (улож. 1866 г. ст. 993—1003 уст. о нак. ст. 42— 45.)— — — — — — — — — — — — — — — 1 — — — — — — — — — 1 — — — — — — — О нарушеніи правилъ осторожности отъ пожаровъ, ст. 1429—1473 (улож. 1866 г. ст. 1076 и 1077 уст. о нак. ст. 29, 66, 88, 89, 80, 91, 93—98 и 117.) — — — — — — — — — — — — — 2 — — — — — 2 — — — — — — — — — 3 — 1 — — — — — По преступленіямъ, исчисленнымъ въ VIII отдѣленіи, дѣлъ въ разсмотрѣніи не было. — — — — — — — — — — — — — — — — — — — — — — — — — — — — — — — — — — — Отдѣленіе IХ.Отдѣленіе IХ. О смертоубійствѣ, ст. 1998—2020 (улож. 1866 г. ст. 1449—1471.) — — — 27 — — — — — — 17 4 25 12 6 3 5 6 9 2 2 — — — 4 — 13 10 26 15 20 2 1 — — — О самоубійствѣ, ст. 2021—2025 (улож. 1866 г. ст. 1472—1476.) — — — — — — — — — — — — 1 — — — — — — — — — — — — — 1 — — — — — — — — — О нанесеніи увѣчья, ранъ и другихъ поврежденій, ст. 2026—2047 (улож. 1866 г. ст. 1471—1496 и уст. о нак. ст. 129.)4 1 — — — — — 13 1 26 3 12 — 2 — — — — — — — 2 — 12 2 12 2 15 — 1* — 3 — О преступленіяхъ противъ чести и цѣломудрія женщинъ, ст. 2076—2085 (улож. 1866 г. ст. 1523—1532.) — — — — — — — — 1 — 5 — — — 4 — 2 — — — — — 1 — 3 — 5 — 3 — — — — — О личныхъ оскорбленіяхъ, ст. 2086—2094 (улож. 1860 г. ст. 1533 и 1534 и уст. о нак. ст. 130—135.) — 2 — — 1 — 2 — 6 1 4 — — — 2 — 1 1 — — — — — — 5 1 6 1 4 — 1 — — — О противузаконномъ задержаніи и заключеніи ст. 2103—2108 (улож. 1866 г. ст. 1540—1544 и уст. о нак. ст. 142.) — — — — — — — — — 2 — — — — — — — — — — — — — — — — — 2 — — — — — Отдѣленіе Х.Отдѣленіе Х. О преступленіяхъ противъ союза брачнаго, ст. 2118—2156 (улож. 1866 г. ст. 1549—1585.) — — 2 — — — — — — 1 1 — 1 — — — — — — — — — — — — 1 2 — — — — — — — — О преступленіи дѣтей противъ родителей, ст. 2162—2165 (улож. 1866 г. ст. 1591 и 1692 и уст. о нак. ст. 132 и 143.) 4 — — — — — — 2 1 6 — — — 3 — — 3 — — — — 8 3 3 1 — — — — — — — — Отдѣленіе ХI. Отдѣленіе ХI. О насильственномъ завладѣніи чужимъ недвижимымъ имуществомъ и о истребленіи граничныхъ межъ и знаков ст. 2173— 2184 (улож. 1866 г. ст. 1601—1605 и уст. о нак. ст. 142, 144, 145, 147—149, 152 и 155.) — — — — — — — — — 1 — 2 — 1 — — — — — — — — — — — 1 — 1 — 1 — — — 1 — О зажигательствѣ, ст. 2185—2195 (улож. 1866 г. ст. 1606—1615 и уст. о нак. ст. 98.) — — 6 — — — — — — 3 — 1 4 — — — — — 2 — — — — — — 1 2 3 3 1 — — — О разбоѣ, ст. 2208—2217 (улож. 1866 г. ст. 1627—636.) — — — 2 — — — — — — 4 1 12 1 3 — 4 — 8 — — — — — — — 14 2 16 — 1 — — — — — О грабежѣ, ст. 2218—2224 (улож. 1866 г. ст. 1637—1643.) — — — 8 — — — — — — 5 3 15 2 3 1 8 2 8 — — — — — 6 — 7 5 18 3 8 — — — — — О воровствѣ-кражѣ, ст. 2225—2251 (улож. 1866 г. ст. 1644—1664 и уст. о нак. ст. 169 и 170.) — — 11 — — — — — — 28 2 35 6 16 — 37 2 30 1 — — — — 15 3 25 5 56 3 36 — 6 — 8 — О воровствѣ-мошенничествѣ, ст. 2252—2267 (улож. 1866 г. ст. 1665—1676 и уст. о нак. ст. 173—175.) — — — — — — — — — 1 — — — — — — — — — — — — — 1 — — — — — — — — — О присвоеніи ввѣреннаго чужаго движимаго имущества, ст. 2272 (улож. 1866 г. ст. 1681, 1682 и уст. о наказ. ст. 177.)1 — — — — — — 2 — 2 1 — — 1 — — — — — — — — — 3 1 1 — 1 — — — — — О преступленіяхъ и проступкахъ по договорамъ и другимъ обязательствамъ, ст. 2278—2304 (улож. 1866 г. ст. 1688—1711 и уст. о нак. ст. 174 и 180.) — — — — — — — 4 — 6 — — — 3 — 2 — — — — — — — 8 — 4 — 2 — 1 — — — По происшествіямъ нечаяннымъ: по неосторожности и другимъ случаямъ, не отнесеннымъ къ вышеприведеннымъ родамъ и видамъ.— — — — — — — — — 1 — — — 1 — — — — — — — — — 1 — 1 — — — — — — — Итого — — 76 4 — 11 — 7 — 105 14 199 36 41 4 80 13 93 9 2 — 3 — 41 7 124 37 190 29 142 3 28 — 14 — Примѣчанiе:Примѣчанiе: Отъ 1869 г. оставалось арестантовъ: 3 м. 1 ж. об. пола 4. Въ 1870 г. поступило: 151 м. * пола 178. Въ 1870 г. выбыло: 143 м. 25 ж. об. пола 168. За тѣмъ къ 1871 г. осталось: 11 м. 3 ж. об. пола 14. * Столбец прошит Вѣрно: Гражданскiй Губернаторъ Лохвицкiй С в ѣрялъ исправляющій должность Секретаря Статистическаго Комитета Ловянъ
d194;1866 г.;;121 Родъ преступленiй Родъ преступленiй * ныхъ Въ томъ числѣВъ томъ числѣ Возрастъ преступниковъВозрастъ преступниковъ Дворянъ потомственныхъ Дворянъ личныхъ Почетныхъ гражданъ и купцовъ Мещанъ Крестьянъ Военнаго сословiя Инородцевъ Поселенцевъ Ссыльно-каторжныхъ Ниже 17— 17—20 21—30 31—40 41- 50 51-60 Свыше 60 ж. м. ж. м. ж. м. ж. м. ж. м. ж. м. ж. м. ж. м. ж. м. ж. м. ж. м. ж. м. ж. м. ж. м. м м. ж. м. ж. Отдѣленіе I.Отдѣленіе I. Объ отступленіи отъ вѣры и постановленій церкви, ст. 200—234 (Улож. 1866 г. ст. 184—209 и уст. о нак. ст. 38, 63, 64, 48 и 107.)2 — — — — — — — — 5 2 — — — — — — — — — — 2 1 2 1 1 — — — — — — — О святотатствѣ, ст. 253—269 (Улож. 1866 г. ст. 219—235 и уст. о нак. ст. 170 п. 1.) — — 2 — — — — — — 1 — 3 — — — 3 2 2 — — — — — — — 3 2 6 — — — — — — — По преступленіямъ, исчисленнымъ во II отдѣленіи, дѣлъ въ разсмотрѣніи не было. — — — — — — — — — — — — — — — — — — — — — — — — — — — — — — — — — — — Отдѣленіе III.Отдѣленіе III. О самовольномъ присвоеніи власти и составленіи подложныхъ указовъ и другихъ исходящихъ отъ Правительства бумагъ, ст. 329—341 (улож. 1866 г. ст. 289—301 и уст. о нак. ст. 34.) — — — — — — — — — — — — — — — — 1 — — — — — — — — — — — 1 — — — — — — — О похищеніи бумагъ или вещей изъ присутственныхъ мѣстъ и уничтоженіе постановленныхъ или приложенныхъ по распоряженію правительства знаковъ, ст. 343—347 (улож. 1866 г. ст. 303—307 и уст. о нак. ст. 32.) — — — — — — — — — — — — — — — — — 1 — — — — — — — 1 — — — — — — — — — О взломѣ тюрьмъ, уводѣ и побѣгѣ находящихся подъ стражею или надзоромъ, ст. 348—359 (улож. 1866 ст. 308—317 и уст. о нак. ст. 63.) — — — — — — — — — — — — — 2 — — — — — 2 — — — — — — — 1 — 3 — — — — — — — Отдѣленіе IV.Отдѣленіе IV. О преступленіяхъ и проступкахъ по службѣ Государственной и общественной, ст. 371—549, 782—795, 959—975, 1022—1031, 1068—1072, 1361—1364, 1396—1406, 1410—1414 и 1429 (улож 1866 г. ст. 329—504, 533—539, 707—714, 805—821, 822—830, 854, 855, 1004—1007, 1058—1065, 1068—1072 и уст. о нак. ст. 65, 66, 102, 154—168.) — — — 3 — 10 — 5 — 8 — 12 — — — — — — — — — — — — — — — 12 — 25 — 1 — — — Отдѣленіе V.Отдѣленіе V. О преступленіяхъ и проступкахъ противъ постановленій о повинностяхъ земскихъ ст. 593—598 (улож. 1866 г. ст. 540—545.)— — — — — — — — — 1 — — — — — — — — — — — — — — — 1 — — — — — — — Отдѣленіе VI.Отдѣленіе VI. О нарушеніи уставовъ монетныхъ, ст. 608—630 (улож. 1866 г. ст. 556—578.) — — 4 — — — — — — 6 — 18 3 — — — 1 1 — — — — — — — 8 2 5 2 12 — — — — — О нарушеніи постановленій по питейному сбору и акцизу, ст. 718—795 (улож. 1866 г. ст. 665—717.) — — — — — — — — 3 — 1 — — — — — 2 — — — — — — — 4 — 2 — — — — — — — Отдѣленіе VII.Отдѣленіе VII. О преступленіяхъ и проступкахъ противъ постановленій ограждающихъ народное здравіе, ст. 1044—115* (улож. 1866 г. ст. 831—900 и уст. о нак. ст. 55, 56, 102, 104—109, 112—16 и 173.) — — — 1 — — — — — — — — — 1 — — — — — — — — — — — — — 1 — — — — — — — — О возбужденіи къ начатію или продолженію противузаконныхъ исковъ и тяжбъ о лживыхъ доносахъ, лжесвидѣтельствѣ и ложныхъ показаніяхъ на повальныхъ обыскахъ, ст. 1205—1212 (улож. 1866 г. ст. 939—946.) — — — — — — — — — — — 1 — — — — — — — — — — — — — — — 1 — — — — — — — О бродяжествѣ, укрывательствѣ бѣглыхъ и нарушеніи постановленій о паспортахъ, ст. 1216—1272 (улож. 1866 г. ст. 950—983 и уст. о нак. ст. 29, 58, 60, 61, 62 и 77.) — — — — — — — — — — — — 4 — — — 6 — 21 — — — — — — — 5 — 8 — 8 — 8 — 2 — О противузаконномъ выдѣлываніи и храненіи оружія или пороха и нарушеніи другихъ правилъ осторожности, ст. 1295— 1328 (улож. 1866 г. ст. 986—989 и уст. о нак. ст. 29, 32, 117—126, 129 и 987.) — — — — — — — — — — — 6 — — — — — 1 — — — 3 — 3 — 1 — — — — — — — — — О преступленіяхъ противъ общественной нравственности, ст. 1336—1360 (улож. 1866 г. ст. 993—1003 уст. о нак. ст. 42— 45.)— — — — — — — — — — — — — — — 1 — — — — — — — — — 1 — — — — — — — О нарушеніи правилъ осторожности отъ пожаровъ, ст. 1429—1473 (улож. 1866 г. ст. 1076 и 1077 уст. о нак. ст. 29, 66, 88, 89, 80, 91, 93—98 и 117.) — — — — — — — — — — — — — 2 — — — — — 2 — — — — — — — — — 3 — 1 — — — — — По преступленіямъ, исчисленнымъ въ VIII отдѣленіи, дѣлъ въ разсмотрѣніи не было. — — — — — — — — — — — — — — — — — — — — — — — — — — — — — — — — — — — Отдѣленіе IХ.Отдѣленіе IХ. О смертоубійствѣ, ст. 1998—2020 (улож. 1866 г. ст. 1449—1471.) — — — 27 — — — — — — 17 4 25 12 6 3 5 6 9 2 2 — — — 4 — 13 10 26 15 20 2 1 — — — О самоубійствѣ, ст. 2021—2025 (улож. 1866 г. ст. 1472—1476.) — — — — — — — — — — — — 1 — — — — — — — — — — — — — 1 — — — — — — — — — О нанесеніи увѣчья, ранъ и другихъ поврежденій, ст. 2026—2047 (улож. 1866 г. ст. 1471—1496 и уст. о нак. ст. 129.)4 1 — — — — — 13 1 26 3 12 — 2 — — — — — — — 2 — 12 2 12 2 15 — 1* — 3 — О преступленіяхъ противъ чести и цѣломудрія женщинъ, ст. 2076—2085 (улож. 1866 г. ст. 1523—1532.) — — — — — — — — 1 — 5 — — — 4 — 2 — — — — — 1 — 3 — 5 — 3 — — — — — О личныхъ оскорбленіяхъ, ст. 2086—2094 (улож. 1860 г. ст. 1533 и 1534 и уст. о нак. ст. 130—135.) — 2 — — 1 — 2 — 6 1 4 — — — 2 — 1 1 — — — — — — 5 1 6 1 4 — 1 — — — О противузаконномъ задержаніи и заключеніи ст. 2103—2108 (улож. 1866 г. ст. 1540—1544 и уст. о нак. ст. 142.) — — — — — — — — — 2 — — — — — — — — — — — — — — — — — 2 — — — — — Отдѣленіе Х.Отдѣленіе Х. О преступленіяхъ противъ союза брачнаго, ст. 2118—2156 (улож. 1866 г. ст. 1549—1585.) — — 2 — — — — — — 1 1 — 1 — — — — — — — — — — — — 1 2 — — — — — — — — О преступленіи дѣтей противъ родителей, ст. 2162—2165 (улож. 1866 г. ст. 1591 и 1692 и уст. о нак. ст. 132 и 143.) 4 — — — — — — 2 1 6 — — — 3 — — 3 — — — — 8 3 3 1 — — — — — — — — Отдѣленіе ХI. Отдѣленіе ХI. О насильственномъ завладѣніи чужимъ недвижимымъ имуществомъ и о истребленіи граничныхъ межъ и знаков ст. 2173— 2184 (улож. 1866 г. ст. 1601—1605 и уст. о нак. ст. 142, 144, 145, 147—149, 152 и 155.) — — — — — — — — — 1 — 2 — 1 — — — — — — — — — — — 1 — 1 — 1 — — — 1 — О зажигательствѣ, ст. 2185—2195 (улож. 1866 г. ст. 1606—1615 и уст. о нак. ст. 98.) — — 6 — — — — — — 3 — 1 4 — — — — — 2 — — — — — — 1 2 3 3 1 — — — О разбоѣ, ст. 2208—2217 (улож. 1866 г. ст. 1627—636.) — — — 2 — — — — — — 4 1 12 1 3 — 4 — 8 — — — — — — — 14 2 16 — 1 — — — — — О грабежѣ, ст. 2218—2224 (улож. 1866 г. ст. 1637—1643.) — — — 8 — — — — — — 5 3 15 2 3 1 8 2 8 — — — — — 6 — 7 5 18 3 8 — — — — — О воровствѣ-кражѣ, ст. 2225—2251 (улож. 1866 г. ст. 1644—1664 и уст. о нак. ст. 169 и 170.) — — 11 — — — — — — 28 2 35 6 16 — 37 2 30 1 — — — — 15 3 25 5 56 3 36 — 6 — 8 — О воровствѣ-мошенничествѣ, ст. 2252—2267 (улож. 1866 г. ст. 1665—1676 и уст. о нак. ст. 173—175.) — — — — — — — — — 1 — — — — — — — — — — — — — 1 — — — — — — — — — О присвоеніи ввѣреннаго чужаго движимаго имущества, ст. 2272 (улож. 1866 г. ст. 1681, 1682 и уст. о наказ. ст. 177.)1 — — — — — — 2 — 2 1 — — 1 — — — — — — — — — 3 1 1 — 1 — — — — — О преступленіяхъ и проступкахъ по договорамъ и другимъ обязательствамъ, ст. 2278—2304 (улож. 1866 г. ст. 1688—1711 и уст. о нак. ст. 174 и 180.) — — — — — — — 4 — 6 — — — 3 — 2 — — — — — — — 8 — 4 — 2 — 1 — — — По происшествіямъ нечаяннымъ: по неосторожности и другимъ случаямъ, не отнесеннымъ къ вышеприведеннымъ родамъ и видамъ.— — — — — — — — — 1 — — — 1 — — — — — — — — — 1 — 1 — — — — — — — Итого — — 76 4 — 11 — 7 — 105 14 199 36 41 4 80 13 93 9 2 — 3 — 41 7 124 37 190 29 142 3 28 — 14 — Примѣчанiе:Примѣчанiе: Отъ 1869 г. оставалось арестантовъ: 3 м. 1 ж. об. пола 4. Въ 1870 г. поступило: 151 м. * пола 178. Въ 1870 г. выбыло: 143 м. 25 ж. об. пола 168. За тѣмъ къ 1871 г. осталось: 11 м. 3 ж. об. пола 14. * Столбец прошит Вѣрно: Гражданскiй Губернаторъ Лохвицкiй С в ѣрялъ исправляющій должность Секретаря Статистическаго Комитета Ловянъ
d195;1860 г.;;121 Родъ преступленiй Родъ преступленiй * ныхъ Въ томъ числѣВъ томъ числѣ Возрастъ преступниковъВозрастъ преступниковъ Дворянъ потомственныхъ Дворянъ личныхъ Почетныхъ гражданъ и купцовъ Мещанъ Крестьянъ Военнаго сословiя Инородцевъ Поселенцевъ Ссыльно-каторжныхъ Ниже 17— 17—20 21—30 31—40 41- 50 51-60 Свыше 60 ж. м. ж. м. ж. м. ж. м. ж. м. ж. м. ж. м. ж. м. ж. м. ж. м. ж. м. ж. м. ж. м. ж. м. м м. ж. м. ж. Отдѣленіе I.Отдѣленіе I. Объ отступленіи отъ вѣры и постановленій церкви, ст. 200—234 (Улож. 1866 г. ст. 184—209 и уст. о нак. ст. 38, 63, 64, 48 и 107.)2 — — — — — — — — 5 2 — — — — — — — — — — 2 1 2 1 1 — — — — — — — О святотатствѣ, ст. 253—269 (Улож. 1866 г. ст. 219—235 и уст. о нак. ст. 170 п. 1.) — — 2 — — — — — — 1 — 3 — — — 3 2 2 — — — — — — — 3 2 6 — — — — — — — По преступленіямъ, исчисленнымъ во II отдѣленіи, дѣлъ въ разсмотрѣніи не было. — — — — — — — — — — — — — — — — — — — — — — — — — — — — — — — — — — — Отдѣленіе III.Отдѣленіе III. О самовольномъ присвоеніи власти и составленіи подложныхъ указовъ и другихъ исходящихъ отъ Правительства бумагъ, ст. 329—341 (улож. 1866 г. ст. 289—301 и уст. о нак. ст. 34.) — — — — — — — — — — — — — — — — 1 — — — — — — — — — — — 1 — — — — — — — О похищеніи бумагъ или вещей изъ присутственныхъ мѣстъ и уничтоженіе постановленныхъ или приложенныхъ по распоряженію правительства знаковъ, ст. 343—347 (улож. 1866 г. ст. 303—307 и уст. о нак. ст. 32.) — — — — — — — — — — — — — — — — — 1 — — — — — — — 1 — — — — — — — — — О взломѣ тюрьмъ, уводѣ и побѣгѣ находящихся подъ стражею или надзоромъ, ст. 348—359 (улож. 1866 ст. 308—317 и уст. о нак. ст. 63.) — — — — — — — — — — — — — 2 — — — — — 2 — — — — — — — 1 — 3 — — — — — — — Отдѣленіе IV.Отдѣленіе IV. О преступленіяхъ и проступкахъ по службѣ Государственной и общественной, ст. 371—549, 782—795, 959—975, 1022—1031, 1068—1072, 1361—1364, 1396—1406, 1410—1414 и 1429 (улож 1866 г. ст. 329—504, 533—539, 707—714, 805—821, 822—830, 854, 855, 1004—1007, 1058—1065, 1068—1072 и уст. о нак. ст. 65, 66, 102, 154—168.) — — — 3 — 10 — 5 — 8 — 12 — — — — — — — — — — — — — — — 12 — 25 — 1 — — — Отдѣленіе V.Отдѣленіе V. О преступленіяхъ и проступкахъ противъ постановленій о повинностяхъ земскихъ ст. 593—598 (улож. 1866 г. ст. 540—545.)— — — — — — — — — 1 — — — — — — — — — — — — — — — 1 — — — — — — — Отдѣленіе VI.Отдѣленіе VI. О нарушеніи уставовъ монетныхъ, ст. 608—630 (улож. 1866 г. ст. 556—578.) — — 4 — — — — — — 6 — 18 3 — — — 1 1 — — — — — — — 8 2 5 2 12 — — — — — О нарушеніи постановленій по питейному сбору и акцизу, ст. 718—795 (улож. 1866 г. ст. 665—717.) — — — — — — — — 3 — 1 — — — — — 2 — — — — — — — 4 — 2 — — — — — — — Отдѣленіе VII.Отдѣленіе VII. О преступленіяхъ и проступкахъ противъ постановленій ограждающихъ народное здравіе, ст. 1044—115* (улож. 1866 г. ст. 831—900 и уст. о нак. ст. 55, 56, 102, 104—109, 112—16 и 173.) — — — 1 — — — — — — — — — 1 — — — — — — — — — — — — — 1 — — — — — — — — О возбужденіи къ начатію или продолженію противузаконныхъ исковъ и тяжбъ о лживыхъ доносахъ, лжесвидѣтельствѣ и ложныхъ показаніяхъ на повальныхъ обыскахъ, ст. 1205—1212 (улож. 1866 г. ст. 939—946.) — — — — — — — — — — — 1 — — — — — — — — — — — — — — — 1 — — — — — — — О бродяжествѣ, укрывательствѣ бѣглыхъ и нарушеніи постановленій о паспортахъ, ст. 1216—1272 (улож. 1866 г. ст. 950—983 и уст. о нак. ст. 29, 58, 60, 61, 62 и 77.) — — — — — — — — — — — — 4 — — — 6 — 21 — — — — — — — 5 — 8 — 8 — 8 — 2 — О противузаконномъ выдѣлываніи и храненіи оружія или пороха и нарушеніи другихъ правилъ осторожности, ст. 1295— 1328 (улож. 1866 г. ст. 986—989 и уст. о нак. ст. 29, 32, 117—126, 129 и 987.) — — — — — — — — — — — 6 — — — — — 1 — — — 3 — 3 — 1 — — — — — — — — — О преступленіяхъ противъ общественной нравственности, ст. 1336—1360 (улож. 1866 г. ст. 993—1003 уст. о нак. ст. 42— 45.)— — — — — — — — — — — — — — — 1 — — — — — — — — — 1 — — — — — — — О нарушеніи правилъ осторожности отъ пожаровъ, ст. 1429—1473 (улож. 1866 г. ст. 1076 и 1077 уст. о нак. ст. 29, 66, 88, 89, 80, 91, 93—98 и 117.) — — — — — — — — — — — — — 2 — — — — — 2 — — — — — — — — — 3 — 1 — — — — — По преступленіямъ, исчисленнымъ въ VIII отдѣленіи, дѣлъ въ разсмотрѣніи не было. — — — — — — — — — — — — — — — — — — — — — — — — — — — — — — — — — — — Отдѣленіе IХ.Отдѣленіе IХ. О смертоубійствѣ, ст. 1998—2020 (улож. 1866 г. ст. 1449—1471.) — — — 27 — — — — — — 17 4 25 12 6 3 5 6 9 2 2 — — — 4 — 13 10 26 15 20 2 1 — — — О самоубійствѣ, ст. 2021—2025 (улож. 1866 г. ст. 1472—1476.) — — — — — — — — — — — — 1 — — — — — — — — — — — — — 1 — — — — — — — — — О нанесеніи увѣчья, ранъ и другихъ поврежденій, ст. 2026—2047 (улож. 1866 г. ст. 1471—1496 и уст. о нак. ст. 129.)4 1 — — — — — 13 1 26 3 12 — 2 — — — — — — — 2 — 12 2 12 2 15 — 1* — 3 — О преступленіяхъ противъ чести и цѣломудрія женщинъ, ст. 2076—2085 (улож. 1866 г. ст. 1523—1532.) — — — — — — — — 1 — 5 — — — 4 — 2 — — — — — 1 — 3 — 5 — 3 — — — — — О личныхъ оскорбленіяхъ, ст. 2086—2094 (улож. 1860 г. ст. 1533 и 1534 и уст. о нак. ст. 130—135.) — 2 — — 1 — 2 — 6 1 4 — — — 2 — 1 1 — — — — — — 5 1 6 1 4 — 1 — — — О противузаконномъ задержаніи и заключеніи ст. 2103—2108 (улож. 1866 г. ст. 1540—1544 и уст. о нак. ст. 142.) — — — — — — — — — 2 — — — — — — — — — — — — — — — — — 2 — — — — — Отдѣленіе Х.Отдѣленіе Х. О преступленіяхъ противъ союза брачнаго, ст. 2118—2156 (улож. 1866 г. ст. 1549—1585.) — — 2 — — — — — — 1 1 — 1 — — — — — — — — — — — — 1 2 — — — — — — — — О преступленіи дѣтей противъ родителей, ст. 2162—2165 (улож. 1866 г. ст. 1591 и 1692 и уст. о нак. ст. 132 и 143.) 4 — — — — — — 2 1 6 — — — 3 — — 3 — — — — 8 3 3 1 — — — — — — — — Отдѣленіе ХI. Отдѣленіе ХI. О насильственномъ завладѣніи чужимъ недвижимымъ имуществомъ и о истребленіи граничныхъ межъ и знаков ст. 2173— 2184 (улож. 1866 г. ст. 1601—1605 и уст. о нак. ст. 142, 144, 145, 147—149, 152 и 155.) — — — — — — — — — 1 — 2 — 1 — — — — — — — — — — — 1 — 1 — 1 — — — 1 — О зажигательствѣ, ст. 2185—2195 (улож. 1866 г. ст. 1606—1615 и уст. о нак. ст. 98.) — — 6 — — — — — — 3 — 1 4 — — — — — 2 — — — — — — 1 2 3 3 1 — — — О разбоѣ, ст. 2208—2217 (улож. 1866 г. ст. 1627—636.) — — — 2 — — — — — — 4 1 12 1 3 — 4 — 8 — — — — — — — 14 2 16 — 1 — — — — — О грабежѣ, ст. 2218—2224 (улож. 1866 г. ст. 1637—1643.) — — — 8 — — — — — — 5 3 15 2 3 1 8 2 8 — — — — — 6 — 7 5 18 3 8 — — — — — О воровствѣ-кражѣ, ст. 2225—2251 (улож. 1866 г. ст. 1644—1664 и уст. о нак. ст. 169 и 170.) — — 11 — — — — — — 28 2 35 6 16 — 37 2 30 1 — — — — 15 3 25 5 56 3 36 — 6 — 8 — О воровствѣ-мошенничествѣ, ст. 2252—2267 (улож. 1866 г. ст. 1665—1676 и уст. о нак. ст. 173—175.) — — — — — — — — — 1 — — — — — — — — — — — — — 1 — — — — — — — — — О присвоеніи ввѣреннаго чужаго движимаго имущества, ст. 2272 (улож. 1866 г. ст. 1681, 1682 и уст. о наказ. ст. 177.)1 — — — — — — 2 — 2 1 — — 1 — — — — — — — — — 3 1 1 — 1 — — — — — О преступленіяхъ и проступкахъ по договорамъ и другимъ обязательствамъ, ст. 2278—2304 (улож. 1866 г. ст. 1688—1711 и уст. о нак. ст. 174 и 180.) — — — — — — — 4 — 6 — — — 3 — 2 — — — — — — — 8 — 4 — 2 — 1 — — — По происшествіямъ нечаяннымъ: по неосторожности и другимъ случаямъ, не отнесеннымъ къ вышеприведеннымъ родамъ и видамъ.— — — — — — — — — 1 — — — 1 — — — — — — — — — 1 — 1 — — — — — — — Итого — — 76 4 — 11 — 7 — 105 14 199 36 41 4 80 13 93 9 2 — 3 — 41 7 124 37 190 29 142 3 28 — 14 — Примѣчанiе:Примѣчанiе: Отъ 1869 г. оставалось арестантовъ: 3 м. 1 ж. об. пола 4. Въ 1870 г. поступило: 151 м. * пола 178. Въ 1870 г. выбыло: 143 м. 25 ж. об. пола 168. За тѣмъ къ 1871 г. осталось: 11 м. 3 ж. об. пола 14. * Столбец прошит Вѣрно: Гражданскiй Губернаторъ Лохвицкiй С в ѣрялъ исправляющій должность Секретаря Статистическаго Комитета Ловянъ
d196;1866 г.;;121 Родъ преступленiй Родъ преступленiй * ныхъ Въ томъ числѣВъ томъ числѣ Возрастъ преступниковъВозрастъ преступниковъ Дворянъ потомственныхъ Дворянъ личныхъ Почетныхъ гражданъ и купцовъ Мещанъ Крестьянъ Военнаго сословiя Инородцевъ Поселенцевъ Ссыльно-каторжныхъ Ниже 17— 17—20 21—30 31—40 41- 50 51-60 Свыше 60 ж. м. ж. м. ж. м. ж. м. ж. м. ж. м. ж. м. ж. м. ж. м. ж. м. ж. м. ж. м. ж. м. ж. м. м м. ж. м. ж. Отдѣленіе I.Отдѣленіе I. Объ отступленіи отъ вѣры и постановленій церкви, ст. 200—234 (Улож. 1866 г. ст. 184—209 и уст. о нак. ст. 38, 63, 64, 48 и 107.)2 — — — — — — — — 5 2 — — — — — — — — — — 2 1 2 1 1 — — — — — — — О святотатствѣ, ст. 253—269 (Улож. 1866 г. ст. 219—235 и уст. о нак. ст. 170 п. 1.) — — 2 — — — — — — 1 — 3 — — — 3 2 2 — — — — — — — 3 2 6 — — — — — — — По преступленіямъ, исчисленнымъ во II отдѣленіи, дѣлъ въ разсмотрѣніи не было. — — — — — — — — — — — — — — — — — — — — — — — — — — — — — — — — — — — Отдѣленіе III.Отдѣленіе III. О самовольномъ присвоеніи власти и составленіи подложныхъ указовъ и другихъ исходящихъ отъ Правительства бумагъ, ст. 329—341 (улож. 1866 г. ст. 289—301 и уст. о нак. ст. 34.) — — — — — — — — — — — — — — — — 1 — — — — — — — — — — — 1 — — — — — — — О похищеніи бумагъ или вещей изъ присутственныхъ мѣстъ и уничтоженіе постановленныхъ или приложенныхъ по распоряженію правительства знаковъ, ст. 343—347 (улож. 1866 г. ст. 303—307 и уст. о нак. ст. 32.) — — — — — — — — — — — — — — — — — 1 — — — — — — — 1 — — — — — — — — — О взломѣ тюрьмъ, уводѣ и побѣгѣ находящихся подъ стражею или надзоромъ, ст. 348—359 (улож. 1866 ст. 308—317 и уст. о нак. ст. 63.) — — — — — — — — — — — — — 2 — — — — — 2 — — — — — — — 1 — 3 — — — — — — — Отдѣленіе IV.Отдѣленіе IV. О преступленіяхъ и проступкахъ по службѣ Государственной и общественной, ст. 371—549, 782—795, 959—975, 1022—1031, 1068—1072, 1361—1364, 1396—1406, 1410—1414 и 1429 (улож 1866 г. ст. 329—504, 533—539, 707—714, 805—821, 822—830, 854, 855, 1004—1007, 1058—1065, 1068—1072 и уст. о нак. ст. 65, 66, 102, 154—168.) — — — 3 — 10 — 5 — 8 — 12 — — — — — — — — — — — — — — — 12 — 25 — 1 — — — Отдѣленіе V.Отдѣленіе V. О преступленіяхъ и проступкахъ противъ постановленій о повинностяхъ земскихъ ст. 593—598 (улож. 1866 г. ст. 540—545.)— — — — — — — — — 1 — — — — — — — — — — — — — — — 1 — — — — — — — Отдѣленіе VI.Отдѣленіе VI. О нарушеніи уставовъ монетныхъ, ст. 608—630 (улож. 1866 г. ст. 556—578.) — — 4 — — — — — — 6 — 18 3 — — — 1 1 — — — — — — — 8 2 5 2 12 — — — — — О нарушеніи постановленій по питейному сбору и акцизу, ст. 718—795 (улож. 1866 г. ст. 665—717.) — — — — — — — — 3 — 1 — — — — — 2 — — — — — — — 4 — 2 — — — — — — — Отдѣленіе VII.Отдѣленіе VII. О преступленіяхъ и проступкахъ противъ постановленій ограждающихъ народное здравіе, ст. 1044—115* (улож. 1866 г. ст. 831—900 и уст. о нак. ст. 55, 56, 102, 104—109, 112—16 и 173.) — — — 1 — — — — — — — — — 1 — — — — — — — — — — — — — 1 — — — — — — — — О возбужденіи къ начатію или продолженію противузаконныхъ исковъ и тяжбъ о лживыхъ доносахъ, лжесвидѣтельствѣ и ложныхъ показаніяхъ на повальныхъ обыскахъ, ст. 1205—1212 (улож. 1866 г. ст. 939—946.) — — — — — — — — — — — 1 — — — — — — — — — — — — — — — 1 — — — — — — — О бродяжествѣ, укрывательствѣ бѣглыхъ и нарушеніи постановленій о паспортахъ, ст. 1216—1272 (улож. 1866 г. ст. 950—983 и уст. о нак. ст. 29, 58, 60, 61, 62 и 77.) — — — — — — — — — — — — 4 — — — 6 — 21 — — — — — — — 5 — 8 — 8 — 8 — 2 — О противузаконномъ выдѣлываніи и храненіи оружія или пороха и нарушеніи другихъ правилъ осторожности, ст. 1295— 1328 (улож. 1866 г. ст. 986—989 и уст. о нак. ст. 29, 32, 117—126, 129 и 987.) — — — — — — — — — — — 6 — — — — — 1 — — — 3 — 3 — 1 — — — — — — — — — О преступленіяхъ противъ общественной нравственности, ст. 1336—1360 (улож. 1866 г. ст. 993—1003 уст. о нак. ст. 42— 45.)— — — — — — — — — — — — — — — 1 — — — — — — — — — 1 — — — — — — — О нарушеніи правилъ осторожности отъ пожаровъ, ст. 1429—1473 (улож. 1866 г. ст. 1076 и 1077 уст. о нак. ст. 29, 66, 88, 89, 80, 91, 93—98 и 117.) — — — — — — — — — — — — — 2 — — — — — 2 — — — — — — — — — 3 — 1 — — — — — По преступленіямъ, исчисленнымъ въ VIII отдѣленіи, дѣлъ въ разсмотрѣніи не было. — — — — — — — — — — — — — — — — — — — — — — — — — — — — — — — — — — — Отдѣленіе IХ.Отдѣленіе IХ. О смертоубійствѣ, ст. 1998—2020 (улож. 1866 г. ст. 1449—1471.) — — — 27 — — — — — — 17 4 25 12 6 3 5 6 9 2 2 — — — 4 — 13 10 26 15 20 2 1 — — — О самоубійствѣ, ст. 2021—2025 (улож. 1866 г. ст. 1472—1476.) — — — — — — — — — — — — 1 — — — — — — — — — — — — — 1 — — — — — — — — — О нанесеніи увѣчья, ранъ и другихъ поврежденій, ст. 2026—2047 (улож. 1866 г. ст. 1471—1496 и уст. о нак. ст. 129.)4 1 — — — — — 13 1 26 3 12 — 2 — — — — — — — 2 — 12 2 12 2 15 — 1* — 3 — О преступленіяхъ противъ чести и цѣломудрія женщинъ, ст. 2076—2085 (улож. 1866 г. ст. 1523—1532.) — — — — — — — — 1 — 5 — — — 4 — 2 — — — — — 1 — 3 — 5 — 3 — — — — — О личныхъ оскорбленіяхъ, ст. 2086—2094 (улож. 1860 г. ст. 1533 и 1534 и уст. о нак. ст. 130—135.) — 2 — — 1 — 2 — 6 1 4 — — — 2 — 1 1 — — — — — — 5 1 6 1 4 — 1 — — — О противузаконномъ задержаніи и заключеніи ст. 2103—2108 (улож. 1866 г. ст. 1540—1544 и уст. о нак. ст. 142.) — — — — — — — — — 2 — — — — — — — — — — — — — — — — — 2 — — — — — Отдѣленіе Х.Отдѣленіе Х. О преступленіяхъ противъ союза брачнаго, ст. 2118—2156 (улож. 1866 г. ст. 1549—1585.) — — 2 — — — — — — 1 1 — 1 — — — — — — — — — — — — 1 2 — — — — — — — — О преступленіи дѣтей противъ родителей, ст. 2162—2165 (улож. 1866 г. ст. 1591 и 1692 и уст. о нак. ст. 132 и 143.) 4 — — — — — — 2 1 6 — — — 3 — — 3 — — — — 8 3 3 1 — — — — — — — — Отдѣленіе ХI. Отдѣленіе ХI. О насильственномъ завладѣніи чужимъ недвижимымъ имуществомъ и о истребленіи граничныхъ межъ и знаков ст. 2173— 2184 (улож. 1866 г. ст. 1601—1605 и уст. о нак. ст. 142, 144, 145, 147—149, 152 и 155.) — — — — — — — — — 1 — 2 — 1 — — — — — — — — — — — 1 — 1 — 1 — — — 1 — О зажигательствѣ, ст. 2185—2195 (улож. 1866 г. ст. 1606—1615 и уст. о нак. ст. 98.) — — 6 — — — — — — 3 — 1 4 — — — — — 2 — — — — — — 1 2 3 3 1 — — — О разбоѣ, ст. 2208—2217 (улож. 1866 г. ст. 1627—636.) — — — 2 — — — — — — 4 1 12 1 3 — 4 — 8 — — — — — — — 14 2 16 — 1 — — — — — О грабежѣ, ст. 2218—2224 (улож. 1866 г. ст. 1637—1643.) — — — 8 — — — — — — 5 3 15 2 3 1 8 2 8 — — — — — 6 — 7 5 18 3 8 — — — — — О воровствѣ-кражѣ, ст. 2225—2251 (улож. 1866 г. ст. 1644—1664 и уст. о нак. ст. 169 и 170.) — — 11 — — — — — — 28 2 35 6 16 — 37 2 30 1 — — — — 15 3 25 5 56 3 36 — 6 — 8 — О воровствѣ-мошенничествѣ, ст. 2252—2267 (улож. 1866 г. ст. 1665—1676 и уст. о нак. ст. 173—175.) — — — — — — — — — 1 — — — — — — — — — — — — — 1 — — — — — — — — — О присвоеніи ввѣреннаго чужаго движимаго имущества, ст. 2272 (улож. 1866 г. ст. 1681, 1682 и уст. о наказ. ст. 177.)1 — — — — — — 2 — 2 1 — — 1 — — — — — — — — — 3 1 1 — 1 — — — — — О преступленіяхъ и проступкахъ по договорамъ и другимъ обязательствамъ, ст. 2278—2304 (улож. 1866 г. ст. 1688—1711 и уст. о нак. ст. 174 и 180.) — — — — — — — 4 — 6 — — — 3 — 2 — — — — — — — 8 — 4 — 2 — 1 — — — По происшествіямъ нечаяннымъ: по неосторожности и другимъ случаямъ, не отнесеннымъ къ вышеприведеннымъ родамъ и видамъ.— — — — — — — — — 1 — — — 1 — — — — — — — — — 1 — 1 — — — — — — — Итого — — 76 4 — 11 — 7 — 105 14 199 36 41 4 80 13 93 9 2 — 3 — 41 7 124 37 190 29 142 3 28 — 14 — Примѣчанiе:Примѣчанiе: Отъ 1869 г. оставалось арестантовъ: 3 м. 1 ж. об. пола 4. Въ 1870 г. поступило: 151 м. * пола 178. Въ 1870 г. выбыло: 143 м. 25 ж. об. пола 168. За тѣмъ къ 1871 г. осталось: 11 м. 3 ж. об. пола 14. * Столбец прошит Вѣрно: Гражданскiй Губернаторъ Лохвицкiй С в ѣрялъ исправляющій должность Секретаря Статистическаго Комитета Ловянъ
d197;1866 г.;;121 Родъ преступленiй Родъ преступленiй * ныхъ Въ томъ числѣВъ томъ числѣ Возрастъ преступниковъВозрастъ преступниковъ Дворянъ потомственныхъ Дворянъ личныхъ Почетныхъ гражданъ и купцовъ Мещанъ Крестьянъ Военнаго сословiя Инородцевъ Поселенцевъ Ссыльно-каторжныхъ Ниже 17— 17—20 21—30 31—40 41- 50 51-60 Свыше 60 ж. м. ж. м. ж. м. ж. м. ж. м. ж. м. ж. м. ж. м. ж. м. ж. м. ж. м. ж. м. ж. м. ж. м. м м. ж. м. ж. Отдѣленіе I.Отдѣленіе I. Объ отступленіи отъ вѣры и постановленій церкви, ст. 200—234 (Улож. 1866 г. ст. 184—209 и уст. о нак. ст. 38, 63, 64, 48 и 107.)2 — — — — — — — — 5 2 — — — — — — — — — — 2 1 2 1 1 — — — — — — — О святотатствѣ, ст. 253—269 (Улож. 1866 г. ст. 219—235 и уст. о нак. ст. 170 п. 1.) — — 2 — — — — — — 1 — 3 — — — 3 2 2 — — — — — — — 3 2 6 — — — — — — — По преступленіямъ, исчисленнымъ во II отдѣленіи, дѣлъ въ разсмотрѣніи не было. — — — — — — — — — — — — — — — — — — — — — — — — — — — — — — — — — — — Отдѣленіе III.Отдѣленіе III. О самовольномъ присвоеніи власти и составленіи подложныхъ указовъ и другихъ исходящихъ отъ Правительства бумагъ, ст. 329—341 (улож. 1866 г. ст. 289—301 и уст. о нак. ст. 34.) — — — — — — — — — — — — — — — — 1 — — — — — — — — — — — 1 — — — — — — — О похищеніи бумагъ или вещей изъ присутственныхъ мѣстъ и уничтоженіе постановленныхъ или приложенныхъ по распоряженію правительства знаковъ, ст. 343—347 (улож. 1866 г. ст. 303—307 и уст. о нак. ст. 32.) — — — — — — — — — — — — — — — — — 1 — — — — — — — 1 — — — — — — — — — О взломѣ тюрьмъ, уводѣ и побѣгѣ находящихся подъ стражею или надзоромъ, ст. 348—359 (улож. 1866 ст. 308—317 и уст. о нак. ст. 63.) — — — — — — — — — — — — — 2 — — — — — 2 — — — — — — — 1 — 3 — — — — — — — Отдѣленіе IV.Отдѣленіе IV. О преступленіяхъ и проступкахъ по службѣ Государственной и общественной, ст. 371—549, 782—795, 959—975, 1022—1031, 1068—1072, 1361—1364, 1396—1406, 1410—1414 и 1429 (улож 1866 г. ст. 329—504, 533—539, 707—714, 805—821, 822—830, 854, 855, 1004—1007, 1058—1065, 1068—1072 и уст. о нак. ст. 65, 66, 102, 154—168.) — — — 3 — 10 — 5 — 8 — 12 — — — — — — — — — — — — — — — 12 — 25 — 1 — — — Отдѣленіе V.Отдѣленіе V. О преступленіяхъ и проступкахъ противъ постановленій о повинностяхъ земскихъ ст. 593—598 (улож. 1866 г. ст. 540—545.)— — — — — — — — — 1 — — — — — — — — — — — — — — — 1 — — — — — — — Отдѣленіе VI.Отдѣленіе VI. О нарушеніи уставовъ монетныхъ, ст. 608—630 (улож. 1866 г. ст. 556—578.) — — 4 — — — — — — 6 — 18 3 — — — 1 1 — — — — — — — 8 2 5 2 12 — — — — — О нарушеніи постановленій по питейному сбору и акцизу, ст. 718—795 (улож. 1866 г. ст. 665—717.) — — — — — — — — 3 — 1 — — — — — 2 — — — — — — — 4 — 2 — — — — — — — Отдѣленіе VII.Отдѣленіе VII. О преступленіяхъ и проступкахъ противъ постановленій ограждающихъ народное здравіе, ст. 1044—115* (улож. 1866 г. ст. 831—900 и уст. о нак. ст. 55, 56, 102, 104—109, 112—16 и 173.) — — — 1 — — — — — — — — — 1 — — — — — — — — — — — — — 1 — — — — — — — — О возбужденіи къ начатію или продолженію противузаконныхъ исковъ и тяжбъ о лживыхъ доносахъ, лжесвидѣтельствѣ и ложныхъ показаніяхъ на повальныхъ обыскахъ, ст. 1205—1212 (улож. 1866 г. ст. 939—946.) — — — — — — — — — — — 1 — — — — — — — — — — — — — — — 1 — — — — — — — О бродяжествѣ, укрывательствѣ бѣглыхъ и нарушеніи постановленій о паспортахъ, ст. 1216—1272 (улож. 1866 г. ст. 950—983 и уст. о нак. ст. 29, 58, 60, 61, 62 и 77.) — — — — — — — — — — — — 4 — — — 6 — 21 — — — — — — — 5 — 8 — 8 — 8 — 2 — О противузаконномъ выдѣлываніи и храненіи оружія или пороха и нарушеніи другихъ правилъ осторожности, ст. 1295— 1328 (улож. 1866 г. ст. 986—989 и уст. о нак. ст. 29, 32, 117—126, 129 и 987.) — — — — — — — — — — — 6 — — — — — 1 — — — 3 — 3 — 1 — — — — — — — — — О преступленіяхъ противъ общественной нравственности, ст. 1336—1360 (улож. 1866 г. ст. 993—1003 уст. о нак. ст. 42— 45.)— — — — — — — — — — — — — — — 1 — — — — — — — — — 1 — — — — — — — О нарушеніи правилъ осторожности отъ пожаровъ, ст. 1429—1473 (улож. 1866 г. ст. 1076 и 1077 уст. о нак. ст. 29, 66, 88, 89, 80, 91, 93—98 и 117.) — — — — — — — — — — — — — 2 — — — — — 2 — — — — — — — — — 3 — 1 — — — — — По преступленіямъ, исчисленнымъ въ VIII отдѣленіи, дѣлъ въ разсмотрѣніи не было. — — — — — — — — — — — — — — — — — — — — — — — — — — — — — — — — — — — Отдѣленіе IХ.Отдѣленіе IХ. О смертоубійствѣ, ст. 1998—2020 (улож. 1866 г. ст. 1449—1471.) — — — 27 — — — — — — 17 4 25 12 6 3 5 6 9 2 2 — — — 4 — 13 10 26 15 20 2 1 — — — О самоубійствѣ, ст. 2021—2025 (улож. 1866 г. ст. 1472—1476.) — — — — — — — — — — — — 1 — — — — — — — — — — — — — 1 — — — — — — — — — О нанесеніи увѣчья, ранъ и другихъ поврежденій, ст. 2026—2047 (улож. 1866 г. ст. 1471—1496 и уст. о нак. ст. 129.)4 1 — — — — — 13 1 26 3 12 — 2 — — — — — — — 2 — 12 2 12 2 15 — 1* — 3 — О преступленіяхъ противъ чести и цѣломудрія женщинъ, ст. 2076—2085 (улож. 1866 г. ст. 1523—1532.) — — — — — — — — 1 — 5 — — — 4 — 2 — — — — — 1 — 3 — 5 — 3 — — — — — О личныхъ оскорбленіяхъ, ст. 2086—2094 (улож. 1860 г. ст. 1533 и 1534 и уст. о нак. ст. 130—135.) — 2 — — 1 — 2 — 6 1 4 — — — 2 — 1 1 — — — — — — 5 1 6 1 4 — 1 — — — О противузаконномъ задержаніи и заключеніи ст. 2103—2108 (улож. 1866 г. ст. 1540—1544 и уст. о нак. ст. 142.) — — — — — — — — — 2 — — — — — — — — — — — — — — — — — 2 — — — — — Отдѣленіе Х.Отдѣленіе Х. О преступленіяхъ противъ союза брачнаго, ст. 2118—2156 (улож. 1866 г. ст. 1549—1585.) — — 2 — — — — — — 1 1 — 1 — — — — — — — — — — — — 1 2 — — — — — — — — О преступленіи дѣтей противъ родителей, ст. 2162—2165 (улож. 1866 г. ст. 1591 и 1692 и уст. о нак. ст. 132 и 143.) 4 — — — — — — 2 1 6 — — — 3 — — 3 — — — — 8 3 3 1 — — — — — — — — Отдѣленіе ХI. Отдѣленіе ХI. О насильственномъ завладѣніи чужимъ недвижимымъ имуществомъ и о истребленіи граничныхъ межъ и знаков ст. 2173— 2184 (улож. 1866 г. ст. 1601—1605 и уст. о нак. ст. 142, 144, 145, 147—149, 152 и 155.) — — — — — — — — — 1 — 2 — 1 — — — — — — — — — — — 1 — 1 — 1 — — — 1 — О зажигательствѣ, ст. 2185—2195 (улож. 1866 г. ст. 1606—1615 и уст. о нак. ст. 98.) — — 6 — — — — — — 3 — 1 4 — — — — — 2 — — — — — — 1 2 3 3 1 — — — О разбоѣ, ст. 2208—2217 (улож. 1866 г. ст. 1627—636.) — — — 2 — — — — — — 4 1 12 1 3 — 4 — 8 — — — — — — — 14 2 16 — 1 — — — — — О грабежѣ, ст. 2218—2224 (улож. 1866 г. ст. 1637—1643.) — — — 8 — — — — — — 5 3 15 2 3 1 8 2 8 — — — — — 6 — 7 5 18 3 8 — — — — — О воровствѣ-кражѣ, ст. 2225—2251 (улож. 1866 г. ст. 1644—1664 и уст. о нак. ст. 169 и 170.) — — 11 — — — — — — 28 2 35 6 16 — 37 2 30 1 — — — — 15 3 25 5 56 3 36 — 6 — 8 — О воровствѣ-мошенничествѣ, ст. 2252—2267 (улож. 1866 г. ст. 1665—1676 и уст. о нак. ст. 173—175.) — — — — — — — — — 1 — — — — — — — — — — — — — 1 — — — — — — — — — О присвоеніи ввѣреннаго чужаго движимаго имущества, ст. 2272 (улож. 1866 г. ст. 1681, 1682 и уст. о наказ. ст. 177.)1 — — — — — — 2 — 2 1 — — 1 — — — — — — — — — 3 1 1 — 1 — — — — — О преступленіяхъ и проступкахъ по договорамъ и другимъ обязательствамъ, ст. 2278—2304 (улож. 1866 г. ст. 1688—1711 и уст. о нак. ст. 174 и 180.) — — — — — — — 4 — 6 — — — 3 — 2 — — — — — — — 8 — 4 — 2 — 1 — — — По происшествіямъ нечаяннымъ: по неосторожности и другимъ случаямъ, не отнесеннымъ къ вышеприведеннымъ родамъ и видамъ.— — — — — — — — — 1 — — — 1 — — — — — — — — — 1 — 1 — — — — — — — Итого — — 76 4 — 11 — 7 — 105 14 199 36 41 4 80 13 93 9 2 — 3 — 41 7 124 37 190 29 142 3 28 — 14 — Примѣчанiе:Примѣчанiе: Отъ 1869 г. оставалось арестантовъ: 3 м. 1 ж. об. пола 4. Въ 1870 г. поступило: 151 м. * пола 178. Въ 1870 г. выбыло: 143 м. 25 ж. об. пола 168. За тѣмъ къ 1871 г. осталось: 11 м. 3 ж. об. пола 14. * Столбец прошит Вѣрно: Гражданскiй Губернаторъ Лохвицкiй С в ѣрялъ исправляющій должность Секретаря Статистическаго Комитета Ловянъ
d198;1866 г.;;121 Родъ преступленiй Родъ преступленiй * ныхъ Въ томъ числѣВъ томъ числѣ Возрастъ преступниковъВозрастъ преступниковъ Дворянъ потомственныхъ Дворянъ личныхъ Почетныхъ гражданъ и купцовъ Мещанъ Крестьянъ Военнаго сословiя Инородцевъ Поселенцевъ Ссыльно-каторжныхъ Ниже 17— 17—20 21—30 31—40 41- 50 51-60 Свыше 60 ж. м. ж. м. ж. м. ж. м. ж. м. ж. м. ж. м. ж. м. ж. м. ж. м. ж. м. ж. м. ж. м. ж. м. м м. ж. м. ж. Отдѣленіе I.Отдѣленіе I. Объ отступленіи отъ вѣры и постановленій церкви, ст. 200—234 (Улож. 1866 г. ст. 184—209 и уст. о нак. ст. 38, 63, 64, 48 и 107.)2 — — — — — — — — 5 2 — — — — — — — — — — 2 1 2 1 1 — — — — — — — О святотатствѣ, ст. 253—269 (Улож. 1866 г. ст. 219—235 и уст. о нак. ст. 170 п. 1.) — — 2 — — — — — — 1 — 3 — — — 3 2 2 — — — — — — — 3 2 6 — — — — — — — По преступленіямъ, исчисленнымъ во II отдѣленіи, дѣлъ въ разсмотрѣніи не было. — — — — — — — — — — — — — — — — — — — — — — — — — — — — — — — — — — — Отдѣленіе III.Отдѣленіе III. О самовольномъ присвоеніи власти и составленіи подложныхъ указовъ и другихъ исходящихъ отъ Правительства бумагъ, ст. 329—341 (улож. 1866 г. ст. 289—301 и уст. о нак. ст. 34.) — — — — — — — — — — — — — — — — 1 — — — — — — — — — — — 1 — — — — — — — О похищеніи бумагъ или вещей изъ присутственныхъ мѣстъ и уничтоженіе постановленныхъ или приложенныхъ по распоряженію правительства знаковъ, ст. 343—347 (улож. 1866 г. ст. 303—307 и уст. о нак. ст. 32.) — — — — — — — — — — — — — — — — — 1 — — — — — — — 1 — — — — — — — — — О взломѣ тюрьмъ, уводѣ и побѣгѣ находящихся подъ стражею или надзоромъ, ст. 348—359 (улож. 1866 ст. 308—317 и уст. о нак. ст. 63.) — — — — — — — — — — — — — 2 — — — — — 2 — — — — — — — 1 — 3 — — — — — — — Отдѣленіе IV.Отдѣленіе IV. О преступленіяхъ и проступкахъ по службѣ Государственной и общественной, ст. 371—549, 782—795, 959—975, 1022—1031, 1068—1072, 1361—1364, 1396—1406, 1410—1414 и 1429 (улож 1866 г. ст. 329—504, 533—539, 707—714, 805—821, 822—830, 854, 855, 1004—1007, 1058—1065, 1068—1072 и уст. о нак. ст. 65, 66, 102, 154—168.) — — — 3 — 10 — 5 — 8 — 12 — — — — — — — — — — — — — — — 12 — 25 — 1 — — — Отдѣленіе V.Отдѣленіе V. О преступленіяхъ и проступкахъ противъ постановленій о повинностяхъ земскихъ ст. 593—598 (улож. 1866 г. ст. 540—545.)— — — — — — — — — 1 — — — — — — — — — — — — — — — 1 — — — — — — — Отдѣленіе VI.Отдѣленіе VI. О нарушеніи уставовъ монетныхъ, ст. 608—630 (улож. 1866 г. ст. 556—578.) — — 4 — — — — — — 6 — 18 3 — — — 1 1 — — — — — — — 8 2 5 2 12 — — — — — О нарушеніи постановленій по питейному сбору и акцизу, ст. 718—795 (улож. 1866 г. ст. 665—717.) — — — — — — — — 3 — 1 — — — — — 2 — — — — — — — 4 — 2 — — — — — — — Отдѣленіе VII.Отдѣленіе VII. О преступленіяхъ и проступкахъ противъ постановленій ограждающихъ народное здравіе, ст. 1044—115* (улож. 1866 г. ст. 831—900 и уст. о нак. ст. 55, 56, 102, 104—109, 112—16 и 173.) — — — 1 — — — — — — — — — 1 — — — — — — — — — — — — — 1 — — — — — — — — О возбужденіи къ начатію или продолженію противузаконныхъ исковъ и тяжбъ о лживыхъ доносахъ, лжесвидѣтельствѣ и ложныхъ показаніяхъ на повальныхъ обыскахъ, ст. 1205—1212 (улож. 1866 г. ст. 939—946.) — — — — — — — — — — — 1 — — — — — — — — — — — — — — — 1 — — — — — — — О бродяжествѣ, укрывательствѣ бѣглыхъ и нарушеніи постановленій о паспортахъ, ст. 1216—1272 (улож. 1866 г. ст. 950—983 и уст. о нак. ст. 29, 58, 60, 61, 62 и 77.) — — — — — — — — — — — — 4 — — — 6 — 21 — — — — — — — 5 — 8 — 8 — 8 — 2 — О противузаконномъ выдѣлываніи и храненіи оружія или пороха и нарушеніи другихъ правилъ осторожности, ст. 1295— 1328 (улож. 1866 г. ст. 986—989 и уст. о нак. ст. 29, 32, 117—126, 129 и 987.) — — — — — — — — — — — 6 — — — — — 1 — — — 3 — 3 — 1 — — — — — — — — — О преступленіяхъ противъ общественной нравственности, ст. 1336—1360 (улож. 1866 г. ст. 993—1003 уст. о нак. ст. 42— 45.)— — — — — — — — — — — — — — — 1 — — — — — — — — — 1 — — — — — — — О нарушеніи правилъ осторожности отъ пожаровъ, ст. 1429—1473 (улож. 1866 г. ст. 1076 и 1077 уст. о нак. ст. 29, 66, 88, 89, 80, 91, 93—98 и 117.) — — — — — — — — — — — — — 2 — — — — — 2 — — — — — — — — — 3 — 1 — — — — — По преступленіямъ, исчисленнымъ въ VIII отдѣленіи, дѣлъ въ разсмотрѣніи не было. — — — — — — — — — — — — — — — — — — — — — — — — — — — — — — — — — — — Отдѣленіе IХ.Отдѣленіе IХ. О смертоубійствѣ, ст. 1998—2020 (улож. 1866 г. ст. 1449—1471.) — — — 27 — — — — — — 17 4 25 12 6 3 5 6 9 2 2 — — — 4 — 13 10 26 15 20 2 1 — — — О самоубійствѣ, ст. 2021—2025 (улож. 1866 г. ст. 1472—1476.) — — — — — — — — — — — — 1 — — — — — — — — — — — — — 1 — — — — — — — — — О нанесеніи увѣчья, ранъ и другихъ поврежденій, ст. 2026—2047 (улож. 1866 г. ст. 1471—1496 и уст. о нак. ст. 129.)4 1 — — — — — 13 1 26 3 12 — 2 — — — — — — — 2 — 12 2 12 2 15 — 1* — 3 — О преступленіяхъ противъ чести и цѣломудрія женщинъ, ст. 2076—2085 (улож. 1866 г. ст. 1523—1532.) — — — — — — — — 1 — 5 — — — 4 — 2 — — — — — 1 — 3 — 5 — 3 — — — — — О личныхъ оскорбленіяхъ, ст. 2086—2094 (улож. 1860 г. ст. 1533 и 1534 и уст. о нак. ст. 130—135.) — 2 — — 1 — 2 — 6 1 4 — — — 2 — 1 1 — — — — — — 5 1 6 1 4 — 1 — — — О противузаконномъ задержаніи и заключеніи ст. 2103—2108 (улож. 1866 г. ст. 1540—1544 и уст. о нак. ст. 142.) — — — — — — — — — 2 — — — — — — — — — — — — — — — — — 2 — — — — — Отдѣленіе Х.Отдѣленіе Х. О преступленіяхъ противъ союза брачнаго, ст. 2118—2156 (улож. 1866 г. ст. 1549—1585.) — — 2 — — — — — — 1 1 — 1 — — — — — — — — — — — — 1 2 — — — — — — — — О преступленіи дѣтей противъ родителей, ст. 2162—2165 (улож. 1866 г. ст. 1591 и 1692 и уст. о нак. ст. 132 и 143.) 4 — — — — — — 2 1 6 — — — 3 — — 3 — — — — 8 3 3 1 — — — — — — — — Отдѣленіе ХI. Отдѣленіе ХI. О насильственномъ завладѣніи чужимъ недвижимымъ имуществомъ и о истребленіи граничныхъ межъ и знаков ст. 2173— 2184 (улож. 1866 г. ст. 1601—1605 и уст. о нак. ст. 142, 144, 145, 147—149, 152 и 155.) — — — — — — — — — 1 — 2 — 1 — — — — — — — — — — — 1 — 1 — 1 — — — 1 — О зажигательствѣ, ст. 2185—2195 (улож. 1866 г. ст. 1606—1615 и уст. о нак. ст. 98.) — — 6 — — — — — — 3 — 1 4 — — — — — 2 — — — — — — 1 2 3 3 1 — — — О разбоѣ, ст. 2208—2217 (улож. 1866 г. ст. 1627—636.) — — — 2 — — — — — — 4 1 12 1 3 — 4 — 8 — — — — — — — 14 2 16 — 1 — — — — — О грабежѣ, ст. 2218—2224 (улож. 1866 г. ст. 1637—1643.) — — — 8 — — — — — — 5 3 15 2 3 1 8 2 8 — — — — — 6 — 7 5 18 3 8 — — — — — О воровствѣ-кражѣ, ст. 2225—2251 (улож. 1866 г. ст. 1644—1664 и уст. о нак. ст. 169 и 170.) — — 11 — — — — — — 28 2 35 6 16 — 37 2 30 1 — — — — 15 3 25 5 56 3 36 — 6 — 8 — О воровствѣ-мошенничествѣ, ст. 2252—2267 (улож. 1866 г. ст. 1665—1676 и уст. о нак. ст. 173—175.) — — — — — — — — — 1 — — — — — — — — — — — — — 1 — — — — — — — — — О присвоеніи ввѣреннаго чужаго движимаго имущества, ст. 2272 (улож. 1866 г. ст. 1681, 1682 и уст. о наказ. ст. 177.)1 — — — — — — 2 — 2 1 — — 1 — — — — — — — — — 3 1 1 — 1 — — — — — О преступленіяхъ и проступкахъ по договорамъ и другимъ обязательствамъ, ст. 2278—2304 (улож. 1866 г. ст. 1688—1711 и уст. о нак. ст. 174 и 180.) — — — — — — — 4 — 6 — — — 3 — 2 — — — — — — — 8 — 4 — 2 — 1 — — — По происшествіямъ нечаяннымъ: по неосторожности и другимъ случаямъ, не отнесеннымъ къ вышеприведеннымъ родамъ и видамъ.— — — — — — — — — 1 — — — 1 — — — — — — — — — 1 — 1 — — — — — — — Итого — — 76 4 — 11 — 7 — 105 14 199 36 41 4 80 13 93 9 2 — 3 — 41 7 124 37 190 29 142 3 28 — 14 — Примѣчанiе:Примѣчанiе: Отъ 1869 г. оставалось арестантовъ: 3 м. 1 ж. об. пола 4. Въ 1870 г. поступило: 151 м. * пола 178. Въ 1870 г. выбыло: 143 м. 25 ж. об. пола 168. За тѣмъ къ 1871 г. осталось: 11 м. 3 ж. об. пола 14. * Столбец прошит Вѣрно: Гражданскiй Губернаторъ Лохвицкiй С в ѣрялъ исправляющій должность Секретаря Статистическаго Комитета Ловянъ
d199;1866 г.;;121 Родъ преступленiй Родъ преступленiй * ныхъ Въ томъ числѣВъ томъ числѣ Возрастъ преступниковъВозрастъ преступниковъ Дворянъ потомственныхъ Дворянъ личныхъ Почетныхъ гражданъ и купцовъ Мещанъ Крестьянъ Военнаго сословiя Инородцевъ Поселенцевъ Ссыльно-каторжныхъ Ниже 17— 17—20 21—30 31—40 41- 50 51-60 Свыше 60 ж. м. ж. м. ж. м. ж. м. ж. м. ж. м. ж. м. ж. м. ж. м. ж. м. ж. м. ж. м. ж. м. ж. м. м м. ж. м. ж. Отдѣленіе I.Отдѣленіе I. Объ отступленіи отъ вѣры и постановленій церкви, ст. 200—234 (Улож. 1866 г. ст. 184—209 и уст. о нак. ст. 38, 63, 64, 48 и 107.)2 — — — — — — — — 5 2 — — — — — — — — — — 2 1 2 1 1 — — — — — — — О святотатствѣ, ст. 253—269 (Улож. 1866 г. ст. 219—235 и уст. о нак. ст. 170 п. 1.) — — 2 — — — — — — 1 — 3 — — — 3 2 2 — — — — — — — 3 2 6 — — — — — — — По преступленіямъ, исчисленнымъ во II отдѣленіи, дѣлъ въ разсмотрѣніи не было. — — — — — — — — — — — — — — — — — — — — — — — — — — — — — — — — — — — Отдѣленіе III.Отдѣленіе III. О самовольномъ присвоеніи власти и составленіи подложныхъ указовъ и другихъ исходящихъ отъ Правительства бумагъ, ст. 329—341 (улож. 1866 г. ст. 289—301 и уст. о нак. ст. 34.) — — — — — — — — — — — — — — — — 1 — — — — — — — — — — — 1 — — — — — — — О похищеніи бумагъ или вещей изъ присутственныхъ мѣстъ и уничтоженіе постановленныхъ или приложенныхъ по распоряженію правительства знаковъ, ст. 343—347 (улож. 1866 г. ст. 303—307 и уст. о нак. ст. 32.) — — — — — — — — — — — — — — — — — 1 — — — — — — — 1 — — — — — — — — — О взломѣ тюрьмъ, уводѣ и побѣгѣ находящихся подъ стражею или надзоромъ, ст. 348—359 (улож. 1866 ст. 308—317 и уст. о нак. ст. 63.) — — — — — — — — — — — — — 2 — — — — — 2 — — — — — — — 1 — 3 — — — — — — — Отдѣленіе IV.Отдѣленіе IV. О преступленіяхъ и проступкахъ по службѣ Государственной и общественной, ст. 371—549, 782—795, 959—975, 1022—1031, 1068—1072, 1361—1364, 1396—1406, 1410—1414 и 1429 (улож 1866 г. ст. 329—504, 533—539, 707—714, 805—821, 822—830, 854, 855, 1004—1007, 1058—1065, 1068—1072 и уст. о нак. ст. 65, 66, 102, 154—168.) — — — 3 — 10 — 5 — 8 — 12 — — — — — — — — — — — — — — — 12 — 25 — 1 — — — Отдѣленіе V.Отдѣленіе V. О преступленіяхъ и проступкахъ противъ постановленій о повинностяхъ земскихъ ст. 593—598 (улож. 1866 г. ст. 540—545.)— — — — — — — — — 1 — — — — — — — — — — — — — — — 1 — — — — — — — Отдѣленіе VI.Отдѣленіе VI. О нарушеніи уставовъ монетныхъ, ст. 608—630 (улож. 1866 г. ст. 556—578.) — — 4 — — — — — — 6 — 18 3 — — — 1 1 — — — — — — — 8 2 5 2 12 — — — — — О нарушеніи постановленій по питейному сбору и акцизу, ст. 718—795 (улож. 1866 г. ст. 665—717.) — — — — — — — — 3 — 1 — — — — — 2 — — — — — — — 4 — 2 — — — — — — — Отдѣленіе VII.Отдѣленіе VII. О преступленіяхъ и проступкахъ противъ постановленій ограждающихъ народное здравіе, ст. 1044—115* (улож. 1866 г. ст. 831—900 и уст. о нак. ст. 55, 56, 102, 104—109, 112—16 и 173.) — — — 1 — — — — — — — — — 1 — — — — — — — — — — — — — 1 — — — — — — — — О возбужденіи къ начатію или продолженію противузаконныхъ исковъ и тяжбъ о лживыхъ доносахъ, лжесвидѣтельствѣ и ложныхъ показаніяхъ на повальныхъ обыскахъ, ст. 1205—1212 (улож. 1866 г. ст. 939—946.) — — — — — — — — — — — 1 — — — — — — — — — — — — — — — 1 — — — — — — — О бродяжествѣ, укрывательствѣ бѣглыхъ и нарушеніи постановленій о паспортахъ, ст. 1216—1272 (улож. 1866 г. ст. 950—983 и уст. о нак. ст. 29, 58, 60, 61, 62 и 77.) — — — — — — — — — — — — 4 — — — 6 — 21 — — — — — — — 5 — 8 — 8 — 8 — 2 — О противузаконномъ выдѣлываніи и храненіи оружія или пороха и нарушеніи другихъ правилъ осторожности, ст. 1295— 1328 (улож. 1866 г. ст. 986—989 и уст. о нак. ст. 29, 32, 117—126, 129 и 987.) — — — — — — — — — — — 6 — — — — — 1 — — — 3 — 3 — 1 — — — — — — — — — О преступленіяхъ противъ общественной нравственности, ст. 1336—1360 (улож. 1866 г. ст. 993—1003 уст. о нак. ст. 42— 45.)— — — — — — — — — — — — — — — 1 — — — — — — — — — 1 — — — — — — — О нарушеніи правилъ осторожности отъ пожаровъ, ст. 1429—1473 (улож. 1866 г. ст. 1076 и 1077 уст. о нак. ст. 29, 66, 88, 89, 80, 91, 93—98 и 117.) — — — — — — — — — — — — — 2 — — — — — 2 — — — — — — — — — 3 — 1 — — — — — По преступленіямъ, исчисленнымъ въ VIII отдѣленіи, дѣлъ въ разсмотрѣніи не было. — — — — — — — — — — — — — — — — — — — — — — — — — — — — — — — — — — — Отдѣленіе IХ.Отдѣленіе IХ. О смертоубійствѣ, ст. 1998—2020 (улож. 1866 г. ст. 1449—1471.) — — — 27 — — — — — — 17 4 25 12 6 3 5 6 9 2 2 — — — 4 — 13 10 26 15 20 2 1 — — — О самоубійствѣ, ст. 2021—2025 (улож. 1866 г. ст. 1472—1476.) — — — — — — — — — — — — 1 — — — — — — — — — — — — — 1 — — — — — — — — — О нанесеніи увѣчья, ранъ и другихъ поврежденій, ст. 2026—2047 (улож. 1866 г. ст. 1471—1496 и уст. о нак. ст. 129.)4 1 — — — — — 13 1 26 3 12 — 2 — — — — — — — 2 — 12 2 12 2 15 — 1* — 3 — О преступленіяхъ противъ чести и цѣломудрія женщинъ, ст. 2076—2085 (улож. 1866 г. ст. 1523—1532.) — — — — — — — — 1 — 5 — — — 4 — 2 — — — — — 1 — 3 — 5 — 3 — — — — — О личныхъ оскорбленіяхъ, ст. 2086—2094 (улож. 1860 г. ст. 1533 и 1534 и уст. о нак. ст. 130—135.) — 2 — — 1 — 2 — 6 1 4 — — — 2 — 1 1 — — — — — — 5 1 6 1 4 — 1 — — — О противузаконномъ задержаніи и заключеніи ст. 2103—2108 (улож. 1866 г. ст. 1540—1544 и уст. о нак. ст. 142.) — — — — — — — — — 2 — — — — — — — — — — — — — — — — — 2 — — — — — Отдѣленіе Х.Отдѣленіе Х. О преступленіяхъ противъ союза брачнаго, ст. 2118—2156 (улож. 1866 г. ст. 1549—1585.) — — 2 — — — — — — 1 1 — 1 — — — — — — — — — — — — 1 2 — — — — — — — — О преступленіи дѣтей противъ родителей, ст. 2162—2165 (улож. 1866 г. ст. 1591 и 1692 и уст. о нак. ст. 132 и 143.) 4 — — — — — — 2 1 6 — — — 3 — — 3 — — — — 8 3 3 1 — — — — — — — — Отдѣленіе ХI. Отдѣленіе ХI. О насильственномъ завладѣніи чужимъ недвижимымъ имуществомъ и о истребленіи граничныхъ межъ и знаков ст. 2173— 2184 (улож. 1866 г. ст. 1601—1605 и уст. о нак. ст. 142, 144, 145, 147—149, 152 и 155.) — — — — — — — — — 1 — 2 — 1 — — — — — — — — — — — 1 — 1 — 1 — — — 1 — О зажигательствѣ, ст. 2185—2195 (улож. 1866 г. ст. 1606—1615 и уст. о нак. ст. 98.) — — 6 — — — — — — 3 — 1 4 — — — — — 2 — — — — — — 1 2 3 3 1 — — — О разбоѣ, ст. 2208—2217 (улож. 1866 г. ст. 1627—636.) — — — 2 — — — — — — 4 1 12 1 3 — 4 — 8 — — — — — — — 14 2 16 — 1 — — — — — О грабежѣ, ст. 2218—2224 (улож. 1866 г. ст. 1637—1643.) — — — 8 — — — — — — 5 3 15 2 3 1 8 2 8 — — — — — 6 — 7 5 18 3 8 — — — — — О воровствѣ-кражѣ, ст. 2225—2251 (улож. 1866 г. ст. 1644—1664 и уст. о нак. ст. 169 и 170.) — — 11 — — — — — — 28 2 35 6 16 — 37 2 30 1 — — — — 15 3 25 5 56 3 36 — 6 — 8 — О воровствѣ-мошенничествѣ, ст. 2252—2267 (улож. 1866 г. ст. 1665—1676 и уст. о нак. ст. 173—175.) — — — — — — — — — 1 — — — — — — — — — — — — — 1 — — — — — — — — — О присвоеніи ввѣреннаго чужаго движимаго имущества, ст. 2272 (улож. 1866 г. ст. 1681, 1682 и уст. о наказ. ст. 177.)1 — — — — — — 2 — 2 1 — — 1 — — — — — — — — — 3 1 1 — 1 — — — — — О преступленіяхъ и проступкахъ по договорамъ и другимъ обязательствамъ, ст. 2278—2304 (улож. 1866 г. ст. 1688—1711 и уст. о нак. ст. 174 и 180.) — — — — — — — 4 — 6 — — — 3 — 2 — — — — — — — 8 — 4 — 2 — 1 — — — По происшествіямъ нечаяннымъ: по неосторожности и другимъ случаямъ, не отнесеннымъ къ вышеприведеннымъ родамъ и видамъ.— — — — — — — — — 1 — — — 1 — — — — — — — — — 1 — 1 — — — — — — — Итого — — 76 4 — 11 — 7 — 105 14 199 36 41 4 80 13 93 9 2 — 3 — 41 7 124 37 190 29 142 3 28 — 14 — Примѣчанiе:Примѣчанiе: Отъ 1869 г. оставалось арестантовъ: 3 м. 1 ж. об. пола 4. Въ 1870 г. поступило: 151 м. * пола 178. Въ 1870 г. выбыло: 143 м. 25 ж. об. пола 168. За тѣмъ къ 1871 г. осталось: 11 м. 3 ж. об. пола 14. * Столбец прошит Вѣрно: Гражданскiй Губернаторъ Лохвицкiй С в ѣрялъ исправляющій должность Секретаря Статистическаго Комитета Ловянъ
d200;1866 г.;;121 Родъ преступленiй Родъ преступленiй * ныхъ Въ томъ числѣВъ томъ числѣ Возрастъ преступниковъВозрастъ преступниковъ Дворянъ потомственныхъ Дворянъ личныхъ Почетныхъ гражданъ и купцовъ Мещанъ Крестьянъ Военнаго сословiя Инородцевъ Поселенцевъ Ссыльно-каторжныхъ Ниже 17— 17—20 21—30 31—40 41- 50 51-60 Свыше 60 ж. м. ж. м. ж. м. ж. м. ж. м. ж. м. ж. м. ж. м. ж. м. ж. м. ж. м. ж. м. ж. м. ж. м. м м. ж. м. ж. Отдѣленіе I.Отдѣленіе I. Объ отступленіи отъ вѣры и постановленій церкви, ст. 200—234 (Улож. 1866 г. ст. 184—209 и уст. о нак. ст. 38, 63, 64, 48 и 107.)2 — — — — — — — — 5 2 — — — — — — — — — — 2 1 2 1 1 — — — — — — — О святотатствѣ, ст. 253—269 (Улож. 1866 г. ст. 219—235 и уст. о нак. ст. 170 п. 1.) — — 2 — — — — — — 1 — 3 — — — 3 2 2 — — — — — — — 3 2 6 — — — — — — — По преступленіямъ, исчисленнымъ во II отдѣленіи, дѣлъ въ разсмотрѣніи не было. — — — — — — — — — — — — — — — — — — — — — — — — — — — — — — — — — — — Отдѣленіе III.Отдѣленіе III. О самовольномъ присвоеніи власти и составленіи подложныхъ указовъ и другихъ исходящихъ отъ Правительства бумагъ, ст. 329—341 (улож. 1866 г. ст. 289—301 и уст. о нак. ст. 34.) — — — — — — — — — — — — — — — — 1 — — — — — — — — — — — 1 — — — — — — — О похищеніи бумагъ или вещей изъ присутственныхъ мѣстъ и уничтоженіе постановленныхъ или приложенныхъ по распоряженію правительства знаковъ, ст. 343—347 (улож. 1866 г. ст. 303—307 и уст. о нак. ст. 32.) — — — — — — — — — — — — — — — — — 1 — — — — — — — 1 — — — — — — — — — О взломѣ тюрьмъ, уводѣ и побѣгѣ находящихся подъ стражею или надзоромъ, ст. 348—359 (улож. 1866 ст. 308—317 и уст. о нак. ст. 63.) — — — — — — — — — — — — — 2 — — — — — 2 — — — — — — — 1 — 3 — — — — — — — Отдѣленіе IV.Отдѣленіе IV. О преступленіяхъ и проступкахъ по службѣ Государственной и общественной, ст. 371—549, 782—795, 959—975, 1022—1031, 1068—1072, 1361—1364, 1396—1406, 1410—1414 и 1429 (улож 1866 г. ст. 329—504, 533—539, 707—714, 805—821, 822—830, 854, 855, 1004—1007, 1058—1065, 1068—1072 и уст. о нак. ст. 65, 66, 102, 154—168.) — — — 3 — 10 — 5 — 8 — 12 — — — — — — — — — — — — — — — 12 — 25 — 1 — — — Отдѣленіе V.Отдѣленіе V. О преступленіяхъ и проступкахъ противъ постановленій о повинностяхъ земскихъ ст. 593—598 (улож. 1866 г. ст. 540—545.)— — — — — — — — — 1 — — — — — — — — — — — — — — — 1 — — — — — — — Отдѣленіе VI.Отдѣленіе VI. О нарушеніи уставовъ монетныхъ, ст. 608—630 (улож. 1866 г. ст. 556—578.) — — 4 — — — — — — 6 — 18 3 — — — 1 1 — — — — — — — 8 2 5 2 12 — — — — — О нарушеніи постановленій по питейному сбору и акцизу, ст. 718—795 (улож. 1866 г. ст. 665—717.) — — — — — — — — 3 — 1 — — — — — 2 — — — — — — — 4 — 2 — — — — — — — Отдѣленіе VII.Отдѣленіе VII. О преступленіяхъ и проступкахъ противъ постановленій ограждающихъ народное здравіе, ст. 1044—115* (улож. 1866 г. ст. 831—900 и уст. о нак. ст. 55, 56, 102, 104—109, 112—16 и 173.) — — — 1 — — — — — — — — — 1 — — — — — — — — — — — — — 1 — — — — — — — — О возбужденіи къ начатію или продолженію противузаконныхъ исковъ и тяжбъ о лживыхъ доносахъ, лжесвидѣтельствѣ и ложныхъ показаніяхъ на повальныхъ обыскахъ, ст. 1205—1212 (улож. 1866 г. ст. 939—946.) — — — — — — — — — — — 1 — — — — — — — — — — — — — — — 1 — — — — — — — О бродяжествѣ, укрывательствѣ бѣглыхъ и нарушеніи постановленій о паспортахъ, ст. 1216—1272 (улож. 1866 г. ст. 950—983 и уст. о нак. ст. 29, 58, 60, 61, 62 и 77.) — — — — — — — — — — — — 4 — — — 6 — 21 — — — — — — — 5 — 8 — 8 — 8 — 2 — О противузаконномъ выдѣлываніи и храненіи оружія или пороха и нарушеніи другихъ правилъ осторожности, ст. 1295— 1328 (улож. 1866 г. ст. 986—989 и уст. о нак. ст. 29, 32, 117—126, 129 и 987.) — — — — — — — — — — — 6 — — — — — 1 — — — 3 — 3 — 1 — — — — — — — — — О преступленіяхъ противъ общественной нравственности, ст. 1336—1360 (улож. 1866 г. ст. 993—1003 уст. о нак. ст. 42— 45.)— — — — — — — — — — — — — — — 1 — — — — — — — — — 1 — — — — — — — О нарушеніи правилъ осторожности отъ пожаровъ, ст. 1429—1473 (улож. 1866 г. ст. 1076 и 1077 уст. о нак. ст. 29, 66, 88, 89, 80, 91, 93—98 и 117.) — — — — — — — — — — — — — 2 — — — — — 2 — — — — — — — — — 3 — 1 — — — — — По преступленіямъ, исчисленнымъ въ VIII отдѣленіи, дѣлъ въ разсмотрѣніи не было. — — — — — — — — — — — — — — — — — — — — — — — — — — — — — — — — — — — Отдѣленіе IХ.Отдѣленіе IХ. О смертоубійствѣ, ст. 1998—2020 (улож. 1866 г. ст. 1449—1471.) — — — 27 — — — — — — 17 4 25 12 6 3 5 6 9 2 2 — — — 4 — 13 10 26 15 20 2 1 — — — О самоубійствѣ, ст. 2021—2025 (улож. 1866 г. ст. 1472—1476.) — — — — — — — — — — — — 1 — — — — — — — — — — — — — 1 — — — — — — — — — О нанесеніи увѣчья, ранъ и другихъ поврежденій, ст. 2026—2047 (улож. 1866 г. ст. 1471—1496 и уст. о нак. ст. 129.)4 1 — — — — — 13 1 26 3 12 — 2 — — — — — — — 2 — 12 2 12 2 15 — 1* — 3 — О преступленіяхъ противъ чести и цѣломудрія женщинъ, ст. 2076—2085 (улож. 1866 г. ст. 1523—1532.) — — — — — — — — 1 — 5 — — — 4 — 2 — — — — — 1 — 3 — 5 — 3 — — — — — О личныхъ оскорбленіяхъ, ст. 2086—2094 (улож. 1860 г. ст. 1533 и 1534 и уст. о нак. ст. 130—135.) — 2 — — 1 — 2 — 6 1 4 — — — 2 — 1 1 — — — — — — 5 1 6 1 4 — 1 — — — О противузаконномъ задержаніи и заключеніи ст. 2103—2108 (улож. 1866 г. ст. 1540—1544 и уст. о нак. ст. 142.) — — — — — — — — — 2 — — — — — — — — — — — — — — — — — 2 — — — — — Отдѣленіе Х.Отдѣленіе Х. О преступленіяхъ противъ союза брачнаго, ст. 2118—2156 (улож. 1866 г. ст. 1549—1585.) — — 2 — — — — — — 1 1 — 1 — — — — — — — — — — — — 1 2 — — — — — — — — О преступленіи дѣтей противъ родителей, ст. 2162—2165 (улож. 1866 г. ст. 1591 и 1692 и уст. о нак. ст. 132 и 143.) 4 — — — — — — 2 1 6 — — — 3 — — 3 — — — — 8 3 3 1 — — — — — — — — Отдѣленіе ХI. Отдѣленіе ХI. О насильственномъ завладѣніи чужимъ недвижимымъ имуществомъ и о истребленіи граничныхъ межъ и знаков ст. 2173— 2184 (улож. 1866 г. ст. 1601—1605 и уст. о нак. ст. 142, 144, 145, 147—149, 152 и 155.) — — — — — — — — — 1 — 2 — 1 — — — — — — — — — — — 1 — 1 — 1 — — — 1 — О зажигательствѣ, ст. 2185—2195 (улож. 1866 г. ст. 1606—1615 и уст. о нак. ст. 98.) — — 6 — — — — — — 3 — 1 4 — — — — — 2 — — — — — — 1 2 3 3 1 — — — О разбоѣ, ст. 2208—2217 (улож. 1866 г. ст. 1627—636.) — — — 2 — — — — — — 4 1 12 1 3 — 4 — 8 — — — — — — — 14 2 16 — 1 — — — — — О грабежѣ, ст. 2218—2224 (улож. 1866 г. ст. 1637—1643.) — — — 8 — — — — — — 5 3 15 2 3 1 8 2 8 — — — — — 6 — 7 5 18 3 8 — — — — — О воровствѣ-кражѣ, ст. 2225—2251 (улож. 1866 г. ст. 1644—1664 и уст. о нак. ст. 169 и 170.) — — 11 — — — — — — 28 2 35 6 16 — 37 2 30 1 — — — — 15 3 25 5 56 3 36 — 6 — 8 — О воровствѣ-мошенничествѣ, ст. 2252—2267 (улож. 1866 г. ст. 1665—1676 и уст. о нак. ст. 173—175.) — — — — — — — — — 1 — — — — — — — — — — — — — 1 — — — — — — — — — О присвоеніи ввѣреннаго чужаго движимаго имущества, ст. 2272 (улож. 1866 г. ст. 1681, 1682 и уст. о наказ. ст. 177.)1 — — — — — — 2 — 2 1 — — 1 — — — — — — — — — 3 1 1 — 1 — — — — — О преступленіяхъ и проступкахъ по договорамъ и другимъ обязательствамъ, ст. 2278—2304 (улож. 1866 г. ст. 1688—1711 и уст. о нак. ст. 174 и 180.) — — — — — — — 4 — 6 — — — 3 — 2 — — — — — — — 8 — 4 — 2 — 1 — — — По происшествіямъ нечаяннымъ: по неосторожности и другимъ случаямъ, не отнесеннымъ къ вышеприведеннымъ родамъ и видамъ.— — — — — — — — — 1 — — — 1 — — — — — — — — — 1 — 1 — — — — — — — Итого — — 76 4 — 11 — 7 — 105 14 199 36 41 4 80 13 93 9 2 — 3 — 41 7 124 37 190 29 142 3 28 — 14 — Примѣчанiе:Примѣчанiе: Отъ 1869 г. оставалось арестантовъ: 3 м. 1 ж. об. пола 4. Въ 1870 г. поступило: 151 м. * пола 178. Въ 1870 г. выбыло: 143 м. 25 ж. об. пола 168. За тѣмъ къ 1871 г. осталось: 11 м. 3 ж. об. пола 14. * Столбец прошит Вѣрно: Гражданскiй Губернаторъ Лохвицкiй С в ѣрялъ исправляющій должность Секретаря Статистическаго Комитета Ловянъ
d201;1866 г.;;121 Родъ преступленiй Родъ преступленiй * ныхъ Въ томъ числѣВъ томъ числѣ Возрастъ преступниковъВозрастъ преступниковъ Дворянъ потомственныхъ Дворянъ личныхъ Почетныхъ гражданъ и купцовъ Мещанъ Крестьянъ Военнаго сословiя Инородцевъ Поселенцевъ Ссыльно-каторжныхъ Ниже 17— 17—20 21—30 31—40 41- 50 51-60 Свыше 60 ж. м. ж. м. ж. м. ж. м. ж. м. ж. м. ж. м. ж. м. ж. м. ж. м. ж. м. ж. м. ж. м. ж. м. м м. ж. м. ж. Отдѣленіе I.Отдѣленіе I. Объ отступленіи отъ вѣры и постановленій церкви, ст. 200—234 (Улож. 1866 г. ст. 184—209 и уст. о нак. ст. 38, 63, 64, 48 и 107.)2 — — — — — — — — 5 2 — — — — — — — — — — 2 1 2 1 1 — — — — — — — О святотатствѣ, ст. 253—269 (Улож. 1866 г. ст. 219—235 и уст. о нак. ст. 170 п. 1.) — — 2 — — — — — — 1 — 3 — — — 3 2 2 — — — — — — — 3 2 6 — — — — — — — По преступленіямъ, исчисленнымъ во II отдѣленіи, дѣлъ въ разсмотрѣніи не было. — — — — — — — — — — — — — — — — — — — — — — — — — — — — — — — — — — — Отдѣленіе III.Отдѣленіе III. О самовольномъ присвоеніи власти и составленіи подложныхъ указовъ и другихъ исходящихъ отъ Правительства бумагъ, ст. 329—341 (улож. 1866 г. ст. 289—301 и уст. о нак. ст. 34.) — — — — — — — — — — — — — — — — 1 — — — — — — — — — — — 1 — — — — — — — О похищеніи бумагъ или вещей изъ присутственныхъ мѣстъ и уничтоженіе постановленныхъ или приложенныхъ по распоряженію правительства знаковъ, ст. 343—347 (улож. 1866 г. ст. 303—307 и уст. о нак. ст. 32.) — — — — — — — — — — — — — — — — — 1 — — — — — — — 1 — — — — — — — — — О взломѣ тюрьмъ, уводѣ и побѣгѣ находящихся подъ стражею или надзоромъ, ст. 348—359 (улож. 1866 ст. 308—317 и уст. о нак. ст. 63.) — — — — — — — — — — — — — 2 — — — — — 2 — — — — — — — 1 — 3 — — — — — — — Отдѣленіе IV.Отдѣленіе IV. О преступленіяхъ и проступкахъ по службѣ Государственной и общественной, ст. 371—549, 782—795, 959—975, 1022—1031, 1068—1072, 1361—1364, 1396—1406, 1410—1414 и 1429 (улож 1866 г. ст. 329—504, 533—539, 707—714, 805—821, 822—830, 854, 855, 1004—1007, 1058—1065, 1068—1072 и уст. о нак. ст. 65, 66, 102, 154—168.) — — — 3 — 10 — 5 — 8 — 12 — — — — — — — — — — — — — — — 12 — 25 — 1 — — — Отдѣленіе V.Отдѣленіе V. О преступленіяхъ и проступкахъ противъ постановленій о повинностяхъ земскихъ ст. 593—598 (улож. 1866 г. ст. 540—545.)— — — — — — — — — 1 — — — — — — — — — — — — — — — 1 — — — — — — — Отдѣленіе VI.Отдѣленіе VI. О нарушеніи уставовъ монетныхъ, ст. 608—630 (улож. 1866 г. ст. 556—578.) — — 4 — — — — — — 6 — 18 3 — — — 1 1 — — — — — — — 8 2 5 2 12 — — — — — О нарушеніи постановленій по питейному сбору и акцизу, ст. 718—795 (улож. 1866 г. ст. 665—717.) — — — — — — — — 3 — 1 — — — — — 2 — — — — — — — 4 — 2 — — — — — — — Отдѣленіе VII.Отдѣленіе VII. О преступленіяхъ и проступкахъ противъ постановленій ограждающихъ народное здравіе, ст. 1044—115* (улож. 1866 г. ст. 831—900 и уст. о нак. ст. 55, 56, 102, 104—109, 112—16 и 173.) — — — 1 — — — — — — — — — 1 — — — — — — — — — — — — — 1 — — — — — — — — О возбужденіи къ начатію или продолженію противузаконныхъ исковъ и тяжбъ о лживыхъ доносахъ, лжесвидѣтельствѣ и ложныхъ показаніяхъ на повальныхъ обыскахъ, ст. 1205—1212 (улож. 1866 г. ст. 939—946.) — — — — — — — — — — — 1 — — — — — — — — — — — — — — — 1 — — — — — — — О бродяжествѣ, укрывательствѣ бѣглыхъ и нарушеніи постановленій о паспортахъ, ст. 1216—1272 (улож. 1866 г. ст. 950—983 и уст. о нак. ст. 29, 58, 60, 61, 62 и 77.) — — — — — — — — — — — — 4 — — — 6 — 21 — — — — — — — 5 — 8 — 8 — 8 — 2 — О противузаконномъ выдѣлываніи и храненіи оружія или пороха и нарушеніи другихъ правилъ осторожности, ст. 1295— 1328 (улож. 1866 г. ст. 986—989 и уст. о нак. ст. 29, 32, 117—126, 129 и 987.) — — — — — — — — — — — 6 — — — — — 1 — — — 3 — 3 — 1 — — — — — — — — — О преступленіяхъ противъ общественной нравственности, ст. 1336—1360 (улож. 1866 г. ст. 993—1003 уст. о нак. ст. 42— 45.)— — — — — — — — — — — — — — — 1 — — — — — — — — — 1 — — — — — — — О нарушеніи правилъ осторожности отъ пожаровъ, ст. 1429—1473 (улож. 1866 г. ст. 1076 и 1077 уст. о нак. ст. 29, 66, 88, 89, 80, 91, 93—98 и 117.) — — — — — — — — — — — — — 2 — — — — — 2 — — — — — — — — — 3 — 1 — — — — — По преступленіямъ, исчисленнымъ въ VIII отдѣленіи, дѣлъ въ разсмотрѣніи не было. — — — — — — — — — — — — — — — — — — — — — — — — — — — — — — — — — — — Отдѣленіе IХ.Отдѣленіе IХ. О смертоубійствѣ, ст. 1998—2020 (улож. 1866 г. ст. 1449—1471.) — — — 27 — — — — — — 17 4 25 12 6 3 5 6 9 2 2 — — — 4 — 13 10 26 15 20 2 1 — — — О самоубійствѣ, ст. 2021—2025 (улож. 1866 г. ст. 1472—1476.) — — — — — — — — — — — — 1 — — — — — — — — — — — — — 1 — — — — — — — — — О нанесеніи увѣчья, ранъ и другихъ поврежденій, ст. 2026—2047 (улож. 1866 г. ст. 1471—1496 и уст. о нак. ст. 129.)4 1 — — — — — 13 1 26 3 12 — 2 — — — — — — — 2 — 12 2 12 2 15 — 1* — 3 — О преступленіяхъ противъ чести и цѣломудрія женщинъ, ст. 2076—2085 (улож. 1866 г. ст. 1523—1532.) — — — — — — — — 1 — 5 — — — 4 — 2 — — — — — 1 — 3 — 5 — 3 — — — — — О личныхъ оскорбленіяхъ, ст. 2086—2094 (улож. 1860 г. ст. 1533 и 1534 и уст. о нак. ст. 130—135.) — 2 — — 1 — 2 — 6 1 4 — — — 2 — 1 1 — — — — — — 5 1 6 1 4 — 1 — — — О противузаконномъ задержаніи и заключеніи ст. 2103—2108 (улож. 1866 г. ст. 1540—1544 и уст. о нак. ст. 142.) — — — — — — — — — 2 — — — — — — — — — — — — — — — — — 2 — — — — — Отдѣленіе Х.Отдѣленіе Х. О преступленіяхъ противъ союза брачнаго, ст. 2118—2156 (улож. 1866 г. ст. 1549—1585.) — — 2 — — — — — — 1 1 — 1 — — — — — — — — — — — — 1 2 — — — — — — — — О преступленіи дѣтей противъ родителей, ст. 2162—2165 (улож. 1866 г. ст. 1591 и 1692 и уст. о нак. ст. 132 и 143.) 4 — — — — — — 2 1 6 — — — 3 — — 3 — — — — 8 3 3 1 — — — — — — — — Отдѣленіе ХI. Отдѣленіе ХI. О насильственномъ завладѣніи чужимъ недвижимымъ имуществомъ и о истребленіи граничныхъ межъ и знаков ст. 2173— 2184 (улож. 1866 г. ст. 1601—1605 и уст. о нак. ст. 142, 144, 145, 147—149, 152 и 155.) — — — — — — — — — 1 — 2 — 1 — — — — — — — — — — — 1 — 1 — 1 — — — 1 — О зажигательствѣ, ст. 2185—2195 (улож. 1866 г. ст. 1606—1615 и уст. о нак. ст. 98.) — — 6 — — — — — — 3 — 1 4 — — — — — 2 — — — — — — 1 2 3 3 1 — — — О разбоѣ, ст. 2208—2217 (улож. 1866 г. ст. 1627—636.) — — — 2 — — — — — — 4 1 12 1 3 — 4 — 8 — — — — — — — 14 2 16 — 1 — — — — — О грабежѣ, ст. 2218—2224 (улож. 1866 г. ст. 1637—1643.) — — — 8 — — — — — — 5 3 15 2 3 1 8 2 8 — — — — — 6 — 7 5 18 3 8 — — — — — О воровствѣ-кражѣ, ст. 2225—2251 (улож. 1866 г. ст. 1644—1664 и уст. о нак. ст. 169 и 170.) — — 11 — — — — — — 28 2 35 6 16 — 37 2 30 1 — — — — 15 3 25 5 56 3 36 — 6 — 8 — О воровствѣ-мошенничествѣ, ст. 2252—2267 (улож. 1866 г. ст. 1665—1676 и уст. о нак. ст. 173—175.) — — — — — — — — — 1 — — — — — — — — — — — — — 1 — — — — — — — — — О присвоеніи ввѣреннаго чужаго движимаго имущества, ст. 2272 (улож. 1866 г. ст. 1681, 1682 и уст. о наказ. ст. 177.)1 — — — — — — 2 — 2 1 — — 1 — — — — — — — — — 3 1 1 — 1 — — — — — О преступленіяхъ и проступкахъ по договорамъ и другимъ обязательствамъ, ст. 2278—2304 (улож. 1866 г. ст. 1688—1711 и уст. о нак. ст. 174 и 180.) — — — — — — — 4 — 6 — — — 3 — 2 — — — — — — — 8 — 4 — 2 — 1 — — — По происшествіямъ нечаяннымъ: по неосторожности и другимъ случаямъ, не отнесеннымъ къ вышеприведеннымъ родамъ и видамъ.— — — — — — — — — 1 — — — 1 — — — — — — — — — 1 — 1 — — — — — — — Итого — — 76 4 — 11 — 7 — 105 14 199 36 41 4 80 13 93 9 2 — 3 — 41 7 124 37 190 29 142 3 28 — 14 — Примѣчанiе:Примѣчанiе: Отъ 1869 г. оставалось арестантовъ: 3 м. 1 ж. об. пола 4. Въ 1870 г. поступило: 151 м. * пола 178. Въ 1870 г. выбыло: 143 м. 25 ж. об. пола 168. За тѣмъ къ 1871 г. осталось: 11 м. 3 ж. об. пола 14. * Столбец прошит Вѣрно: Гражданскiй Губернаторъ Лохвицкiй С в ѣрялъ исправляющій должность Секретаря Статистическаго Комитета Ловянъ
d202;1866 г.;;121 Родъ преступленiй Родъ преступленiй * ныхъ Въ томъ числѣВъ томъ числѣ Возрастъ преступниковъВозрастъ преступниковъ Дворянъ потомственныхъ Дворянъ личныхъ Почетныхъ гражданъ и купцовъ Мещанъ Крестьянъ Военнаго сословiя Инородцевъ Поселенцевъ Ссыльно-каторжныхъ Ниже 17— 17—20 21—30 31—40 41- 50 51-60 Свыше 60 ж. м. ж. м. ж. м. ж. м. ж. м. ж. м. ж. м. ж. м. ж. м. ж. м. ж. м. ж. м. ж. м. ж. м. м м. ж. м. ж. Отдѣленіе I.Отдѣленіе I. Объ отступленіи отъ вѣры и постановленій церкви, ст. 200—234 (Улож. 1866 г. ст. 184—209 и уст. о нак. ст. 38, 63, 64, 48 и 107.)2 — — — — — — — — 5 2 — — — — — — — — — — 2 1 2 1 1 — — — — — — — О святотатствѣ, ст. 253—269 (Улож. 1866 г. ст. 219—235 и уст. о нак. ст. 170 п. 1.) — — 2 — — — — — — 1 — 3 — — — 3 2 2 — — — — — — — 3 2 6 — — — — — — — По преступленіямъ, исчисленнымъ во II отдѣленіи, дѣлъ въ разсмотрѣніи не было. — — — — — — — — — — — — — — — — — — — — — — — — — — — — — — — — — — — Отдѣленіе III.Отдѣленіе III. О самовольномъ присвоеніи власти и составленіи подложныхъ указовъ и другихъ исходящихъ отъ Правительства бумагъ, ст. 329—341 (улож. 1866 г. ст. 289—301 и уст. о нак. ст. 34.) — — — — — — — — — — — — — — — — 1 — — — — — — — — — — — 1 — — — — — — — О похищеніи бумагъ или вещей изъ присутственныхъ мѣстъ и уничтоженіе постановленныхъ или приложенныхъ по распоряженію правительства знаковъ, ст. 343—347 (улож. 1866 г. ст. 303—307 и уст. о нак. ст. 32.) — — — — — — — — — — — — — — — — — 1 — — — — — — — 1 — — — — — — — — — О взломѣ тюрьмъ, уводѣ и побѣгѣ находящихся подъ стражею или надзоромъ, ст. 348—359 (улож. 1866 ст. 308—317 и уст. о нак. ст. 63.) — — — — — — — — — — — — — 2 — — — — — 2 — — — — — — — 1 — 3 — — — — — — — Отдѣленіе IV.Отдѣленіе IV. О преступленіяхъ и проступкахъ по службѣ Государственной и общественной, ст. 371—549, 782—795, 959—975, 1022—1031, 1068—1072, 1361—1364, 1396—1406, 1410—1414 и 1429 (улож 1866 г. ст. 329—504, 533—539, 707—714, 805—821, 822—830, 854, 855, 1004—1007, 1058—1065, 1068—1072 и уст. о нак. ст. 65, 66, 102, 154—168.) — — — 3 — 10 — 5 — 8 — 12 — — — — — — — — — — — — — — — 12 — 25 — 1 — — — Отдѣленіе V.Отдѣленіе V. О преступленіяхъ и проступкахъ противъ постановленій о повинностяхъ земскихъ ст. 593—598 (улож. 1866 г. ст. 540—545.)— — — — — — — — — 1 — — — — — — — — — — — — — — — 1 — — — — — — — Отдѣленіе VI.Отдѣленіе VI. О нарушеніи уставовъ монетныхъ, ст. 608—630 (улож. 1866 г. ст. 556—578.) — — 4 — — — — — — 6 — 18 3 — — — 1 1 — — — — — — — 8 2 5 2 12 — — — — — О нарушеніи постановленій по питейному сбору и акцизу, ст. 718—795 (улож. 1866 г. ст. 665—717.) — — — — — — — — 3 — 1 — — — — — 2 — — — — — — — 4 — 2 — — — — — — — Отдѣленіе VII.Отдѣленіе VII. О преступленіяхъ и проступкахъ противъ постановленій ограждающихъ народное здравіе, ст. 1044—115* (улож. 1866 г. ст. 831—900 и уст. о нак. ст. 55, 56, 102, 104—109, 112—16 и 173.) — — — 1 — — — — — — — — — 1 — — — — — — — — — — — — — 1 — — — — — — — — О возбужденіи къ начатію или продолженію противузаконныхъ исковъ и тяжбъ о лживыхъ доносахъ, лжесвидѣтельствѣ и ложныхъ показаніяхъ на повальныхъ обыскахъ, ст. 1205—1212 (улож. 1866 г. ст. 939—946.) — — — — — — — — — — — 1 — — — — — — — — — — — — — — — 1 — — — — — — — О бродяжествѣ, укрывательствѣ бѣглыхъ и нарушеніи постановленій о паспортахъ, ст. 1216—1272 (улож. 1866 г. ст. 950—983 и уст. о нак. ст. 29, 58, 60, 61, 62 и 77.) — — — — — — — — — — — — 4 — — — 6 — 21 — — — — — — — 5 — 8 — 8 — 8 — 2 — О противузаконномъ выдѣлываніи и храненіи оружія или пороха и нарушеніи другихъ правилъ осторожности, ст. 1295— 1328 (улож. 1866 г. ст. 986—989 и уст. о нак. ст. 29, 32, 117—126, 129 и 987.) — — — — — — — — — — — 6 — — — — — 1 — — — 3 — 3 — 1 — — — — — — — — — О преступленіяхъ противъ общественной нравственности, ст. 1336—1360 (улож. 1866 г. ст. 993—1003 уст. о нак. ст. 42— 45.)— — — — — — — — — — — — — — — 1 — — — — — — — — — 1 — — — — — — — О нарушеніи правилъ осторожности отъ пожаровъ, ст. 1429—1473 (улож. 1866 г. ст. 1076 и 1077 уст. о нак. ст. 29, 66, 88, 89, 80, 91, 93—98 и 117.) — — — — — — — — — — — — — 2 — — — — — 2 — — — — — — — — — 3 — 1 — — — — — По преступленіямъ, исчисленнымъ въ VIII отдѣленіи, дѣлъ въ разсмотрѣніи не было. — — — — — — — — — — — — — — — — — — — — — — — — — — — — — — — — — — — Отдѣленіе IХ.Отдѣленіе IХ. О смертоубійствѣ, ст. 1998—2020 (улож. 1866 г. ст. 1449—1471.) — — — 27 — — — — — — 17 4 25 12 6 3 5 6 9 2 2 — — — 4 — 13 10 26 15 20 2 1 — — — О самоубійствѣ, ст. 2021—2025 (улож. 1866 г. ст. 1472—1476.) — — — — — — — — — — — — 1 — — — — — — — — — — — — — 1 — — — — — — — — — О нанесеніи увѣчья, ранъ и другихъ поврежденій, ст. 2026—2047 (улож. 1866 г. ст. 1471—1496 и уст. о нак. ст. 129.)4 1 — — — — — 13 1 26 3 12 — 2 — — — — — — — 2 — 12 2 12 2 15 — 1* — 3 — О преступленіяхъ противъ чести и цѣломудрія женщинъ, ст. 2076—2085 (улож. 1866 г. ст. 1523—1532.) — — — — — — — — 1 — 5 — — — 4 — 2 — — — — — 1 — 3 — 5 — 3 — — — — — О личныхъ оскорбленіяхъ, ст. 2086—2094 (улож. 1860 г. ст. 1533 и 1534 и уст. о нак. ст. 130—135.) — 2 — — 1 — 2 — 6 1 4 — — — 2 — 1 1 — — — — — — 5 1 6 1 4 — 1 — — — О противузаконномъ задержаніи и заключеніи ст. 2103—2108 (улож. 1866 г. ст. 1540—1544 и уст. о нак. ст. 142.) — — — — — — — — — 2 — — — — — — — — — — — — — — — — — 2 — — — — — Отдѣленіе Х.Отдѣленіе Х. О преступленіяхъ противъ союза брачнаго, ст. 2118—2156 (улож. 1866 г. ст. 1549—1585.) — — 2 — — — — — — 1 1 — 1 — — — — — — — — — — — — 1 2 — — — — — — — — О преступленіи дѣтей противъ родителей, ст. 2162—2165 (улож. 1866 г. ст. 1591 и 1692 и уст. о нак. ст. 132 и 143.) 4 — — — — — — 2 1 6 — — — 3 — — 3 — — — — 8 3 3 1 — — — — — — — — Отдѣленіе ХI. Отдѣленіе ХI. О насильственномъ завладѣніи чужимъ недвижимымъ имуществомъ и о истребленіи граничныхъ межъ и знаков ст. 2173— 2184 (улож. 1866 г. ст. 1601—1605 и уст. о нак. ст. 142, 144, 145, 147—149, 152 и 155.) — — — — — — — — — 1 — 2 — 1 — — — — — — — — — — — 1 — 1 — 1 — — — 1 — О зажигательствѣ, ст. 2185—2195 (улож. 1866 г. ст. 1606—1615 и уст. о нак. ст. 98.) — — 6 — — — — — — 3 — 1 4 — — — — — 2 — — — — — — 1 2 3 3 1 — — — О разбоѣ, ст. 2208—2217 (улож. 1866 г. ст. 1627—636.) — — — 2 — — — — — — 4 1 12 1 3 — 4 — 8 — — — — — — — 14 2 16 — 1 — — — — — О грабежѣ, ст. 2218—2224 (улож. 1866 г. ст. 1637—1643.) — — — 8 — — — — — — 5 3 15 2 3 1 8 2 8 — — — — — 6 — 7 5 18 3 8 — — — — — О воровствѣ-кражѣ, ст. 2225—2251 (улож. 1866 г. ст. 1644—1664 и уст. о нак. ст. 169 и 170.) — — 11 — — — — — — 28 2 35 6 16 — 37 2 30 1 — — — — 15 3 25 5 56 3 36 — 6 — 8 — О воровствѣ-мошенничествѣ, ст. 2252—2267 (улож. 1866 г. ст. 1665—1676 и уст. о нак. ст. 173—175.) — — — — — — — — — 1 — — — — — — — — — — — — — 1 — — — — — — — — — О присвоеніи ввѣреннаго чужаго движимаго имущества, ст. 2272 (улож. 1866 г. ст. 1681, 1682 и уст. о наказ. ст. 177.)1 — — — — — — 2 — 2 1 — — 1 — — — — — — — — — 3 1 1 — 1 — — — — — О преступленіяхъ и проступкахъ по договорамъ и другимъ обязательствамъ, ст. 2278—2304 (улож. 1866 г. ст. 1688—1711 и уст. о нак. ст. 174 и 180.) — — — — — — — 4 — 6 — — — 3 — 2 — — — — — — — 8 — 4 — 2 — 1 — — — По происшествіямъ нечаяннымъ: по неосторожности и другимъ случаямъ, не отнесеннымъ къ вышеприведеннымъ родамъ и видамъ.— — — — — — — — — 1 — — — 1 — — — — — — — — — 1 — 1 — — — — — — — Итого — — 76 4 — 11 — 7 — 105 14 199 36 41 4 80 13 93 9 2 — 3 — 41 7 124 37 190 29 142 3 28 — 14 — Примѣчанiе:Примѣчанiе: Отъ 1869 г. оставалось арестантовъ: 3 м. 1 ж. об. пола 4. Въ 1870 г. поступило: 151 м. * пола 178. Въ 1870 г. выбыло: 143 м. 25 ж. об. пола 168. За тѣмъ къ 1871 г. осталось: 11 м. 3 ж. об. пола 14. * Столбец прошит Вѣрно: Гражданскiй Губернаторъ Лохвицкiй С в ѣрялъ исправляющій должность Секретаря Статистическаго Комитета Ловянъ
d203;1866 г.;;121 Родъ преступленiй Родъ преступленiй * ныхъ Въ томъ числѣВъ томъ числѣ Возрастъ преступниковъВозрастъ преступниковъ Дворянъ потомственныхъ Дворянъ личныхъ Почетныхъ гражданъ и купцовъ Мещанъ Крестьянъ Военнаго сословiя Инородцевъ Поселенцевъ Ссыльно-каторжныхъ Ниже 17— 17—20 21—30 31—40 41- 50 51-60 Свыше 60 ж. м. ж. м. ж. м. ж. м. ж. м. ж. м. ж. м. ж. м. ж. м. ж. м. ж. м. ж. м. ж. м. ж. м. м м. ж. м. ж. Отдѣленіе I.Отдѣленіе I. Объ отступленіи отъ вѣры и постановленій церкви, ст. 200—234 (Улож. 1866 г. ст. 184—209 и уст. о нак. ст. 38, 63, 64, 48 и 107.)2 — — — — — — — — 5 2 — — — — — — — — — — 2 1 2 1 1 — — — — — — — О святотатствѣ, ст. 253—269 (Улож. 1866 г. ст. 219—235 и уст. о нак. ст. 170 п. 1.) — — 2 — — — — — — 1 — 3 — — — 3 2 2 — — — — — — — 3 2 6 — — — — — — — По преступленіямъ, исчисленнымъ во II отдѣленіи, дѣлъ въ разсмотрѣніи не было. — — — — — — — — — — — — — — — — — — — — — — — — — — — — — — — — — — — Отдѣленіе III.Отдѣленіе III. О самовольномъ присвоеніи власти и составленіи подложныхъ указовъ и другихъ исходящихъ отъ Правительства бумагъ, ст. 329—341 (улож. 1866 г. ст. 289—301 и уст. о нак. ст. 34.) — — — — — — — — — — — — — — — — 1 — — — — — — — — — — — 1 — — — — — — — О похищеніи бумагъ или вещей изъ присутственныхъ мѣстъ и уничтоженіе постановленныхъ или приложенныхъ по распоряженію правительства знаковъ, ст. 343—347 (улож. 1866 г. ст. 303—307 и уст. о нак. ст. 32.) — — — — — — — — — — — — — — — — — 1 — — — — — — — 1 — — — — — — — — — О взломѣ тюрьмъ, уводѣ и побѣгѣ находящихся подъ стражею или надзоромъ, ст. 348—359 (улож. 1866 ст. 308—317 и уст. о нак. ст. 63.) — — — — — — — — — — — — — 2 — — — — — 2 — — — — — — — 1 — 3 — — — — — — — Отдѣленіе IV.Отдѣленіе IV. О преступленіяхъ и проступкахъ по службѣ Государственной и общественной, ст. 371—549, 782—795, 959—975, 1022—1031, 1068—1072, 1361—1364, 1396—1406, 1410—1414 и 1429 (улож 1866 г. ст. 329—504, 533—539, 707—714, 805—821, 822—830, 854, 855, 1004—1007, 1058—1065, 1068—1072 и уст. о нак. ст. 65, 66, 102, 154—168.) — — — 3 — 10 — 5 — 8 — 12 — — — — — — — — — — — — — — — 12 — 25 — 1 — — — Отдѣленіе V.Отдѣленіе V. О преступленіяхъ и проступкахъ противъ постановленій о повинностяхъ земскихъ ст. 593—598 (улож. 1866 г. ст. 540—545.)— — — — — — — — — 1 — — — — — — — — — — — — — — — 1 — — — — — — — Отдѣленіе VI.Отдѣленіе VI. О нарушеніи уставовъ монетныхъ, ст. 608—630 (улож. 1866 г. ст. 556—578.) — — 4 — — — — — — 6 — 18 3 — — — 1 1 — — — — — — — 8 2 5 2 12 — — — — — О нарушеніи постановленій по питейному сбору и акцизу, ст. 718—795 (улож. 1866 г. ст. 665—717.) — — — — — — — — 3 — 1 — — — — — 2 — — — — — — — 4 — 2 — — — — — — — Отдѣленіе VII.Отдѣленіе VII. О преступленіяхъ и проступкахъ противъ постановленій ограждающихъ народное здравіе, ст. 1044—115* (улож. 1866 г. ст. 831—900 и уст. о нак. ст. 55, 56, 102, 104—109, 112—16 и 173.) — — — 1 — — — — — — — — — 1 — — — — — — — — — — — — — 1 — — — — — — — — О возбужденіи къ начатію или продолженію противузаконныхъ исковъ и тяжбъ о лживыхъ доносахъ, лжесвидѣтельствѣ и ложныхъ показаніяхъ на повальныхъ обыскахъ, ст. 1205—1212 (улож. 1866 г. ст. 939—946.) — — — — — — — — — — — 1 — — — — — — — — — — — — — — — 1 — — — — — — — О бродяжествѣ, укрывательствѣ бѣглыхъ и нарушеніи постановленій о паспортахъ, ст. 1216—1272 (улож. 1866 г. ст. 950—983 и уст. о нак. ст. 29, 58, 60, 61, 62 и 77.) — — — — — — — — — — — — 4 — — — 6 — 21 — — — — — — — 5 — 8 — 8 — 8 — 2 — О противузаконномъ выдѣлываніи и храненіи оружія или пороха и нарушеніи другихъ правилъ осторожности, ст. 1295— 1328 (улож. 1866 г. ст. 986—989 и уст. о нак. ст. 29, 32, 117—126, 129 и 987.) — — — — — — — — — — — 6 — — — — — 1 — — — 3 — 3 — 1 — — — — — — — — — О преступленіяхъ противъ общественной нравственности, ст. 1336—1360 (улож. 1866 г. ст. 993—1003 уст. о нак. ст. 42— 45.)— — — — — — — — — — — — — — — 1 — — — — — — — — — 1 — — — — — — — О нарушеніи правилъ осторожности отъ пожаровъ, ст. 1429—1473 (улож. 1866 г. ст. 1076 и 1077 уст. о нак. ст. 29, 66, 88, 89, 80, 91, 93—98 и 117.) — — — — — — — — — — — — — 2 — — — — — 2 — — — — — — — — — 3 — 1 — — — — — По преступленіямъ, исчисленнымъ въ VIII отдѣленіи, дѣлъ въ разсмотрѣніи не было. — — — — — — — — — — — — — — — — — — — — — — — — — — — — — — — — — — — Отдѣленіе IХ.Отдѣленіе IХ. О смертоубійствѣ, ст. 1998—2020 (улож. 1866 г. ст. 1449—1471.) — — — 27 — — — — — — 17 4 25 12 6 3 5 6 9 2 2 — — — 4 — 13 10 26 15 20 2 1 — — — О самоубійствѣ, ст. 2021—2025 (улож. 1866 г. ст. 1472—1476.) — — — — — — — — — — — — 1 — — — — — — — — — — — — — 1 — — — — — — — — — О нанесеніи увѣчья, ранъ и другихъ поврежденій, ст. 2026—2047 (улож. 1866 г. ст. 1471—1496 и уст. о нак. ст. 129.)4 1 — — — — — 13 1 26 3 12 — 2 — — — — — — — 2 — 12 2 12 2 15 — 1* — 3 — О преступленіяхъ противъ чести и цѣломудрія женщинъ, ст. 2076—2085 (улож. 1866 г. ст. 1523—1532.) — — — — — — — — 1 — 5 — — — 4 — 2 — — — — — 1 — 3 — 5 — 3 — — — — — О личныхъ оскорбленіяхъ, ст. 2086—2094 (улож. 1860 г. ст. 1533 и 1534 и уст. о нак. ст. 130—135.) — 2 — — 1 — 2 — 6 1 4 — — — 2 — 1 1 — — — — — — 5 1 6 1 4 — 1 — — — О противузаконномъ задержаніи и заключеніи ст. 2103—2108 (улож. 1866 г. ст. 1540—1544 и уст. о нак. ст. 142.) — — — — — — — — — 2 — — — — — — — — — — — — — — — — — 2 — — — — — Отдѣленіе Х.Отдѣленіе Х. О преступленіяхъ противъ союза брачнаго, ст. 2118—2156 (улож. 1866 г. ст. 1549—1585.) — — 2 — — — — — — 1 1 — 1 — — — — — — — — — — — — 1 2 — — — — — — — — О преступленіи дѣтей противъ родителей, ст. 2162—2165 (улож. 1866 г. ст. 1591 и 1692 и уст. о нак. ст. 132 и 143.) 4 — — — — — — 2 1 6 — — — 3 — — 3 — — — — 8 3 3 1 — — — — — — — — Отдѣленіе ХI. Отдѣленіе ХI. О насильственномъ завладѣніи чужимъ недвижимымъ имуществомъ и о истребленіи граничныхъ межъ и знаков ст. 2173— 2184 (улож. 1866 г. ст. 1601—1605 и уст. о нак. ст. 142, 144, 145, 147—149, 152 и 155.) — — — — — — — — — 1 — 2 — 1 — — — — — — — — — — — 1 — 1 — 1 — — — 1 — О зажигательствѣ, ст. 2185—2195 (улож. 1866 г. ст. 1606—1615 и уст. о нак. ст. 98.) — — 6 — — — — — — 3 — 1 4 — — — — — 2 — — — — — — 1 2 3 3 1 — — — О разбоѣ, ст. 2208—2217 (улож. 1866 г. ст. 1627—636.) — — — 2 — — — — — — 4 1 12 1 3 — 4 — 8 — — — — — — — 14 2 16 — 1 — — — — — О грабежѣ, ст. 2218—2224 (улож. 1866 г. ст. 1637—1643.) — — — 8 — — — — — — 5 3 15 2 3 1 8 2 8 — — — — — 6 — 7 5 18 3 8 — — — — — О воровствѣ-кражѣ, ст. 2225—2251 (улож. 1866 г. ст. 1644—1664 и уст. о нак. ст. 169 и 170.) — — 11 — — — — — — 28 2 35 6 16 — 37 2 30 1 — — — — 15 3 25 5 56 3 36 — 6 — 8 — О воровствѣ-мошенничествѣ, ст. 2252—2267 (улож. 1866 г. ст. 1665—1676 и уст. о нак. ст. 173—175.) — — — — — — — — — 1 — — — — — — — — — — — — — 1 — — — — — — — — — О присвоеніи ввѣреннаго чужаго движимаго имущества, ст. 2272 (улож. 1866 г. ст. 1681, 1682 и уст. о наказ. ст. 177.)1 — — — — — — 2 — 2 1 — — 1 — — — — — — — — — 3 1 1 — 1 — — — — — О преступленіяхъ и проступкахъ по договорамъ и другимъ обязательствамъ, ст. 2278—2304 (улож. 1866 г. ст. 1688—1711 и уст. о нак. ст. 174 и 180.) — — — — — — — 4 — 6 — — — 3 — 2 — — — — — — — 8 — 4 — 2 — 1 — — — По происшествіямъ нечаяннымъ: по неосторожности и другимъ случаямъ, не отнесеннымъ къ вышеприведеннымъ родамъ и видамъ.— — — — — — — — — 1 — — — 1 — — — — — — — — — 1 — 1 — — — — — — — Итого — — 76 4 — 11 — 7 — 105 14 199 36 41 4 80 13 93 9 2 — 3 — 41 7 124 37 190 29 142 3 28 — 14 — Примѣчанiе:Примѣчанiе: Отъ 1869 г. оставалось арестантовъ: 3 м. 1 ж. об. пола 4. Въ 1870 г. поступило: 151 м. * пола 178. Въ 1870 г. выбыло: 143 м. 25 ж. об. пола 168. За тѣмъ къ 1871 г. осталось: 11 м. 3 ж. об. пола 14. * Столбец прошит Вѣрно: Гражданскiй Губернаторъ Лохвицкiй С в ѣрялъ исправляющій должность Секретаря Статистическаго Комитета Ловянъ
d204;1866 г.;;121 Родъ преступленiй Родъ преступленiй * ныхъ Въ томъ числѣВъ томъ числѣ Возрастъ преступниковъВозрастъ преступниковъ Дворянъ потомственныхъ Дворянъ личныхъ Почетныхъ гражданъ и купцовъ Мещанъ Крестьянъ Военнаго сословiя Инородцевъ Поселенцевъ Ссыльно-каторжныхъ Ниже 17— 17—20 21—30 31—40 41- 50 51-60 Свыше 60 ж. м. ж. м. ж. м. ж. м. ж. м. ж. м. ж. м. ж. м. ж. м. ж. м. ж. м. ж. м. ж. м. ж. м. м м. ж. м. ж. Отдѣленіе I.Отдѣленіе I. Объ отступленіи отъ вѣры и постановленій церкви, ст. 200—234 (Улож. 1866 г. ст. 184—209 и уст. о нак. ст. 38, 63, 64, 48 и 107.)2 — — — — — — — — 5 2 — — — — — — — — — — 2 1 2 1 1 — — — — — — — О святотатствѣ, ст. 253—269 (Улож. 1866 г. ст. 219—235 и уст. о нак. ст. 170 п. 1.) — — 2 — — — — — — 1 — 3 — — — 3 2 2 — — — — — — — 3 2 6 — — — — — — — По преступленіямъ, исчисленнымъ во II отдѣленіи, дѣлъ въ разсмотрѣніи не было. — — — — — — — — — — — — — — — — — — — — — — — — — — — — — — — — — — — Отдѣленіе III.Отдѣленіе III. О самовольномъ присвоеніи власти и составленіи подложныхъ указовъ и другихъ исходящихъ отъ Правительства бумагъ, ст. 329—341 (улож. 1866 г. ст. 289—301 и уст. о нак. ст. 34.) — — — — — — — — — — — — — — — — 1 — — — — — — — — — — — 1 — — — — — — — О похищеніи бумагъ или вещей изъ присутственныхъ мѣстъ и уничтоженіе постановленныхъ или приложенныхъ по распоряженію правительства знаковъ, ст. 343—347 (улож. 1866 г. ст. 303—307 и уст. о нак. ст. 32.) — — — — — — — — — — — — — — — — — 1 — — — — — — — 1 — — — — — — — — — О взломѣ тюрьмъ, уводѣ и побѣгѣ находящихся подъ стражею или надзоромъ, ст. 348—359 (улож. 1866 ст. 308—317 и уст. о нак. ст. 63.) — — — — — — — — — — — — — 2 — — — — — 2 — — — — — — — 1 — 3 — — — — — — — Отдѣленіе IV.Отдѣленіе IV. О преступленіяхъ и проступкахъ по службѣ Государственной и общественной, ст. 371—549, 782—795, 959—975, 1022—1031, 1068—1072, 1361—1364, 1396—1406, 1410—1414 и 1429 (улож 1866 г. ст. 329—504, 533—539, 707—714, 805—821, 822—830, 854, 855, 1004—1007, 1058—1065, 1068—1072 и уст. о нак. ст. 65, 66, 102, 154—168.) — — — 3 — 10 — 5 — 8 — 12 — — — — — — — — — — — — — — — 12 — 25 — 1 — — — Отдѣленіе V.Отдѣленіе V. О преступленіяхъ и проступкахъ противъ постановленій о повинностяхъ земскихъ ст. 593—598 (улож. 1866 г. ст. 540—545.)— — — — — — — — — 1 — — — — — — — — — — — — — — — 1 — — — — — — — Отдѣленіе VI.Отдѣленіе VI. О нарушеніи уставовъ монетныхъ, ст. 608—630 (улож. 1866 г. ст. 556—578.) — — 4 — — — — — — 6 — 18 3 — — — 1 1 — — — — — — — 8 2 5 2 12 — — — — — О нарушеніи постановленій по питейному сбору и акцизу, ст. 718—795 (улож. 1866 г. ст. 665—717.) — — — — — — — — 3 — 1 — — — — — 2 — — — — — — — 4 — 2 — — — — — — — Отдѣленіе VII.Отдѣленіе VII. О преступленіяхъ и проступкахъ противъ постановленій ограждающихъ народное здравіе, ст. 1044—115* (улож. 1866 г. ст. 831—900 и уст. о нак. ст. 55, 56, 102, 104—109, 112—16 и 173.) — — — 1 — — — — — — — — — 1 — — — — — — — — — — — — — 1 — — — — — — — — О возбужденіи къ начатію или продолженію противузаконныхъ исковъ и тяжбъ о лживыхъ доносахъ, лжесвидѣтельствѣ и ложныхъ показаніяхъ на повальныхъ обыскахъ, ст. 1205—1212 (улож. 1866 г. ст. 939—946.) — — — — — — — — — — — 1 — — — — — — — — — — — — — — — 1 — — — — — — — О бродяжествѣ, укрывательствѣ бѣглыхъ и нарушеніи постановленій о паспортахъ, ст. 1216—1272 (улож. 1866 г. ст. 950—983 и уст. о нак. ст. 29, 58, 60, 61, 62 и 77.) — — — — — — — — — — — — 4 — — — 6 — 21 — — — — — — — 5 — 8 — 8 — 8 — 2 — О противузаконномъ выдѣлываніи и храненіи оружія или пороха и нарушеніи другихъ правилъ осторожности, ст. 1295— 1328 (улож. 1866 г. ст. 986—989 и уст. о нак. ст. 29, 32, 117—126, 129 и 987.) — — — — — — — — — — — 6 — — — — — 1 — — — 3 — 3 — 1 — — — — — — — — — О преступленіяхъ противъ общественной нравственности, ст. 1336—1360 (улож. 1866 г. ст. 993—1003 уст. о нак. ст. 42— 45.)— — — — — — — — — — — — — — — 1 — — — — — — — — — 1 — — — — — — — О нарушеніи правилъ осторожности отъ пожаровъ, ст. 1429—1473 (улож. 1866 г. ст. 1076 и 1077 уст. о нак. ст. 29, 66, 88, 89, 80, 91, 93—98 и 117.) — — — — — — — — — — — — — 2 — — — — — 2 — — — — — — — — — 3 — 1 — — — — — По преступленіямъ, исчисленнымъ въ VIII отдѣленіи, дѣлъ въ разсмотрѣніи не было. — — — — — — — — — — — — — — — — — — — — — — — — — — — — — — — — — — — Отдѣленіе IХ.Отдѣленіе IХ. О смертоубійствѣ, ст. 1998—2020 (улож. 1866 г. ст. 1449—1471.) — — — 27 — — — — — — 17 4 25 12 6 3 5 6 9 2 2 — — — 4 — 13 10 26 15 20 2 1 — — — О самоубійствѣ, ст. 2021—2025 (улож. 1866 г. ст. 1472—1476.) — — — — — — — — — — — — 1 — — — — — — — — — — — — — 1 — — — — — — — — — О нанесеніи увѣчья, ранъ и другихъ поврежденій, ст. 2026—2047 (улож. 1866 г. ст. 1471—1496 и уст. о нак. ст. 129.)4 1 — — — — — 13 1 26 3 12 — 2 — — — — — — — 2 — 12 2 12 2 15 — 1* — 3 — О преступленіяхъ противъ чести и цѣломудрія женщинъ, ст. 2076—2085 (улож. 1866 г. ст. 1523—1532.) — — — — — — — — 1 — 5 — — — 4 — 2 — — — — — 1 — 3 — 5 — 3 — — — — — О личныхъ оскорбленіяхъ, ст. 2086—2094 (улож. 1860 г. ст. 1533 и 1534 и уст. о нак. ст. 130—135.) — 2 — — 1 — 2 — 6 1 4 — — — 2 — 1 1 — — — — — — 5 1 6 1 4 — 1 — — — О противузаконномъ задержаніи и заключеніи ст. 2103—2108 (улож. 1866 г. ст. 1540—1544 и уст. о нак. ст. 142.) — — — — — — — — — 2 — — — — — — — — — — — — — — — — — 2 — — — — — Отдѣленіе Х.Отдѣленіе Х. О преступленіяхъ противъ союза брачнаго, ст. 2118—2156 (улож. 1866 г. ст. 1549—1585.) — — 2 — — — — — — 1 1 — 1 — — — — — — — — — — — — 1 2 — — — — — — — — О преступленіи дѣтей противъ родителей, ст. 2162—2165 (улож. 1866 г. ст. 1591 и 1692 и уст. о нак. ст. 132 и 143.) 4 — — — — — — 2 1 6 — — — 3 — — 3 — — — — 8 3 3 1 — — — — — — — — Отдѣленіе ХI. Отдѣленіе ХI. О насильственномъ завладѣніи чужимъ недвижимымъ имуществомъ и о истребленіи граничныхъ межъ и знаков ст. 2173— 2184 (улож. 1866 г. ст. 1601—1605 и уст. о нак. ст. 142, 144, 145, 147—149, 152 и 155.) — — — — — — — — — 1 — 2 — 1 — — — — — — — — — — — 1 — 1 — 1 — — — 1 — О зажигательствѣ, ст. 2185—2195 (улож. 1866 г. ст. 1606—1615 и уст. о нак. ст. 98.) — — 6 — — — — — — 3 — 1 4 — — — — — 2 — — — — — — 1 2 3 3 1 — — — О разбоѣ, ст. 2208—2217 (улож. 1866 г. ст. 1627—636.) — — — 2 — — — — — — 4 1 12 1 3 — 4 — 8 — — — — — — — 14 2 16 — 1 — — — — — О грабежѣ, ст. 2218—2224 (улож. 1866 г. ст. 1637—1643.) — — — 8 — — — — — — 5 3 15 2 3 1 8 2 8 — — — — — 6 — 7 5 18 3 8 — — — — — О воровствѣ-кражѣ, ст. 2225—2251 (улож. 1866 г. ст. 1644—1664 и уст. о нак. ст. 169 и 170.) — — 11 — — — — — — 28 2 35 6 16 — 37 2 30 1 — — — — 15 3 25 5 56 3 36 — 6 — 8 — О воровствѣ-мошенничествѣ, ст. 2252—2267 (улож. 1866 г. ст. 1665—1676 и уст. о нак. ст. 173—175.) — — — — — — — — — 1 — — — — — — — — — — — — — 1 — — — — — — — — — О присвоеніи ввѣреннаго чужаго движимаго имущества, ст. 2272 (улож. 1866 г. ст. 1681, 1682 и уст. о наказ. ст. 177.)1 — — — — — — 2 — 2 1 — — 1 — — — — — — — — — 3 1 1 — 1 — — — — — О преступленіяхъ и проступкахъ по договорамъ и другимъ обязательствамъ, ст. 2278—2304 (улож. 1866 г. ст. 1688—1711 и уст. о нак. ст. 174 и 180.) — — — — — — — 4 — 6 — — — 3 — 2 — — — — — — — 8 — 4 — 2 — 1 — — — По происшествіямъ нечаяннымъ: по неосторожности и другимъ случаямъ, не отнесеннымъ къ вышеприведеннымъ родамъ и видамъ.— — — — — — — — — 1 — — — 1 — — — — — — — — — 1 — 1 — — — — — — — Итого — — 76 4 — 11 — 7 — 105 14 199 36 41 4 80 13 93 9 2 — 3 — 41 7 124 37 190 29 142 3 28 — 14 — Примѣчанiе:Примѣчанiе: Отъ 1869 г. оставалось арестантовъ: 3 м. 1 ж. об. пола 4. Въ 1870 г. поступило: 151 м. * пола 178. Въ 1870 г. выбыло: 143 м. 25 ж. об. пола 168. За тѣмъ къ 1871 г. осталось: 11 м. 3 ж. об. пола 14. * Столбец прошит Вѣрно: Гражданскiй Губернаторъ Лохвицкiй С в ѣрялъ исправляющій должность Секретаря Статистическаго Комитета Ловянъ
d205;1866 г.;;121 Родъ преступленiй Родъ преступленiй * ныхъ Въ томъ числѣВъ томъ числѣ Возрастъ преступниковъВозрастъ преступниковъ Дворянъ потомственныхъ Дворянъ личныхъ Почетныхъ гражданъ и купцовъ Мещанъ Крестьянъ Военнаго сословiя Инородцевъ Поселенцевъ Ссыльно-каторжныхъ Ниже 17— 17—20 21—30 31—40 41- 50 51-60 Свыше 60 ж. м. ж. м. ж. м. ж. м. ж. м. ж. м. ж. м. ж. м. ж. м. ж. м. ж. м. ж. м. ж. м. ж. м. м м. ж. м. ж. Отдѣленіе I.Отдѣленіе I. Объ отступленіи отъ вѣры и постановленій церкви, ст. 200—234 (Улож. 1866 г. ст. 184—209 и уст. о нак. ст. 38, 63, 64, 48 и 107.)2 — — — — — — — — 5 2 — — — — — — — — — — 2 1 2 1 1 — — — — — — — О святотатствѣ, ст. 253—269 (Улож. 1866 г. ст. 219—235 и уст. о нак. ст. 170 п. 1.) — — 2 — — — — — — 1 — 3 — — — 3 2 2 — — — — — — — 3 2 6 — — — — — — — По преступленіямъ, исчисленнымъ во II отдѣленіи, дѣлъ въ разсмотрѣніи не было. — — — — — — — — — — — — — — — — — — — — — — — — — — — — — — — — — — — Отдѣленіе III.Отдѣленіе III. О самовольномъ присвоеніи власти и составленіи подложныхъ указовъ и другихъ исходящихъ отъ Правительства бумагъ, ст. 329—341 (улож. 1866 г. ст. 289—301 и уст. о нак. ст. 34.) — — — — — — — — — — — — — — — — 1 — — — — — — — — — — — 1 — — — — — — — О похищеніи бумагъ или вещей изъ присутственныхъ мѣстъ и уничтоженіе постановленныхъ или приложенныхъ по распоряженію правительства знаковъ, ст. 343—347 (улож. 1866 г. ст. 303—307 и уст. о нак. ст. 32.) — — — — — — — — — — — — — — — — — 1 — — — — — — — 1 — — — — — — — — — О взломѣ тюрьмъ, уводѣ и побѣгѣ находящихся подъ стражею или надзоромъ, ст. 348—359 (улож. 1866 ст. 308—317 и уст. о нак. ст. 63.) — — — — — — — — — — — — — 2 — — — — — 2 — — — — — — — 1 — 3 — — — — — — — Отдѣленіе IV.Отдѣленіе IV. О преступленіяхъ и проступкахъ по службѣ Государственной и общественной, ст. 371—549, 782—795, 959—975, 1022—1031, 1068—1072, 1361—1364, 1396—1406, 1410—1414 и 1429 (улож 1866 г. ст. 329—504, 533—539, 707—714, 805—821, 822—830, 854, 855, 1004—1007, 1058—1065, 1068—1072 и уст. о нак. ст. 65, 66, 102, 154—168.) — — — 3 — 10 — 5 — 8 — 12 — — — — — — — — — — — — — — — 12 — 25 — 1 — — — Отдѣленіе V.Отдѣленіе V. О преступленіяхъ и проступкахъ противъ постановленій о повинностяхъ земскихъ ст. 593—598 (улож. 1866 г. ст. 540—545.)— — — — — — — — — 1 — — — — — — — — — — — — — — — 1 — — — — — — — Отдѣленіе VI.Отдѣленіе VI. О нарушеніи уставовъ монетныхъ, ст. 608—630 (улож. 1866 г. ст. 556—578.) — — 4 — — — — — — 6 — 18 3 — — — 1 1 — — — — — — — 8 2 5 2 12 — — — — — О нарушеніи постановленій по питейному сбору и акцизу, ст. 718—795 (улож. 1866 г. ст. 665—717.) — — — — — — — — 3 — 1 — — — — — 2 — — — — — — — 4 — 2 — — — — — — — Отдѣленіе VII.Отдѣленіе VII. О преступленіяхъ и проступкахъ противъ постановленій ограждающихъ народное здравіе, ст. 1044—115* (улож. 1866 г. ст. 831—900 и уст. о нак. ст. 55, 56, 102, 104—109, 112—16 и 173.) — — — 1 — — — — — — — — — 1 — — — — — — — — — — — — — 1 — — — — — — — — О возбужденіи къ начатію или продолженію противузаконныхъ исковъ и тяжбъ о лживыхъ доносахъ, лжесвидѣтельствѣ и ложныхъ показаніяхъ на повальныхъ обыскахъ, ст. 1205—1212 (улож. 1866 г. ст. 939—946.) — — — — — — — — — — — 1 — — — — — — — — — — — — — — — 1 — — — — — — — О бродяжествѣ, укрывательствѣ бѣглыхъ и нарушеніи постановленій о паспортахъ, ст. 1216—1272 (улож. 1866 г. ст. 950—983 и уст. о нак. ст. 29, 58, 60, 61, 62 и 77.) — — — — — — — — — — — — 4 — — — 6 — 21 — — — — — — — 5 — 8 — 8 — 8 — 2 — О противузаконномъ выдѣлываніи и храненіи оружія или пороха и нарушеніи другихъ правилъ осторожности, ст. 1295— 1328 (улож. 1866 г. ст. 986—989 и уст. о нак. ст. 29, 32, 117—126, 129 и 987.) — — — — — — — — — — — 6 — — — — — 1 — — — 3 — 3 — 1 — — — — — — — — — О преступленіяхъ противъ общественной нравственности, ст. 1336—1360 (улож. 1866 г. ст. 993—1003 уст. о нак. ст. 42— 45.)— — — — — — — — — — — — — — — 1 — — — — — — — — — 1 — — — — — — — О нарушеніи правилъ осторожности отъ пожаровъ, ст. 1429—1473 (улож. 1866 г. ст. 1076 и 1077 уст. о нак. ст. 29, 66, 88, 89, 80, 91, 93—98 и 117.) — — — — — — — — — — — — — 2 — — — — — 2 — — — — — — — — — 3 — 1 — — — — — По преступленіямъ, исчисленнымъ въ VIII отдѣленіи, дѣлъ въ разсмотрѣніи не было. — — — — — — — — — — — — — — — — — — — — — — — — — — — — — — — — — — — Отдѣленіе IХ.Отдѣленіе IХ. О смертоубійствѣ, ст. 1998—2020 (улож. 1866 г. ст. 1449—1471.) — — — 27 — — — — — — 17 4 25 12 6 3 5 6 9 2 2 — — — 4 — 13 10 26 15 20 2 1 — — — О самоубійствѣ, ст. 2021—2025 (улож. 1866 г. ст. 1472—1476.) — — — — — — — — — — — — 1 — — — — — — — — — — — — — 1 — — — — — — — — — О нанесеніи увѣчья, ранъ и другихъ поврежденій, ст. 2026—2047 (улож. 1866 г. ст. 1471—1496 и уст. о нак. ст. 129.)4 1 — — — — — 13 1 26 3 12 — 2 — — — — — — — 2 — 12 2 12 2 15 — 1* — 3 — О преступленіяхъ противъ чести и цѣломудрія женщинъ, ст. 2076—2085 (улож. 1866 г. ст. 1523—1532.) — — — — — — — — 1 — 5 — — — 4 — 2 — — — — — 1 — 3 — 5 — 3 — — — — — О личныхъ оскорбленіяхъ, ст. 2086—2094 (улож. 1860 г. ст. 1533 и 1534 и уст. о нак. ст. 130—135.) — 2 — — 1 — 2 — 6 1 4 — — — 2 — 1 1 — — — — — — 5 1 6 1 4 — 1 — — — О противузаконномъ задержаніи и заключеніи ст. 2103—2108 (улож. 1866 г. ст. 1540—1544 и уст. о нак. ст. 142.) — — — — — — — — — 2 — — — — — — — — — — — — — — — — — 2 — — — — — Отдѣленіе Х.Отдѣленіе Х. О преступленіяхъ противъ союза брачнаго, ст. 2118—2156 (улож. 1866 г. ст. 1549—1585.) — — 2 — — — — — — 1 1 — 1 — — — — — — — — — — — — 1 2 — — — — — — — — О преступленіи дѣтей противъ родителей, ст. 2162—2165 (улож. 1866 г. ст. 1591 и 1692 и уст. о нак. ст. 132 и 143.) 4 — — — — — — 2 1 6 — — — 3 — — 3 — — — — 8 3 3 1 — — — — — — — — Отдѣленіе ХI. Отдѣленіе ХI. О насильственномъ завладѣніи чужимъ недвижимымъ имуществомъ и о истребленіи граничныхъ межъ и знаков ст. 2173— 2184 (улож. 1866 г. ст. 1601—1605 и уст. о нак. ст. 142, 144, 145, 147—149, 152 и 155.) — — — — — — — — — 1 — 2 — 1 — — — — — — — — — — — 1 — 1 — 1 — — — 1 — О зажигательствѣ, ст. 2185—2195 (улож. 1866 г. ст. 1606—1615 и уст. о нак. ст. 98.) — — 6 — — — — — — 3 — 1 4 — — — — — 2 — — — — — — 1 2 3 3 1 — — — О разбоѣ, ст. 2208—2217 (улож. 1866 г. ст. 1627—636.) — — — 2 — — — — — — 4 1 12 1 3 — 4 — 8 — — — — — — — 14 2 16 — 1 — — — — — О грабежѣ, ст. 2218—2224 (улож. 1866 г. ст. 1637—1643.) — — — 8 — — — — — — 5 3 15 2 3 1 8 2 8 — — — — — 6 — 7 5 18 3 8 — — — — — О воровствѣ-кражѣ, ст. 2225—2251 (улож. 1866 г. ст. 1644—1664 и уст. о нак. ст. 169 и 170.) — — 11 — — — — — — 28 2 35 6 16 — 37 2 30 1 — — — — 15 3 25 5 56 3 36 — 6 — 8 — О воровствѣ-мошенничествѣ, ст. 2252—2267 (улож. 1866 г. ст. 1665—1676 и уст. о нак. ст. 173—175.) — — — — — — — — — 1 — — — — — — — — — — — — — 1 — — — — — — — — — О присвоеніи ввѣреннаго чужаго движимаго имущества, ст. 2272 (улож. 1866 г. ст. 1681, 1682 и уст. о наказ. ст. 177.)1 — — — — — — 2 — 2 1 — — 1 — — — — — — — — — 3 1 1 — 1 — — — — — О преступленіяхъ и проступкахъ по договорамъ и другимъ обязательствамъ, ст. 2278—2304 (улож. 1866 г. ст. 1688—1711 и уст. о нак. ст. 174 и 180.) — — — — — — — 4 — 6 — — — 3 — 2 — — — — — — — 8 — 4 — 2 — 1 — — — По происшествіямъ нечаяннымъ: по неосторожности и другимъ случаямъ, не отнесеннымъ къ вышеприведеннымъ родамъ и видамъ.— — — — — — — — — 1 — — — 1 — — — — — — — — — 1 — 1 — — — — — — — Итого — — 76 4 — 11 — 7 — 105 14 199 36 41 4 80 13 93 9 2 — 3 — 41 7 124 37 190 29 142 3 28 — 14 — Примѣчанiе:Примѣчанiе: Отъ 1869 г. оставалось арестантовъ: 3 м. 1 ж. об. пола 4. Въ 1870 г. поступило: 151 м. * пола 178. Въ 1870 г. выбыло: 143 м. 25 ж. об. пола 168. За тѣмъ къ 1871 г. осталось: 11 м. 3 ж. об. пола 14. * Столбец прошит Вѣрно: Гражданскiй Губернаторъ Лохвицкiй С в ѣрялъ исправляющій должность Секретаря Статистическаго Комитета Ловянъ
d206;1866 г.;;121 Родъ преступленiй Родъ преступленiй * ныхъ Въ томъ числѣВъ томъ числѣ Возрастъ преступниковъВозрастъ преступниковъ Дворянъ потомственныхъ Дворянъ личныхъ Почетныхъ гражданъ и купцовъ Мещанъ Крестьянъ Военнаго сословiя Инородцевъ Поселенцевъ Ссыльно-каторжныхъ Ниже 17— 17—20 21—30 31—40 41- 50 51-60 Свыше 60 ж. м. ж. м. ж. м. ж. м. ж. м. ж. м. ж. м. ж. м. ж. м. ж. м. ж. м. ж. м. ж. м. ж. м. м м. ж. м. ж. Отдѣленіе I.Отдѣленіе I. Объ отступленіи отъ вѣры и постановленій церкви, ст. 200—234 (Улож. 1866 г. ст. 184—209 и уст. о нак. ст. 38, 63, 64, 48 и 107.)2 — — — — — — — — 5 2 — — — — — — — — — — 2 1 2 1 1 — — — — — — — О святотатствѣ, ст. 253—269 (Улож. 1866 г. ст. 219—235 и уст. о нак. ст. 170 п. 1.) — — 2 — — — — — — 1 — 3 — — — 3 2 2 — — — — — — — 3 2 6 — — — — — — — По преступленіямъ, исчисленнымъ во II отдѣленіи, дѣлъ въ разсмотрѣніи не было. — — — — — — — — — — — — — — — — — — — — — — — — — — — — — — — — — — — Отдѣленіе III.Отдѣленіе III. О самовольномъ присвоеніи власти и составленіи подложныхъ указовъ и другихъ исходящихъ отъ Правительства бумагъ, ст. 329—341 (улож. 1866 г. ст. 289—301 и уст. о нак. ст. 34.) — — — — — — — — — — — — — — — — 1 — — — — — — — — — — — 1 — — — — — — — О похищеніи бумагъ или вещей изъ присутственныхъ мѣстъ и уничтоженіе постановленныхъ или приложенныхъ по распоряженію правительства знаковъ, ст. 343—347 (улож. 1866 г. ст. 303—307 и уст. о нак. ст. 32.) — — — — — — — — — — — — — — — — — 1 — — — — — — — 1 — — — — — — — — — О взломѣ тюрьмъ, уводѣ и побѣгѣ находящихся подъ стражею или надзоромъ, ст. 348—359 (улож. 1866 ст. 308—317 и уст. о нак. ст. 63.) — — — — — — — — — — — — — 2 — — — — — 2 — — — — — — — 1 — 3 — — — — — — — Отдѣленіе IV.Отдѣленіе IV. О преступленіяхъ и проступкахъ по службѣ Государственной и общественной, ст. 371—549, 782—795, 959—975, 1022—1031, 1068—1072, 1361—1364, 1396—1406, 1410—1414 и 1429 (улож 1866 г. ст. 329—504, 533—539, 707—714, 805—821, 822—830, 854, 855, 1004—1007, 1058—1065, 1068—1072 и уст. о нак. ст. 65, 66, 102, 154—168.) — — — 3 — 10 — 5 — 8 — 12 — — — — — — — — — — — — — — — 12 — 25 — 1 — — — Отдѣленіе V.Отдѣленіе V. О преступленіяхъ и проступкахъ противъ постановленій о повинностяхъ земскихъ ст. 593—598 (улож. 1866 г. ст. 540—545.)— — — — — — — — — 1 — — — — — — — — — — — — — — — 1 — — — — — — — Отдѣленіе VI.Отдѣленіе VI. О нарушеніи уставовъ монетныхъ, ст. 608—630 (улож. 1866 г. ст. 556—578.) — — 4 — — — — — — 6 — 18 3 — — — 1 1 — — — — — — — 8 2 5 2 12 — — — — — О нарушеніи постановленій по питейному сбору и акцизу, ст. 718—795 (улож. 1866 г. ст. 665—717.) — — — — — — — — 3 — 1 — — — — — 2 — — — — — — — 4 — 2 — — — — — — — Отдѣленіе VII.Отдѣленіе VII. О преступленіяхъ и проступкахъ противъ постановленій ограждающихъ народное здравіе, ст. 1044—115* (улож. 1866 г. ст. 831—900 и уст. о нак. ст. 55, 56, 102, 104—109, 112—16 и 173.) — — — 1 — — — — — — — — — 1 — — — — — — — — — — — — — 1 — — — — — — — — О возбужденіи къ начатію или продолженію противузаконныхъ исковъ и тяжбъ о лживыхъ доносахъ, лжесвидѣтельствѣ и ложныхъ показаніяхъ на повальныхъ обыскахъ, ст. 1205—1212 (улож. 1866 г. ст. 939—946.) — — — — — — — — — — — 1 — — — — — — — — — — — — — — — 1 — — — — — — — О бродяжествѣ, укрывательствѣ бѣглыхъ и нарушеніи постановленій о паспортахъ, ст. 1216—1272 (улож. 1866 г. ст. 950—983 и уст. о нак. ст. 29, 58, 60, 61, 62 и 77.) — — — — — — — — — — — — 4 — — — 6 — 21 — — — — — — — 5 — 8 — 8 — 8 — 2 — О противузаконномъ выдѣлываніи и храненіи оружія или пороха и нарушеніи другихъ правилъ осторожности, ст. 1295— 1328 (улож. 1866 г. ст. 986—989 и уст. о нак. ст. 29, 32, 117—126, 129 и 987.) — — — — — — — — — — — 6 — — — — — 1 — — — 3 — 3 — 1 — — — — — — — — — О преступленіяхъ противъ общественной нравственности, ст. 1336—1360 (улож. 1866 г. ст. 993—1003 уст. о нак. ст. 42— 45.)— — — — — — — — — — — — — — — 1 — — — — — — — — — 1 — — — — — — — О нарушеніи правилъ осторожности отъ пожаровъ, ст. 1429—1473 (улож. 1866 г. ст. 1076 и 1077 уст. о нак. ст. 29, 66, 88, 89, 80, 91, 93—98 и 117.) — — — — — — — — — — — — — 2 — — — — — 2 — — — — — — — — — 3 — 1 — — — — — По преступленіямъ, исчисленнымъ въ VIII отдѣленіи, дѣлъ въ разсмотрѣніи не было. — — — — — — — — — — — — — — — — — — — — — — — — — — — — — — — — — — — Отдѣленіе IХ.Отдѣленіе IХ. О смертоубійствѣ, ст. 1998—2020 (улож. 1866 г. ст. 1449—1471.) — — — 27 — — — — — — 17 4 25 12 6 3 5 6 9 2 2 — — — 4 — 13 10 26 15 20 2 1 — — — О самоубійствѣ, ст. 2021—2025 (улож. 1866 г. ст. 1472—1476.) — — — — — — — — — — — — 1 — — — — — — — — — — — — — 1 — — — — — — — — — О нанесеніи увѣчья, ранъ и другихъ поврежденій, ст. 2026—2047 (улож. 1866 г. ст. 1471—1496 и уст. о нак. ст. 129.)4 1 — — — — — 13 1 26 3 12 — 2 — — — — — — — 2 — 12 2 12 2 15 — 1* — 3 — О преступленіяхъ противъ чести и цѣломудрія женщинъ, ст. 2076—2085 (улож. 1866 г. ст. 1523—1532.) — — — — — — — — 1 — 5 — — — 4 — 2 — — — — — 1 — 3 — 5 — 3 — — — — — О личныхъ оскорбленіяхъ, ст. 2086—2094 (улож. 1860 г. ст. 1533 и 1534 и уст. о нак. ст. 130—135.) — 2 — — 1 — 2 — 6 1 4 — — — 2 — 1 1 — — — — — — 5 1 6 1 4 — 1 — — — О противузаконномъ задержаніи и заключеніи ст. 2103—2108 (улож. 1866 г. ст. 1540—1544 и уст. о нак. ст. 142.) — — — — — — — — — 2 — — — — — — — — — — — — — — — — — 2 — — — — — Отдѣленіе Х.Отдѣленіе Х. О преступленіяхъ противъ союза брачнаго, ст. 2118—2156 (улож. 1866 г. ст. 1549—1585.) — — 2 — — — — — — 1 1 — 1 — — — — — — — — — — — — 1 2 — — — — — — — — О преступленіи дѣтей противъ родителей, ст. 2162—2165 (улож. 1866 г. ст. 1591 и 1692 и уст. о нак. ст. 132 и 143.) 4 — — — — — — 2 1 6 — — — 3 — — 3 — — — — 8 3 3 1 — — — — — — — — Отдѣленіе ХI. Отдѣленіе ХI. О насильственномъ завладѣніи чужимъ недвижимымъ имуществомъ и о истребленіи граничныхъ межъ и знаков ст. 2173— 2184 (улож. 1866 г. ст. 1601—1605 и уст. о нак. ст. 142, 144, 145, 147—149, 152 и 155.) — — — — — — — — — 1 — 2 — 1 — — — — — — — — — — — 1 — 1 — 1 — — — 1 — О зажигательствѣ, ст. 2185—2195 (улож. 1866 г. ст. 1606—1615 и уст. о нак. ст. 98.) — — 6 — — — — — — 3 — 1 4 — — — — — 2 — — — — — — 1 2 3 3 1 — — — О разбоѣ, ст. 2208—2217 (улож. 1866 г. ст. 1627—636.) — — — 2 — — — — — — 4 1 12 1 3 — 4 — 8 — — — — — — — 14 2 16 — 1 — — — — — О грабежѣ, ст. 2218—2224 (улож. 1866 г. ст. 1637—1643.) — — — 8 — — — — — — 5 3 15 2 3 1 8 2 8 — — — — — 6 — 7 5 18 3 8 — — — — — О воровствѣ-кражѣ, ст. 2225—2251 (улож. 1866 г. ст. 1644—1664 и уст. о нак. ст. 169 и 170.) — — 11 — — — — — — 28 2 35 6 16 — 37 2 30 1 — — — — 15 3 25 5 56 3 36 — 6 — 8 — О воровствѣ-мошенничествѣ, ст. 2252—2267 (улож. 1866 г. ст. 1665—1676 и уст. о нак. ст. 173—175.) — — — — — — — — — 1 — — — — — — — — — — — — — 1 — — — — — — — — — О присвоеніи ввѣреннаго чужаго движимаго имущества, ст. 2272 (улож. 1866 г. ст. 1681, 1682 и уст. о наказ. ст. 177.)1 — — — — — — 2 — 2 1 — — 1 — — — — — — — — — 3 1 1 — 1 — — — — — О преступленіяхъ и проступкахъ по договорамъ и другимъ обязательствамъ, ст. 2278—2304 (улож. 1866 г. ст. 1688—1711 и уст. о нак. ст. 174 и 180.) — — — — — — — 4 — 6 — — — 3 — 2 — — — — — — — 8 — 4 — 2 — 1 — — — По происшествіямъ нечаяннымъ: по неосторожности и другимъ случаямъ, не отнесеннымъ къ вышеприведеннымъ родамъ и видамъ.— — — — — — — — — 1 — — — 1 — — — — — — — — — 1 — 1 — — — — — — — Итого — — 76 4 — 11 — 7 — 105 14 199 36 41 4 80 13 93 9 2 — 3 — 41 7 124 37 190 29 142 3 28 — 14 — Примѣчанiе:Примѣчанiе: Отъ 1869 г. оставалось арестантовъ: 3 м. 1 ж. об. пола 4. Въ 1870 г. поступило: 151 м. * пола 178. Въ 1870 г. выбыло: 143 м. 25 ж. об. пола 168. За тѣмъ къ 1871 г. осталось: 11 м. 3 ж. об. пола 14. * Столбец прошит Вѣрно: Гражданскiй Губернаторъ Лохвицкiй С в ѣрялъ исправляющій должность Секретаря Статистическаго Комитета Ловянъ
d207;1869 г.;;121 Родъ преступленiй Родъ преступленiй * ныхъ Въ томъ числѣВъ томъ числѣ Возрастъ преступниковъВозрастъ преступниковъ Дворянъ потомственныхъ Дворянъ личныхъ Почетныхъ гражданъ и купцовъ Мещанъ Крестьянъ Военнаго сословiя Инородцевъ Поселенцевъ Ссыльно-каторжныхъ Ниже 17— 17—20 21—30 31—40 41- 50 51-60 Свыше 60 ж. м. ж. м. ж. м. ж. м. ж. м. ж. м. ж. м. ж. м. ж. м. ж. м. ж. м. ж. м. ж. м. ж. м. м м. ж. м. ж. Отдѣленіе I.Отдѣленіе I. Объ отступленіи отъ вѣры и постановленій церкви, ст. 200—234 (Улож. 1866 г. ст. 184—209 и уст. о нак. ст. 38, 63, 64, 48 и 107.)2 — — — — — — — — 5 2 — — — — — — — — — — 2 1 2 1 1 — — — — — — — О святотатствѣ, ст. 253—269 (Улож. 1866 г. ст. 219—235 и уст. о нак. ст. 170 п. 1.) — — 2 — — — — — — 1 — 3 — — — 3 2 2 — — — — — — — 3 2 6 — — — — — — — По преступленіямъ, исчисленнымъ во II отдѣленіи, дѣлъ въ разсмотрѣніи не было. — — — — — — — — — — — — — — — — — — — — — — — — — — — — — — — — — — — Отдѣленіе III.Отдѣленіе III. О самовольномъ присвоеніи власти и составленіи подложныхъ указовъ и другихъ исходящихъ отъ Правительства бумагъ, ст. 329—341 (улож. 1866 г. ст. 289—301 и уст. о нак. ст. 34.) — — — — — — — — — — — — — — — — 1 — — — — — — — — — — — 1 — — — — — — — О похищеніи бумагъ или вещей изъ присутственныхъ мѣстъ и уничтоженіе постановленныхъ или приложенныхъ по распоряженію правительства знаковъ, ст. 343—347 (улож. 1866 г. ст. 303—307 и уст. о нак. ст. 32.) — — — — — — — — — — — — — — — — — 1 — — — — — — — 1 — — — — — — — — — О взломѣ тюрьмъ, уводѣ и побѣгѣ находящихся подъ стражею или надзоромъ, ст. 348—359 (улож. 1866 ст. 308—317 и уст. о нак. ст. 63.) — — — — — — — — — — — — — 2 — — — — — 2 — — — — — — — 1 — 3 — — — — — — — Отдѣленіе IV.Отдѣленіе IV. О преступленіяхъ и проступкахъ по службѣ Государственной и общественной, ст. 371—549, 782—795, 959—975, 1022—1031, 1068—1072, 1361—1364, 1396—1406, 1410—1414 и 1429 (улож 1866 г. ст. 329—504, 533—539, 707—714, 805—821, 822—830, 854, 855, 1004—1007, 1058—1065, 1068—1072 и уст. о нак. ст. 65, 66, 102, 154—168.) — — — 3 — 10 — 5 — 8 — 12 — — — — — — — — — — — — — — — 12 — 25 — 1 — — — Отдѣленіе V.Отдѣленіе V. О преступленіяхъ и проступкахъ противъ постановленій о повинностяхъ земскихъ ст. 593—598 (улож. 1866 г. ст. 540—545.)— — — — — — — — — 1 — — — — — — — — — — — — — — — 1 — — — — — — — Отдѣленіе VI.Отдѣленіе VI. О нарушеніи уставовъ монетныхъ, ст. 608—630 (улож. 1866 г. ст. 556—578.) — — 4 — — — — — — 6 — 18 3 — — — 1 1 — — — — — — — 8 2 5 2 12 — — — — — О нарушеніи постановленій по питейному сбору и акцизу, ст. 718—795 (улож. 1866 г. ст. 665—717.) — — — — — — — — 3 — 1 — — — — — 2 — — — — — — — 4 — 2 — — — — — — — Отдѣленіе VII.Отдѣленіе VII. О преступленіяхъ и проступкахъ противъ постановленій ограждающихъ народное здравіе, ст. 1044—115* (улож. 1866 г. ст. 831—900 и уст. о нак. ст. 55, 56, 102, 104—109, 112—16 и 173.) — — — 1 — — — — — — — — — 1 — — — — — — — — — — — — — 1 — — — — — — — — О возбужденіи къ начатію или продолженію противузаконныхъ исковъ и тяжбъ о лживыхъ доносахъ, лжесвидѣтельствѣ и ложныхъ показаніяхъ на повальныхъ обыскахъ, ст. 1205—1212 (улож. 1866 г. ст. 939—946.) — — — — — — — — — — — 1 — — — — — — — — — — — — — — — 1 — — — — — — — О бродяжествѣ, укрывательствѣ бѣглыхъ и нарушеніи постановленій о паспортахъ, ст. 1216—1272 (улож. 1866 г. ст. 950—983 и уст. о нак. ст. 29, 58, 60, 61, 62 и 77.) — — — — — — — — — — — — 4 — — — 6 — 21 — — — — — — — 5 — 8 — 8 — 8 — 2 — О противузаконномъ выдѣлываніи и храненіи оружія или пороха и нарушеніи другихъ правилъ осторожности, ст. 1295— 1328 (улож. 1866 г. ст. 986—989 и уст. о нак. ст. 29, 32, 117—126, 129 и 987.) — — — — — — — — — — — 6 — — — — — 1 — — — 3 — 3 — 1 — — — — — — — — — О преступленіяхъ противъ общественной нравственности, ст. 1336—1360 (улож. 1866 г. ст. 993—1003 уст. о нак. ст. 42— 45.)— — — — — — — — — — — — — — — 1 — — — — — — — — — 1 — — — — — — — О нарушеніи правилъ осторожности отъ пожаровъ, ст. 1429—1473 (улож. 1866 г. ст. 1076 и 1077 уст. о нак. ст. 29, 66, 88, 89, 80, 91, 93—98 и 117.) — — — — — — — — — — — — — 2 — — — — — 2 — — — — — — — — — 3 — 1 — — — — — По преступленіямъ, исчисленнымъ въ VIII отдѣленіи, дѣлъ въ разсмотрѣніи не было. — — — — — — — — — — — — — — — — — — — — — — — — — — — — — — — — — — — Отдѣленіе IХ.Отдѣленіе IХ. О смертоубійствѣ, ст. 1998—2020 (улож. 1866 г. ст. 1449—1471.) — — — 27 — — — — — — 17 4 25 12 6 3 5 6 9 2 2 — — — 4 — 13 10 26 15 20 2 1 — — — О самоубійствѣ, ст. 2021—2025 (улож. 1866 г. ст. 1472—1476.) — — — — — — — — — — — — 1 — — — — — — — — — — — — — 1 — — — — — — — — — О нанесеніи увѣчья, ранъ и другихъ поврежденій, ст. 2026—2047 (улож. 1866 г. ст. 1471—1496 и уст. о нак. ст. 129.)4 1 — — — — — 13 1 26 3 12 — 2 — — — — — — — 2 — 12 2 12 2 15 — 1* — 3 — О преступленіяхъ противъ чести и цѣломудрія женщинъ, ст. 2076—2085 (улож. 1866 г. ст. 1523—1532.) — — — — — — — — 1 — 5 — — — 4 — 2 — — — — — 1 — 3 — 5 — 3 — — — — — О личныхъ оскорбленіяхъ, ст. 2086—2094 (улож. 1860 г. ст. 1533 и 1534 и уст. о нак. ст. 130—135.) — 2 — — 1 — 2 — 6 1 4 — — — 2 — 1 1 — — — — — — 5 1 6 1 4 — 1 — — — О противузаконномъ задержаніи и заключеніи ст. 2103—2108 (улож. 1866 г. ст. 1540—1544 и уст. о нак. ст. 142.) — — — — — — — — — 2 — — — — — — — — — — — — — — — — — 2 — — — — — Отдѣленіе Х.Отдѣленіе Х. О преступленіяхъ противъ союза брачнаго, ст. 2118—2156 (улож. 1866 г. ст. 1549—1585.) — — 2 — — — — — — 1 1 — 1 — — — — — — — — — — — — 1 2 — — — — — — — — О преступленіи дѣтей противъ родителей, ст. 2162—2165 (улож. 1866 г. ст. 1591 и 1692 и уст. о нак. ст. 132 и 143.) 4 — — — — — — 2 1 6 — — — 3 — — 3 — — — — 8 3 3 1 — — — — — — — — Отдѣленіе ХI. Отдѣленіе ХI. О насильственномъ завладѣніи чужимъ недвижимымъ имуществомъ и о истребленіи граничныхъ межъ и знаков ст. 2173— 2184 (улож. 1866 г. ст. 1601—1605 и уст. о нак. ст. 142, 144, 145, 147—149, 152 и 155.) — — — — — — — — — 1 — 2 — 1 — — — — — — — — — — — 1 — 1 — 1 — — — 1 — О зажигательствѣ, ст. 2185—2195 (улож. 1866 г. ст. 1606—1615 и уст. о нак. ст. 98.) — — 6 — — — — — — 3 — 1 4 — — — — — 2 — — — — — — 1 2 3 3 1 — — — О разбоѣ, ст. 2208—2217 (улож. 1866 г. ст. 1627—636.) — — — 2 — — — — — — 4 1 12 1 3 — 4 — 8 — — — — — — — 14 2 16 — 1 — — — — — О грабежѣ, ст. 2218—2224 (улож. 1866 г. ст. 1637—1643.) — — — 8 — — — — — — 5 3 15 2 3 1 8 2 8 — — — — — 6 — 7 5 18 3 8 — — — — — О воровствѣ-кражѣ, ст. 2225—2251 (улож. 1866 г. ст. 1644—1664 и уст. о нак. ст. 169 и 170.) — — 11 — — — — — — 28 2 35 6 16 — 37 2 30 1 — — — — 15 3 25 5 56 3 36 — 6 — 8 — О воровствѣ-мошенничествѣ, ст. 2252—2267 (улож. 1866 г. ст. 1665—1676 и уст. о нак. ст. 173—175.) — — — — — — — — — 1 — — — — — — — — — — — — — 1 — — — — — — — — — О присвоеніи ввѣреннаго чужаго движимаго имущества, ст. 2272 (улож. 1866 г. ст. 1681, 1682 и уст. о наказ. ст. 177.)1 — — — — — — 2 — 2 1 — — 1 — — — — — — — — — 3 1 1 — 1 — — — — — О преступленіяхъ и проступкахъ по договорамъ и другимъ обязательствамъ, ст. 2278—2304 (улож. 1866 г. ст. 1688—1711 и уст. о нак. ст. 174 и 180.) — — — — — — — 4 — 6 — — — 3 — 2 — — — — — — — 8 — 4 — 2 — 1 — — — По происшествіямъ нечаяннымъ: по неосторожности и другимъ случаямъ, не отнесеннымъ къ вышеприведеннымъ родамъ и видамъ.— — — — — — — — — 1 — — — 1 — — — — — — — — — 1 — 1 — — — — — — — Итого — — 76 4 — 11 — 7 — 105 14 199 36 41 4 80 13 93 9 2 — 3 — 41 7 124 37 190 29 142 3 28 — 14 — Примѣчанiе:Примѣчанiе: Отъ 1869 г. оставалось арестантовъ: 3 м. 1 ж. об. пола 4. Въ 1870 г. поступило: 151 м. * пола 178. Въ 1870 г. выбыло: 143 м. 25 ж. об. пола 168. За тѣмъ къ 1871 г. осталось: 11 м. 3 ж. об. пола 14. * Столбец прошит Вѣрно: Гражданскiй Губернаторъ Лохвицкiй С в ѣрялъ исправляющій должность Секретаря Статистическаго Комитета Ловянъ
d208;1870 г.;;121 Родъ преступленiй Родъ преступленiй * ныхъ Въ томъ числѣВъ томъ числѣ Возрастъ преступниковъВозрастъ преступниковъ Дворянъ потомственныхъ Дворянъ личныхъ Почетныхъ гражданъ и купцовъ Мещанъ Крестьянъ Военнаго сословiя Инородцевъ Поселенцевъ Ссыльно-каторжныхъ Ниже 17— 17—20 21—30 31—40 41- 50 51-60 Свыше 60 ж. м. ж. м. ж. м. ж. м. ж. м. ж. м. ж. м. ж. м. ж. м. ж. м. ж. м. ж. м. ж. м. ж. м. м м. ж. м. ж. Отдѣленіе I.Отдѣленіе I. Объ отступленіи отъ вѣры и постановленій церкви, ст. 200—234 (Улож. 1866 г. ст. 184—209 и уст. о нак. ст. 38, 63, 64, 48 и 107.)2 — — — — — — — — 5 2 — — — — — — — — — — 2 1 2 1 1 — — — — — — — О святотатствѣ, ст. 253—269 (Улож. 1866 г. ст. 219—235 и уст. о нак. ст. 170 п. 1.) — — 2 — — — — — — 1 — 3 — — — 3 2 2 — — — — — — — 3 2 6 — — — — — — — По преступленіямъ, исчисленнымъ во II отдѣленіи, дѣлъ въ разсмотрѣніи не было. — — — — — — — — — — — — — — — — — — — — — — — — — — — — — — — — — — — Отдѣленіе III.Отдѣленіе III. О самовольномъ присвоеніи власти и составленіи подложныхъ указовъ и другихъ исходящихъ отъ Правительства бумагъ, ст. 329—341 (улож. 1866 г. ст. 289—301 и уст. о нак. ст. 34.) — — — — — — — — — — — — — — — — 1 — — — — — — — — — — — 1 — — — — — — — О похищеніи бумагъ или вещей изъ присутственныхъ мѣстъ и уничтоженіе постановленныхъ или приложенныхъ по распоряженію правительства знаковъ, ст. 343—347 (улож. 1866 г. ст. 303—307 и уст. о нак. ст. 32.) — — — — — — — — — — — — — — — — — 1 — — — — — — — 1 — — — — — — — — — О взломѣ тюрьмъ, уводѣ и побѣгѣ находящихся подъ стражею или надзоромъ, ст. 348—359 (улож. 1866 ст. 308—317 и уст. о нак. ст. 63.) — — — — — — — — — — — — — 2 — — — — — 2 — — — — — — — 1 — 3 — — — — — — — Отдѣленіе IV.Отдѣленіе IV. О преступленіяхъ и проступкахъ по службѣ Государственной и общественной, ст. 371—549, 782—795, 959—975, 1022—1031, 1068—1072, 1361—1364, 1396—1406, 1410—1414 и 1429 (улож 1866 г. ст. 329—504, 533—539, 707—714, 805—821, 822—830, 854, 855, 1004—1007, 1058—1065, 1068—1072 и уст. о нак. ст. 65, 66, 102, 154—168.) — — — 3 — 10 — 5 — 8 — 12 — — — — — — — — — — — — — — — 12 — 25 — 1 — — — Отдѣленіе V.Отдѣленіе V. О преступленіяхъ и проступкахъ противъ постановленій о повинностяхъ земскихъ ст. 593—598 (улож. 1866 г. ст. 540—545.)— — — — — — — — — 1 — — — — — — — — — — — — — — — 1 — — — — — — — Отдѣленіе VI.Отдѣленіе VI. О нарушеніи уставовъ монетныхъ, ст. 608—630 (улож. 1866 г. ст. 556—578.) — — 4 — — — — — — 6 — 18 3 — — — 1 1 — — — — — — — 8 2 5 2 12 — — — — — О нарушеніи постановленій по питейному сбору и акцизу, ст. 718—795 (улож. 1866 г. ст. 665—717.) — — — — — — — — 3 — 1 — — — — — 2 — — — — — — — 4 — 2 — — — — — — — Отдѣленіе VII.Отдѣленіе VII. О преступленіяхъ и проступкахъ противъ постановленій ограждающихъ народное здравіе, ст. 1044—115* (улож. 1866 г. ст. 831—900 и уст. о нак. ст. 55, 56, 102, 104—109, 112—16 и 173.) — — — 1 — — — — — — — — — 1 — — — — — — — — — — — — — 1 — — — — — — — — О возбужденіи къ начатію или продолженію противузаконныхъ исковъ и тяжбъ о лживыхъ доносахъ, лжесвидѣтельствѣ и ложныхъ показаніяхъ на повальныхъ обыскахъ, ст. 1205—1212 (улож. 1866 г. ст. 939—946.) — — — — — — — — — — — 1 — — — — — — — — — — — — — — — 1 — — — — — — — О бродяжествѣ, укрывательствѣ бѣглыхъ и нарушеніи постановленій о паспортахъ, ст. 1216—1272 (улож. 1866 г. ст. 950—983 и уст. о нак. ст. 29, 58, 60, 61, 62 и 77.) — — — — — — — — — — — — 4 — — — 6 — 21 — — — — — — — 5 — 8 — 8 — 8 — 2 — О противузаконномъ выдѣлываніи и храненіи оружія или пороха и нарушеніи другихъ правилъ осторожности, ст. 1295— 1328 (улож. 1866 г. ст. 986—989 и уст. о нак. ст. 29, 32, 117—126, 129 и 987.) — — — — — — — — — — — 6 — — — — — 1 — — — 3 — 3 — 1 — — — — — — — — — О преступленіяхъ противъ общественной нравственности, ст. 1336—1360 (улож. 1866 г. ст. 993—1003 уст. о нак. ст. 42— 45.)— — — — — — — — — — — — — — — 1 — — — — — — — — — 1 — — — — — — — О нарушеніи правилъ осторожности отъ пожаровъ, ст. 1429—1473 (улож. 1866 г. ст. 1076 и 1077 уст. о нак. ст. 29, 66, 88, 89, 80, 91, 93—98 и 117.) — — — — — — — — — — — — — 2 — — — — — 2 — — — — — — — — — 3 — 1 — — — — — По преступленіямъ, исчисленнымъ въ VIII отдѣленіи, дѣлъ въ разсмотрѣніи не было. — — — — — — — — — — — — — — — — — — — — — — — — — — — — — — — — — — — Отдѣленіе IХ.Отдѣленіе IХ. О смертоубійствѣ, ст. 1998—2020 (улож. 1866 г. ст. 1449—1471.) — — — 27 — — — — — — 17 4 25 12 6 3 5 6 9 2 2 — — — 4 — 13 10 26 15 20 2 1 — — — О самоубійствѣ, ст. 2021—2025 (улож. 1866 г. ст. 1472—1476.) — — — — — — — — — — — — 1 — — — — — — — — — — — — — 1 — — — — — — — — — О нанесеніи увѣчья, ранъ и другихъ поврежденій, ст. 2026—2047 (улож. 1866 г. ст. 1471—1496 и уст. о нак. ст. 129.)4 1 — — — — — 13 1 26 3 12 — 2 — — — — — — — 2 — 12 2 12 2 15 — 1* — 3 — О преступленіяхъ противъ чести и цѣломудрія женщинъ, ст. 2076—2085 (улож. 1866 г. ст. 1523—1532.) — — — — — — — — 1 — 5 — — — 4 — 2 — — — — — 1 — 3 — 5 — 3 — — — — — О личныхъ оскорбленіяхъ, ст. 2086—2094 (улож. 1860 г. ст. 1533 и 1534 и уст. о нак. ст. 130—135.) — 2 — — 1 — 2 — 6 1 4 — — — 2 — 1 1 — — — — — — 5 1 6 1 4 — 1 — — — О противузаконномъ задержаніи и заключеніи ст. 2103—2108 (улож. 1866 г. ст. 1540—1544 и уст. о нак. ст. 142.) — — — — — — — — — 2 — — — — — — — — — — — — — — — — — 2 — — — — — Отдѣленіе Х.Отдѣленіе Х. О преступленіяхъ противъ союза брачнаго, ст. 2118—2156 (улож. 1866 г. ст. 1549—1585.) — — 2 — — — — — — 1 1 — 1 — — — — — — — — — — — — 1 2 — — — — — — — — О преступленіи дѣтей противъ родителей, ст. 2162—2165 (улож. 1866 г. ст. 1591 и 1692 и уст. о нак. ст. 132 и 143.) 4 — — — — — — 2 1 6 — — — 3 — — 3 — — — — 8 3 3 1 — — — — — — — — Отдѣленіе ХI. Отдѣленіе ХI. О насильственномъ завладѣніи чужимъ недвижимымъ имуществомъ и о истребленіи граничныхъ межъ и знаков ст. 2173— 2184 (улож. 1866 г. ст. 1601—1605 и уст. о нак. ст. 142, 144, 145, 147—149, 152 и 155.) — — — — — — — — — 1 — 2 — 1 — — — — — — — — — — — 1 — 1 — 1 — — — 1 — О зажигательствѣ, ст. 2185—2195 (улож. 1866 г. ст. 1606—1615 и уст. о нак. ст. 98.) — — 6 — — — — — — 3 — 1 4 — — — — — 2 — — — — — — 1 2 3 3 1 — — — О разбоѣ, ст. 2208—2217 (улож. 1866 г. ст. 1627—636.) — — — 2 — — — — — — 4 1 12 1 3 — 4 — 8 — — — — — — — 14 2 16 — 1 — — — — — О грабежѣ, ст. 2218—2224 (улож. 1866 г. ст. 1637—1643.) — — — 8 — — — — — — 5 3 15 2 3 1 8 2 8 — — — — — 6 — 7 5 18 3 8 — — — — — О воровствѣ-кражѣ, ст. 2225—2251 (улож. 1866 г. ст. 1644—1664 и уст. о нак. ст. 169 и 170.) — — 11 — — — — — — 28 2 35 6 16 — 37 2 30 1 — — — — 15 3 25 5 56 3 36 — 6 — 8 — О воровствѣ-мошенничествѣ, ст. 2252—2267 (улож. 1866 г. ст. 1665—1676 и уст. о нак. ст. 173—175.) — — — — — — — — — 1 — — — — — — — — — — — — — 1 — — — — — — — — — О присвоеніи ввѣреннаго чужаго движимаго имущества, ст. 2272 (улож. 1866 г. ст. 1681, 1682 и уст. о наказ. ст. 177.)1 — — — — — — 2 — 2 1 — — 1 — — — — — — — — — 3 1 1 — 1 — — — — — О преступленіяхъ и проступкахъ по договорамъ и другимъ обязательствамъ, ст. 2278—2304 (улож. 1866 г. ст. 1688—1711 и уст. о нак. ст. 174 и 180.) — — — — — — — 4 — 6 — — — 3 — 2 — — — — — — — 8 — 4 — 2 — 1 — — — По происшествіямъ нечаяннымъ: по неосторожности и другимъ случаямъ, не отнесеннымъ къ вышеприведеннымъ родамъ и видамъ.— — — — — — — — — 1 — — — 1 — — — — — — — — — 1 — 1 — — — — — — — Итого — — 76 4 — 11 — 7 — 105 14 199 36 41 4 80 13 93 9 2 — 3 — 41 7 124 37 190 29 142 3 28 — 14 — Примѣчанiе:Примѣчанiе: Отъ 1869 г. оставалось арестантовъ: 3 м. 1 ж. об. пола 4. Въ 1870 г. поступило: 151 м. * пола 178. Въ 1870 г. выбыло: 143 м. 25 ж. об. пола 168. За тѣмъ къ 1871 г. осталось: 11 м. 3 ж. об. пола 14. * Столбец прошит Вѣрно: Гражданскiй Губернаторъ Лохвицкiй С в ѣрялъ исправляющій должность Секретаря Статистическаго Комитета Ловянъ
d209;1870 г.;;121 Родъ преступленiй Родъ преступленiй * ныхъ Въ томъ числѣВъ томъ числѣ Возрастъ преступниковъВозрастъ преступниковъ Дворянъ потомственныхъ Дворянъ личныхъ Почетныхъ гражданъ и купцовъ Мещанъ Крестьянъ Военнаго сословiя Инородцевъ Поселенцевъ Ссыльно-каторжныхъ Ниже 17— 17—20 21—30 31—40 41- 50 51-60 Свыше 60 ж. м. ж. м. ж. м. ж. м. ж. м. ж. м. ж. м. ж. м. ж. м. ж. м. ж. м. ж. м. ж. м. ж. м. м м. ж. м. ж. Отдѣленіе I.Отдѣленіе I. Объ отступленіи отъ вѣры и постановленій церкви, ст. 200—234 (Улож. 1866 г. ст. 184—209 и уст. о нак. ст. 38, 63, 64, 48 и 107.)2 — — — — — — — — 5 2 — — — — — — — — — — 2 1 2 1 1 — — — — — — — О святотатствѣ, ст. 253—269 (Улож. 1866 г. ст. 219—235 и уст. о нак. ст. 170 п. 1.) — — 2 — — — — — — 1 — 3 — — — 3 2 2 — — — — — — — 3 2 6 — — — — — — — По преступленіямъ, исчисленнымъ во II отдѣленіи, дѣлъ въ разсмотрѣніи не было. — — — — — — — — — — — — — — — — — — — — — — — — — — — — — — — — — — — Отдѣленіе III.Отдѣленіе III. О самовольномъ присвоеніи власти и составленіи подложныхъ указовъ и другихъ исходящихъ отъ Правительства бумагъ, ст. 329—341 (улож. 1866 г. ст. 289—301 и уст. о нак. ст. 34.) — — — — — — — — — — — — — — — — 1 — — — — — — — — — — — 1 — — — — — — — О похищеніи бумагъ или вещей изъ присутственныхъ мѣстъ и уничтоженіе постановленныхъ или приложенныхъ по распоряженію правительства знаковъ, ст. 343—347 (улож. 1866 г. ст. 303—307 и уст. о нак. ст. 32.) — — — — — — — — — — — — — — — — — 1 — — — — — — — 1 — — — — — — — — — О взломѣ тюрьмъ, уводѣ и побѣгѣ находящихся подъ стражею или надзоромъ, ст. 348—359 (улож. 1866 ст. 308—317 и уст. о нак. ст. 63.) — — — — — — — — — — — — — 2 — — — — — 2 — — — — — — — 1 — 3 — — — — — — — Отдѣленіе IV.Отдѣленіе IV. О преступленіяхъ и проступкахъ по службѣ Государственной и общественной, ст. 371—549, 782—795, 959—975, 1022—1031, 1068—1072, 1361—1364, 1396—1406, 1410—1414 и 1429 (улож 1866 г. ст. 329—504, 533—539, 707—714, 805—821, 822—830, 854, 855, 1004—1007, 1058—1065, 1068—1072 и уст. о нак. ст. 65, 66, 102, 154—168.) — — — 3 — 10 — 5 — 8 — 12 — — — — — — — — — — — — — — — 12 — 25 — 1 — — — Отдѣленіе V.Отдѣленіе V. О преступленіяхъ и проступкахъ противъ постановленій о повинностяхъ земскихъ ст. 593—598 (улож. 1866 г. ст. 540—545.)— — — — — — — — — 1 — — — — — — — — — — — — — — — 1 — — — — — — — Отдѣленіе VI.Отдѣленіе VI. О нарушеніи уставовъ монетныхъ, ст. 608—630 (улож. 1866 г. ст. 556—578.) — — 4 — — — — — — 6 — 18 3 — — — 1 1 — — — — — — — 8 2 5 2 12 — — — — — О нарушеніи постановленій по питейному сбору и акцизу, ст. 718—795 (улож. 1866 г. ст. 665—717.) — — — — — — — — 3 — 1 — — — — — 2 — — — — — — — 4 — 2 — — — — — — — Отдѣленіе VII.Отдѣленіе VII. О преступленіяхъ и проступкахъ противъ постановленій ограждающихъ народное здравіе, ст. 1044—115* (улож. 1866 г. ст. 831—900 и уст. о нак. ст. 55, 56, 102, 104—109, 112—16 и 173.) — — — 1 — — — — — — — — — 1 — — — — — — — — — — — — — 1 — — — — — — — — О возбужденіи къ начатію или продолженію противузаконныхъ исковъ и тяжбъ о лживыхъ доносахъ, лжесвидѣтельствѣ и ложныхъ показаніяхъ на повальныхъ обыскахъ, ст. 1205—1212 (улож. 1866 г. ст. 939—946.) — — — — — — — — — — — 1 — — — — — — — — — — — — — — — 1 — — — — — — — О бродяжествѣ, укрывательствѣ бѣглыхъ и нарушеніи постановленій о паспортахъ, ст. 1216—1272 (улож. 1866 г. ст. 950—983 и уст. о нак. ст. 29, 58, 60, 61, 62 и 77.) — — — — — — — — — — — — 4 — — — 6 — 21 — — — — — — — 5 — 8 — 8 — 8 — 2 — О противузаконномъ выдѣлываніи и храненіи оружія или пороха и нарушеніи другихъ правилъ осторожности, ст. 1295— 1328 (улож. 1866 г. ст. 986—989 и уст. о нак. ст. 29, 32, 117—126, 129 и 987.) — — — — — — — — — — — 6 — — — — — 1 — — — 3 — 3 — 1 — — — — — — — — — О преступленіяхъ противъ общественной нравственности, ст. 1336—1360 (улож. 1866 г. ст. 993—1003 уст. о нак. ст. 42— 45.)— — — — — — — — — — — — — — — 1 — — — — — — — — — 1 — — — — — — — О нарушеніи правилъ осторожности отъ пожаровъ, ст. 1429—1473 (улож. 1866 г. ст. 1076 и 1077 уст. о нак. ст. 29, 66, 88, 89, 80, 91, 93—98 и 117.) — — — — — — — — — — — — — 2 — — — — — 2 — — — — — — — — — 3 — 1 — — — — — По преступленіямъ, исчисленнымъ въ VIII отдѣленіи, дѣлъ въ разсмотрѣніи не было. — — — — — — — — — — — — — — — — — — — — — — — — — — — — — — — — — — — Отдѣленіе IХ.Отдѣленіе IХ. О смертоубійствѣ, ст. 1998—2020 (улож. 1866 г. ст. 1449—1471.) — — — 27 — — — — — — 17 4 25 12 6 3 5 6 9 2 2 — — — 4 — 13 10 26 15 20 2 1 — — — О самоубійствѣ, ст. 2021—2025 (улож. 1866 г. ст. 1472—1476.) — — — — — — — — — — — — 1 — — — — — — — — — — — — — 1 — — — — — — — — — О нанесеніи увѣчья, ранъ и другихъ поврежденій, ст. 2026—2047 (улож. 1866 г. ст. 1471—1496 и уст. о нак. ст. 129.)4 1 — — — — — 13 1 26 3 12 — 2 — — — — — — — 2 — 12 2 12 2 15 — 1* — 3 — О преступленіяхъ противъ чести и цѣломудрія женщинъ, ст. 2076—2085 (улож. 1866 г. ст. 1523—1532.) — — — — — — — — 1 — 5 — — — 4 — 2 — — — — — 1 — 3 — 5 — 3 — — — — — О личныхъ оскорбленіяхъ, ст. 2086—2094 (улож. 1860 г. ст. 1533 и 1534 и уст. о нак. ст. 130—135.) — 2 — — 1 — 2 — 6 1 4 — — — 2 — 1 1 — — — — — — 5 1 6 1 4 — 1 — — — О противузаконномъ задержаніи и заключеніи ст. 2103—2108 (улож. 1866 г. ст. 1540—1544 и уст. о нак. ст. 142.) — — — — — — — — — 2 — — — — — — — — — — — — — — — — — 2 — — — — — Отдѣленіе Х.Отдѣленіе Х. О преступленіяхъ противъ союза брачнаго, ст. 2118—2156 (улож. 1866 г. ст. 1549—1585.) — — 2 — — — — — — 1 1 — 1 — — — — — — — — — — — — 1 2 — — — — — — — — О преступленіи дѣтей противъ родителей, ст. 2162—2165 (улож. 1866 г. ст. 1591 и 1692 и уст. о нак. ст. 132 и 143.) 4 — — — — — — 2 1 6 — — — 3 — — 3 — — — — 8 3 3 1 — — — — — — — — Отдѣленіе ХI. Отдѣленіе ХI. О насильственномъ завладѣніи чужимъ недвижимымъ имуществомъ и о истребленіи граничныхъ межъ и знаков ст. 2173— 2184 (улож. 1866 г. ст. 1601—1605 и уст. о нак. ст. 142, 144, 145, 147—149, 152 и 155.) — — — — — — — — — 1 — 2 — 1 — — — — — — — — — — — 1 — 1 — 1 — — — 1 — О зажигательствѣ, ст. 2185—2195 (улож. 1866 г. ст. 1606—1615 и уст. о нак. ст. 98.) — — 6 — — — — — — 3 — 1 4 — — — — — 2 — — — — — — 1 2 3 3 1 — — — О разбоѣ, ст. 2208—2217 (улож. 1866 г. ст. 1627—636.) — — — 2 — — — — — — 4 1 12 1 3 — 4 — 8 — — — — — — — 14 2 16 — 1 — — — — — О грабежѣ, ст. 2218—2224 (улож. 1866 г. ст. 1637—1643.) — — — 8 — — — — — — 5 3 15 2 3 1 8 2 8 — — — — — 6 — 7 5 18 3 8 — — — — — О воровствѣ-кражѣ, ст. 2225—2251 (улож. 1866 г. ст. 1644—1664 и уст. о нак. ст. 169 и 170.) — — 11 — — — — — — 28 2 35 6 16 — 37 2 30 1 — — — — 15 3 25 5 56 3 36 — 6 — 8 — О воровствѣ-мошенничествѣ, ст. 2252—2267 (улож. 1866 г. ст. 1665—1676 и уст. о нак. ст. 173—175.) — — — — — — — — — 1 — — — — — — — — — — — — — 1 — — — — — — — — — О присвоеніи ввѣреннаго чужаго движимаго имущества, ст. 2272 (улож. 1866 г. ст. 1681, 1682 и уст. о наказ. ст. 177.)1 — — — — — — 2 — 2 1 — — 1 — — — — — — — — — 3 1 1 — 1 — — — — — О преступленіяхъ и проступкахъ по договорамъ и другимъ обязательствамъ, ст. 2278—2304 (улож. 1866 г. ст. 1688—1711 и уст. о нак. ст. 174 и 180.) — — — — — — — 4 — 6 — — — 3 — 2 — — — — — — — 8 — 4 — 2 — 1 — — — По происшествіямъ нечаяннымъ: по неосторожности и другимъ случаямъ, не отнесеннымъ къ вышеприведеннымъ родамъ и видамъ.— — — — — — — — — 1 — — — 1 — — — — — — — — — 1 — 1 — — — — — — — Итого — — 76 4 — 11 — 7 — 105 14 199 36 41 4 80 13 93 9 2 — 3 — 41 7 124 37 190 29 142 3 28 — 14 — Примѣчанiе:Примѣчанiе: Отъ 1869 г. оставалось арестантовъ: 3 м. 1 ж. об. пола 4. Въ 1870 г. поступило: 151 м. * пола 178. Въ 1870 г. выбыло: 143 м. 25 ж. об. пола 168. За тѣмъ къ 1871 г. осталось: 11 м. 3 ж. об. пола 14. * Столбец прошит Вѣрно: Гражданскiй Губернаторъ Лохвицкiй С в ѣрялъ исправляющій должность Секретаря Статистическаго Комитета Ловянъ
d210;1871 г.;;121 Родъ преступленiй Родъ преступленiй * ныхъ Въ томъ числѣВъ томъ числѣ Возрастъ преступниковъВозрастъ преступниковъ Дворянъ потомственныхъ Дворянъ личныхъ Почетныхъ гражданъ и купцовъ Мещанъ Крестьянъ Военнаго сословiя Инородцевъ Поселенцевъ Ссыльно-каторжныхъ Ниже 17— 17—20 21—30 31—40 41- 50 51-60 Свыше 60 ж. м. ж. м. ж. м. ж. м. ж. м. ж. м. ж. м. ж. м. ж. м. ж. м. ж. м. ж. м. ж. м. ж. м. м м. ж. м. ж. Отдѣленіе I.Отдѣленіе I. Объ отступленіи отъ вѣры и постановленій церкви, ст. 200—234 (Улож. 1866 г. ст. 184—209 и уст. о нак. ст. 38, 63, 64, 48 и 107.)2 — — — — — — — — 5 2 — — — — — — — — — — 2 1 2 1 1 — — — — — — — О святотатствѣ, ст. 253—269 (Улож. 1866 г. ст. 219—235 и уст. о нак. ст. 170 п. 1.) — — 2 — — — — — — 1 — 3 — — — 3 2 2 — — — — — — — 3 2 6 — — — — — — — По преступленіямъ, исчисленнымъ во II отдѣленіи, дѣлъ въ разсмотрѣніи не было. — — — — — — — — — — — — — — — — — — — — — — — — — — — — — — — — — — — Отдѣленіе III.Отдѣленіе III. О самовольномъ присвоеніи власти и составленіи подложныхъ указовъ и другихъ исходящихъ отъ Правительства бумагъ, ст. 329—341 (улож. 1866 г. ст. 289—301 и уст. о нак. ст. 34.) — — — — — — — — — — — — — — — — 1 — — — — — — — — — — — 1 — — — — — — — О похищеніи бумагъ или вещей изъ присутственныхъ мѣстъ и уничтоженіе постановленныхъ или приложенныхъ по распоряженію правительства знаковъ, ст. 343—347 (улож. 1866 г. ст. 303—307 и уст. о нак. ст. 32.) — — — — — — — — — — — — — — — — — 1 — — — — — — — 1 — — — — — — — — — О взломѣ тюрьмъ, уводѣ и побѣгѣ находящихся подъ стражею или надзоромъ, ст. 348—359 (улож. 1866 ст. 308—317 и уст. о нак. ст. 63.) — — — — — — — — — — — — — 2 — — — — — 2 — — — — — — — 1 — 3 — — — — — — — Отдѣленіе IV.Отдѣленіе IV. О преступленіяхъ и проступкахъ по службѣ Государственной и общественной, ст. 371—549, 782—795, 959—975, 1022—1031, 1068—1072, 1361—1364, 1396—1406, 1410—1414 и 1429 (улож 1866 г. ст. 329—504, 533—539, 707—714, 805—821, 822—830, 854, 855, 1004—1007, 1058—1065, 1068—1072 и уст. о нак. ст. 65, 66, 102, 154—168.) — — — 3 — 10 — 5 — 8 — 12 — — — — — — — — — — — — — — — 12 — 25 — 1 — — — Отдѣленіе V.Отдѣленіе V. О преступленіяхъ и проступкахъ противъ постановленій о повинностяхъ земскихъ ст. 593—598 (улож. 1866 г. ст. 540—545.)— — — — — — — — — 1 — — — — — — — — — — — — — — — 1 — — — — — — — Отдѣленіе VI.Отдѣленіе VI. О нарушеніи уставовъ монетныхъ, ст. 608—630 (улож. 1866 г. ст. 556—578.) — — 4 — — — — — — 6 — 18 3 — — — 1 1 — — — — — — — 8 2 5 2 12 — — — — — О нарушеніи постановленій по питейному сбору и акцизу, ст. 718—795 (улож. 1866 г. ст. 665—717.) — — — — — — — — 3 — 1 — — — — — 2 — — — — — — — 4 — 2 — — — — — — — Отдѣленіе VII.Отдѣленіе VII. О преступленіяхъ и проступкахъ противъ постановленій ограждающихъ народное здравіе, ст. 1044—115* (улож. 1866 г. ст. 831—900 и уст. о нак. ст. 55, 56, 102, 104—109, 112—16 и 173.) — — — 1 — — — — — — — — — 1 — — — — — — — — — — — — — 1 — — — — — — — — О возбужденіи къ начатію или продолженію противузаконныхъ исковъ и тяжбъ о лживыхъ доносахъ, лжесвидѣтельствѣ и ложныхъ показаніяхъ на повальныхъ обыскахъ, ст. 1205—1212 (улож. 1866 г. ст. 939—946.) — — — — — — — — — — — 1 — — — — — — — — — — — — — — — 1 — — — — — — — О бродяжествѣ, укрывательствѣ бѣглыхъ и нарушеніи постановленій о паспортахъ, ст. 1216—1272 (улож. 1866 г. ст. 950—983 и уст. о нак. ст. 29, 58, 60, 61, 62 и 77.) — — — — — — — — — — — — 4 — — — 6 — 21 — — — — — — — 5 — 8 — 8 — 8 — 2 — О противузаконномъ выдѣлываніи и храненіи оружія или пороха и нарушеніи другихъ правилъ осторожности, ст. 1295— 1328 (улож. 1866 г. ст. 986—989 и уст. о нак. ст. 29, 32, 117—126, 129 и 987.) — — — — — — — — — — — 6 — — — — — 1 — — — 3 — 3 — 1 — — — — — — — — — О преступленіяхъ противъ общественной нравственности, ст. 1336—1360 (улож. 1866 г. ст. 993—1003 уст. о нак. ст. 42— 45.)— — — — — — — — — — — — — — — 1 — — — — — — — — — 1 — — — — — — — О нарушеніи правилъ осторожности отъ пожаровъ, ст. 1429—1473 (улож. 1866 г. ст. 1076 и 1077 уст. о нак. ст. 29, 66, 88, 89, 80, 91, 93—98 и 117.) — — — — — — — — — — — — — 2 — — — — — 2 — — — — — — — — — 3 — 1 — — — — — По преступленіямъ, исчисленнымъ въ VIII отдѣленіи, дѣлъ въ разсмотрѣніи не было. — — — — — — — — — — — — — — — — — — — — — — — — — — — — — — — — — — — Отдѣленіе IХ.Отдѣленіе IХ. О смертоубійствѣ, ст. 1998—2020 (улож. 1866 г. ст. 1449—1471.) — — — 27 — — — — — — 17 4 25 12 6 3 5 6 9 2 2 — — — 4 — 13 10 26 15 20 2 1 — — — О самоубійствѣ, ст. 2021—2025 (улож. 1866 г. ст. 1472—1476.) — — — — — — — — — — — — 1 — — — — — — — — — — — — — 1 — — — — — — — — — О нанесеніи увѣчья, ранъ и другихъ поврежденій, ст. 2026—2047 (улож. 1866 г. ст. 1471—1496 и уст. о нак. ст. 129.)4 1 — — — — — 13 1 26 3 12 — 2 — — — — — — — 2 — 12 2 12 2 15 — 1* — 3 — О преступленіяхъ противъ чести и цѣломудрія женщинъ, ст. 2076—2085 (улож. 1866 г. ст. 1523—1532.) — — — — — — — — 1 — 5 — — — 4 — 2 — — — — — 1 — 3 — 5 — 3 — — — — — О личныхъ оскорбленіяхъ, ст. 2086—2094 (улож. 1860 г. ст. 1533 и 1534 и уст. о нак. ст. 130—135.) — 2 — — 1 — 2 — 6 1 4 — — — 2 — 1 1 — — — — — — 5 1 6 1 4 — 1 — — — О противузаконномъ задержаніи и заключеніи ст. 2103—2108 (улож. 1866 г. ст. 1540—1544 и уст. о нак. ст. 142.) — — — — — — — — — 2 — — — — — — — — — — — — — — — — — 2 — — — — — Отдѣленіе Х.Отдѣленіе Х. О преступленіяхъ противъ союза брачнаго, ст. 2118—2156 (улож. 1866 г. ст. 1549—1585.) — — 2 — — — — — — 1 1 — 1 — — — — — — — — — — — — 1 2 — — — — — — — — О преступленіи дѣтей противъ родителей, ст. 2162—2165 (улож. 1866 г. ст. 1591 и 1692 и уст. о нак. ст. 132 и 143.) 4 — — — — — — 2 1 6 — — — 3 — — 3 — — — — 8 3 3 1 — — — — — — — — Отдѣленіе ХI. Отдѣленіе ХI. О насильственномъ завладѣніи чужимъ недвижимымъ имуществомъ и о истребленіи граничныхъ межъ и знаков ст. 2173— 2184 (улож. 1866 г. ст. 1601—1605 и уст. о нак. ст. 142, 144, 145, 147—149, 152 и 155.) — — — — — — — — — 1 — 2 — 1 — — — — — — — — — — — 1 — 1 — 1 — — — 1 — О зажигательствѣ, ст. 2185—2195 (улож. 1866 г. ст. 1606—1615 и уст. о нак. ст. 98.) — — 6 — — — — — — 3 — 1 4 — — — — — 2 — — — — — — 1 2 3 3 1 — — — О разбоѣ, ст. 2208—2217 (улож. 1866 г. ст. 1627—636.) — — — 2 — — — — — — 4 1 12 1 3 — 4 — 8 — — — — — — — 14 2 16 — 1 — — — — — О грабежѣ, ст. 2218—2224 (улож. 1866 г. ст. 1637—1643.) — — — 8 — — — — — — 5 3 15 2 3 1 8 2 8 — — — — — 6 — 7 5 18 3 8 — — — — — О воровствѣ-кражѣ, ст. 2225—2251 (улож. 1866 г. ст. 1644—1664 и уст. о нак. ст. 169 и 170.) — — 11 — — — — — — 28 2 35 6 16 — 37 2 30 1 — — — — 15 3 25 5 56 3 36 — 6 — 8 — О воровствѣ-мошенничествѣ, ст. 2252—2267 (улож. 1866 г. ст. 1665—1676 и уст. о нак. ст. 173—175.) — — — — — — — — — 1 — — — — — — — — — — — — — 1 — — — — — — — — — О присвоеніи ввѣреннаго чужаго движимаго имущества, ст. 2272 (улож. 1866 г. ст. 1681, 1682 и уст. о наказ. ст. 177.)1 — — — — — — 2 — 2 1 — — 1 — — — — — — — — — 3 1 1 — 1 — — — — — О преступленіяхъ и проступкахъ по договорамъ и другимъ обязательствамъ, ст. 2278—2304 (улож. 1866 г. ст. 1688—1711 и уст. о нак. ст. 174 и 180.) — — — — — — — 4 — 6 — — — 3 — 2 — — — — — — — 8 — 4 — 2 — 1 — — — По происшествіямъ нечаяннымъ: по неосторожности и другимъ случаямъ, не отнесеннымъ къ вышеприведеннымъ родамъ и видамъ.— — — — — — — — — 1 — — — 1 — — — — — — — — — 1 — 1 — — — — — — — Итого — — 76 4 — 11 — 7 — 105 14 199 36 41 4 80 13 93 9 2 — 3 — 41 7 124 37 190 29 142 3 28 — 14 — Примѣчанiе:Примѣчанiе: Отъ 1869 г. оставалось арестантовъ: 3 м. 1 ж. об. пола 4. Въ 1870 г. поступило: 151 м. * пола 178. Въ 1870 г. выбыло: 143 м. 25 ж. об. пола 168. За тѣмъ къ 1871 г. осталось: 11 м. 3 ж. об. пола 14. * Столбец прошит Вѣрно: Гражданскiй Губернаторъ Лохвицкiй С в ѣрялъ исправляющій должность Секретаря Статистическаго Комитета Ловянъ
d211;1870 г.;;въ Енисейской губернiи за 1870 г. въ Енисейской губернiи за 1870 г.
d212;1870 г.;;въ Енисейской губернiи за 1870 г. въ Енисейской губернiи за 1870 г.
d213;1870 г.;;въ Енисейской губернiи за 1870 г. въ Енисейской губернiи за 1870 г.
d214;1870 г.;;въ Енисейской губернiи за 1870 г. въ Енисейской губернiи за 1870 г.
d215;1870 год;;За 1870 годъ
d216;1870 год;;въ Енисейской губернiи за 1870 годъ.въ Енисейской губернiи за 1870 годъ.
d217;1870 год;;въ Енисейской губернiи за 1870 годъ.въ Енисейской губернiи за 1870 годъ.
d218;1870 год;;въ Енисейской губернiи за 1870 годъ.въ Енисейской губернiи за 1870 годъ.
d219;1870 год;;въ Енисейской губернiи за 1870 годъ.въ Енисейской губернiи за 1870 годъ.
d220;1870 год;;131 Вѣдомость № 8 О ЧИСЛѢ УЧЕБНЫХЪ ЗАВЕДЕНIЙ И УЧАЩИХСЯ въ Енисейской губернiивъ Енисейской губернiи за 1870 годъ.
d221;1870 г.;;134 СОДЕРЖАНIЕ ОТЧЕТЪ О СОСТОЯНIИ ЕНИСЕЙСКОЙ ГУБЕРНIИ ЗА 1870 г. СТАТИСТИЧЕСКIЕ СВѢДѢНIЯ О ПОСѢВѢ И УРОЖАѢ ХЛѢБА, О ЧИСЛѢ ОБЫВАТЕЛЬСКИХЪ КВАРТИРЪ. ........................................... 1 ПРОЕКТЪ ФОРМЫ ИЛИ ПРОГРАММЫ ДЛЯ СОСТАВЛЕНIЯ ГУБЕРНАТОРСКИХЪ ОТЧЕТОВЪ. ..... 25 ОБЗОРЪ ЕНИСЕЙСКОЙ ГУБЕРНIИ ЗА 1870 г. ............ 45
d222;1870 г.;;134 СОДЕРЖАНIЕ ОТЧЕТЪ О СОСТОЯНIИ ЕНИСЕЙСКОЙ ГУБЕРНIИ ЗА 1870 г. СТАТИСТИЧЕСКIЕ СВѢДѢНIЯ О ПОСѢВѢ И УРОЖАѢ ХЛѢБА, О ЧИСЛѢ ОБЫВАТЕЛЬСКИХЪ КВАРТИРЪ. ........................................... 1 ПРОЕКТЪ ФОРМЫ ИЛИ ПРОГРАММЫ ДЛЯ СОСТАВЛЕНIЯ ГУБЕРНАТОРСКИХЪ ОТЧЕТОВЪ. ..... 25 ОБЗОРЪ ЕНИСЕЙСКОЙ ГУБЕРНIИ ЗА 1870 г. ............ 45
