id;date_text;event_ref;context
d1;1872 год;"ref=""#report_enisei_1872""";Отчетъ Енисейскаго губернатора об управленiи губернiей за 1872 годъ* -10.10.187316.10.1873 ОГКУ ГАИО Ф. № 24 Опись № ОЦ Ед. хр 696 Картон * Титул реконструирован, оригинал не сохранился.
d2;1873 года;"ref=""#report_enisei_1872""";3 Господину ГенералъГубернатору Восточной Сибири. Имѣю честь представить присемъ къ Вашему Высокопревосходительству копiю съ представленнаго Начальникомъ губернiи Его Императорскому Величеству отчета о состоянiи Енисейской М.В.Д. НАЧАЛЬНИКА ЕНИСЕЙСКОЙ ГУБЕРНIИ ПО ГУБЕРНСКОМУ СТАТИСТИЧЕСКОМУСТАТИСТИЧЕСКОМУ КОМИТЕТУ. Сентября 1-го дня 1873 года г. Красноярскъ
d3;1872 год;"ref=""#report_enisei_1872""";5 Копія ВСЕПОДДАННѢЙШІЙ ОТЧЕТЪ НА ЧАЛЬНИКА ЕНИСЕЙСКОЙ ГУБЕРНIИ за 1872 годъ. Жителей вс ѣх сослов iй считалось въ отчетномъ году 389.604 душъ обоего пола. Народонаселен iе
d4;1871 год;"ref=""#harvest_1872""";8 и на друг iя нужды, осталось въ избыткѣ 420.683 четвертей и кромѣ того, на случай неурожая въ текущемъ году, имѣется 284.698 четвертей въ запасныхъ хл ѣбныхъ магазинахъ, число коихъ простирается до 305 по всѣй губернiи. Менѣе удовлетворительный урожай хл ѣба, сравнительно съ 1871 годомъ и сильные падежи скота
d5;1865 год;"ref=""#settler_welfare_reform""";14 на поселенцахъ уже выбывшихъ изъ губернiи, умершихъ, ув ѣчныхъ, больныхъ и б ѣдныхъ. Въ 1865 году былъ возбужденъ вопросъ о м ѣрахъ могущихъ улучшить бытъ ссыльно поселенцевъ, чрезъ устройство въ городахъ и деревняхъ богад ѣленъ на счетъ поселенческаго капитала, котораго считается по Енисейской губерн iи
d6;1872 год;"ref=""#harvest_1872""";"29 Обзоръ Енисейской губерніи за 1872 годъ. 1) ЕСТЕСТВЕННЫЯ И ПРОИЗВОДИТЕЛЬНЫЯ СИЛЫ ГУБЕРНІИ ЭКОНОМИЧЕСКАЯ ДѢЯТЕЛЬНОСТЬ ЕЯ НАСЕЛЕНІЯ а) Земледѣліе и б) обеспеченіе народнаго продовольствія.а) Земледѣліе и б) обеспеченіе народнаго продовольствія. Всходы озимыхъ хлѣбовъ осенью 1871 г., а также всходы и произрастаніе яровыхъ хлѣбовъ весною 1872 г. были по губерніи, за исключеніемъ Красноярскаго и Енисейскаго округовъ, вообще удовлетворительны и подавали надежду на хорошій урожай въ лѣтѣ 1872 г. Въ первомъ же изъ названныхъ округовъ по случаю продолжительныхъ холодовъ и ненастной погоды всходъ хлѣбовъ былъ медленный, а взошедшіе, какъ яровые, такъ озимые, долго оставались безъ роста, такъ что дикоростущія сорныя травы опередили ихъ ростомъ; кромѣ того на мѣстностяхъ гористыхъ и открытыхъ всесенніе вѣтры выдули зерно и поселяне вынуждены были снова переборонивать поля, чтобы непотерять сѣмян. — Не смотря однакожъ на весеніе холода и продолжительное ненастье теплая и дождливая погода Іюня мѣсяца поправила хлѣба и къ концу Іюля озимые и"
d7;1871 г.;"ref=""#harvest_1872""";"29 Обзоръ Енисейской губерніи за 1872 годъ. 1) ЕСТЕСТВЕННЫЯ И ПРОИЗВОДИТЕЛЬНЫЯ СИЛЫ ГУБЕРНІИ ЭКОНОМИЧЕСКАЯ ДѢЯТЕЛЬНОСТЬ ЕЯ НАСЕЛЕНІЯ а) Земледѣліе и б) обеспеченіе народнаго продовольствія.а) Земледѣліе и б) обеспеченіе народнаго продовольствія. Всходы озимыхъ хлѣбовъ осенью 1871 г., а также всходы и произрастаніе яровыхъ хлѣбовъ весною 1872 г. были по губерніи, за исключеніемъ Красноярскаго и Енисейскаго округовъ, вообще удовлетворительны и подавали надежду на хорошій урожай въ лѣтѣ 1872 г. Въ первомъ же изъ названныхъ округовъ по случаю продолжительныхъ холодовъ и ненастной погоды всходъ хлѣбовъ былъ медленный, а взошедшіе, какъ яровые, такъ озимые, долго оставались безъ роста, такъ что дикоростущія сорныя травы опередили ихъ ростомъ; кромѣ того на мѣстностяхъ гористыхъ и открытыхъ всесенніе вѣтры выдули зерно и поселяне вынуждены были снова переборонивать поля, чтобы непотерять сѣмян. — Не смотря однакожъ на весеніе холода и продолжительное ненастье теплая и дождливая погода Іюня мѣсяца поправила хлѣба и къ концу Іюля озимые и"
d8;1872 г.;"ref=""#harvest_1872""";"29 Обзоръ Енисейской губерніи за 1872 годъ. 1) ЕСТЕСТВЕННЫЯ И ПРОИЗВОДИТЕЛЬНЫЯ СИЛЫ ГУБЕРНІИ ЭКОНОМИЧЕСКАЯ ДѢЯТЕЛЬНОСТЬ ЕЯ НАСЕЛЕНІЯ а) Земледѣліе и б) обеспеченіе народнаго продовольствія.а) Земледѣліе и б) обеспеченіе народнаго продовольствія. Всходы озимыхъ хлѣбовъ осенью 1871 г., а также всходы и произрастаніе яровыхъ хлѣбовъ весною 1872 г. были по губерніи, за исключеніемъ Красноярскаго и Енисейскаго округовъ, вообще удовлетворительны и подавали надежду на хорошій урожай въ лѣтѣ 1872 г. Въ первомъ же изъ названныхъ округовъ по случаю продолжительныхъ холодовъ и ненастной погоды всходъ хлѣбовъ былъ медленный, а взошедшіе, какъ яровые, такъ озимые, долго оставались безъ роста, такъ что дикоростущія сорныя травы опередили ихъ ростомъ; кромѣ того на мѣстностяхъ гористыхъ и открытыхъ всесенніе вѣтры выдули зерно и поселяне вынуждены были снова переборонивать поля, чтобы непотерять сѣмян. — Не смотря однакожъ на весеніе холода и продолжительное ненастье теплая и дождливая погода Іюня мѣсяца поправила хлѣба и къ концу Іюля озимые и"
d9;1872 г.;"ref=""#harvest_1872""";"29 Обзоръ Енисейской губерніи за 1872 годъ. 1) ЕСТЕСТВЕННЫЯ И ПРОИЗВОДИТЕЛЬНЫЯ СИЛЫ ГУБЕРНІИ ЭКОНОМИЧЕСКАЯ ДѢЯТЕЛЬНОСТЬ ЕЯ НАСЕЛЕНІЯ а) Земледѣліе и б) обеспеченіе народнаго продовольствія.а) Земледѣліе и б) обеспеченіе народнаго продовольствія. Всходы озимыхъ хлѣбовъ осенью 1871 г., а также всходы и произрастаніе яровыхъ хлѣбовъ весною 1872 г. были по губерніи, за исключеніемъ Красноярскаго и Енисейскаго округовъ, вообще удовлетворительны и подавали надежду на хорошій урожай въ лѣтѣ 1872 г. Въ первомъ же изъ названныхъ округовъ по случаю продолжительныхъ холодовъ и ненастной погоды всходъ хлѣбовъ былъ медленный, а взошедшіе, какъ яровые, такъ озимые, долго оставались безъ роста, такъ что дикоростущія сорныя травы опередили ихъ ростомъ; кромѣ того на мѣстностяхъ гористыхъ и открытыхъ всесенніе вѣтры выдули зерно и поселяне вынуждены были снова переборонивать поля, чтобы непотерять сѣмян. — Не смотря однакожъ на весеніе холода и продолжительное ненастье теплая и дождливая погода Іюня мѣсяца поправила хлѣба и къ концу Іюля озимые и"
d10;1873 года;"ref=""#report_enisei_1872""";"31 — 3 — количествѣ хлѣба и урожаѣ другихъ огородныхъ овощей не могъ имѣть неблагопріятнаго вліянія на народное продовольствіе. Для обеспеченія народнаго продовольствія, на случай неурожая, въ губерніи находится 305 запасныхъ хлѣбныхъ магазиновъ, въ которыхъ къ 1-му Января 1873 года состояло на лицо хлѣба 284,698 четв. (озимаго 168,695 четв. и яроваго 116003 четв.). Въ недоимкѣ числится 57,171 четв. (озимаго 24,560 четв. и яроваго 32,611 четв.); противу предъидущаго года въ недоимкѣ озимаго меньше 23,984 четв., а яроваго больше на 2,518 четв., в общей же сложности меньше на 21,466 четвертей. Общаго продовольственнаго капитала по всѣмъ окружнымъ казначействамъ состояло на лицо 1,529 р. 431/4 к. въ недоимкѣ 1,838 р. 70 к. и въ долгу по ссудамъ на хлѣбномъ запасномъ капиталѣ 34,435 р. 78 к. Продовольственный капиталъ губерніи простирается до 65,655 р. 55 к., съ процентами по 8 Іюля 1866 года и находится въ обращеніи въ Государственномъ банкѣ вкладомъ на безсрочное время. Въ отчетномъ году всѣми винокуренными заводами переработано 729,020 пуд. 21 фунт. муки. Другія отрасли земледѣленія, какъ-то: производство пеньки, льна, маслобойныхъ сѣмянъ, табаку, огородныхъ овощей не имѣютъ большаго значенія въ губерніи — жители занимаются или почти исключительно для собственныхъ домашнихъ потребностей. Приложеніемъ къ этой статьѣ служитъ вѣдомость № 1-й. г] Промыслы сельскаго и городскаго населенія и г) про -г] Промыслы сельскаго и городскаго населенія и г) промышленность заводская и фабричная. мышленность заводская и фабричная. Въ промыслахъ городскаго и сельскаго населенія, вообще весьма не значительныхъ, въ теченіи отчетнаго года существенныхъ измѣненій не произошло и новыхъ не возникло, равно какъ не послѣдовало значительнаго уселенія заводской и фабричной дѣятельности, которое могло бы имѣть серьезное вліяніе на увеличеніе благосостоянія населенія. Желѣзо-дѣлательный, чугуно-литейный и стальной заводъ, принадле-"
d11;1866 года;"ref=""#report_enisei_1872""";"31 — 3 — количествѣ хлѣба и урожаѣ другихъ огородныхъ овощей не могъ имѣть неблагопріятнаго вліянія на народное продовольствіе. Для обеспеченія народнаго продовольствія, на случай неурожая, въ губерніи находится 305 запасныхъ хлѣбныхъ магазиновъ, въ которыхъ къ 1-му Января 1873 года состояло на лицо хлѣба 284,698 четв. (озимаго 168,695 четв. и яроваго 116003 четв.). Въ недоимкѣ числится 57,171 четв. (озимаго 24,560 четв. и яроваго 32,611 четв.); противу предъидущаго года въ недоимкѣ озимаго меньше 23,984 четв., а яроваго больше на 2,518 четв., в общей же сложности меньше на 21,466 четвертей. Общаго продовольственнаго капитала по всѣмъ окружнымъ казначействамъ состояло на лицо 1,529 р. 431/4 к. въ недоимкѣ 1,838 р. 70 к. и въ долгу по ссудамъ на хлѣбномъ запасномъ капиталѣ 34,435 р. 78 к. Продовольственный капиталъ губерніи простирается до 65,655 р. 55 к., съ процентами по 8 Іюля 1866 года и находится въ обращеніи въ Государственномъ банкѣ вкладомъ на безсрочное время. Въ отчетномъ году всѣми винокуренными заводами переработано 729,020 пуд. 21 фунт. муки. Другія отрасли земледѣленія, какъ-то: производство пеньки, льна, маслобойныхъ сѣмянъ, табаку, огородныхъ овощей не имѣютъ большаго значенія въ губерніи — жители занимаются или почти исключительно для собственныхъ домашнихъ потребностей. Приложеніемъ къ этой статьѣ служитъ вѣдомость № 1-й. г] Промыслы сельскаго и городскаго населенія и г) про -г] Промыслы сельскаго и городскаго населенія и г) промышленность заводская и фабричная. мышленность заводская и фабричная. Въ промыслахъ городскаго и сельскаго населенія, вообще весьма не значительныхъ, въ теченіи отчетнаго года существенныхъ измѣненій не произошло и новыхъ не возникло, равно какъ не послѣдовало значительнаго уселенія заводской и фабричной дѣятельности, которое могло бы имѣть серьезное вліяніе на увеличеніе благосостоянія населенія. Желѣзо-дѣлательный, чугуно-литейный и стальной заводъ, принадле-"
d12;1872 г.;"ref=""#industrial_production_1872""";33 — 5 — Сталетомительная . . . . . . 1 Пудлинговыхъ . . . . . . 2 Сварочныхъ . . . . . . 4 Нагрѣвательная . . . . . . 1 Листоотдѣлательная . . . . . . 1 Кричныхъ горновъ . . . . . . 1 Кузничныхъ горновъ . . . . . . 44 Движущихъ машинъ паровыхъ: Прокатная въ 60 силъ . . . . . 1 — — 30 — . . . . . 1 Воздуходувная въ 25 силъ . . . . . 1 Молотовъ паровыхъ . . . . . 2 Паровая машина при мукомольной мельницѣ въ 4 силы 1 Итого . 7 Устройство мастерскихъ: Механическая . . . . . . . 1 Столярная . . . . . . . 1 Съ 1 Явнаря 1872 г. по 1 Января 1873 г. приготовлено рудъ желѣзныхъ . . . . . . . 77,262 пуд. Выплавлено чугуна въ штыкахъ и крохахъ, получаемыхъ при отливкѣ и очисткѣ отлитыхъ вещей . 36358 п. на сумму 10907 р. 40 к. въ отливахъ . . . . 3752 п. на сумму 1876 р. Итого . 12783 р. 40 к. Среднее содержаніе изъ 100 пудовъ руды . 55 пуд. 301/2 ф. Съ 1 Января 1872 г. по 1 Января 1873 г. выдѣлано желѣза и издѣлій, а имѣнно: Кричнаго дѣльнаго . . 918 п. 35 ф. на 1837 р. к.
d13;1 Января 1873 г.;"ref=""#industrial_production_1872""";33 — 5 — Сталетомительная . . . . . . 1 Пудлинговыхъ . . . . . . 2 Сварочныхъ . . . . . . 4 Нагрѣвательная . . . . . . 1 Листоотдѣлательная . . . . . . 1 Кричныхъ горновъ . . . . . . 1 Кузничныхъ горновъ . . . . . . 44 Движущихъ машинъ паровыхъ: Прокатная въ 60 силъ . . . . . 1 — — 30 — . . . . . 1 Воздуходувная въ 25 силъ . . . . . 1 Молотовъ паровыхъ . . . . . 2 Паровая машина при мукомольной мельницѣ въ 4 силы 1 Итого . 7 Устройство мастерскихъ: Механическая . . . . . . . 1 Столярная . . . . . . . 1 Съ 1 Явнаря 1872 г. по 1 Января 1873 г. приготовлено рудъ желѣзныхъ . . . . . . . 77,262 пуд. Выплавлено чугуна въ штыкахъ и крохахъ, получаемыхъ при отливкѣ и очисткѣ отлитыхъ вещей . 36358 п. на сумму 10907 р. 40 к. въ отливахъ . . . . 3752 п. на сумму 1876 р. Итого . 12783 р. 40 к. Среднее содержаніе изъ 100 пудовъ руды . 55 пуд. 301/2 ф. Съ 1 Января 1872 г. по 1 Января 1873 г. выдѣлано желѣза и издѣлій, а имѣнно: Кричнаго дѣльнаго . . 918 п. 35 ф. на 1837 р. к.
d14;1 Января 1872 г.;"ref=""#industrial_production_1872""";33 — 5 — Сталетомительная . . . . . . 1 Пудлинговыхъ . . . . . . 2 Сварочныхъ . . . . . . 4 Нагрѣвательная . . . . . . 1 Листоотдѣлательная . . . . . . 1 Кричныхъ горновъ . . . . . . 1 Кузничныхъ горновъ . . . . . . 44 Движущихъ машинъ паровыхъ: Прокатная въ 60 силъ . . . . . 1 — — 30 — . . . . . 1 Воздуходувная въ 25 силъ . . . . . 1 Молотовъ паровыхъ . . . . . 2 Паровая машина при мукомольной мельницѣ въ 4 силы 1 Итого . 7 Устройство мастерскихъ: Механическая . . . . . . . 1 Столярная . . . . . . . 1 Съ 1 Явнаря 1872 г. по 1 Января 1873 г. приготовлено рудъ желѣзныхъ . . . . . . . 77,262 пуд. Выплавлено чугуна въ штыкахъ и крохахъ, получаемыхъ при отливкѣ и очисткѣ отлитыхъ вещей . 36358 п. на сумму 10907 р. 40 к. въ отливахъ . . . . 3752 п. на сумму 1876 р. Итого . 12783 р. 40 к. Среднее содержаніе изъ 100 пудовъ руды . 55 пуд. 301/2 ф. Съ 1 Января 1872 г. по 1 Января 1873 г. выдѣлано желѣза и издѣлій, а имѣнно: Кричнаго дѣльнаго . . 918 п. 35 ф. на 1837 р. к.
d15;1 Января 1873 г.;"ref=""#industrial_production_1872""";33 — 5 — Сталетомительная . . . . . . 1 Пудлинговыхъ . . . . . . 2 Сварочныхъ . . . . . . 4 Нагрѣвательная . . . . . . 1 Листоотдѣлательная . . . . . . 1 Кричныхъ горновъ . . . . . . 1 Кузничныхъ горновъ . . . . . . 44 Движущихъ машинъ паровыхъ: Прокатная въ 60 силъ . . . . . 1 — — 30 — . . . . . 1 Воздуходувная въ 25 силъ . . . . . 1 Молотовъ паровыхъ . . . . . 2 Паровая машина при мукомольной мельницѣ въ 4 силы 1 Итого . 7 Устройство мастерскихъ: Механическая . . . . . . . 1 Столярная . . . . . . . 1 Съ 1 Явнаря 1872 г. по 1 Января 1873 г. приготовлено рудъ желѣзныхъ . . . . . . . 77,262 пуд. Выплавлено чугуна въ штыкахъ и крохахъ, получаемыхъ при отливкѣ и очисткѣ отлитыхъ вещей . 36358 п. на сумму 10907 р. 40 к. въ отливахъ . . . . 3752 п. на сумму 1876 р. Итого . 12783 р. 40 к. Среднее содержаніе изъ 100 пудовъ руды . 55 пуд. 301/2 ф. Съ 1 Января 1872 г. по 1 Января 1873 г. выдѣлано желѣза и издѣлій, а имѣнно: Кричнаго дѣльнаго . . 918 п. 35 ф. на 1837 р. к.
d16;1871 г.;"ref=""#report_enisei_1872""";35 — 7 — Получено: Процентовъ безводнаго спирта. Въ полугарѣ ведръ (40%) 30, 157, 705—21. 744, 167 На золотыхъ промыслахъ рабочихъ было въ отчетномъ году 15971 ч., менѣе предъидущаго года на 996 ч. Золота добыто 466 п. 21 ф. 1 з. 52 дол., менѣе 1871 г. на 31 п. 18 ф. 46 з. 771/4 дол. Въ 1871 году производились работы, заработки и развѣдки на пріискахъ: 1-й системы Сѣверной Енисейскаго округа . 110 2-й » Южной . 105 3-й » Ачинскаго округа . . . 21 4-й » Минусинскаго округа . . 35 5-й » Бирюсинской, Канскаго округа . 21 Всего . 292 Вынуто песку кубическихъ саженъ на пріисках: 1-й системы . . . . . . 112369 2-й » . . . . . . 897691/2 3-й » . . . . . . 19385 4-й » . . . . . . 29775 5-й » . . . . . . 5856 На всѣхъ . 257154 Промыто песковъ на пріискахъ: 1-й системы . . . . . 134950315 п. 2-й » . . . . . 1077236433-й » . . . . . 231106504-й » . . . . . 341480005-й » . . . . . 7166000307098608 п.
d17;1871 год;"ref=""#report_enisei_1872""";35 — 7 — Получено: Процентовъ безводнаго спирта. Въ полугарѣ ведръ (40%) 30, 157, 705—21. 744, 167 На золотыхъ промыслахъ рабочихъ было въ отчетномъ году 15971 ч., менѣе предъидущаго года на 996 ч. Золота добыто 466 п. 21 ф. 1 з. 52 дол., менѣе 1871 г. на 31 п. 18 ф. 46 з. 771/4 дол. Въ 1871 году производились работы, заработки и развѣдки на пріискахъ: 1-й системы Сѣверной Енисейскаго округа . 110 2-й » Южной . 105 3-й » Ачинскаго округа . . . 21 4-й » Минусинскаго округа . . 35 5-й » Бирюсинской, Канскаго округа . 21 Всего . 292 Вынуто песку кубическихъ саженъ на пріисках: 1-й системы . . . . . . 112369 2-й » . . . . . . 897691/2 3-й » . . . . . . 19385 4-й » . . . . . . 29775 5-й » . . . . . . 5856 На всѣхъ . 257154 Промыто песковъ на пріискахъ: 1-й системы . . . . . 134950315 п. 2-й » . . . . . 1077236433-й » . . . . . 231106504-й » . . . . . 341480005-й » . . . . . 7166000307098608 п.
d18;1872 г.;"ref=""#settler_welfare_reform""";36 — 8 — Добыто шлиховаго золота: 1-й системы . . . 245 пуд. 36 фун. 6 зол. 48 дол. 2-й » . . . 162 — 25 — 11 — 65 — 3-й » . . . 15 — 33 — »» — 63 — 4-й » . . . 29 — 20 — 59 — 80 — 5-й » . . . 12 — 26 — 18 — 84 — Всего . 466 — 21 — 18 — 52 — Сложное содержаніе въ ста пудахъ песку было на пріискахъ: 1-й системы . . . . . . . 671/4 д. 2-й » . . . . . . . 551/2 — 3-й » . . . . . . . 251/4 — 4-й » . . . . . . . 313/4 — 5-й » . . . . . . . 621/2 — 49 — 1872 г. на пріискахъ находилось: Рабоч. Служащ. Женщ. и дѣтей. 1-й системы . . . 7340 353 765 2-й » . . . 6278 326 568 3-й » . . . 773 54 136 4-й » . . . 1226 66 82 5-й » . . . 324 32 17 15941 831 1568 Въ общемъ числѣ рабочихъ находилось: Великороссійскихъ мѣщанъ и крестьянъ . . . 1273 Сибирскихъ мѣщанъ и крестьянъ . . . 6814 Ссыльно-поселенцевъ . . . 7854 Итого . 15941
d19;1872 г.;"ref=""#report_enisei_1872""";40 — 12 — Съ окончаніемъ лѣтнихъ работъ для осеннихъ и зимнихъ оставалось рабочихъ на пріискахъ: 1-й системы . . . . . . . 2260 2-й » . . . . . . . 1435 3-й » . . . . . . . 120 4-й » . . . . . . . . 72 5-й » . . . . . . . . 75 Итого . 3944 Къ этой статьѣ слѣдуетъ вѣдомость № 2-й, о фабрикахъ и заводахъ. д.) Торговля.д.) Торговля. Торговыхъ свидѣтельствъ и билетовъ выдано в 1872 г. 6305, болѣе чѣмъ въ предъидущемъ на 396, — по всей губерніи. Въ частности же по округамъ: Ачинскому 149, Енисейскому 139, Минусинскому 93, и Канскому 50. Въ Красноярскомъ же округѣ свидѣтельствъ уменьшилось на 35. По роду свидѣтельствъ увеличеніе пало главнымъ образомъ, какъ и въ предшествовавшемъ году, на свидѣтельства на мелочной торгъ съ полнаго и половиннаго пошлиною, на развозный торгъ, на мѣщанскіе промыслы и прикащичьи свидѣтельства. По сравненію съ цифрами предъидущаго года оказывается, что развивается преимущественно мелочная торговля среди сельскаго населенія, которая, кромѣ того, болѣе и болѣе равномѣрно распредѣляется по разнымъ округамъ губерніи. II. ПОДАТИ И ПОВИННОСТИ а) Окладные сборы. а) Окладные сборы. Къ 1872 году осталось въ недоимкѣ: 1.) Окладныхъ сборовъ . 368312 р. 10 к. 2.) Причиталось на отчетный годъ оклада . 420155 р. 51 к. Итого 788467 р. 61 к.
d20;1872 год;"ref=""#report_enisei_1872""";40 — 12 — Съ окончаніемъ лѣтнихъ работъ для осеннихъ и зимнихъ оставалось рабочихъ на пріискахъ: 1-й системы . . . . . . . 2260 2-й » . . . . . . . 1435 3-й » . . . . . . . 120 4-й » . . . . . . . . 72 5-й » . . . . . . . . 75 Итого . 3944 Къ этой статьѣ слѣдуетъ вѣдомость № 2-й, о фабрикахъ и заводахъ. д.) Торговля.д.) Торговля. Торговыхъ свидѣтельствъ и билетовъ выдано в 1872 г. 6305, болѣе чѣмъ въ предъидущемъ на 396, — по всей губерніи. Въ частности же по округамъ: Ачинскому 149, Енисейскому 139, Минусинскому 93, и Канскому 50. Въ Красноярскомъ же округѣ свидѣтельствъ уменьшилось на 35. По роду свидѣтельствъ увеличеніе пало главнымъ образомъ, какъ и въ предшествовавшемъ году, на свидѣтельства на мелочной торгъ съ полнаго и половиннаго пошлиною, на развозный торгъ, на мѣщанскіе промыслы и прикащичьи свидѣтельства. По сравненію съ цифрами предъидущаго года оказывается, что развивается преимущественно мелочная торговля среди сельскаго населенія, которая, кромѣ того, болѣе и болѣе равномѣрно распредѣляется по разнымъ округамъ губерніи. II. ПОДАТИ И ПОВИННОСТИ а) Окладные сборы. а) Окладные сборы. Къ 1872 году осталось въ недоимкѣ: 1.) Окладныхъ сборовъ . 368312 р. 10 к. 2.) Причиталось на отчетный годъ оклада . 420155 р. 51 к. Итого 788467 р. 61 к.
d21;1 Января 1873 г.;"ref=""#report_enisei_1872""";41 — 13 — Вновь причислено: Недоимокъ . . . . . . . 36615 р. 20 к. Оклада . . . . . . . . 15910 р. 86 к. Итого . 52526 р. 6 к. А всего слѣдовало поступить . . . 840993 р. 67 к. Изъ этого количества дѣйствительно взыскано: Недоимокъ . . . . . . . 79902 р. 4 к. Оклада . . . . . . . 299730 р. 601/2 к. Итого . 379632 р. 641/2 к. Исключено: Недоимокъ . . . . . . 5803 р. 961/2 к. Оклада . . . . . . . 7009 р. 371/4 к. Итого . 12813 р. 333/4 к. Затѣмъ къ 1 Января 1873 г. осталось не взысканныхъ: Недоимокъ . . . . . . 319223 р. 491/2 к. Оклада . . . . . . . 129326 р. 391/4 к, А всего отъ отчетнаго года податной недоимки . 448547 р. 683/4 к. б.) Государственные и губернскіе сборы.б.) Государственные и губернскіе сборы. Къ 1872 году осталось недоимки земскихъ сборовъ на повинности: Государствен. Губернскія. Частныя. 71333 р. 111/4 к. 94629 р. 821/2 к. 7590 р. 131/4 к. 173553 р. 7 к. На отчетный годъ причиталось оклада. 81873 р. 3 к. 110241 р. 931/4 к. 9681 р. 65 к. 201796 р. 611/4
d22;1872 год;"ref=""#report_enisei_1872""";41 — 13 — Вновь причислено: Недоимокъ . . . . . . . 36615 р. 20 к. Оклада . . . . . . . . 15910 р. 86 к. Итого . 52526 р. 6 к. А всего слѣдовало поступить . . . 840993 р. 67 к. Изъ этого количества дѣйствительно взыскано: Недоимокъ . . . . . . . 79902 р. 4 к. Оклада . . . . . . . 299730 р. 601/2 к. Итого . 379632 р. 641/2 к. Исключено: Недоимокъ . . . . . . 5803 р. 961/2 к. Оклада . . . . . . . 7009 р. 371/4 к. Итого . 12813 р. 333/4 к. Затѣмъ къ 1 Января 1873 г. осталось не взысканныхъ: Недоимокъ . . . . . . 319223 р. 491/2 к. Оклада . . . . . . . 129326 р. 391/4 к, А всего отъ отчетнаго года податной недоимки . 448547 р. 683/4 к. б.) Государственные и губернскіе сборы.б.) Государственные и губернскіе сборы. Къ 1872 году осталось недоимки земскихъ сборовъ на повинности: Государствен. Губернскія. Частныя. 71333 р. 111/4 к. 94629 р. 821/2 к. 7590 р. 131/4 к. 173553 р. 7 к. На отчетный годъ причиталось оклада. 81873 р. 3 к. 110241 р. 931/4 к. 9681 р. 65 к. 201796 р. 611/4
d23;1 Января 1873 г.;"ref=""#report_enisei_1872""";"43 — 15 — Затѣмъ къ 1 Января 1873 г. осталось невзысканныхъ: Недоимокъ: 58596 р. 381/2 к. 74627 р. 221/2 к. 5947 р. 301/4 к. 139169 р. 911/4 к. Оклада: 13941 р. 753/4 к. 32424 р. 81/4 к 2896 р. 241/4 к. 49262 р. 81/2 к. Всего отъ отчетнаго года земской недоимки: 72538 р. 141/4 к. 107051р. 303/4 к. 8842 р. 543/4 188431 р. 993/4 Вообще же по губерніи въ отчетномъ году недовзыскано недоимокъ: податной, губернской и земской 636979 р. 681/2 к., болѣе чѣмъ въ 1871 году на 95114 р. 511/4 к. Хотя сумма оставшейся къ 1873 году недоимки представляетъ очень большую цифру, но изъ этой суммы подлежитъ къ исключенію: въ выбывшимъ по разнымъ случаямъ, дряхлыхъ, увѣчныхъ, признанныхъ не способными къ работамъ и съ бѣдныхъ, неимѣющихъ нетолько средствъ къ уплатѣ, но и ни какихъ способовъ къ существованію — 267843 р. 371/2 к. Слѣдовательно подлежитъ къ взысканію 369136 р. 31 к.; но и изъ этой суммы значительная часть зачислена въ послѣднее время года на ссыльно-поселенцахъ, изъ которыхъ многіе находятся въ неизвѣстной отлучкѣ и взыскать съ нихъ недоимку врядъ ли представится возможность. Большая часть недоимки считается на поселенцахъ и на крестьянахъ изъ поселенцевъ. До тѣхъ поръ пока не будутъ устранены причины медленности выключенія ссыльныхъ изъ оклада съ недоимками, по законнымъ причинамъ, недоимка постоянно будетъ увеличиваться. Причины эти слѣдующія: 1) умершіе поселенцы не могутъ быть исключены изъ списковъ до полученія метрической выписки изъ Духовной Консисторіи. Консисторія"
d24;1871 год;"ref=""#report_enisei_1872""";"43 — 15 — Затѣмъ къ 1 Января 1873 г. осталось невзысканныхъ: Недоимокъ: 58596 р. 381/2 к. 74627 р. 221/2 к. 5947 р. 301/4 к. 139169 р. 911/4 к. Оклада: 13941 р. 753/4 к. 32424 р. 81/4 к 2896 р. 241/4 к. 49262 р. 81/2 к. Всего отъ отчетнаго года земской недоимки: 72538 р. 141/4 к. 107051р. 303/4 к. 8842 р. 543/4 188431 р. 993/4 Вообще же по губерніи въ отчетномъ году недовзыскано недоимокъ: податной, губернской и земской 636979 р. 681/2 к., болѣе чѣмъ въ 1871 году на 95114 р. 511/4 к. Хотя сумма оставшейся къ 1873 году недоимки представляетъ очень большую цифру, но изъ этой суммы подлежитъ къ исключенію: въ выбывшимъ по разнымъ случаямъ, дряхлыхъ, увѣчныхъ, признанныхъ не способными къ работамъ и съ бѣдныхъ, неимѣющихъ нетолько средствъ къ уплатѣ, но и ни какихъ способовъ къ существованію — 267843 р. 371/2 к. Слѣдовательно подлежитъ къ взысканію 369136 р. 31 к.; но и изъ этой суммы значительная часть зачислена въ послѣднее время года на ссыльно-поселенцахъ, изъ которыхъ многіе находятся въ неизвѣстной отлучкѣ и взыскать съ нихъ недоимку врядъ ли представится возможность. Большая часть недоимки считается на поселенцахъ и на крестьянахъ изъ поселенцевъ. До тѣхъ поръ пока не будутъ устранены причины медленности выключенія ссыльныхъ изъ оклада съ недоимками, по законнымъ причинамъ, недоимка постоянно будетъ увеличиваться. Причины эти слѣдующія: 1) умершіе поселенцы не могутъ быть исключены изъ списковъ до полученія метрической выписки изъ Духовной Консисторіи. Консисторія"
d25;1873 год;"ref=""#report_enisei_1872""";"43 — 15 — Затѣмъ къ 1 Января 1873 г. осталось невзысканныхъ: Недоимокъ: 58596 р. 381/2 к. 74627 р. 221/2 к. 5947 р. 301/4 к. 139169 р. 911/4 к. Оклада: 13941 р. 753/4 к. 32424 р. 81/4 к 2896 р. 241/4 к. 49262 р. 81/2 к. Всего отъ отчетнаго года земской недоимки: 72538 р. 141/4 к. 107051р. 303/4 к. 8842 р. 543/4 188431 р. 993/4 Вообще же по губерніи въ отчетномъ году недовзыскано недоимокъ: податной, губернской и земской 636979 р. 681/2 к., болѣе чѣмъ въ 1871 году на 95114 р. 511/4 к. Хотя сумма оставшейся къ 1873 году недоимки представляетъ очень большую цифру, но изъ этой суммы подлежитъ къ исключенію: въ выбывшимъ по разнымъ случаямъ, дряхлыхъ, увѣчныхъ, признанныхъ не способными къ работамъ и съ бѣдныхъ, неимѣющихъ нетолько средствъ къ уплатѣ, но и ни какихъ способовъ къ существованію — 267843 р. 371/2 к. Слѣдовательно подлежитъ къ взысканію 369136 р. 31 к.; но и изъ этой суммы значительная часть зачислена въ послѣднее время года на ссыльно-поселенцахъ, изъ которыхъ многіе находятся въ неизвѣстной отлучкѣ и взыскать съ нихъ недоимку врядъ ли представится возможность. Большая часть недоимки считается на поселенцахъ и на крестьянахъ изъ поселенцевъ. До тѣхъ поръ пока не будутъ устранены причины медленности выключенія ссыльныхъ изъ оклада съ недоимками, по законнымъ причинамъ, недоимка постоянно будетъ увеличиваться. Причины эти слѣдующія: 1) умершіе поселенцы не могутъ быть исключены изъ списковъ до полученія метрической выписки изъ Духовной Консисторіи. Консисторія"
d26;1 Января 1873 года;"ref=""#report_enisei_1872""";"45 — 17 — мѣры къ устраненію ихъ. Ожидается разрѣшеніе Генералъ-Губернатора на привиденіе ихъ въ исполненіе. Что касается не окладныхъ сборовъ 513938 р. 801/4 к., числящихся по всѣмъ Министерствамъ къ 1 Января 1873 года, то изъ нихъ: 188999 р. 891/2 к., как позаимствованныя изъ общихъ Государственныхъ доходовъ на счетъ хлѣбнаго запаснаго капитала для заготовленія хлѣба въ обеспеченіе жителей Енисейской губерніи въ неурожайные годы, надлежатъ возврату въ общіе Государственные доходы изъ общаго продовольственнаго капитала Имперіи, о пополненіи коихъ производится переписка съ Министрами Финансовъ и Внутреннихъ дѣлъ; 1325 р. считаются по военному вѣдомству, о сложеніи коихъ также представлено Генералъ Губернатору; 19438 р. 793/4 к. числятся въ недоимкѣ по соляной части, взысканіе ихъ зависитъ отъ окончанія дѣлъ о не исправныхъ поставщикахъ соли и о растратѣ оной. Остальныя затѣмъ 304175 р. 11 к. составляютъ разныя взысканія, какъ-то: за оброчныя статьи съ казенныхъ земель и мельницъ, въ оброкѣ состоящихъ, выданныя крестьянамъ и инородцамъ въ ссуду на покупку скота, вслѣдствіе существовавшаго у нихъ падежа, за негербовую бумагу, прогонныя и поверстныя, выданныя на счетъ виновныхъ по разнымъ деламъ, третное жалованье чиновникамъ при опредѣленіи ихъ на должности, взысканія за одежду и продовольствіе арестантовъ, во время пересылки ихъ изъ одного мѣста въ другое, взысканіе коихъ сопряжено частію съ разрѣшеніемъ дѣлъ судебными мѣстами. Изъ общей суммы не окладной недоимки — 513938 р. 801/4 к. считается на отвѣтственности Губернскаго Начальства — 270097 р. 243/4 коп. Къ этой статьѣ слѣдуетъ вѣдомость № 4-го — о поступленіи сборовъ. в.) Городскіе доходы и расходы.в.) Городскіе доходы и расходы. Сравнительно съ предъидущимъ годомъ доходы уменьшились на 3610 руб. 151/4 коп., расходы же увеличились на 5078 р. 361/4 к., особенно замѣтно увеличеніе расходовъ въ г. Енисейскѣ, въ которомъ въ отчетномъ году введено новое городское положеніе. Распредѣленіе доходовъ и расхо-"
d27;1873 г.;"ref=""#municipal_banks""";"46 — 18 — довъ по каждому городу отдѣльно видно изъ приложенной вѣдомости. Недоимки къ 1873 г. осталось по городамъ: Красноярску за разныя оброчныя статьи и, главнымъ образомъ, оцѣночнаго сбора съ недвижимыхъ имуществъ — 12138 р. 101/2 коп.; Енисейску на арендаторахъ оброчныхъ статей — 2722 р. 33 к.; Канску — 1001 р. 801/4 к., Ачинску — 5306 р. 901/4 коп., — на арендаторахъ же и Минусинску — 12070 р. 903/4 к., изъ коихъ слѣдуетъ выключить 9336 р. 15 к., обеспеченныхъ къ возврату Правительственнымъ учрежденіемъ -- Приказомъ Общественнаго Призрѣнія и благонадежными векселями; слѣдовательно дѣйствительной недоимки по всѣмъ городамъ считается — 22903 р. 943/4 коп., болѣе предъидущаго года на 9145 р. 413/4 коп. Недоимка увеличилась болѣе значительно по г. Красноярску, что нужно объяснить трудностью взысканія новаго оцѣночнаго сбора съ недвижимыхъ имуществъ. Въ числѣ денежныхъ капиталовъ пиинадлежащихъ городамъ было къ 1 Января 1873 года. Въ Красноярскѣ. Въ Енисейскѣ. Въ Минусинскѣ. Въ Канскѣ. Въ Ачискѣ. Руб. Коп. Руб. Коп. Руб. Коп. Руб. Коп. Руб. Коп. Неприкосновенныхъ. Данный Правительствомъ на устройство пожарной част. 513170 — — — — — — — — Пенсіонныхъ. 1010131/2 1876361/2 231 263/4 844 1/4 72739 Запасныхъ . — — — — 20377 — 3650 30 14400 — На удовлетвореніе текущихъ нуждъ. — — 8490 721/2 163781/2 1259 253/4 41 — Въ Енисейской Губерніи существуетъ три общественныхъ Банка въ городахъ: Канскѣ, Енисейскѣ и Минусинскѣ. Канскій Банк открытъ въ 1863 г. Основной капиталъ онаго . . . . 10000 р. Общій оборотъ простирался въ 1872 г. до . . 155536 р. 371/2 к."
d28;1 Января 1873 года;"ref=""#municipal_banks""";"46 — 18 — довъ по каждому городу отдѣльно видно изъ приложенной вѣдомости. Недоимки къ 1873 г. осталось по городамъ: Красноярску за разныя оброчныя статьи и, главнымъ образомъ, оцѣночнаго сбора съ недвижимыхъ имуществъ — 12138 р. 101/2 коп.; Енисейску на арендаторахъ оброчныхъ статей — 2722 р. 33 к.; Канску — 1001 р. 801/4 к., Ачинску — 5306 р. 901/4 коп., — на арендаторахъ же и Минусинску — 12070 р. 903/4 к., изъ коихъ слѣдуетъ выключить 9336 р. 15 к., обеспеченныхъ къ возврату Правительственнымъ учрежденіемъ -- Приказомъ Общественнаго Призрѣнія и благонадежными векселями; слѣдовательно дѣйствительной недоимки по всѣмъ городамъ считается — 22903 р. 943/4 коп., болѣе предъидущаго года на 9145 р. 413/4 коп. Недоимка увеличилась болѣе значительно по г. Красноярску, что нужно объяснить трудностью взысканія новаго оцѣночнаго сбора съ недвижимыхъ имуществъ. Въ числѣ денежныхъ капиталовъ пиинадлежащихъ городамъ было къ 1 Января 1873 года. Въ Красноярскѣ. Въ Енисейскѣ. Въ Минусинскѣ. Въ Канскѣ. Въ Ачискѣ. Руб. Коп. Руб. Коп. Руб. Коп. Руб. Коп. Руб. Коп. Неприкосновенныхъ. Данный Правительствомъ на устройство пожарной част. 513170 — — — — — — — — Пенсіонныхъ. 1010131/2 1876361/2 231 263/4 844 1/4 72739 Запасныхъ . — — — — 20377 — 3650 30 14400 — На удовлетвореніе текущихъ нуждъ. — — 8490 721/2 163781/2 1259 253/4 41 — Въ Енисейской Губерніи существуетъ три общественныхъ Банка въ городахъ: Канскѣ, Енисейскѣ и Минусинскѣ. Канскій Банк открытъ въ 1863 г. Основной капиталъ онаго . . . . 10000 р. Общій оборотъ простирался въ 1872 г. до . . 155536 р. 371/2 к."
d29;1863 г.;"ref=""#municipal_banks""";"46 — 18 — довъ по каждому городу отдѣльно видно изъ приложенной вѣдомости. Недоимки къ 1873 г. осталось по городамъ: Красноярску за разныя оброчныя статьи и, главнымъ образомъ, оцѣночнаго сбора съ недвижимыхъ имуществъ — 12138 р. 101/2 коп.; Енисейску на арендаторахъ оброчныхъ статей — 2722 р. 33 к.; Канску — 1001 р. 801/4 к., Ачинску — 5306 р. 901/4 коп., — на арендаторахъ же и Минусинску — 12070 р. 903/4 к., изъ коихъ слѣдуетъ выключить 9336 р. 15 к., обеспеченныхъ къ возврату Правительственнымъ учрежденіемъ -- Приказомъ Общественнаго Призрѣнія и благонадежными векселями; слѣдовательно дѣйствительной недоимки по всѣмъ городамъ считается — 22903 р. 943/4 коп., болѣе предъидущаго года на 9145 р. 413/4 коп. Недоимка увеличилась болѣе значительно по г. Красноярску, что нужно объяснить трудностью взысканія новаго оцѣночнаго сбора съ недвижимыхъ имуществъ. Въ числѣ денежныхъ капиталовъ пиинадлежащихъ городамъ было къ 1 Января 1873 года. Въ Красноярскѣ. Въ Енисейскѣ. Въ Минусинскѣ. Въ Канскѣ. Въ Ачискѣ. Руб. Коп. Руб. Коп. Руб. Коп. Руб. Коп. Руб. Коп. Неприкосновенныхъ. Данный Правительствомъ на устройство пожарной част. 513170 — — — — — — — — Пенсіонныхъ. 1010131/2 1876361/2 231 263/4 844 1/4 72739 Запасныхъ . — — — — 20377 — 3650 30 14400 — На удовлетвореніе текущихъ нуждъ. — — 8490 721/2 163781/2 1259 253/4 41 — Въ Енисейской Губерніи существуетъ три общественныхъ Банка въ городахъ: Канскѣ, Енисейскѣ и Минусинскѣ. Канскій Банк открытъ въ 1863 г. Основной капиталъ онаго . . . . 10000 р. Общій оборотъ простирался въ 1872 г. до . . 155536 р. 371/2 к."
d30;1872 г.;"ref=""#municipal_banks""";"46 — 18 — довъ по каждому городу отдѣльно видно изъ приложенной вѣдомости. Недоимки къ 1873 г. осталось по городамъ: Красноярску за разныя оброчныя статьи и, главнымъ образомъ, оцѣночнаго сбора съ недвижимыхъ имуществъ — 12138 р. 101/2 коп.; Енисейску на арендаторахъ оброчныхъ статей — 2722 р. 33 к.; Канску — 1001 р. 801/4 к., Ачинску — 5306 р. 901/4 коп., — на арендаторахъ же и Минусинску — 12070 р. 903/4 к., изъ коихъ слѣдуетъ выключить 9336 р. 15 к., обеспеченныхъ къ возврату Правительственнымъ учрежденіемъ -- Приказомъ Общественнаго Призрѣнія и благонадежными векселями; слѣдовательно дѣйствительной недоимки по всѣмъ городамъ считается — 22903 р. 943/4 коп., болѣе предъидущаго года на 9145 р. 413/4 коп. Недоимка увеличилась болѣе значительно по г. Красноярску, что нужно объяснить трудностью взысканія новаго оцѣночнаго сбора съ недвижимыхъ имуществъ. Въ числѣ денежныхъ капиталовъ пиинадлежащихъ городамъ было къ 1 Января 1873 года. Въ Красноярскѣ. Въ Енисейскѣ. Въ Минусинскѣ. Въ Канскѣ. Въ Ачискѣ. Руб. Коп. Руб. Коп. Руб. Коп. Руб. Коп. Руб. Коп. Неприкосновенныхъ. Данный Правительствомъ на устройство пожарной част. 513170 — — — — — — — — Пенсіонныхъ. 1010131/2 1876361/2 231 263/4 844 1/4 72739 Запасныхъ . — — — — 20377 — 3650 30 14400 — На удовлетвореніе текущихъ нуждъ. — — 8490 721/2 163781/2 1259 253/4 41 — Въ Енисейской Губерніи существуетъ три общественныхъ Банка въ городахъ: Канскѣ, Енисейскѣ и Минусинскѣ. Канскій Банк открытъ въ 1863 г. Основной капиталъ онаго . . . . 10000 р. Общій оборотъ простирался въ 1872 г. до . . 155536 р. 371/2 к."
d31;1867 год;"ref=""#report_enisei_1872""";"47 — 19 — Чистой прибыли получено . . . . 3095 р. 411/2 к. А съ открытія Банка . . . . . 18215 р. 181/2 к. Минусинскій открытъ въ 1867 году. Основной капиталъ . . . . . 10000 р. Общій оборотъ въ 1872 г. простирался до . 360310 р. 98 к. Чистой прибыли получено . . . . 4707 р. 273/4 к. А съ открытія Банка . . . . . 17575 р. 561/4 к. Енисейскій открытъ въ 1863 г. Основной капиталъ онаго . . . . 70000 р. Общій оборотъ въ 1872 г. простирался до . 123935 р. 41/2 к. Чистой прибыли получено . . . . 4532 р. 831/4 к. А съ открытія Банка . . . . . 23539 р. г.) Акцизные Сборы.г.) Акцизные Сборы. Акцизныхъ сборовъ съ вина, спирта и пива поступило въ отчетномъ году 1103104 р. 711/2 к., менѣе предъидущаго года на 99090 р. 641/2 к.; акциза съ соли вывезенной съ Китайской Границы 2918 р. 301/2 к., болѣе противу 1871 г. на 173 р. 141/2 к. Уменьшеніе акцизнаго Сбора небыло слѣдствіемъ уменьшенія винокуренія, а указываетъ на то, что изъ винокуренныхъ заводовъ и оптовыхъ складовъ Енисейской губерніи увеличился отпускъ спирта за предѣлы Губерніи — въ Иркутскую Губернію, гдѣ спиртъ и оплачивался акцизомъ. Сбора за потенты поступило 122764 р., менѣе 1871 г. на 5398 руб. Уменьшеніе это произошло оттого, что общества нѣкоторыхъ селеній невыдавали приговоровъ на торговлю питьями, а нѣкоторые если и выдавали, то не многимъ лицамъ, а не всѣмъ, которые желали производить торговлю, Въ отчетномъ году въ Губерніи находилось: трактировъ 15, оптовыхъ складовъ 66, ренсковыхъ погребовъ 21, буфетовъ 8, пивныхъ лавокъ 3 и питейныхъ продажъ 1513."
d32;1872 г.;"ref=""#report_enisei_1872""";"47 — 19 — Чистой прибыли получено . . . . 3095 р. 411/2 к. А съ открытія Банка . . . . . 18215 р. 181/2 к. Минусинскій открытъ въ 1867 году. Основной капиталъ . . . . . 10000 р. Общій оборотъ въ 1872 г. простирался до . 360310 р. 98 к. Чистой прибыли получено . . . . 4707 р. 273/4 к. А съ открытія Банка . . . . . 17575 р. 561/4 к. Енисейскій открытъ въ 1863 г. Основной капиталъ онаго . . . . 70000 р. Общій оборотъ въ 1872 г. простирался до . 123935 р. 41/2 к. Чистой прибыли получено . . . . 4532 р. 831/4 к. А съ открытія Банка . . . . . 23539 р. г.) Акцизные Сборы.г.) Акцизные Сборы. Акцизныхъ сборовъ съ вина, спирта и пива поступило въ отчетномъ году 1103104 р. 711/2 к., менѣе предъидущаго года на 99090 р. 641/2 к.; акциза съ соли вывезенной съ Китайской Границы 2918 р. 301/2 к., болѣе противу 1871 г. на 173 р. 141/2 к. Уменьшеніе акцизнаго Сбора небыло слѣдствіемъ уменьшенія винокуренія, а указываетъ на то, что изъ винокуренныхъ заводовъ и оптовыхъ складовъ Енисейской губерніи увеличился отпускъ спирта за предѣлы Губерніи — въ Иркутскую Губернію, гдѣ спиртъ и оплачивался акцизомъ. Сбора за потенты поступило 122764 р., менѣе 1871 г. на 5398 руб. Уменьшеніе это произошло оттого, что общества нѣкоторыхъ селеній невыдавали приговоровъ на торговлю питьями, а нѣкоторые если и выдавали, то не многимъ лицамъ, а не всѣмъ, которые желали производить торговлю, Въ отчетномъ году въ Губерніи находилось: трактировъ 15, оптовыхъ складовъ 66, ренсковыхъ погребовъ 21, буфетовъ 8, пивныхъ лавокъ 3 и питейныхъ продажъ 1513."
d33;1863 г.;"ref=""#report_enisei_1872""";"47 — 19 — Чистой прибыли получено . . . . 3095 р. 411/2 к. А съ открытія Банка . . . . . 18215 р. 181/2 к. Минусинскій открытъ въ 1867 году. Основной капиталъ . . . . . 10000 р. Общій оборотъ въ 1872 г. простирался до . 360310 р. 98 к. Чистой прибыли получено . . . . 4707 р. 273/4 к. А съ открытія Банка . . . . . 17575 р. 561/4 к. Енисейскій открытъ въ 1863 г. Основной капиталъ онаго . . . . 70000 р. Общій оборотъ въ 1872 г. простирался до . 123935 р. 41/2 к. Чистой прибыли получено . . . . 4532 р. 831/4 к. А съ открытія Банка . . . . . 23539 р. г.) Акцизные Сборы.г.) Акцизные Сборы. Акцизныхъ сборовъ съ вина, спирта и пива поступило въ отчетномъ году 1103104 р. 711/2 к., менѣе предъидущаго года на 99090 р. 641/2 к.; акциза съ соли вывезенной съ Китайской Границы 2918 р. 301/2 к., болѣе противу 1871 г. на 173 р. 141/2 к. Уменьшеніе акцизнаго Сбора небыло слѣдствіемъ уменьшенія винокуренія, а указываетъ на то, что изъ винокуренныхъ заводовъ и оптовыхъ складовъ Енисейской губерніи увеличился отпускъ спирта за предѣлы Губерніи — въ Иркутскую Губернію, гдѣ спиртъ и оплачивался акцизомъ. Сбора за потенты поступило 122764 р., менѣе 1871 г. на 5398 руб. Уменьшеніе это произошло оттого, что общества нѣкоторыхъ селеній невыдавали приговоровъ на торговлю питьями, а нѣкоторые если и выдавали, то не многимъ лицамъ, а не всѣмъ, которые желали производить торговлю, Въ отчетномъ году въ Губерніи находилось: трактировъ 15, оптовыхъ складовъ 66, ренсковыхъ погребовъ 21, буфетовъ 8, пивныхъ лавокъ 3 и питейныхъ продажъ 1513."
d34;1872 г.;"ref=""#report_enisei_1872""";"47 — 19 — Чистой прибыли получено . . . . 3095 р. 411/2 к. А съ открытія Банка . . . . . 18215 р. 181/2 к. Минусинскій открытъ въ 1867 году. Основной капиталъ . . . . . 10000 р. Общій оборотъ въ 1872 г. простирался до . 360310 р. 98 к. Чистой прибыли получено . . . . 4707 р. 273/4 к. А съ открытія Банка . . . . . 17575 р. 561/4 к. Енисейскій открытъ въ 1863 г. Основной капиталъ онаго . . . . 70000 р. Общій оборотъ въ 1872 г. простирался до . 123935 р. 41/2 к. Чистой прибыли получено . . . . 4532 р. 831/4 к. А съ открытія Банка . . . . . 23539 р. г.) Акцизные Сборы.г.) Акцизные Сборы. Акцизныхъ сборовъ съ вина, спирта и пива поступило въ отчетномъ году 1103104 р. 711/2 к., менѣе предъидущаго года на 99090 р. 641/2 к.; акциза съ соли вывезенной съ Китайской Границы 2918 р. 301/2 к., болѣе противу 1871 г. на 173 р. 141/2 к. Уменьшеніе акцизнаго Сбора небыло слѣдствіемъ уменьшенія винокуренія, а указываетъ на то, что изъ винокуренныхъ заводовъ и оптовыхъ складовъ Енисейской губерніи увеличился отпускъ спирта за предѣлы Губерніи — въ Иркутскую Губернію, гдѣ спиртъ и оплачивался акцизомъ. Сбора за потенты поступило 122764 р., менѣе 1871 г. на 5398 руб. Уменьшеніе это произошло оттого, что общества нѣкоторыхъ селеній невыдавали приговоровъ на торговлю питьями, а нѣкоторые если и выдавали, то не многимъ лицамъ, а не всѣмъ, которые желали производить торговлю, Въ отчетномъ году въ Губерніи находилось: трактировъ 15, оптовыхъ складовъ 66, ренсковыхъ погребовъ 21, буфетовъ 8, пивныхъ лавокъ 3 и питейныхъ продажъ 1513."
d35;1871 г.;"ref=""#report_enisei_1872""";"47 — 19 — Чистой прибыли получено . . . . 3095 р. 411/2 к. А съ открытія Банка . . . . . 18215 р. 181/2 к. Минусинскій открытъ въ 1867 году. Основной капиталъ . . . . . 10000 р. Общій оборотъ въ 1872 г. простирался до . 360310 р. 98 к. Чистой прибыли получено . . . . 4707 р. 273/4 к. А съ открытія Банка . . . . . 17575 р. 561/4 к. Енисейскій открытъ въ 1863 г. Основной капиталъ онаго . . . . 70000 р. Общій оборотъ въ 1872 г. простирался до . 123935 р. 41/2 к. Чистой прибыли получено . . . . 4532 р. 831/4 к. А съ открытія Банка . . . . . 23539 р. г.) Акцизные Сборы.г.) Акцизные Сборы. Акцизныхъ сборовъ съ вина, спирта и пива поступило въ отчетномъ году 1103104 р. 711/2 к., менѣе предъидущаго года на 99090 р. 641/2 к.; акциза съ соли вывезенной съ Китайской Границы 2918 р. 301/2 к., болѣе противу 1871 г. на 173 р. 141/2 к. Уменьшеніе акцизнаго Сбора небыло слѣдствіемъ уменьшенія винокуренія, а указываетъ на то, что изъ винокуренныхъ заводовъ и оптовыхъ складовъ Енисейской губерніи увеличился отпускъ спирта за предѣлы Губерніи — въ Иркутскую Губернію, гдѣ спиртъ и оплачивался акцизомъ. Сбора за потенты поступило 122764 р., менѣе 1871 г. на 5398 руб. Уменьшеніе это произошло оттого, что общества нѣкоторыхъ селеній невыдавали приговоровъ на торговлю питьями, а нѣкоторые если и выдавали, то не многимъ лицамъ, а не всѣмъ, которые желали производить торговлю, Въ отчетномъ году въ Губерніи находилось: трактировъ 15, оптовыхъ складовъ 66, ренсковыхъ погребовъ 21, буфетовъ 8, пивныхъ лавокъ 3 и питейныхъ продажъ 1513."
d36;1871 г.;"ref=""#report_enisei_1872""";"47 — 19 — Чистой прибыли получено . . . . 3095 р. 411/2 к. А съ открытія Банка . . . . . 18215 р. 181/2 к. Минусинскій открытъ въ 1867 году. Основной капиталъ . . . . . 10000 р. Общій оборотъ въ 1872 г. простирался до . 360310 р. 98 к. Чистой прибыли получено . . . . 4707 р. 273/4 к. А съ открытія Банка . . . . . 17575 р. 561/4 к. Енисейскій открытъ въ 1863 г. Основной капиталъ онаго . . . . 70000 р. Общій оборотъ въ 1872 г. простирался до . 123935 р. 41/2 к. Чистой прибыли получено . . . . 4532 р. 831/4 к. А съ открытія Банка . . . . . 23539 р. г.) Акцизные Сборы.г.) Акцизные Сборы. Акцизныхъ сборовъ съ вина, спирта и пива поступило въ отчетномъ году 1103104 р. 711/2 к., менѣе предъидущаго года на 99090 р. 641/2 к.; акциза съ соли вывезенной съ Китайской Границы 2918 р. 301/2 к., болѣе противу 1871 г. на 173 р. 141/2 к. Уменьшеніе акцизнаго Сбора небыло слѣдствіемъ уменьшенія винокуренія, а указываетъ на то, что изъ винокуренныхъ заводовъ и оптовыхъ складовъ Енисейской губерніи увеличился отпускъ спирта за предѣлы Губерніи — въ Иркутскую Губернію, гдѣ спиртъ и оплачивался акцизомъ. Сбора за потенты поступило 122764 р., менѣе 1871 г. на 5398 руб. Уменьшеніе это произошло оттого, что общества нѣкоторыхъ селеній невыдавали приговоровъ на торговлю питьями, а нѣкоторые если и выдавали, то не многимъ лицамъ, а не всѣмъ, которые желали производить торговлю, Въ отчетномъ году въ Губерніи находилось: трактировъ 15, оптовыхъ складовъ 66, ренсковыхъ погребовъ 21, буфетовъ 8, пивныхъ лавокъ 3 и питейныхъ продажъ 1513."
d37;1871 года;"ref=""#tax_arrears_1872""";"48 — 20 — Распредѣленіе ихъ по городамъ и округамъ слѣдующее. Оптов. склад. Ренск. погреб. Тракттировъ. Буфетовъ. Пивн. лавокъ. Питейн. домовъ. Въ Красноярскѣ . 6 3 6 3 3 86 — округѣ онаго . 4 — — — — 248 — г. Енисейскѣ . 4 5 5 3 — 99 — округѣ онаго . 10 — — — — 169 — г. Минусинскѣ . 4 3 2 1 — 42 — округѣ онаго . 14 7 — — — 302 — г. Канскѣ . 5 1 — — — 31 — округѣ онаго . 9 — — — — 278 — г. Ачинскѣ . 5 1 2 1 — 23 — округѣ онаго . 4 1 — — — 235 — г. Туруханскѣ . 1 — — — — 2 Итого 66 21 15 8 3 1531 Хотя число питейныхъ домовъ противу 1871 года и уменьшилось значительно, именно на 309, но жалобы земскихъ властей на чрезмѣрное пьянство сельскаго населенія продолжаются; пьянствомъ же объясняются отчасти и не полное поступленіе податей и извѣстный рядъ преступленія и проступковъ, е.) Отправленіе натуральныхъ повинностей.е.) Отправленіе натуральныхъ повинностей. Обывателями Енисейской губерніи въ 1872 году отправлены натурою слѣдующія повинности. 1.) Исправленіе дорогъ, мостовъ, гатий, бичевниковъ, перилъ, столбовъ и приготовленіе для оныхъ лѣса. Число людей занятыхъ отправленіемъ этой повинности 18210 челов. Число подводъ ............................. 14152 Время занятій ............................. до 30 дней. 2.) Отправленіе междудворной гоньбы: Число людей .............................. 36295 чел."
d38;1872 год;"ref=""#tax_arrears_1872""";"48 — 20 — Распредѣленіе ихъ по городамъ и округамъ слѣдующее. Оптов. склад. Ренск. погреб. Тракттировъ. Буфетовъ. Пивн. лавокъ. Питейн. домовъ. Въ Красноярскѣ . 6 3 6 3 3 86 — округѣ онаго . 4 — — — — 248 — г. Енисейскѣ . 4 5 5 3 — 99 — округѣ онаго . 10 — — — — 169 — г. Минусинскѣ . 4 3 2 1 — 42 — округѣ онаго . 14 7 — — — 302 — г. Канскѣ . 5 1 — — — 31 — округѣ онаго . 9 — — — — 278 — г. Ачинскѣ . 5 1 2 1 — 23 — округѣ онаго . 4 1 — — — 235 — г. Туруханскѣ . 1 — — — — 2 Итого 66 21 15 8 3 1531 Хотя число питейныхъ домовъ противу 1871 года и уменьшилось значительно, именно на 309, но жалобы земскихъ властей на чрезмѣрное пьянство сельскаго населенія продолжаются; пьянствомъ же объясняются отчасти и не полное поступленіе податей и извѣстный рядъ преступленія и проступковъ, е.) Отправленіе натуральныхъ повинностей.е.) Отправленіе натуральныхъ повинностей. Обывателями Енисейской губерніи въ 1872 году отправлены натурою слѣдующія повинности. 1.) Исправленіе дорогъ, мостовъ, гатий, бичевниковъ, перилъ, столбовъ и приготовленіе для оныхъ лѣса. Число людей занятыхъ отправленіемъ этой повинности 18210 челов. Число подводъ ............................. 14152 Время занятій ............................. до 30 дней. 2.) Отправленіе междудворной гоньбы: Число людей .............................. 36295 чел."
d39;1871 год;"ref=""#report_enisei_1872""";52 — 24 — Частныхъ: На содержаніе Волостныхъ Правленій, Степныхъ Думъ, Инородческихъ Управленій и IV Отдѣленія Главнаго Управленія Восточной Сибири .............. 42950 р. 431/4 к. На содержаніе Городскихъ полицій и другіе городскіе расходы ................................ 37523 р. 641/2 к. Внутреннихъ: На содержаніе сельскими и инородческими обществами пожарной части и прочихъ внутреннихъ повинностей ....................................... 4898 р. 55 к. На сдачу рекрутъ по общему набору ........... 3917 р. 503/4 к. На содержаніе разныхъ казенныхъ и общественныхъ зданій и экономическихъ магазиновъ ............. 13810 р. 361/4 к. На жалованье и письмоводство рекрутскихъ старостъ .47 р. 31 к. На содержаніе учебныхъ заведеній ............ 21536 р. 72 к. Всего израсходовано по всей губерніи ....... 539625 р. 931/4 к. Вопросъ о переложеніи натуральной дорожной повинности въ денежную, возбужденный въ въ 1871 году Генералъ Губернаторомъ и отданный имъ на обсужденіе крестьянскихъ обществъ вырѣшился окончательно въ отчетномъ году: крестьяне не согласились на переложеніе этой повинности въ денежную, потому что отбывая таковую натурою въ свободное отъ работъ время они находятъ ее для себя менѣе обременительною Бывшій въ 1872 г. въ Енисейской губерніи одинъ общій по Имперіи рекрутскій наборъ оконченъ успѣшно и въ опредѣленный срокъ. Съ 74093 душъ разнаго рода званія податнаго сословія слѣдовало 440 рекрутъ, пріемъ которыхъ производился въ 5-ти рекрутскихъ присутствіяхъ. Принято натурою ................................ 331 Зачтено по квитанціямъ ........................... 109 440 Въ рекрутскія присутствія представлено было къ пріему ... 645
d40;1872 г.;"ref=""#report_enisei_1872""";52 — 24 — Частныхъ: На содержаніе Волостныхъ Правленій, Степныхъ Думъ, Инородческихъ Управленій и IV Отдѣленія Главнаго Управленія Восточной Сибири .............. 42950 р. 431/4 к. На содержаніе Городскихъ полицій и другіе городскіе расходы ................................ 37523 р. 641/2 к. Внутреннихъ: На содержаніе сельскими и инородческими обществами пожарной части и прочихъ внутреннихъ повинностей ....................................... 4898 р. 55 к. На сдачу рекрутъ по общему набору ........... 3917 р. 503/4 к. На содержаніе разныхъ казенныхъ и общественныхъ зданій и экономическихъ магазиновъ ............. 13810 р. 361/4 к. На жалованье и письмоводство рекрутскихъ старостъ .47 р. 31 к. На содержаніе учебныхъ заведеній ............ 21536 р. 72 к. Всего израсходовано по всей губерніи ....... 539625 р. 931/4 к. Вопросъ о переложеніи натуральной дорожной повинности въ денежную, возбужденный въ въ 1871 году Генералъ Губернаторомъ и отданный имъ на обсужденіе крестьянскихъ обществъ вырѣшился окончательно въ отчетномъ году: крестьяне не согласились на переложеніе этой повинности въ денежную, потому что отбывая таковую натурою въ свободное отъ работъ время они находятъ ее для себя менѣе обременительною Бывшій въ 1872 г. въ Енисейской губерніи одинъ общій по Имперіи рекрутскій наборъ оконченъ успѣшно и въ опредѣленный срокъ. Съ 74093 душъ разнаго рода званія податнаго сословія слѣдовало 440 рекрутъ, пріемъ которыхъ производился въ 5-ти рекрутскихъ присутствіяхъ. Принято натурою ................................ 331 Зачтено по квитанціямъ ........................... 109 440 Въ рекрутскія присутствія представлено было къ пріему ... 645
d41;1872 г.;"ref=""#general_statistics_1872""";53 — 25 — Возвращено бывшихъ въ числѣ подставныхъ ............ 165 Затѣмъ забраковано по неспособности къ пріему по разнымъ недостаткамъ и болѣзнямъ ................................ 40 Сдача рекрутъ въ общей сложности обошлась обществамъ мѣщанъ ................................... 9 р. 30 к. Обществамъ крестьянъ ....................... 17 р. 39 к. Жалобъ на неправильную сдачу рекрутъ подано было 10, изъ нихъ удовлетворено три, остальныя, какъ не основательныя, остались безъ уваженія Важныхъ жалобъ не поступало. Къ этой статьѣ слѣдуетъ вѣдомость о числѣ принятыхъ рекрутъ по сословіямъ. III. ОБЩЕСТВЕННОЕ УСТРОЙСТВО И БЛАГОСОСТОЯНІЕ. Казенныя и общественныя зданія.Казенныя и общественныя зданія. Въ 1872 г. произведены работы: 1.) На счетъ Государственнаго земскаго сбора: а.) Постройка при нѣкоторыхъ почтовыхъ домахъ въ Канскомъ и Ачинскомъ округѣ ямщичьихъ избъ, а также обшивка и окраска почтовыхъ домовъ. б.) Исправленіе мостовъ чрезъ рѣчки: Качу, болошой и малой Бугачи — въ выгонѣ г. Красноярска, постройка въ г Красноярскѣ гаубтвахты. в.) Исправленіе этапныхъ и ночлежныхъ помѣщеній въ Красноярскомъ и Ачинскомъ округахъ, расширеніе этапнаго помѣщанія въ с Ключевскомъ Канскаго округа и постройка при этомъ этапѣ казармы для нижнихъ чиновъ. г.) Исправленіе половино-Черемховскаго почтоваго дома въ Канскомъ округѣ. д.) Исправленіе Бородинскаго почтоваго дома въ Канскомъ округѣ. е.) Исправленіе печи въ кухнѣ нижнихъ чиновъ при Ключинскомъ этапѣ. ж.) Задѣлка подкопа въ зданіи Канскаго этапа. з.) Исправленіе зданій Енисейскихъ присутственныхъ мѣстъ.
d42;1871 г.;"ref=""#report_enisei_1872""";"57 — 29 — обращена въ оброчную стат ю и отдана въ арендное содержаніе на три года по 1413 руб. въ годъ, съ условіемъ производить сборъ по особо утвержденной таксѣ. в.) Почты.в.) Почты. Почтовыхъ станцій въ губерніи 56-ть, на которыхъ содержалось лошадей 289 паръ. Другихъ измѣненiй въ почтовыхъ трактахъ, кромѣ выше упомянутаго, въ отчетномъ году не послѣдовало. Важныхъ жалобъ на неправильныя дѣйствія почтоваго начальства по отправленію почтовой гоньбы непоступало. г.) Народная нравственность.г.) Народная нравственность. Преобладающія преступленія въ губерніи, какъ это видно изъ прилагаемой вѣдомости № 5, были: воровства, кражи, смертоубійства, преступленія и проступки противъ службы государственной и общественной, нарушенія уставовъ монетныхъ, нанесеніе ранъ и другихъ поврежденій, грабежи, бродяжества и укрывательство бѣглыхъ; эти же преступленія преобладали и въ прошломъ году. Число преступленій, доходившее въ 1871 г. до 743, увеличилось въ отчетномъ году на 251 и составляло 991, по которымъ осуждено судебными приговорами 1017 лицъ, въ томъ числѣ 951 мужчинъ и 66 женщинъ. Перечисленныя преступленія составляютъ больше половины всѣхъ другихъ, поименованныхъ въ вѣдомости № 5, именно 592. Противу 1871 г. увеличилось: смертоубійствъ на 46, преступленій и проступковъ противъ службы государственной и общественной на 48, нарушеній уставовъ монетныхъ на 20, нанесеній ранъ и другихъ поврежденій на 9, грабежей на 7. Значительно уменьшилсиь, именно на 94, воровства кражи, бродяжничества на — 16. Изъ 1017 осужденныхъ судебными приговорами было: мѣщанъ 168 челов., крестьянъ 281 челов. и поселенцевъ 269 челов. Принимая во вниманіе, что въ числѣ крестьянъ большая часть бывшіе поселенцы, нужно замѣтить, что преступленія совершаются главнымъ образомъ пришлымъ населеніемъ, а не кореннымъ."
d43;1871 г.;"ref=""#report_enisei_1872""";"57 — 29 — обращена въ оброчную стат ю и отдана въ арендное содержаніе на три года по 1413 руб. въ годъ, съ условіемъ производить сборъ по особо утвержденной таксѣ. в.) Почты.в.) Почты. Почтовыхъ станцій въ губерніи 56-ть, на которыхъ содержалось лошадей 289 паръ. Другихъ измѣненiй въ почтовыхъ трактахъ, кромѣ выше упомянутаго, въ отчетномъ году не послѣдовало. Важныхъ жалобъ на неправильныя дѣйствія почтоваго начальства по отправленію почтовой гоньбы непоступало. г.) Народная нравственность.г.) Народная нравственность. Преобладающія преступленія въ губерніи, какъ это видно изъ прилагаемой вѣдомости № 5, были: воровства, кражи, смертоубійства, преступленія и проступки противъ службы государственной и общественной, нарушенія уставовъ монетныхъ, нанесеніе ранъ и другихъ поврежденій, грабежи, бродяжества и укрывательство бѣглыхъ; эти же преступленія преобладали и въ прошломъ году. Число преступленій, доходившее въ 1871 г. до 743, увеличилось въ отчетномъ году на 251 и составляло 991, по которымъ осуждено судебными приговорами 1017 лицъ, въ томъ числѣ 951 мужчинъ и 66 женщинъ. Перечисленныя преступленія составляютъ больше половины всѣхъ другихъ, поименованныхъ въ вѣдомости № 5, именно 592. Противу 1871 г. увеличилось: смертоубійствъ на 46, преступленій и проступковъ противъ службы государственной и общественной на 48, нарушеній уставовъ монетныхъ на 20, нанесеній ранъ и другихъ поврежденій на 9, грабежей на 7. Значительно уменьшилсиь, именно на 94, воровства кражи, бродяжничества на — 16. Изъ 1017 осужденныхъ судебными приговорами было: мѣщанъ 168 челов., крестьянъ 281 челов. и поселенцевъ 269 челов. Принимая во вниманіе, что въ числѣ крестьянъ большая часть бывшіе поселенцы, нужно замѣтить, что преступленія совершаются главнымъ образомъ пришлымъ населеніемъ, а не кореннымъ."
d44;1 Января 1873 г.;"ref=""#report_enisei_1872""";"58 — 30 — Преступныя женщины составляютъ только 15 ю часть обвиненныхъ мужчинъ. Изъ 66 осужденныхъ женщинъ обвинены въ смертоубійствѣ 42, въ нанесеніи ранъ и другихъ поврежденій 5, въ бродяжествѣ 4. е.) Арестанты, тюремные замки и этапы.е.) Арестанты, тюремные замки и этапы. Арестантовъ всѣхъ категорій: послѣдственныхъ, пересыльныхъ и заключенныхъ на сроки по судебнымъ приговорамъ было въ отчетномъ году, съ оставшимися отъ предъидущаго года, 21725 челов., — 19058 муж. и 2667 женщ ; -- къ 1 Января 1873 г. оставалось 1658 челов., — 1473 муж. и 185 женщ. Послѣдственные и срочные заключались въ 5 тюремныхъ замкахъ и при полиціяхъ въ 5 городахъ, пересыльные въ пересыльныхъ казармахъ въ городахъ, и въ г. Красноярскѣ кромѣ того еще въ двухъ временныхъ помѣщеніяхъ: на пути арестанты останавливались въ 18 этапахъ, изъ изъ коихъ 10 ночлежныхъ. Главное неудобство Красноярскаго тюремнаго замка есть тѣснота, которая устраняется по возможности изъ году въ годъ: въ 1870 г. была переведена изъ замка больница въ особо устроенное зданіе, въ 1871 г сдѣлано распоряженіе о постройкѣ особаго помѣщенія для мастеровыхъ и зданія для смотрителя, внѣ ограды острога, съ тою цѣлью чтобы зданіе въ которомъ онъ помѣщался отошло для нуждъ арестантовъ. Къ возведенію двухъ названныхъ построекъ приступлено въ отчетномъ году и работы должны окончиться въ настоящемъ 1873 г. Зданіе пересыльной казармы въ г. Красноярскѣ, находящееся среди города, ветхо и крайне тѣсно, въ особенности когда приходятъ большія партіи арестантовъ, что бываетъ съ Іюня мѣсяца до конца года. Переполненіе казармы арестантами въ отчетномъ году вызвало необходимость приспособленія для части пересыльныхъ арестантовъ другихъ помѣщеній — бывшей частной управы и ремесленнаго дома и хотя таковыя были произведены, но зданія все таки неудовлетворяли своей цѣли по ветхости своей и нахожденію среди города. Вслѣдствіе всего этого въ отчетномъ году возбуждена переписка о постройкѣ новой пересыльной казармы на 600 челов."
d45;1870 г.;"ref=""#report_enisei_1872""";"58 — 30 — Преступныя женщины составляютъ только 15 ю часть обвиненныхъ мужчинъ. Изъ 66 осужденныхъ женщинъ обвинены въ смертоубійствѣ 42, въ нанесеніи ранъ и другихъ поврежденій 5, въ бродяжествѣ 4. е.) Арестанты, тюремные замки и этапы.е.) Арестанты, тюремные замки и этапы. Арестантовъ всѣхъ категорій: послѣдственныхъ, пересыльныхъ и заключенныхъ на сроки по судебнымъ приговорамъ было въ отчетномъ году, съ оставшимися отъ предъидущаго года, 21725 челов., — 19058 муж. и 2667 женщ ; -- къ 1 Января 1873 г. оставалось 1658 челов., — 1473 муж. и 185 женщ. Послѣдственные и срочные заключались въ 5 тюремныхъ замкахъ и при полиціяхъ въ 5 городахъ, пересыльные въ пересыльныхъ казармахъ въ городахъ, и въ г. Красноярскѣ кромѣ того еще въ двухъ временныхъ помѣщеніяхъ: на пути арестанты останавливались въ 18 этапахъ, изъ изъ коихъ 10 ночлежныхъ. Главное неудобство Красноярскаго тюремнаго замка есть тѣснота, которая устраняется по возможности изъ году въ годъ: въ 1870 г. была переведена изъ замка больница въ особо устроенное зданіе, въ 1871 г сдѣлано распоряженіе о постройкѣ особаго помѣщенія для мастеровыхъ и зданія для смотрителя, внѣ ограды острога, съ тою цѣлью чтобы зданіе въ которомъ онъ помѣщался отошло для нуждъ арестантовъ. Къ возведенію двухъ названныхъ построекъ приступлено въ отчетномъ году и работы должны окончиться въ настоящемъ 1873 г. Зданіе пересыльной казармы въ г. Красноярскѣ, находящееся среди города, ветхо и крайне тѣсно, въ особенности когда приходятъ большія партіи арестантовъ, что бываетъ съ Іюня мѣсяца до конца года. Переполненіе казармы арестантами въ отчетномъ году вызвало необходимость приспособленія для части пересыльныхъ арестантовъ другихъ помѣщеній — бывшей частной управы и ремесленнаго дома и хотя таковыя были произведены, но зданія все таки неудовлетворяли своей цѣли по ветхости своей и нахожденію среди города. Вслѣдствіе всего этого въ отчетномъ году возбуждена переписка о постройкѣ новой пересыльной казармы на 600 челов."
d46;1873 г.;"ref=""#report_enisei_1872""";"58 — 30 — Преступныя женщины составляютъ только 15 ю часть обвиненныхъ мужчинъ. Изъ 66 осужденныхъ женщинъ обвинены въ смертоубійствѣ 42, въ нанесеніи ранъ и другихъ поврежденій 5, въ бродяжествѣ 4. е.) Арестанты, тюремные замки и этапы.е.) Арестанты, тюремные замки и этапы. Арестантовъ всѣхъ категорій: послѣдственныхъ, пересыльныхъ и заключенныхъ на сроки по судебнымъ приговорамъ было въ отчетномъ году, съ оставшимися отъ предъидущаго года, 21725 челов., — 19058 муж. и 2667 женщ ; -- къ 1 Января 1873 г. оставалось 1658 челов., — 1473 муж. и 185 женщ. Послѣдственные и срочные заключались въ 5 тюремныхъ замкахъ и при полиціяхъ въ 5 городахъ, пересыльные въ пересыльныхъ казармахъ въ городахъ, и въ г. Красноярскѣ кромѣ того еще въ двухъ временныхъ помѣщеніяхъ: на пути арестанты останавливались въ 18 этапахъ, изъ изъ коихъ 10 ночлежныхъ. Главное неудобство Красноярскаго тюремнаго замка есть тѣснота, которая устраняется по возможности изъ году въ годъ: въ 1870 г. была переведена изъ замка больница въ особо устроенное зданіе, въ 1871 г сдѣлано распоряженіе о постройкѣ особаго помѣщенія для мастеровыхъ и зданія для смотрителя, внѣ ограды острога, съ тою цѣлью чтобы зданіе въ которомъ онъ помѣщался отошло для нуждъ арестантовъ. Къ возведенію двухъ названныхъ построекъ приступлено въ отчетномъ году и работы должны окончиться въ настоящемъ 1873 г. Зданіе пересыльной казармы въ г. Красноярскѣ, находящееся среди города, ветхо и крайне тѣсно, въ особенности когда приходятъ большія партіи арестантовъ, что бываетъ съ Іюня мѣсяца до конца года. Переполненіе казармы арестантами въ отчетномъ году вызвало необходимость приспособленія для части пересыльныхъ арестантовъ другихъ помѣщеній — бывшей частной управы и ремесленнаго дома и хотя таковыя были произведены, но зданія все таки неудовлетворяли своей цѣли по ветхости своей и нахожденію среди города. Вслѣдствіе всего этого въ отчетномъ году возбуждена переписка о постройкѣ новой пересыльной казармы на 600 челов."
d47;1871 г.;"ref=""#report_enisei_1872""";"59 — 31 — Тюрьмы въ городахъ Канскѣ, Ачинскѣ и Минусинскѣ признаны неудовлетворяющими своей цѣли, — онѣ ветхи и тѣсны; въ отчетномъ году тюрьмы поддерживались такими только поправками и исправленіями, отложить которыя не представлялось никакой возможности. Объ ассигнованіи суммъ на капитальныя исправленія и постройку новыхъ зданій въ помянутыхъ городахъ производится переписка. Енисейскій острогъ и пристройки при немъ находятся въ удовлетворительномъ состояніи. — Пища арестантамъ давалась улучшенная противу положенія: въ теченіе года ни отъ арестантовъ, ни отъ лицъ посѣщавшихъ тюрьмы не было заявлено жалобъ на дурную пищу или на недостатокъ одежды. Больные арестанты въ г. г. Минусинскѣ и Енисейскѣ пользовались въ городовыхъ больницахъ, въ остальныхъ городахъ — въ больницахъ тюремныхъ. Тюремныя больницы въ Канскѣ и Ачинскѣ неудобны по тѣснотѣ и потому еще что помѣщаются въ томъ же корпусѣ гдѣ содержатся и здоровые арестанты. Красноярская больница хотя и помѣщена въ отдѣльномъ корпусѣ, нѣсколько тѣсна и винтиляція въ ней дурно устроена; анотомическій театръ холоденъ. Больница устроена на 80 кроватей число же больныхъ зимою доходи ло до 160, вслѣдствіе чего часть ихъ по необходимости была помѣщена, въ ущербъ здоровымъ арестантамъ, въ двухъ камерахъ тюремнаго замка. Въ отчетномъ году пользовалось въ больницахъ 1992 челов., противу 1871 г. болѣе на 565 челов. Между пересыльными арестантами свирѣпствовали сыпной тифъ и возвратная горяка, начало появленія ихъ — вторая половина Сентября, въ Октябрѣ поступило больныхъ 130, въ Ноябрѣ 94. Болѣзнь появилась и развилась во время перехода партій арестантовъ отъ Томска до Красноярска, между прочимъ отъ тѣсноты помѣщеній на этапахъ, дурной, холодной, погоды и въ особенности отъ того что въ Октябрѣ и Ноябрѣ мѣсяцахъ партіи приходили безъ зимней одежды. Въ теченіе зимы тифомъ и возвратною лихораткою было больныхъ 500 челов., изъ нихъ выздоровѣло 426, умер-"
d48;1872 г.;"ref=""#report_enisei_1872""";61 — 33 — 60 коп., именно: въ Красноярскѣ — 4591 р. 901/2 коп., Енисейскѣ — 3527 р. 141/2, Канскѣ — 1627 р. 55 коп., Ачинскѣ — 852 р. и Минусинскѣ — 680 р. Къ этой статьѣ слѣдуетъ вѣдомость № 6-й о пожарахъ. IV. НАРОДНОЕ ЗДРАВІЕ И ОБЩЕСТВЕННОЕ ПРИЗРѢНІЕ. а.) Врачи.а.) Врачи. Всѣхъ врачей по Енисейской губерніи въ теченіе 1872 г. состояло 29, изъ нихъ на Государственной службѣ 17 — въ томъ числѣ: въ г. Красноярскѣ 5, въ окружныхъ городахъ 9, на частныхъ золотыхъ пріискахъ 3 и вольнопрактикующихъ 12. — Недоставало врачей противъ штатнаго назначенія — 7 ми, а именно: Акушера Енисейской Врачебной Управы, Канскаго окружнаго врача и пяти сельскихъ окружныхъ врачей. Недостатокъ врачей по Енисейской губерніи обусловливается главнымъ образомъ, скудностью назначеннаго имъ жалованья при неудобствахъ и дороговизнѣ жизни. За отсутствіемъ желающихъ занять должности сельскихъ врачей, обязанности эти съ Декабря мѣсяца 1867 г. Врачебною управою возложены на окружныхъ врачей, которые таковыми исполняются болѣе или менѣе удовлетворительнымъ образомъ. Аптекъ въ Енисейской губерніи имѣется двѣ: одна въ г. Красноярскѣ, а другая въ г. Енисейскѣ. Сверхъ того, производится вольная продажа медикаментовъ при больницахъ вѣдомства Енисейскаго Приказа Общественнаго Призрѣнія въ городахъ — Канскѣ, Ачинскѣ и Минусинскѣ. Особыхъ мѣръ къ успѣшному оспопрививанію въ 1872 г. предпринимаемо небыло: дѣятельность Врачечной Управы въ этомъ отношеніи ограничивалась снабженіемъ нуждающихся свѣжей лимфой и оспопрививальными иглами, о также въ напоминаніи врачамъ о строгомъ исполненіи лежащихъ на нихъ, въ дѣлѣ оспопрививанія. обязанностей. Число родившихся дѣтей по губерніи, в теченіе отчетнаго года простиралось до въ теченіе года привита оспа 9362 младенцамъ, умерло 1653 и осталось не привитыхъ — Больныхъ венерическими болѣзнями, въ 1872 году, поступило для пользованія въ больничныя заведенія всего 655 человѣкъ, изъ коихъ вы-
d49;1867 г.;"ref=""#report_enisei_1872""";61 — 33 — 60 коп., именно: въ Красноярскѣ — 4591 р. 901/2 коп., Енисейскѣ — 3527 р. 141/2, Канскѣ — 1627 р. 55 коп., Ачинскѣ — 852 р. и Минусинскѣ — 680 р. Къ этой статьѣ слѣдуетъ вѣдомость № 6-й о пожарахъ. IV. НАРОДНОЕ ЗДРАВІЕ И ОБЩЕСТВЕННОЕ ПРИЗРѢНІЕ. а.) Врачи.а.) Врачи. Всѣхъ врачей по Енисейской губерніи въ теченіе 1872 г. состояло 29, изъ нихъ на Государственной службѣ 17 — въ томъ числѣ: въ г. Красноярскѣ 5, въ окружныхъ городахъ 9, на частныхъ золотыхъ пріискахъ 3 и вольнопрактикующихъ 12. — Недоставало врачей противъ штатнаго назначенія — 7 ми, а именно: Акушера Енисейской Врачебной Управы, Канскаго окружнаго врача и пяти сельскихъ окружныхъ врачей. Недостатокъ врачей по Енисейской губерніи обусловливается главнымъ образомъ, скудностью назначеннаго имъ жалованья при неудобствахъ и дороговизнѣ жизни. За отсутствіемъ желающихъ занять должности сельскихъ врачей, обязанности эти съ Декабря мѣсяца 1867 г. Врачебною управою возложены на окружныхъ врачей, которые таковыми исполняются болѣе или менѣе удовлетворительнымъ образомъ. Аптекъ въ Енисейской губерніи имѣется двѣ: одна въ г. Красноярскѣ, а другая въ г. Енисейскѣ. Сверхъ того, производится вольная продажа медикаментовъ при больницахъ вѣдомства Енисейскаго Приказа Общественнаго Призрѣнія въ городахъ — Канскѣ, Ачинскѣ и Минусинскѣ. Особыхъ мѣръ къ успѣшному оспопрививанію въ 1872 г. предпринимаемо небыло: дѣятельность Врачечной Управы въ этомъ отношеніи ограничивалась снабженіемъ нуждающихся свѣжей лимфой и оспопрививальными иглами, о также въ напоминаніи врачамъ о строгомъ исполненіи лежащихъ на нихъ, въ дѣлѣ оспопрививанія. обязанностей. Число родившихся дѣтей по губерніи, в теченіе отчетнаго года простиралось до въ теченіе года привита оспа 9362 младенцамъ, умерло 1653 и осталось не привитыхъ — Больныхъ венерическими болѣзнями, въ 1872 году, поступило для пользованія въ больничныя заведенія всего 655 человѣкъ, изъ коихъ вы-
d50;1872 г.;"ref=""#report_enisei_1872""";61 — 33 — 60 коп., именно: въ Красноярскѣ — 4591 р. 901/2 коп., Енисейскѣ — 3527 р. 141/2, Канскѣ — 1627 р. 55 коп., Ачинскѣ — 852 р. и Минусинскѣ — 680 р. Къ этой статьѣ слѣдуетъ вѣдомость № 6-й о пожарахъ. IV. НАРОДНОЕ ЗДРАВІЕ И ОБЩЕСТВЕННОЕ ПРИЗРѢНІЕ. а.) Врачи.а.) Врачи. Всѣхъ врачей по Енисейской губерніи въ теченіе 1872 г. состояло 29, изъ нихъ на Государственной службѣ 17 — въ томъ числѣ: въ г. Красноярскѣ 5, въ окружныхъ городахъ 9, на частныхъ золотыхъ пріискахъ 3 и вольнопрактикующихъ 12. — Недоставало врачей противъ штатнаго назначенія — 7 ми, а именно: Акушера Енисейской Врачебной Управы, Канскаго окружнаго врача и пяти сельскихъ окружныхъ врачей. Недостатокъ врачей по Енисейской губерніи обусловливается главнымъ образомъ, скудностью назначеннаго имъ жалованья при неудобствахъ и дороговизнѣ жизни. За отсутствіемъ желающихъ занять должности сельскихъ врачей, обязанности эти съ Декабря мѣсяца 1867 г. Врачебною управою возложены на окружныхъ врачей, которые таковыми исполняются болѣе или менѣе удовлетворительнымъ образомъ. Аптекъ въ Енисейской губерніи имѣется двѣ: одна въ г. Красноярскѣ, а другая въ г. Енисейскѣ. Сверхъ того, производится вольная продажа медикаментовъ при больницахъ вѣдомства Енисейскаго Приказа Общественнаго Призрѣнія въ городахъ — Канскѣ, Ачинскѣ и Минусинскѣ. Особыхъ мѣръ къ успѣшному оспопрививанію въ 1872 г. предпринимаемо небыло: дѣятельность Врачечной Управы въ этомъ отношеніи ограничивалась снабженіемъ нуждающихся свѣжей лимфой и оспопрививальными иглами, о также въ напоминаніи врачамъ о строгомъ исполненіи лежащихъ на нихъ, въ дѣлѣ оспопрививанія. обязанностей. Число родившихся дѣтей по губерніи, в теченіе отчетнаго года простиралось до въ теченіе года привита оспа 9362 младенцамъ, умерло 1653 и осталось не привитыхъ — Больныхъ венерическими болѣзнями, въ 1872 году, поступило для пользованія въ больничныя заведенія всего 655 человѣкъ, изъ коихъ вы-
d51;1872 год;"ref=""#report_enisei_1872""";61 — 33 — 60 коп., именно: въ Красноярскѣ — 4591 р. 901/2 коп., Енисейскѣ — 3527 р. 141/2, Канскѣ — 1627 р. 55 коп., Ачинскѣ — 852 р. и Минусинскѣ — 680 р. Къ этой статьѣ слѣдуетъ вѣдомость № 6-й о пожарахъ. IV. НАРОДНОЕ ЗДРАВІЕ И ОБЩЕСТВЕННОЕ ПРИЗРѢНІЕ. а.) Врачи.а.) Врачи. Всѣхъ врачей по Енисейской губерніи въ теченіе 1872 г. состояло 29, изъ нихъ на Государственной службѣ 17 — въ томъ числѣ: въ г. Красноярскѣ 5, въ окружныхъ городахъ 9, на частныхъ золотыхъ пріискахъ 3 и вольнопрактикующихъ 12. — Недоставало врачей противъ штатнаго назначенія — 7 ми, а именно: Акушера Енисейской Врачебной Управы, Канскаго окружнаго врача и пяти сельскихъ окружныхъ врачей. Недостатокъ врачей по Енисейской губерніи обусловливается главнымъ образомъ, скудностью назначеннаго имъ жалованья при неудобствахъ и дороговизнѣ жизни. За отсутствіемъ желающихъ занять должности сельскихъ врачей, обязанности эти съ Декабря мѣсяца 1867 г. Врачебною управою возложены на окружныхъ врачей, которые таковыми исполняются болѣе или менѣе удовлетворительнымъ образомъ. Аптекъ въ Енисейской губерніи имѣется двѣ: одна въ г. Красноярскѣ, а другая въ г. Енисейскѣ. Сверхъ того, производится вольная продажа медикаментовъ при больницахъ вѣдомства Енисейскаго Приказа Общественнаго Призрѣнія въ городахъ — Канскѣ, Ачинскѣ и Минусинскѣ. Особыхъ мѣръ къ успѣшному оспопрививанію въ 1872 г. предпринимаемо небыло: дѣятельность Врачечной Управы въ этомъ отношеніи ограничивалась снабженіемъ нуждающихся свѣжей лимфой и оспопрививальными иглами, о также въ напоминаніи врачамъ о строгомъ исполненіи лежащихъ на нихъ, въ дѣлѣ оспопрививанія. обязанностей. Число родившихся дѣтей по губерніи, в теченіе отчетнаго года простиралось до въ теченіе года привита оспа 9362 младенцамъ, умерло 1653 и осталось не привитыхъ — Больныхъ венерическими болѣзнями, въ 1872 году, поступило для пользованія въ больничныя заведенія всего 655 человѣкъ, изъ коихъ вы-
d52;1873 г.;"ref=""#general_statistics_1872""";"62 — 34 — здоровело 585, умерло 4 и осталось больныхъ къ Январю мѣс. 1873 г. 66. Приведенная цифра указываетъ только на незначительную часть сифилитиковъ попавшихъ въ больницы, большинство же больныхъ этой категоріи пользуются домашними средствами и совершенно ускользаетъ отъ медицинскаго наблюденія. Мѣры для пресѣченія распространенія этой болезни состояли: въ освидѣтельствованіи публичныхъ женщинъ, въ безплатномъ пользованіи больныхъ сифилисомъ, явившихся добровольно въ больницы и въ отбираніи показаній отъ больныхъ отъ кого заразились, съ привлеченіемъ сихъ послѣднихъ въ больницы для леченія. б.) Больницы и дома умалишенныхъ.б.) Больницы и дома умалишенныхъ. Въ губернскомъ городѣ Красноярскѣ и во всѣхъ окружныхъ городахъ Енисейской губерніи, существуютъ больницы на опредѣленное для каждой больницы штатное число кроватей. Общее состояніе этихъ больницъ, кромѣ Красноярской, неудовлетворительно, главные недостатки тѣснота и неудобство помѣщеній, къ устраненію которыхъ принимаются по возможности надлежащія мѣры. А именно: въ теченіе минувшаго года сдѣлана пристройка въ Минусинской городовой больницѣ и произведено исправленіе главнаго корпуса, предложена перестройка Ачинской и Енисейской городовыхъ больницъ, что относительно первой, имѣетъ осуществиться въ текущемъ году. Въ больницахъ пользуются люди всѣхъ званій и вѣдомствъ и кромѣ того въ городахъ Минусинскѣ и Енисейскѣ и арестанты, по отсутствію въ этихъ городахъ острожныхъ больницъ. Скопленіе въ двухъ послѣднихъ больницахъ больныхъ часто бываетъ столь значительно, что въ пріемѣ новыхъ нерѣдко приходится отказывать до выбытія старыхъ, а потому предстоитъ необходимость въ расширеніи больницъ, чтобы таковыя всегда могли быть доступны нуждающимся въ медицинской помощи. Въ мѣстахъ пребыванія сельскихъ фельдшеровъ, коихъ положено по три на каждый округъ, имѣются пріемные покои, предназначенные для подачи сельскому населенію первоначальнаго пособія; но лечебницъ для приходящихъ въ всей губерніи не имѣется ни одной. Домъ умалишенныхъ а равно и другія богоугодныя заведенія въ г."
d53;1869 год;"ref=""#report_enisei_1872""";"63 — 35 — Красноярскѣ признаны давно несоответствующими своей цѣли и будутъ возведены вновь. Приведеніе этого въ исполненіе останавливается за выборомъ удобнаго мѣста. в.) Эпидеміи и эпизоотіи.в.) Эпидеміи и эпизоотіи. Въ отчетномъ году значительныхъ эпидеміи въ губерніи небыло; появлялись только мѣстами: натуральная оспа, скарлатинъ, разные горячки, кровавый поносъ, лихорадки, корь и другіе, имѣвшіе характеръ мѣстный, умѣренный, противъ которыхъ и принимались, въ свое время, надлежащія мѣры; болѣе замѣчательныя эпидемическія болѣзни по числу жертвъ были слѣдующія: въ Февралѣ мѣсяцѣ въ селѣ Чернорѣченскомъ Ачинскаго округа появился на дѣтяхъ скарлатинъ, заболѣло 27 дѣтей, изъ коихъ умерло 4. Въ Минусинскомъ округѣ въ деревняхъ Восточной и Покровской, а также въ селѣ Дубенскомъ, сначала Іюля мѣсяца появился на людяхъ кровавый поносъ, поражавжій преимущественно дѣтей перваго возраста. Болѣзнь эта сконцентрировалась въ упомянутыхъ мѣстностяхъ, но было много случаевъ заболѣванія ею и въ смѣжныхъ мѣстахъ. Въ деревнѣ Восточной, изъ общаго числа жителей (608 человѣкъ) заболѣло 86, выздоровѣло 46 и умерло 40, въ деревнѣ Покровской изъ 219 человѣкъ жителей заболѣло 31, выздоровѣло 17, умерло 14, и въ селѣ Дубенскомъ изъ 625 человѣкъ, заболѣло 98, выздоровѣло 60, умерло 38. Въ этомъ же округѣ въ вѣдомствѣ Абаканской Инородной Управы господствовала на инородцахъ горячка изъ числа 147 душъ обоего пола, заболѣло 58, выздоровѣло 14, и осталось 133. Въ Селѣ Большеулуйскомъ, Ачинскаго округа, была на дѣтяхъ натуральная оспа, котарая хотя продолжалась долгое время, но не была жестокою по болѣзненнымъ припадкамъ и числу жеррвъ, — заболѣло всего 22 младенца, изъ коихъ выздоровѣло 17 и умерло 5. Кромѣ того натуральная оспа существовала въ разныхъ мѣстахъ Енисейскаго округа, Занесенная въ 1869 году, въ Енисейскую губернію, чума рогатаго скота, и съ того времени свирѣпствовавшая постоянно, продолжалась и въ отчетномъ году, въ разныхъ мѣстахъ, хотя съ меньшей чѣмъ въ предшествовавшіе годы, силою. Столь продолжительное существованіе этой болѣзни,"
d54;1871 года;"ref=""#report_enisei_1872""";"64 — 36 — истребившей большое количество рогатаго скота и подорвавшей народное благосостояніе, объясняется, съ одной стороны невѣжествомъ народа, по убежденію котораго ни какія мѣры предосторожности не принесутъ ни какой пользы, такъ какъ, это есть гнѣвъ Божій, а съ другой стороны, безсиліе мѣстныхъ сельскихъ властей заставить исполнять предписанныя за кономъ мѣры къ предупрежденію распространенія заразы. Заболѣвшій скотъ обыкновенно не отдѣляется отъ здороваго, павшій же не зарывается, а большею частію, вывозится за деревню или городъ и бросается, служа такимъ образомъ источникомъ заразы на долгое время. Объ очисткѣ мѣстъ, гдѣ на ходился больной скотъ, ни кто и непомышляетъ. Командированный въ разныя мѣста губерніи для прекращенія эпизоотіи Енисейскій губернскій ветеринарный врачъ, при самой энергической дѣятельности, не могъ достигнуть желаемыхъ результатовъ, такъ какъ народъ всѣ законныя, къ ихъ же пользѣ клонящіяся, требованія его считалъ усугубленіемъ своихъ несчастій и разумѣется на сколько возможно избѣгалъ исполненія его наставленій и требованій. При такихъ обстоятельствахъ, прекращеніе чумы рогатаго скота по Енисейской губерніи по мнѣнію врачебной управы возможно было бы только съ устройствомъ строгихъ карантиновъ на границѣ Томской губерніи и на торговомъ пунктѣ съ Китайцами, откуда эта зараза и проникла въ губернію; тщательнымъ освидѣтельствованіемъ провозимыхъ изъ Иркутской губерніи кожъ, дабы таковыхъ небыло съ павшихъ отъ чумы животныхъ, и наконецъ при одновременной и тщательной очисткѣ мѣстъ, гдѣ находился зараженный скотъ, съ тѣмъ, чтобы всѣ остатки были сожжены. Послѣдняя изъ предохранительныхъ мѣръ зависитъ сколько отъ распоряженій и дѣятельности земской и городской полиціи столько же и отъ сознательнаго исполненія своихъ обязанностей, въ этомъ отношеніи, сельскими властями и главнѣйшее самими крестьянскими обществами; привести же въ исполненіе прочія мѣры возможно только съ увеличеніемъ числа ветеринаровъ и назначеніемъ къ нимъ учениковъ, о чемъ изложено въ отчетѣ 1871 года, въ настоящее же время въ губерніи находится всего одинъ только ветеринаръ."
d55;1872 г.;"ref=""#settler_welfare_reform""";"65 — 37 — Поимѣющимся офиціальнымъ свѣдѣніямъ всего скота по Енисейской губерніи заболѣло 9595, изъ коихъ пало 6017 Эта цифра, по всей вѣроятности, гораздо меньше дѣйствительнаго числа павшего скота, ибо, не всѣ мѣста доставляютъ точныя свѣдѣнія, какъ о появленіи эпизоотіи и ходѣ ея, такъ и о числѣ жертвъ, но, напротивъ, часто скрываютъ существовашіе болѣзни, до тѣхъ поръ поръ пока это возможно; въ особенности сельскіе жители боятся разныхъ мѣропріятій со стороны администраціи, причиняющихъ, по ихъ убѣжденію, безполезное обремененіе. Кромѣ чумы господствовала еще на лошадяхъ, въ Ачинскомъ округѣ сибирская язва, а въ Минусинскомъ — сапъ; болѣзни эти похитивъ не значительное количество жертвъ, прекращены были на мѣстахъ появленія въ селѣ Тарутинскомъ и форпостѣ Бузуновскомъ и дальше не распространялись. Въ Ачинскомъ округѣ въ селахъ Никольскомъ и Тарханскомъ господствовала еще натуральная оспа на овцахъ, изъ 2760 овецъ, имѣвшихся въ этихъ селеніяхъ, до появленія оспы, заболѣло 1159, пало 245 и осталось 2515. г.) Насильственныя смерти.г.) Насильственныя смерти. Всѣхъ смертныхъ случаевъ отъ насилія и случайныхъ причинъ въ 1872 г. было 469, въ томъ числѣ мужчинъ 402 и женщинъ 67; отъ насилія и причинъ неизвѣстныхъ умерло 338, остальные отъ случайныхъ причинъ. Изъ числа умершихъ отъ разныхъ случаевъ болѣе всего утонувшихъ, замершихъ и затѣмъ задавленныхъ и упавшихъ съ высоты. Число женщинъ умершихъ отъ насилія и случайностей составляетъ 1/6 часть мужчинъ умершихъ отъ тѣхъ же причинъ. Сравнительно съ цифрами 1871 г. число случаевъ смертоубійства уменьшилось на 35, а жертвъ этого преступленія на 26. Самоубійцъ было меньше на 1, умершихъ отъ случайностей больше на 37 Къ этой статьѣ слѣдуетъ вѣдомость № 7 — о насильственныхъ и случайныхъ смертяхъ. д.) Богадѣльни.д.) Богадѣльни. Богадѣленъ въ губерніи 10, именно: въ Красноярскѣ 2, въ Минусин-"
d56;1871 г.;"ref=""#settler_welfare_reform""";"65 — 37 — Поимѣющимся офиціальнымъ свѣдѣніямъ всего скота по Енисейской губерніи заболѣло 9595, изъ коихъ пало 6017 Эта цифра, по всей вѣроятности, гораздо меньше дѣйствительнаго числа павшего скота, ибо, не всѣ мѣста доставляютъ точныя свѣдѣнія, какъ о появленіи эпизоотіи и ходѣ ея, такъ и о числѣ жертвъ, но, напротивъ, часто скрываютъ существовашіе болѣзни, до тѣхъ поръ поръ пока это возможно; въ особенности сельскіе жители боятся разныхъ мѣропріятій со стороны администраціи, причиняющихъ, по ихъ убѣжденію, безполезное обремененіе. Кромѣ чумы господствовала еще на лошадяхъ, въ Ачинскомъ округѣ сибирская язва, а въ Минусинскомъ — сапъ; болѣзни эти похитивъ не значительное количество жертвъ, прекращены были на мѣстахъ появленія въ селѣ Тарутинскомъ и форпостѣ Бузуновскомъ и дальше не распространялись. Въ Ачинскомъ округѣ въ селахъ Никольскомъ и Тарханскомъ господствовала еще натуральная оспа на овцахъ, изъ 2760 овецъ, имѣвшихся въ этихъ селеніяхъ, до появленія оспы, заболѣло 1159, пало 245 и осталось 2515. г.) Насильственныя смерти.г.) Насильственныя смерти. Всѣхъ смертныхъ случаевъ отъ насилія и случайныхъ причинъ въ 1872 г. было 469, въ томъ числѣ мужчинъ 402 и женщинъ 67; отъ насилія и причинъ неизвѣстныхъ умерло 338, остальные отъ случайныхъ причинъ. Изъ числа умершихъ отъ разныхъ случаевъ болѣе всего утонувшихъ, замершихъ и затѣмъ задавленныхъ и упавшихъ съ высоты. Число женщинъ умершихъ отъ насилія и случайностей составляетъ 1/6 часть мужчинъ умершихъ отъ тѣхъ же причинъ. Сравнительно съ цифрами 1871 г. число случаевъ смертоубійства уменьшилось на 35, а жертвъ этого преступленія на 26. Самоубійцъ было меньше на 1, умершихъ отъ случайностей больше на 37 Къ этой статьѣ слѣдуетъ вѣдомость № 7 — о насильственныхъ и случайныхъ смертяхъ. д.) Богадѣльни.д.) Богадѣльни. Богадѣленъ въ губерніи 10, именно: въ Красноярскѣ 2, въ Минусин-"
d57;1868 года;"ref=""#report_enisei_1872""";"66 — 38 — скѣ 1, 1 въ Ачинскѣ и 1 въ Енисейскѣ, въ округахъ 5 — 3 въ Минусинскомъ и по одной въ Енисейскомъ и Ачинскомъ. Въ селѣ Новоселовскомъ, Минусинскаго округа, построенъ подъ богадѣльну каменный домъ, купцомъ Яриловымъ, но въ отчетномъ году призрѣваемыхъ небыло, такъ какъ Яриловъ еще не исходатайствовалъ разрѣшенія на принятіе отъ него дома. На содержаніе этой богадѣльни общество крестьянъ Новоселовской волости съ 1868 года вносить ежегодно по 200 р., къ Январю 1873 г. собрано было денегъ 1160 р., которые для прирощенія процентами положены въ Минусинскій общественный банкъ. Средства всѣхъ богадѣленъ, за исключеніемъ Комисаровской, въ Ачинском округѣ, обеспеченной собственнымъ капиталомъ и Красноярскихъ, содержащихся на счетъ Приказа Общественнаго Призрѣнія, крайне недостаточны; богадѣльни же въ округахъ собственно и недолжны называться этимъ именемъ, такъ какъ живущіе въ нихъ пользуются только помѣщеніемъ и то не во всѣ времена года; одежду же и пищу получаютъ отъ добро, вольныхъ пожертвованій. Въ Красноярскихъ богадѣльняхъ содержалось 35 челов.; 19 изъ поселенцевъ, 4 чиновника, одинъ офицеръ, 4 мѣщанина и 7 нижнихъ чиновъ. Въ Комисаровской богадѣльнѣ призрѣвалось 25 челов., въ Енисейской 45, во всѣхъ остальныхъ 37 человѣкъ. Въ г. Канскѣ еще не собрано на столько денегъ чтобы возможно было открыть богадѣльну, собранная же сумма обращается въ въ Канскомъ общественномъ банкѣ. V. НАРОДНОЕ ПРОСВѢЩЕНІЕ. Всѣхъ учебныхъ заведеній въ 1872 г. въ губерніи было 108 съ 1741 учащихся, въ томъ числѣ 1416 муж. и 325 жен. Противу предъидущаго года училищъ уменьшилось на 11 и учащихся въ сельскихъ школахъ на 260. Уменьшеніе это повторяется съ 1869 г., и объясняется недостаткомъ учителей сельскихъ школъ и ничтожностью окладовъ тѣмъ, которые имѣются на лицо. Причины постояннаго упадка сельскихъ школъ подробно выяснены въ"
d58;1873 г.;"ref=""#report_enisei_1872""";"66 — 38 — скѣ 1, 1 въ Ачинскѣ и 1 въ Енисейскѣ, въ округахъ 5 — 3 въ Минусинскомъ и по одной въ Енисейскомъ и Ачинскомъ. Въ селѣ Новоселовскомъ, Минусинскаго округа, построенъ подъ богадѣльну каменный домъ, купцомъ Яриловымъ, но въ отчетномъ году призрѣваемыхъ небыло, такъ какъ Яриловъ еще не исходатайствовалъ разрѣшенія на принятіе отъ него дома. На содержаніе этой богадѣльни общество крестьянъ Новоселовской волости съ 1868 года вносить ежегодно по 200 р., къ Январю 1873 г. собрано было денегъ 1160 р., которые для прирощенія процентами положены въ Минусинскій общественный банкъ. Средства всѣхъ богадѣленъ, за исключеніемъ Комисаровской, въ Ачинском округѣ, обеспеченной собственнымъ капиталомъ и Красноярскихъ, содержащихся на счетъ Приказа Общественнаго Призрѣнія, крайне недостаточны; богадѣльни же въ округахъ собственно и недолжны называться этимъ именемъ, такъ какъ живущіе въ нихъ пользуются только помѣщеніемъ и то не во всѣ времена года; одежду же и пищу получаютъ отъ добро, вольныхъ пожертвованій. Въ Красноярскихъ богадѣльняхъ содержалось 35 челов.; 19 изъ поселенцевъ, 4 чиновника, одинъ офицеръ, 4 мѣщанина и 7 нижнихъ чиновъ. Въ Комисаровской богадѣльнѣ призрѣвалось 25 челов., въ Енисейской 45, во всѣхъ остальныхъ 37 человѣкъ. Въ г. Канскѣ еще не собрано на столько денегъ чтобы возможно было открыть богадѣльну, собранная же сумма обращается въ въ Канскомъ общественномъ банкѣ. V. НАРОДНОЕ ПРОСВѢЩЕНІЕ. Всѣхъ учебныхъ заведеній въ 1872 г. въ губерніи было 108 съ 1741 учащихся, въ томъ числѣ 1416 муж. и 325 жен. Противу предъидущаго года училищъ уменьшилось на 11 и учащихся въ сельскихъ школахъ на 260. Уменьшеніе это повторяется съ 1869 г., и объясняется недостаткомъ учителей сельскихъ школъ и ничтожностью окладовъ тѣмъ, которые имѣются на лицо. Причины постояннаго упадка сельскихъ школъ подробно выяснены въ"
d59;1872 г.;"ref=""#report_enisei_1872""";"66 — 38 — скѣ 1, 1 въ Ачинскѣ и 1 въ Енисейскѣ, въ округахъ 5 — 3 въ Минусинскомъ и по одной въ Енисейскомъ и Ачинскомъ. Въ селѣ Новоселовскомъ, Минусинскаго округа, построенъ подъ богадѣльну каменный домъ, купцомъ Яриловымъ, но въ отчетномъ году призрѣваемыхъ небыло, такъ какъ Яриловъ еще не исходатайствовалъ разрѣшенія на принятіе отъ него дома. На содержаніе этой богадѣльни общество крестьянъ Новоселовской волости съ 1868 года вносить ежегодно по 200 р., къ Январю 1873 г. собрано было денегъ 1160 р., которые для прирощенія процентами положены въ Минусинскій общественный банкъ. Средства всѣхъ богадѣленъ, за исключеніемъ Комисаровской, въ Ачинском округѣ, обеспеченной собственнымъ капиталомъ и Красноярскихъ, содержащихся на счетъ Приказа Общественнаго Призрѣнія, крайне недостаточны; богадѣльни же въ округахъ собственно и недолжны называться этимъ именемъ, такъ какъ живущіе въ нихъ пользуются только помѣщеніемъ и то не во всѣ времена года; одежду же и пищу получаютъ отъ добро, вольныхъ пожертвованій. Въ Красноярскихъ богадѣльняхъ содержалось 35 челов.; 19 изъ поселенцевъ, 4 чиновника, одинъ офицеръ, 4 мѣщанина и 7 нижнихъ чиновъ. Въ Комисаровской богадѣльнѣ призрѣвалось 25 челов., въ Енисейской 45, во всѣхъ остальныхъ 37 человѣкъ. Въ г. Канскѣ еще не собрано на столько денегъ чтобы возможно было открыть богадѣльну, собранная же сумма обращается въ въ Канскомъ общественномъ банкѣ. V. НАРОДНОЕ ПРОСВѢЩЕНІЕ. Всѣхъ учебныхъ заведеній въ 1872 г. въ губерніи было 108 съ 1741 учащихся, въ томъ числѣ 1416 муж. и 325 жен. Противу предъидущаго года училищъ уменьшилось на 11 и учащихся въ сельскихъ школахъ на 260. Уменьшеніе это повторяется съ 1869 г., и объясняется недостаткомъ учителей сельскихъ школъ и ничтожностью окладовъ тѣмъ, которые имѣются на лицо. Причины постояннаго упадка сельскихъ школъ подробно выяснены въ"
d60;1869 г.;"ref=""#report_enisei_1872""";"66 — 38 — скѣ 1, 1 въ Ачинскѣ и 1 въ Енисейскѣ, въ округахъ 5 — 3 въ Минусинскомъ и по одной въ Енисейскомъ и Ачинскомъ. Въ селѣ Новоселовскомъ, Минусинскаго округа, построенъ подъ богадѣльну каменный домъ, купцомъ Яриловымъ, но въ отчетномъ году призрѣваемыхъ небыло, такъ какъ Яриловъ еще не исходатайствовалъ разрѣшенія на принятіе отъ него дома. На содержаніе этой богадѣльни общество крестьянъ Новоселовской волости съ 1868 года вносить ежегодно по 200 р., къ Январю 1873 г. собрано было денегъ 1160 р., которые для прирощенія процентами положены въ Минусинскій общественный банкъ. Средства всѣхъ богадѣленъ, за исключеніемъ Комисаровской, въ Ачинском округѣ, обеспеченной собственнымъ капиталомъ и Красноярскихъ, содержащихся на счетъ Приказа Общественнаго Призрѣнія, крайне недостаточны; богадѣльни же въ округахъ собственно и недолжны называться этимъ именемъ, такъ какъ живущіе въ нихъ пользуются только помѣщеніемъ и то не во всѣ времена года; одежду же и пищу получаютъ отъ добро, вольныхъ пожертвованій. Въ Красноярскихъ богадѣльняхъ содержалось 35 челов.; 19 изъ поселенцевъ, 4 чиновника, одинъ офицеръ, 4 мѣщанина и 7 нижнихъ чиновъ. Въ Комисаровской богадѣльнѣ призрѣвалось 25 челов., въ Енисейской 45, во всѣхъ остальныхъ 37 человѣкъ. Въ г. Канскѣ еще не собрано на столько денегъ чтобы возможно было открыть богадѣльну, собранная же сумма обращается въ въ Канскомъ общественномъ банкѣ. V. НАРОДНОЕ ПРОСВѢЩЕНІЕ. Всѣхъ учебныхъ заведеній въ 1872 г. въ губерніи было 108 съ 1741 учащихся, въ томъ числѣ 1416 муж. и 325 жен. Противу предъидущаго года училищъ уменьшилось на 11 и учащихся въ сельскихъ школахъ на 260. Уменьшеніе это повторяется съ 1869 г., и объясняется недостаткомъ учителей сельскихъ школъ и ничтожностью окладовъ тѣмъ, которые имѣются на лицо. Причины постояннаго упадка сельскихъ школъ подробно выяснены въ"
d61;1872 год;"ref=""#report_enisei_1872""";"67 — 39 — отчетахъ прошлыхъ лѣтъ, въ нихъ же указаны и средства поднять развитіе грамотности въ средѣ сельскаго населенія губерніи. Что же касается Красноярской губернской гимназіи, Красноярской и Енисейской женскихъ прогимназій, уездныхъ и городскихъ приходскихъ училищъ то во всѣхъ нихъ дѣло обученія шло въ отчетномъ году удовлетворительно. Особенное при этомъ вниманіе слѣдуетъ обратить на женскую прогимназію въ Красноярскѣ, которая благодаря тому, что въ ней въ минувшемъ году правильно и вполнѣ организованъ составъ учащихъ, значительно двинулась впередъ, судя по успѣхамъ учащихся. Число учащихся въ губерніи относится къ общему числу жителей какъ 1: 261; въ частности же по сословіямъ: дворянъ и чиновниковъ, как 1:10; городскихъ сословій, какъ 1:40; сельскихъ сословій какъ 1:306; и духовнаго званія какъ 1:10 Библіотеки.Библіотеки. Красноярская публичная библіотека переведенная въ Сентябрѣ отчетнаго года, въ болѣе лучшее помѣщеніе, благодаря средствамъ данныдъ однимъ частнымъ лицомъ, охотно посѣщается публикою и есть надежда, что чрезъ нѣсколько лѣтъ будетъ возможность покрывать всѣ расходы исключительно сборомъ за праго чтенія съ подписчиковъ. Движеніе населенія.Движеніе населенія. Въ 1872 году въ губерніи родилось: мужескаго пола 9270, женскаго 8661, всего 17931; умерло; мужескаго пола 7959, женскаго 6162, всего — 14120 Число родившихся превышаетъ число умершихъ на 3812 челов., именно: родилось мужескаго пола больше чѣмъ умерло на 1313, а женскаго на 2499. Кромѣ сего народонаселеніе увеличилось еще на 2846 чел., ссыльными всѣхъ разрядовъ. Общая прибыль населенія оъ отчетномъ году простирается до 6658 челов. обоего пола. Выражая прибыль въ процентахъ оказывается, что населеніе увеличи-"
d62;1872 г.;"ref=""#settler_welfare_reform""";"68 — 40 — лось: избыткомъ рожденій надъ смертными случаями на 0,978 % и ссыльными на 0,731 %, всего на 1,709 %. Общая средняя прибыль населенія за послѣдніе 10 лѣтъ была 2,40 %; въ частности же отъ перевѣса рожденіи над смертными случаями 1,68 % и отъ ссылки 0,82 %. Переселенцевъ изъ Россійскихъ губерній въ 1872 г. не было, прибывшіе же поселенцы разселены по округамъ по возможности равномѣрно. Подлинный подписалъ Тайный Со вѣтникъ Лохвицк iй. Вѣрно: Исправляющій должность Губернатора, Дѣйствительный Статскій Совѣтникъ Плецъ Свѣрялъ: исправляющ ій должность Секретарь Статистическаго Комитета Ловин* 1 1 Здесь и далее * — текст неразборчив."
d63;1872 год;"ref=""#harvest_1872""";69 Вѣдомость # 1. О ПОСѢВѢ И УРОЖАѢ ХЛѢБА въ Енисейской губерніи въ 1872 году. Названіе округовъ. Посѣяно четвертей. Снято четвертей. Озимоваго. Яроваго. Картофеля. Озимоваго. Яроваго. Картофеля. 1. Красноярскій. 1. Красноярскій. На земляхъ крестьянъ и инородцевъ . . . . . . . . » городскихъ. . . . . . . . . . . . . . . . . . . . 5555 — 105828 500 1385 25 47698 — 548510 4950 14601 200 Итого . 2. Енисейскiй2. Енисейскiй На земляхъ крестьянъ и инородцевъ . . . . . . . . » городскихъ. . . . . . . . . . . . . . . . . . . . 5555 7408 — 106378 24350 — 1410 1875 — 47698 37221 — 553660 121749 — 14801 7304 — Итого . 3. Канскiй3. Канскiй На земляхъ крестьянъ и инородцевъ . . . . . . . . » городскихъ. . . . . . . . . . . . . . . . . 7408 21577 45 24350 51086 410 1875 5711 25 37221 148038 270 121749 228421 2870 7304 38673 100 Итого . 4. Ачинскiй4. Ачинскiй На земляхъ крестьянъ и инородцевъ . . . . . . . . » городскихъ. . . . . . . . . . . . . . . . . . . . 21622 18444 62 51478 64360 194 5736 3424 53 148308 111217 310 231291 278450 1552 38773 21682 212 Итого . 5. Минусинскiй5. Минусинскiй На земляхъ крестьянъ и инородцевъ . . . . . . . . » городскихъ. . . . . . . . . . . . . . . . . . . . 18506 9257 — 64554 104022 1860 3477 3798 100 111527 43603 — 280002 482750 9998 21894 33445 950 Итого . Всего въ губерніиВсего въ губерніи. . . . . . . . . . . . . . . . . . . . . . . . 9257 62348 105882 352642 3898 16396 43603 388357 492748 1679450 34395 117167 Вѣрно: Исправляющ ій Должность Губернатора, Дѣйствительный Статск ій Совѣтникъ Плецъ Свѣрялъ: исправляющ ій должность Секретарь Статистическаго Комитета Ловин *
d64;1872 год;"ref=""#industrial_production_1872""";71 Вѣдомость # 2. О ФАБРИКАХЪ И ЗАВОДАХЪ въ Енисейской губерніи за 1872 годъ.1872 годъ.
d65;1872 год;"ref=""#industrial_production_1872""";71 Вѣдомость # 2. О ФАБРИКАХЪ И ЗАВОДАХЪ въ Енисейской губерніи за 1872 годъ.1872 годъ.
d66;1872 год;"ref=""#general_statistics_1872""";75 Вѣдомость # 3. ДВИЖЕНІЕ НАСЕЛЕНІЯ въ Енисейской губерніи за 1872 годъ.
d67;1872 год;"ref=""#settler_welfare_reform""";ВѣДОМОСТЬ # 4. О ПОСТУПЛЕНІИ СБОРОВЪ ПО ЕНИСЕЙСКОЙ ГУБЕРНІИ За 1872 годъ. О податяхъ и недоимкахъ поО податяхъ и недоимкахъ по Енисейской губерніи на 1872 годъ.Енисейской губерніи на 1872 годъ. I. Подати и окладные платежи.I. Подати и окладные платежи. Следовало поступить. Вновь причислено. Исключено. Взыскано. Осталось къ 1-му Января 1873 года. Недоимокъ. Оклада. Недоимокъ. Оклада. Недоимокъ. Оклада. Недоимокъ. Оклада. Недоимокъ. Оклада. ВСЕГО. 1., Оброчной подати и дополнительнаго къ ней сбора. Руб. Коп. Руб. Коп. Руб. Коп. Руб. Коп. Руб. Коп. Руб. Коп. Руб. Коп. Руб. Коп. Руб. Коп. Руб. Коп. Руб. Коп. Съ государственныхъ крестьянъ всѣхъ наименованій 141511 54 1/4 256285 90 6437 701/2 2879 46 2133 491/2 3252 153/4 40814 911/2 198503 131/4 105000 833/4 57410 7 162410 903/4 — поселенцевъ полнаго оклада 73630 84 1/2 16955 12 3733 33/4 1897 5 529 91/2 466 131/2 320 553/4 3777 331/4 73628 23 14608 701/4 88236 931/4 — поселенцевъ половиннаго оклада 31041 4 11596 75 16797673/4 6199 331/2 1430 70 812 21/2 7349 211/2 8588 90 39058 801/4 12395 16 51453 961/4 — купцовъ и мѣщанъ живущихъ въ селеніяхъ 134 98 1/4 73 98 — — — — — — — — 26 671/2 38 351/2 108 31 35 621/2 143 931/2 — осѣдлыхъ инородцевъ 888 28 3/4 4416 88 — — — — 38 273/4 15 501/4 193 21 3159 991/4 654 80 1241 381/4 1898 181/4 — переселенцевъ 1905 84 1617 — — — — — 1 291/2 66 361/4 72 321/2 290 453/4 1832 221/4 1260 18 3092 401/4 3. Подушной подати съ сословій, состоящихъ на общихъ окладанъ. а., Съ государственныхъ крестьянъ всѣхъ наименованій 44808 41 3/4 84181 50 561 99 944 10 678 44 1512 171/2 12931 741/4 64787 701/2 31760 221/2 18825 72 50585 941/2 б., — поселенцевъ полнаго оклада 21805 94 3/4 5569 20 1235 21/2 623 70 167 721/4 166 453/4 1561 1/2 1231 731/4 21312 241/4 4794 71 36106 951/2 в., — поселенцевъ половиннаго оклада 8512 41 1/2 3795 30 5443 19 2038 60 467 421/2 252 20 3319 751/4 1751 93 10168 423/4 3829 77 13998 193/4 г., — купцовъ и мѣщанъ живущихъ въ селеніяхъ 47 25 24 30 — — — — — — — — 6 75 12 15 40 50 12 15 52 65 д., — мѣщанъ и цѣховыхъ 22995 19 17616 — 218 661/4 441 60 50 40 62 40 8023 973/4 8153 373/4 15139 *81/2 9841 821/4 24981 293/4 е., — бывшихъ помѣщичьихъ крестьянъ 79 81 1/2 — — — — — — — — — — — — — — 79 *11/2 — — 79 811/2 ж., — крестьянъ вышедшихъ изъ крѣпостной зависимости 4 50 9 — — — — — — — — — 4 50 4 50 — — 4 50 4 50 з., — осѣдыхъ инородцевъ 222 52 1/2 1450 80 — — — — — — — — 23 40 1225 35 199 121/2 225 45 424 571/2 Итого 347588 59 3/4 403591 73 34427 283/4 15023 841/2 5496 85 6605 411/2 77534 2 287524 913/4 29898* 11/2 124485 241/4 423470 253/4 Податей разныхъ наименованій взимаемыхъ вмѣсто подушныхъ и оброчныхъ, съ кочевыхъ и брудячихъ инородцевъ въ 44 копѣечную подать 25 39 1415 54 — — — — — — — — 25 39 1390 15 — — 25 39 25 39 3. Общественнаго сбора. Съ государственныхъ крестьянъ всѣхъ наименованій 3071 82 1/4 5976 94 24 86 63 14 49 17 199 931/2 639 433/4 4163 79 2408 71/2 1276 351/2 3684 43 — прочихъ податныхъ сословій 98 1 505 98 5 76 — — — — — 33 2 21/2 487 53 101 741/2 18 12 110 861/2 4. Сбора на обеспеченіе народнаго продовольствія. Съ государственныхъ крестьянъ всѣхъ наименованій 1382 73 1/2 — — — 49 — — 7 641/2 — — 154 21/2 — — 1225 561/4 — — 1221 561/2 — прочихъ податныхъ сословій 1289 31 1/4 — — 82 971/2 — — 17 771/2 — — 59 471/2 — — 1295 33/4 — — 1295 33/4 На межеваніе земель. Съ государственныхъ крестьянъ всѣхъ наименованій 1629 27 1/4 2788 47 11 74 31 611/2 21 98 42 203/4 230 851/2 2216 113/4 1388 173/4 561 76 1949 933/4 — прочихъ податныхъ сословій 48 97 252 99 — 90 — — — — — 161/2 1 63/4 243 75 48 801/4 9 71/2 57 873/4 На пожарныя случаи. Съ государственныхъ крестьянъ всѣхъ наименованій 2346 55 1/4 3717 96 15 62 41 66 31 60 55 18 390 91/2 3002 56 1940 473/4 701 88 2642 353/4 — прочихъ податныхъ сословій 156 91 112 60 — — — — 1 22 1 22 8 221/4 65 433/4 147 463/4 45 941/4 193 41 Экономической суммы, съ поселенцевъ полнаго и половиннаго оклада 10066 52 3/4 2193 30 2045 561/4 750 60 177 521/2 104 92 851 43 636 351/4 11683 131/2 2202 623/4 13885 761/4 Итого 20715 50 1/4 16563 78 2187 911/4 887 11/2 306 911/2 403 953/4 2362 2 12205 683/4 20234 48 4841 15 25075 63 5., Земскихъ сборовъ. На государственныя повинности. а., съ торговыхъ свидѣтельствъ. — — 2167 — — — 761 75 — — 2167 — — — 761 75 — — — — — — и б., — податныхъ лицъ 71333 11 1/4 79706 3 1615 331/4 1422 11/2 790 671/4 14920 251/2 13561 383/4 52266 31/4 58596 381/2 13941 753/4 72538 141/4 На губернскія повинности а., съ торговыхъ свидѣтельствъ. — — 1434 40 — — 502 50 — — 1434 40 — — 502 50 — — — — — — и б., — податныхъ лицъ 94629 82 1/2 108807 531/2 1880 581/4 8726 463/4 902 111/4 4953 441/4 20981 7 80156 471/2 74627221/2 32424 81/4 107051 303/4 На частныя повинности. На содержаніе сельской врачебной части съ податныхъ лицъ 7590 13 1/4 9681 65 149 68 156 28 223 511/2 524 73 1569 991/2 6416 951/2 59406 301/4 2896 241/2 8842 543/4 Итого 173553 7 201796 611/4 3645 591/2 11569 11/4 1916 30 23999 823/4 36115 451/4 140103 711/4 139169 911/4 49262 81/2 188431 993/4 Однорублеваго сбора съ бывшихъ помѣщичьихъ крестьянъ 8 — — — — — — — — — — — 4 — — — 4 — — — 4 — ВСЕГО 541865 17 621952 121/4 40260 791/2 27479 871/4 7720 61/2 31009 20 116012 491/4 439834 313/4 458393 403/4 178588 473/4 636981 881/2 II. Другихъ разныхъ взысканій.II. Другихъ разныхъ взысканій. По ведомствамъ: Министерства государственныхъ имуществъ. 18429 76 3/4 — — 8795 94 — — 3713 141/2 — — 4520 353/4 — — 18992 201/2 — — 18992 201/2 Министерства финансовъ: Департамента государственнаго казначейства 138014 90 1/2 — — 102976 871/4 — — 14153 211/2 — — 5755 931/2 — — 221082 623/4 — — 221082 623/4 — — — — — неокладныхъ сборовъ 44591 86 3/4 — — 22065 19 — — 2879 481/4 — — 7522 171/2 — — 56165 40 — — 56165 40 — — — — — горнаго 22 50 — — 114 — — — — — — — 37 50 — — 99 — — — 99 — — — — — — торговли и мануфактуръ 588 50 — — 540 75 — — 67 — — — 116 50 — — 945 75 — — 945 75 Министерства военнаго 1325 — — — — — — — — — — — — — — — 1325 — — — 1325 — — — — — — внутреннихъ дѣлъ 225 52 — — 1464 863/4 — — 408 521/2 — — 1121 981/2 — — 159 881/4 — — 159 881/4 — — — — — юстиціи 45 14 — — 198 82 — — 167 20 — — 51 80 — — 24 96 — — 24 96 По кредитной части 215333 7 1/2 — — 9156 86 — — 9127 661/2 — — 218 29 — — 215143 973/4 — — 215143 973/4 Итого 418486 27 1/2 — — 145313 30 — — 30516 231/4 — — 19344 54 — — 513938 801/4 — — 513938 801/4
d68;1872 год;"ref=""#settler_welfare_reform""";ВѣДОМОСТЬ # 4. О ПОСТУПЛЕНІИ СБОРОВЪ ПО ЕНИСЕЙСКОЙ ГУБЕРНІИ За 1872 годъ. О податяхъ и недоимкахъ поО податяхъ и недоимкахъ по Енисейской губерніи на 1872 годъ.Енисейской губерніи на 1872 годъ. I. Подати и окладные платежи.I. Подати и окладные платежи. Следовало поступить. Вновь причислено. Исключено. Взыскано. Осталось къ 1-му Января 1873 года. Недоимокъ. Оклада. Недоимокъ. Оклада. Недоимокъ. Оклада. Недоимокъ. Оклада. Недоимокъ. Оклада. ВСЕГО. 1., Оброчной подати и дополнительнаго къ ней сбора. Руб. Коп. Руб. Коп. Руб. Коп. Руб. Коп. Руб. Коп. Руб. Коп. Руб. Коп. Руб. Коп. Руб. Коп. Руб. Коп. Руб. Коп. Съ государственныхъ крестьянъ всѣхъ наименованій 141511 54 1/4 256285 90 6437 701/2 2879 46 2133 491/2 3252 153/4 40814 911/2 198503 131/4 105000 833/4 57410 7 162410 903/4 — поселенцевъ полнаго оклада 73630 84 1/2 16955 12 3733 33/4 1897 5 529 91/2 466 131/2 320 553/4 3777 331/4 73628 23 14608 701/4 88236 931/4 — поселенцевъ половиннаго оклада 31041 4 11596 75 16797673/4 6199 331/2 1430 70 812 21/2 7349 211/2 8588 90 39058 801/4 12395 16 51453 961/4 — купцовъ и мѣщанъ живущихъ въ селеніяхъ 134 98 1/4 73 98 — — — — — — — — 26 671/2 38 351/2 108 31 35 621/2 143 931/2 — осѣдлыхъ инородцевъ 888 28 3/4 4416 88 — — — — 38 273/4 15 501/4 193 21 3159 991/4 654 80 1241 381/4 1898 181/4 — переселенцевъ 1905 84 1617 — — — — — 1 291/2 66 361/4 72 321/2 290 453/4 1832 221/4 1260 18 3092 401/4 3. Подушной подати съ сословій, состоящихъ на общихъ окладанъ. а., Съ государственныхъ крестьянъ всѣхъ наименованій 44808 41 3/4 84181 50 561 99 944 10 678 44 1512 171/2 12931 741/4 64787 701/2 31760 221/2 18825 72 50585 941/2 б., — поселенцевъ полнаго оклада 21805 94 3/4 5569 20 1235 21/2 623 70 167 721/4 166 453/4 1561 1/2 1231 731/4 21312 241/4 4794 71 36106 951/2 в., — поселенцевъ половиннаго оклада 8512 41 1/2 3795 30 5443 19 2038 60 467 421/2 252 20 3319 751/4 1751 93 10168 423/4 3829 77 13998 193/4 г., — купцовъ и мѣщанъ живущихъ въ селеніяхъ 47 25 24 30 — — — — — — — — 6 75 12 15 40 50 12 15 52 65 д., — мѣщанъ и цѣховыхъ 22995 19 17616 — 218 661/4 441 60 50 40 62 40 8023 973/4 8153 373/4 15139 *81/2 9841 821/4 24981 293/4 е., — бывшихъ помѣщичьихъ крестьянъ 79 81 1/2 — — — — — — — — — — — — — — 79 *11/2 — — 79 811/2 ж., — крестьянъ вышедшихъ изъ крѣпостной зависимости 4 50 9 — — — — — — — — — 4 50 4 50 — — 4 50 4 50 з., — осѣдыхъ инородцевъ 222 52 1/2 1450 80 — — — — — — — — 23 40 1225 35 199 121/2 225 45 424 571/2 Итого 347588 59 3/4 403591 73 34427 283/4 15023 841/2 5496 85 6605 411/2 77534 2 287524 913/4 29898* 11/2 124485 241/4 423470 253/4 Податей разныхъ наименованій взимаемыхъ вмѣсто подушныхъ и оброчныхъ, съ кочевыхъ и брудячихъ инородцевъ въ 44 копѣечную подать 25 39 1415 54 — — — — — — — — 25 39 1390 15 — — 25 39 25 39 3. Общественнаго сбора. Съ государственныхъ крестьянъ всѣхъ наименованій 3071 82 1/4 5976 94 24 86 63 14 49 17 199 931/2 639 433/4 4163 79 2408 71/2 1276 351/2 3684 43 — прочихъ податныхъ сословій 98 1 505 98 5 76 — — — — — 33 2 21/2 487 53 101 741/2 18 12 110 861/2 4. Сбора на обеспеченіе народнаго продовольствія. Съ государственныхъ крестьянъ всѣхъ наименованій 1382 73 1/2 — — — 49 — — 7 641/2 — — 154 21/2 — — 1225 561/4 — — 1221 561/2 — прочихъ податныхъ сословій 1289 31 1/4 — — 82 971/2 — — 17 771/2 — — 59 471/2 — — 1295 33/4 — — 1295 33/4 На межеваніе земель. Съ государственныхъ крестьянъ всѣхъ наименованій 1629 27 1/4 2788 47 11 74 31 611/2 21 98 42 203/4 230 851/2 2216 113/4 1388 173/4 561 76 1949 933/4 — прочихъ податныхъ сословій 48 97 252 99 — 90 — — — — — 161/2 1 63/4 243 75 48 801/4 9 71/2 57 873/4 На пожарныя случаи. Съ государственныхъ крестьянъ всѣхъ наименованій 2346 55 1/4 3717 96 15 62 41 66 31 60 55 18 390 91/2 3002 56 1940 473/4 701 88 2642 353/4 — прочихъ податныхъ сословій 156 91 112 60 — — — — 1 22 1 22 8 221/4 65 433/4 147 463/4 45 941/4 193 41 Экономической суммы, съ поселенцевъ полнаго и половиннаго оклада 10066 52 3/4 2193 30 2045 561/4 750 60 177 521/2 104 92 851 43 636 351/4 11683 131/2 2202 623/4 13885 761/4 Итого 20715 50 1/4 16563 78 2187 911/4 887 11/2 306 911/2 403 953/4 2362 2 12205 683/4 20234 48 4841 15 25075 63 5., Земскихъ сборовъ. На государственныя повинности. а., съ торговыхъ свидѣтельствъ. — — 2167 — — — 761 75 — — 2167 — — — 761 75 — — — — — — и б., — податныхъ лицъ 71333 11 1/4 79706 3 1615 331/4 1422 11/2 790 671/4 14920 251/2 13561 383/4 52266 31/4 58596 381/2 13941 753/4 72538 141/4 На губернскія повинности а., съ торговыхъ свидѣтельствъ. — — 1434 40 — — 502 50 — — 1434 40 — — 502 50 — — — — — — и б., — податныхъ лицъ 94629 82 1/2 108807 531/2 1880 581/4 8726 463/4 902 111/4 4953 441/4 20981 7 80156 471/2 74627221/2 32424 81/4 107051 303/4 На частныя повинности. На содержаніе сельской врачебной части съ податныхъ лицъ 7590 13 1/4 9681 65 149 68 156 28 223 511/2 524 73 1569 991/2 6416 951/2 59406 301/4 2896 241/2 8842 543/4 Итого 173553 7 201796 611/4 3645 591/2 11569 11/4 1916 30 23999 823/4 36115 451/4 140103 711/4 139169 911/4 49262 81/2 188431 993/4 Однорублеваго сбора съ бывшихъ помѣщичьихъ крестьянъ 8 — — — — — — — — — — — 4 — — — 4 — — — 4 — ВСЕГО 541865 17 621952 121/4 40260 791/2 27479 871/4 7720 61/2 31009 20 116012 491/4 439834 313/4 458393 403/4 178588 473/4 636981 881/2 II. Другихъ разныхъ взысканій.II. Другихъ разныхъ взысканій. По ведомствамъ: Министерства государственныхъ имуществъ. 18429 76 3/4 — — 8795 94 — — 3713 141/2 — — 4520 353/4 — — 18992 201/2 — — 18992 201/2 Министерства финансовъ: Департамента государственнаго казначейства 138014 90 1/2 — — 102976 871/4 — — 14153 211/2 — — 5755 931/2 — — 221082 623/4 — — 221082 623/4 — — — — — неокладныхъ сборовъ 44591 86 3/4 — — 22065 19 — — 2879 481/4 — — 7522 171/2 — — 56165 40 — — 56165 40 — — — — — горнаго 22 50 — — 114 — — — — — — — 37 50 — — 99 — — — 99 — — — — — — торговли и мануфактуръ 588 50 — — 540 75 — — 67 — — — 116 50 — — 945 75 — — 945 75 Министерства военнаго 1325 — — — — — — — — — — — — — — — 1325 — — — 1325 — — — — — — внутреннихъ дѣлъ 225 52 — — 1464 863/4 — — 408 521/2 — — 1121 981/2 — — 159 881/4 — — 159 881/4 — — — — — юстиціи 45 14 — — 198 82 — — 167 20 — — 51 80 — — 24 96 — — 24 96 По кредитной части 215333 7 1/2 — — 9156 86 — — 9127 661/2 — — 218 29 — — 215143 973/4 — — 215143 973/4 Итого 418486 27 1/2 — — 145313 30 — — 30516 231/4 — — 19344 54 — — 513938 801/4 — — 513938 801/4
d69;1872 год;"ref=""#settler_welfare_reform""";ВѣДОМОСТЬ # 4. О ПОСТУПЛЕНІИ СБОРОВЪ ПО ЕНИСЕЙСКОЙ ГУБЕРНІИ За 1872 годъ. О податяхъ и недоимкахъ поО податяхъ и недоимкахъ по Енисейской губерніи на 1872 годъ.Енисейской губерніи на 1872 годъ. I. Подати и окладные платежи.I. Подати и окладные платежи. Следовало поступить. Вновь причислено. Исключено. Взыскано. Осталось къ 1-му Января 1873 года. Недоимокъ. Оклада. Недоимокъ. Оклада. Недоимокъ. Оклада. Недоимокъ. Оклада. Недоимокъ. Оклада. ВСЕГО. 1., Оброчной подати и дополнительнаго къ ней сбора. Руб. Коп. Руб. Коп. Руб. Коп. Руб. Коп. Руб. Коп. Руб. Коп. Руб. Коп. Руб. Коп. Руб. Коп. Руб. Коп. Руб. Коп. Съ государственныхъ крестьянъ всѣхъ наименованій 141511 54 1/4 256285 90 6437 701/2 2879 46 2133 491/2 3252 153/4 40814 911/2 198503 131/4 105000 833/4 57410 7 162410 903/4 — поселенцевъ полнаго оклада 73630 84 1/2 16955 12 3733 33/4 1897 5 529 91/2 466 131/2 320 553/4 3777 331/4 73628 23 14608 701/4 88236 931/4 — поселенцевъ половиннаго оклада 31041 4 11596 75 16797673/4 6199 331/2 1430 70 812 21/2 7349 211/2 8588 90 39058 801/4 12395 16 51453 961/4 — купцовъ и мѣщанъ живущихъ въ селеніяхъ 134 98 1/4 73 98 — — — — — — — — 26 671/2 38 351/2 108 31 35 621/2 143 931/2 — осѣдлыхъ инородцевъ 888 28 3/4 4416 88 — — — — 38 273/4 15 501/4 193 21 3159 991/4 654 80 1241 381/4 1898 181/4 — переселенцевъ 1905 84 1617 — — — — — 1 291/2 66 361/4 72 321/2 290 453/4 1832 221/4 1260 18 3092 401/4 3. Подушной подати съ сословій, состоящихъ на общихъ окладанъ. а., Съ государственныхъ крестьянъ всѣхъ наименованій 44808 41 3/4 84181 50 561 99 944 10 678 44 1512 171/2 12931 741/4 64787 701/2 31760 221/2 18825 72 50585 941/2 б., — поселенцевъ полнаго оклада 21805 94 3/4 5569 20 1235 21/2 623 70 167 721/4 166 453/4 1561 1/2 1231 731/4 21312 241/4 4794 71 36106 951/2 в., — поселенцевъ половиннаго оклада 8512 41 1/2 3795 30 5443 19 2038 60 467 421/2 252 20 3319 751/4 1751 93 10168 423/4 3829 77 13998 193/4 г., — купцовъ и мѣщанъ живущихъ въ селеніяхъ 47 25 24 30 — — — — — — — — 6 75 12 15 40 50 12 15 52 65 д., — мѣщанъ и цѣховыхъ 22995 19 17616 — 218 661/4 441 60 50 40 62 40 8023 973/4 8153 373/4 15139 *81/2 9841 821/4 24981 293/4 е., — бывшихъ помѣщичьихъ крестьянъ 79 81 1/2 — — — — — — — — — — — — — — 79 *11/2 — — 79 811/2 ж., — крестьянъ вышедшихъ изъ крѣпостной зависимости 4 50 9 — — — — — — — — — 4 50 4 50 — — 4 50 4 50 з., — осѣдыхъ инородцевъ 222 52 1/2 1450 80 — — — — — — — — 23 40 1225 35 199 121/2 225 45 424 571/2 Итого 347588 59 3/4 403591 73 34427 283/4 15023 841/2 5496 85 6605 411/2 77534 2 287524 913/4 29898* 11/2 124485 241/4 423470 253/4 Податей разныхъ наименованій взимаемыхъ вмѣсто подушныхъ и оброчныхъ, съ кочевыхъ и брудячихъ инородцевъ въ 44 копѣечную подать 25 39 1415 54 — — — — — — — — 25 39 1390 15 — — 25 39 25 39 3. Общественнаго сбора. Съ государственныхъ крестьянъ всѣхъ наименованій 3071 82 1/4 5976 94 24 86 63 14 49 17 199 931/2 639 433/4 4163 79 2408 71/2 1276 351/2 3684 43 — прочихъ податныхъ сословій 98 1 505 98 5 76 — — — — — 33 2 21/2 487 53 101 741/2 18 12 110 861/2 4. Сбора на обеспеченіе народнаго продовольствія. Съ государственныхъ крестьянъ всѣхъ наименованій 1382 73 1/2 — — — 49 — — 7 641/2 — — 154 21/2 — — 1225 561/4 — — 1221 561/2 — прочихъ податныхъ сословій 1289 31 1/4 — — 82 971/2 — — 17 771/2 — — 59 471/2 — — 1295 33/4 — — 1295 33/4 На межеваніе земель. Съ государственныхъ крестьянъ всѣхъ наименованій 1629 27 1/4 2788 47 11 74 31 611/2 21 98 42 203/4 230 851/2 2216 113/4 1388 173/4 561 76 1949 933/4 — прочихъ податныхъ сословій 48 97 252 99 — 90 — — — — — 161/2 1 63/4 243 75 48 801/4 9 71/2 57 873/4 На пожарныя случаи. Съ государственныхъ крестьянъ всѣхъ наименованій 2346 55 1/4 3717 96 15 62 41 66 31 60 55 18 390 91/2 3002 56 1940 473/4 701 88 2642 353/4 — прочихъ податныхъ сословій 156 91 112 60 — — — — 1 22 1 22 8 221/4 65 433/4 147 463/4 45 941/4 193 41 Экономической суммы, съ поселенцевъ полнаго и половиннаго оклада 10066 52 3/4 2193 30 2045 561/4 750 60 177 521/2 104 92 851 43 636 351/4 11683 131/2 2202 623/4 13885 761/4 Итого 20715 50 1/4 16563 78 2187 911/4 887 11/2 306 911/2 403 953/4 2362 2 12205 683/4 20234 48 4841 15 25075 63 5., Земскихъ сборовъ. На государственныя повинности. а., съ торговыхъ свидѣтельствъ. — — 2167 — — — 761 75 — — 2167 — — — 761 75 — — — — — — и б., — податныхъ лицъ 71333 11 1/4 79706 3 1615 331/4 1422 11/2 790 671/4 14920 251/2 13561 383/4 52266 31/4 58596 381/2 13941 753/4 72538 141/4 На губернскія повинности а., съ торговыхъ свидѣтельствъ. — — 1434 40 — — 502 50 — — 1434 40 — — 502 50 — — — — — — и б., — податныхъ лицъ 94629 82 1/2 108807 531/2 1880 581/4 8726 463/4 902 111/4 4953 441/4 20981 7 80156 471/2 74627221/2 32424 81/4 107051 303/4 На частныя повинности. На содержаніе сельской врачебной части съ податныхъ лицъ 7590 13 1/4 9681 65 149 68 156 28 223 511/2 524 73 1569 991/2 6416 951/2 59406 301/4 2896 241/2 8842 543/4 Итого 173553 7 201796 611/4 3645 591/2 11569 11/4 1916 30 23999 823/4 36115 451/4 140103 711/4 139169 911/4 49262 81/2 188431 993/4 Однорублеваго сбора съ бывшихъ помѣщичьихъ крестьянъ 8 — — — — — — — — — — — 4 — — — 4 — — — 4 — ВСЕГО 541865 17 621952 121/4 40260 791/2 27479 871/4 7720 61/2 31009 20 116012 491/4 439834 313/4 458393 403/4 178588 473/4 636981 881/2 II. Другихъ разныхъ взысканій.II. Другихъ разныхъ взысканій. По ведомствамъ: Министерства государственныхъ имуществъ. 18429 76 3/4 — — 8795 94 — — 3713 141/2 — — 4520 353/4 — — 18992 201/2 — — 18992 201/2 Министерства финансовъ: Департамента государственнаго казначейства 138014 90 1/2 — — 102976 871/4 — — 14153 211/2 — — 5755 931/2 — — 221082 623/4 — — 221082 623/4 — — — — — неокладныхъ сборовъ 44591 86 3/4 — — 22065 19 — — 2879 481/4 — — 7522 171/2 — — 56165 40 — — 56165 40 — — — — — горнаго 22 50 — — 114 — — — — — — — 37 50 — — 99 — — — 99 — — — — — — торговли и мануфактуръ 588 50 — — 540 75 — — 67 — — — 116 50 — — 945 75 — — 945 75 Министерства военнаго 1325 — — — — — — — — — — — — — — — 1325 — — — 1325 — — — — — — внутреннихъ дѣлъ 225 52 — — 1464 863/4 — — 408 521/2 — — 1121 981/2 — — 159 881/4 — — 159 881/4 — — — — — юстиціи 45 14 — — 198 82 — — 167 20 — — 51 80 — — 24 96 — — 24 96 По кредитной части 215333 7 1/2 — — 9156 86 — — 9127 661/2 — — 218 29 — — 215143 973/4 — — 215143 973/4 Итого 418486 27 1/2 — — 145313 30 — — 30516 231/4 — — 19344 54 — — 513938 801/4 — — 513938 801/4
d70;1873 года;"ref=""#settler_welfare_reform""";ВѣДОМОСТЬ # 4. О ПОСТУПЛЕНІИ СБОРОВЪ ПО ЕНИСЕЙСКОЙ ГУБЕРНІИ За 1872 годъ. О податяхъ и недоимкахъ поО податяхъ и недоимкахъ по Енисейской губерніи на 1872 годъ.Енисейской губерніи на 1872 годъ. I. Подати и окладные платежи.I. Подати и окладные платежи. Следовало поступить. Вновь причислено. Исключено. Взыскано. Осталось къ 1-му Января 1873 года. Недоимокъ. Оклада. Недоимокъ. Оклада. Недоимокъ. Оклада. Недоимокъ. Оклада. Недоимокъ. Оклада. ВСЕГО. 1., Оброчной подати и дополнительнаго къ ней сбора. Руб. Коп. Руб. Коп. Руб. Коп. Руб. Коп. Руб. Коп. Руб. Коп. Руб. Коп. Руб. Коп. Руб. Коп. Руб. Коп. Руб. Коп. Съ государственныхъ крестьянъ всѣхъ наименованій 141511 54 1/4 256285 90 6437 701/2 2879 46 2133 491/2 3252 153/4 40814 911/2 198503 131/4 105000 833/4 57410 7 162410 903/4 — поселенцевъ полнаго оклада 73630 84 1/2 16955 12 3733 33/4 1897 5 529 91/2 466 131/2 320 553/4 3777 331/4 73628 23 14608 701/4 88236 931/4 — поселенцевъ половиннаго оклада 31041 4 11596 75 16797673/4 6199 331/2 1430 70 812 21/2 7349 211/2 8588 90 39058 801/4 12395 16 51453 961/4 — купцовъ и мѣщанъ живущихъ въ селеніяхъ 134 98 1/4 73 98 — — — — — — — — 26 671/2 38 351/2 108 31 35 621/2 143 931/2 — осѣдлыхъ инородцевъ 888 28 3/4 4416 88 — — — — 38 273/4 15 501/4 193 21 3159 991/4 654 80 1241 381/4 1898 181/4 — переселенцевъ 1905 84 1617 — — — — — 1 291/2 66 361/4 72 321/2 290 453/4 1832 221/4 1260 18 3092 401/4 3. Подушной подати съ сословій, состоящихъ на общихъ окладанъ. а., Съ государственныхъ крестьянъ всѣхъ наименованій 44808 41 3/4 84181 50 561 99 944 10 678 44 1512 171/2 12931 741/4 64787 701/2 31760 221/2 18825 72 50585 941/2 б., — поселенцевъ полнаго оклада 21805 94 3/4 5569 20 1235 21/2 623 70 167 721/4 166 453/4 1561 1/2 1231 731/4 21312 241/4 4794 71 36106 951/2 в., — поселенцевъ половиннаго оклада 8512 41 1/2 3795 30 5443 19 2038 60 467 421/2 252 20 3319 751/4 1751 93 10168 423/4 3829 77 13998 193/4 г., — купцовъ и мѣщанъ живущихъ въ селеніяхъ 47 25 24 30 — — — — — — — — 6 75 12 15 40 50 12 15 52 65 д., — мѣщанъ и цѣховыхъ 22995 19 17616 — 218 661/4 441 60 50 40 62 40 8023 973/4 8153 373/4 15139 *81/2 9841 821/4 24981 293/4 е., — бывшихъ помѣщичьихъ крестьянъ 79 81 1/2 — — — — — — — — — — — — — — 79 *11/2 — — 79 811/2 ж., — крестьянъ вышедшихъ изъ крѣпостной зависимости 4 50 9 — — — — — — — — — 4 50 4 50 — — 4 50 4 50 з., — осѣдыхъ инородцевъ 222 52 1/2 1450 80 — — — — — — — — 23 40 1225 35 199 121/2 225 45 424 571/2 Итого 347588 59 3/4 403591 73 34427 283/4 15023 841/2 5496 85 6605 411/2 77534 2 287524 913/4 29898* 11/2 124485 241/4 423470 253/4 Податей разныхъ наименованій взимаемыхъ вмѣсто подушныхъ и оброчныхъ, съ кочевыхъ и брудячихъ инородцевъ въ 44 копѣечную подать 25 39 1415 54 — — — — — — — — 25 39 1390 15 — — 25 39 25 39 3. Общественнаго сбора. Съ государственныхъ крестьянъ всѣхъ наименованій 3071 82 1/4 5976 94 24 86 63 14 49 17 199 931/2 639 433/4 4163 79 2408 71/2 1276 351/2 3684 43 — прочихъ податныхъ сословій 98 1 505 98 5 76 — — — — — 33 2 21/2 487 53 101 741/2 18 12 110 861/2 4. Сбора на обеспеченіе народнаго продовольствія. Съ государственныхъ крестьянъ всѣхъ наименованій 1382 73 1/2 — — — 49 — — 7 641/2 — — 154 21/2 — — 1225 561/4 — — 1221 561/2 — прочихъ податныхъ сословій 1289 31 1/4 — — 82 971/2 — — 17 771/2 — — 59 471/2 — — 1295 33/4 — — 1295 33/4 На межеваніе земель. Съ государственныхъ крестьянъ всѣхъ наименованій 1629 27 1/4 2788 47 11 74 31 611/2 21 98 42 203/4 230 851/2 2216 113/4 1388 173/4 561 76 1949 933/4 — прочихъ податныхъ сословій 48 97 252 99 — 90 — — — — — 161/2 1 63/4 243 75 48 801/4 9 71/2 57 873/4 На пожарныя случаи. Съ государственныхъ крестьянъ всѣхъ наименованій 2346 55 1/4 3717 96 15 62 41 66 31 60 55 18 390 91/2 3002 56 1940 473/4 701 88 2642 353/4 — прочихъ податныхъ сословій 156 91 112 60 — — — — 1 22 1 22 8 221/4 65 433/4 147 463/4 45 941/4 193 41 Экономической суммы, съ поселенцевъ полнаго и половиннаго оклада 10066 52 3/4 2193 30 2045 561/4 750 60 177 521/2 104 92 851 43 636 351/4 11683 131/2 2202 623/4 13885 761/4 Итого 20715 50 1/4 16563 78 2187 911/4 887 11/2 306 911/2 403 953/4 2362 2 12205 683/4 20234 48 4841 15 25075 63 5., Земскихъ сборовъ. На государственныя повинности. а., съ торговыхъ свидѣтельствъ. — — 2167 — — — 761 75 — — 2167 — — — 761 75 — — — — — — и б., — податныхъ лицъ 71333 11 1/4 79706 3 1615 331/4 1422 11/2 790 671/4 14920 251/2 13561 383/4 52266 31/4 58596 381/2 13941 753/4 72538 141/4 На губернскія повинности а., съ торговыхъ свидѣтельствъ. — — 1434 40 — — 502 50 — — 1434 40 — — 502 50 — — — — — — и б., — податныхъ лицъ 94629 82 1/2 108807 531/2 1880 581/4 8726 463/4 902 111/4 4953 441/4 20981 7 80156 471/2 74627221/2 32424 81/4 107051 303/4 На частныя повинности. На содержаніе сельской врачебной части съ податныхъ лицъ 7590 13 1/4 9681 65 149 68 156 28 223 511/2 524 73 1569 991/2 6416 951/2 59406 301/4 2896 241/2 8842 543/4 Итого 173553 7 201796 611/4 3645 591/2 11569 11/4 1916 30 23999 823/4 36115 451/4 140103 711/4 139169 911/4 49262 81/2 188431 993/4 Однорублеваго сбора съ бывшихъ помѣщичьихъ крестьянъ 8 — — — — — — — — — — — 4 — — — 4 — — — 4 — ВСЕГО 541865 17 621952 121/4 40260 791/2 27479 871/4 7720 61/2 31009 20 116012 491/4 439834 313/4 458393 403/4 178588 473/4 636981 881/2 II. Другихъ разныхъ взысканій.II. Другихъ разныхъ взысканій. По ведомствамъ: Министерства государственныхъ имуществъ. 18429 76 3/4 — — 8795 94 — — 3713 141/2 — — 4520 353/4 — — 18992 201/2 — — 18992 201/2 Министерства финансовъ: Департамента государственнаго казначейства 138014 90 1/2 — — 102976 871/4 — — 14153 211/2 — — 5755 931/2 — — 221082 623/4 — — 221082 623/4 — — — — — неокладныхъ сборовъ 44591 86 3/4 — — 22065 19 — — 2879 481/4 — — 7522 171/2 — — 56165 40 — — 56165 40 — — — — — горнаго 22 50 — — 114 — — — — — — — 37 50 — — 99 — — — 99 — — — — — — торговли и мануфактуръ 588 50 — — 540 75 — — 67 — — — 116 50 — — 945 75 — — 945 75 Министерства военнаго 1325 — — — — — — — — — — — — — — — 1325 — — — 1325 — — — — — — внутреннихъ дѣлъ 225 52 — — 1464 863/4 — — 408 521/2 — — 1121 981/2 — — 159 881/4 — — 159 881/4 — — — — — юстиціи 45 14 — — 198 82 — — 167 20 — — 51 80 — — 24 96 — — 24 96 По кредитной части 215333 7 1/2 — — 9156 86 — — 9127 661/2 — — 218 29 — — 215143 973/4 — — 215143 973/4 Итого 418486 27 1/2 — — 145313 30 — — 30516 231/4 — — 19344 54 — — 513938 801/4 — — 513938 801/4
d71;1872 год;"ref=""#settler_welfare_reform""";ВѣДОМОСТЬ # 4. О ПОСТУПЛЕНІИ СБОРОВЪ ПО ЕНИСЕЙСКОЙ ГУБЕРНІИ За 1872 годъ. О податяхъ и недоимкахъ поО податяхъ и недоимкахъ по Енисейской губерніи на 1872 годъ.Енисейской губерніи на 1872 годъ. I. Подати и окладные платежи.I. Подати и окладные платежи. Следовало поступить. Вновь причислено. Исключено. Взыскано. Осталось къ 1-му Января 1873 года. Недоимокъ. Оклада. Недоимокъ. Оклада. Недоимокъ. Оклада. Недоимокъ. Оклада. Недоимокъ. Оклада. ВСЕГО. 1., Оброчной подати и дополнительнаго къ ней сбора. Руб. Коп. Руб. Коп. Руб. Коп. Руб. Коп. Руб. Коп. Руб. Коп. Руб. Коп. Руб. Коп. Руб. Коп. Руб. Коп. Руб. Коп. Съ государственныхъ крестьянъ всѣхъ наименованій 141511 54 1/4 256285 90 6437 701/2 2879 46 2133 491/2 3252 153/4 40814 911/2 198503 131/4 105000 833/4 57410 7 162410 903/4 — поселенцевъ полнаго оклада 73630 84 1/2 16955 12 3733 33/4 1897 5 529 91/2 466 131/2 320 553/4 3777 331/4 73628 23 14608 701/4 88236 931/4 — поселенцевъ половиннаго оклада 31041 4 11596 75 16797673/4 6199 331/2 1430 70 812 21/2 7349 211/2 8588 90 39058 801/4 12395 16 51453 961/4 — купцовъ и мѣщанъ живущихъ въ селеніяхъ 134 98 1/4 73 98 — — — — — — — — 26 671/2 38 351/2 108 31 35 621/2 143 931/2 — осѣдлыхъ инородцевъ 888 28 3/4 4416 88 — — — — 38 273/4 15 501/4 193 21 3159 991/4 654 80 1241 381/4 1898 181/4 — переселенцевъ 1905 84 1617 — — — — — 1 291/2 66 361/4 72 321/2 290 453/4 1832 221/4 1260 18 3092 401/4 3. Подушной подати съ сословій, состоящихъ на общихъ окладанъ. а., Съ государственныхъ крестьянъ всѣхъ наименованій 44808 41 3/4 84181 50 561 99 944 10 678 44 1512 171/2 12931 741/4 64787 701/2 31760 221/2 18825 72 50585 941/2 б., — поселенцевъ полнаго оклада 21805 94 3/4 5569 20 1235 21/2 623 70 167 721/4 166 453/4 1561 1/2 1231 731/4 21312 241/4 4794 71 36106 951/2 в., — поселенцевъ половиннаго оклада 8512 41 1/2 3795 30 5443 19 2038 60 467 421/2 252 20 3319 751/4 1751 93 10168 423/4 3829 77 13998 193/4 г., — купцовъ и мѣщанъ живущихъ въ селеніяхъ 47 25 24 30 — — — — — — — — 6 75 12 15 40 50 12 15 52 65 д., — мѣщанъ и цѣховыхъ 22995 19 17616 — 218 661/4 441 60 50 40 62 40 8023 973/4 8153 373/4 15139 *81/2 9841 821/4 24981 293/4 е., — бывшихъ помѣщичьихъ крестьянъ 79 81 1/2 — — — — — — — — — — — — — — 79 *11/2 — — 79 811/2 ж., — крестьянъ вышедшихъ изъ крѣпостной зависимости 4 50 9 — — — — — — — — — 4 50 4 50 — — 4 50 4 50 з., — осѣдыхъ инородцевъ 222 52 1/2 1450 80 — — — — — — — — 23 40 1225 35 199 121/2 225 45 424 571/2 Итого 347588 59 3/4 403591 73 34427 283/4 15023 841/2 5496 85 6605 411/2 77534 2 287524 913/4 29898* 11/2 124485 241/4 423470 253/4 Податей разныхъ наименованій взимаемыхъ вмѣсто подушныхъ и оброчныхъ, съ кочевыхъ и брудячихъ инородцевъ въ 44 копѣечную подать 25 39 1415 54 — — — — — — — — 25 39 1390 15 — — 25 39 25 39 3. Общественнаго сбора. Съ государственныхъ крестьянъ всѣхъ наименованій 3071 82 1/4 5976 94 24 86 63 14 49 17 199 931/2 639 433/4 4163 79 2408 71/2 1276 351/2 3684 43 — прочихъ податныхъ сословій 98 1 505 98 5 76 — — — — — 33 2 21/2 487 53 101 741/2 18 12 110 861/2 4. Сбора на обеспеченіе народнаго продовольствія. Съ государственныхъ крестьянъ всѣхъ наименованій 1382 73 1/2 — — — 49 — — 7 641/2 — — 154 21/2 — — 1225 561/4 — — 1221 561/2 — прочихъ податныхъ сословій 1289 31 1/4 — — 82 971/2 — — 17 771/2 — — 59 471/2 — — 1295 33/4 — — 1295 33/4 На межеваніе земель. Съ государственныхъ крестьянъ всѣхъ наименованій 1629 27 1/4 2788 47 11 74 31 611/2 21 98 42 203/4 230 851/2 2216 113/4 1388 173/4 561 76 1949 933/4 — прочихъ податныхъ сословій 48 97 252 99 — 90 — — — — — 161/2 1 63/4 243 75 48 801/4 9 71/2 57 873/4 На пожарныя случаи. Съ государственныхъ крестьянъ всѣхъ наименованій 2346 55 1/4 3717 96 15 62 41 66 31 60 55 18 390 91/2 3002 56 1940 473/4 701 88 2642 353/4 — прочихъ податныхъ сословій 156 91 112 60 — — — — 1 22 1 22 8 221/4 65 433/4 147 463/4 45 941/4 193 41 Экономической суммы, съ поселенцевъ полнаго и половиннаго оклада 10066 52 3/4 2193 30 2045 561/4 750 60 177 521/2 104 92 851 43 636 351/4 11683 131/2 2202 623/4 13885 761/4 Итого 20715 50 1/4 16563 78 2187 911/4 887 11/2 306 911/2 403 953/4 2362 2 12205 683/4 20234 48 4841 15 25075 63 5., Земскихъ сборовъ. На государственныя повинности. а., съ торговыхъ свидѣтельствъ. — — 2167 — — — 761 75 — — 2167 — — — 761 75 — — — — — — и б., — податныхъ лицъ 71333 11 1/4 79706 3 1615 331/4 1422 11/2 790 671/4 14920 251/2 13561 383/4 52266 31/4 58596 381/2 13941 753/4 72538 141/4 На губернскія повинности а., съ торговыхъ свидѣтельствъ. — — 1434 40 — — 502 50 — — 1434 40 — — 502 50 — — — — — — и б., — податныхъ лицъ 94629 82 1/2 108807 531/2 1880 581/4 8726 463/4 902 111/4 4953 441/4 20981 7 80156 471/2 74627221/2 32424 81/4 107051 303/4 На частныя повинности. На содержаніе сельской врачебной части съ податныхъ лицъ 7590 13 1/4 9681 65 149 68 156 28 223 511/2 524 73 1569 991/2 6416 951/2 59406 301/4 2896 241/2 8842 543/4 Итого 173553 7 201796 611/4 3645 591/2 11569 11/4 1916 30 23999 823/4 36115 451/4 140103 711/4 139169 911/4 49262 81/2 188431 993/4 Однорублеваго сбора съ бывшихъ помѣщичьихъ крестьянъ 8 — — — — — — — — — — — 4 — — — 4 — — — 4 — ВСЕГО 541865 17 621952 121/4 40260 791/2 27479 871/4 7720 61/2 31009 20 116012 491/4 439834 313/4 458393 403/4 178588 473/4 636981 881/2 II. Другихъ разныхъ взысканій.II. Другихъ разныхъ взысканій. По ведомствамъ: Министерства государственныхъ имуществъ. 18429 76 3/4 — — 8795 94 — — 3713 141/2 — — 4520 353/4 — — 18992 201/2 — — 18992 201/2 Министерства финансовъ: Департамента государственнаго казначейства 138014 90 1/2 — — 102976 871/4 — — 14153 211/2 — — 5755 931/2 — — 221082 623/4 — — 221082 623/4 — — — — — неокладныхъ сборовъ 44591 86 3/4 — — 22065 19 — — 2879 481/4 — — 7522 171/2 — — 56165 40 — — 56165 40 — — — — — горнаго 22 50 — — 114 — — — — — — — 37 50 — — 99 — — — 99 — — — — — — торговли и мануфактуръ 588 50 — — 540 75 — — 67 — — — 116 50 — — 945 75 — — 945 75 Министерства военнаго 1325 — — — — — — — — — — — — — — — 1325 — — — 1325 — — — — — — внутреннихъ дѣлъ 225 52 — — 1464 863/4 — — 408 521/2 — — 1121 981/2 — — 159 881/4 — — 159 881/4 — — — — — юстиціи 45 14 — — 198 82 — — 167 20 — — 51 80 — — 24 96 — — 24 96 По кредитной части 215333 7 1/2 — — 9156 86 — — 9127 661/2 — — 218 29 — — 215143 973/4 — — 215143 973/4 Итого 418486 27 1/2 — — 145313 30 — — 30516 231/4 — — 19344 54 — — 513938 801/4 — — 513938 801/4
d72;1872 год;"ref=""#settler_welfare_reform""";ВѣДОМОСТЬ # 4. О ПОСТУПЛЕНІИ СБОРОВЪ ПО ЕНИСЕЙСКОЙ ГУБЕРНІИ За 1872 годъ. О податяхъ и недоимкахъ поО податяхъ и недоимкахъ по Енисейской губерніи на 1872 годъ.Енисейской губерніи на 1872 годъ. I. Подати и окладные платежи.I. Подати и окладные платежи. Следовало поступить. Вновь причислено. Исключено. Взыскано. Осталось къ 1-му Января 1873 года. Недоимокъ. Оклада. Недоимокъ. Оклада. Недоимокъ. Оклада. Недоимокъ. Оклада. Недоимокъ. Оклада. ВСЕГО. 1., Оброчной подати и дополнительнаго къ ней сбора. Руб. Коп. Руб. Коп. Руб. Коп. Руб. Коп. Руб. Коп. Руб. Коп. Руб. Коп. Руб. Коп. Руб. Коп. Руб. Коп. Руб. Коп. Съ государственныхъ крестьянъ всѣхъ наименованій 141511 54 1/4 256285 90 6437 701/2 2879 46 2133 491/2 3252 153/4 40814 911/2 198503 131/4 105000 833/4 57410 7 162410 903/4 — поселенцевъ полнаго оклада 73630 84 1/2 16955 12 3733 33/4 1897 5 529 91/2 466 131/2 320 553/4 3777 331/4 73628 23 14608 701/4 88236 931/4 — поселенцевъ половиннаго оклада 31041 4 11596 75 16797673/4 6199 331/2 1430 70 812 21/2 7349 211/2 8588 90 39058 801/4 12395 16 51453 961/4 — купцовъ и мѣщанъ живущихъ въ селеніяхъ 134 98 1/4 73 98 — — — — — — — — 26 671/2 38 351/2 108 31 35 621/2 143 931/2 — осѣдлыхъ инородцевъ 888 28 3/4 4416 88 — — — — 38 273/4 15 501/4 193 21 3159 991/4 654 80 1241 381/4 1898 181/4 — переселенцевъ 1905 84 1617 — — — — — 1 291/2 66 361/4 72 321/2 290 453/4 1832 221/4 1260 18 3092 401/4 3. Подушной подати съ сословій, состоящихъ на общихъ окладанъ. а., Съ государственныхъ крестьянъ всѣхъ наименованій 44808 41 3/4 84181 50 561 99 944 10 678 44 1512 171/2 12931 741/4 64787 701/2 31760 221/2 18825 72 50585 941/2 б., — поселенцевъ полнаго оклада 21805 94 3/4 5569 20 1235 21/2 623 70 167 721/4 166 453/4 1561 1/2 1231 731/4 21312 241/4 4794 71 36106 951/2 в., — поселенцевъ половиннаго оклада 8512 41 1/2 3795 30 5443 19 2038 60 467 421/2 252 20 3319 751/4 1751 93 10168 423/4 3829 77 13998 193/4 г., — купцовъ и мѣщанъ живущихъ въ селеніяхъ 47 25 24 30 — — — — — — — — 6 75 12 15 40 50 12 15 52 65 д., — мѣщанъ и цѣховыхъ 22995 19 17616 — 218 661/4 441 60 50 40 62 40 8023 973/4 8153 373/4 15139 *81/2 9841 821/4 24981 293/4 е., — бывшихъ помѣщичьихъ крестьянъ 79 81 1/2 — — — — — — — — — — — — — — 79 *11/2 — — 79 811/2 ж., — крестьянъ вышедшихъ изъ крѣпостной зависимости 4 50 9 — — — — — — — — — 4 50 4 50 — — 4 50 4 50 з., — осѣдыхъ инородцевъ 222 52 1/2 1450 80 — — — — — — — — 23 40 1225 35 199 121/2 225 45 424 571/2 Итого 347588 59 3/4 403591 73 34427 283/4 15023 841/2 5496 85 6605 411/2 77534 2 287524 913/4 29898* 11/2 124485 241/4 423470 253/4 Податей разныхъ наименованій взимаемыхъ вмѣсто подушныхъ и оброчныхъ, съ кочевыхъ и брудячихъ инородцевъ въ 44 копѣечную подать 25 39 1415 54 — — — — — — — — 25 39 1390 15 — — 25 39 25 39 3. Общественнаго сбора. Съ государственныхъ крестьянъ всѣхъ наименованій 3071 82 1/4 5976 94 24 86 63 14 49 17 199 931/2 639 433/4 4163 79 2408 71/2 1276 351/2 3684 43 — прочихъ податныхъ сословій 98 1 505 98 5 76 — — — — — 33 2 21/2 487 53 101 741/2 18 12 110 861/2 4. Сбора на обеспеченіе народнаго продовольствія. Съ государственныхъ крестьянъ всѣхъ наименованій 1382 73 1/2 — — — 49 — — 7 641/2 — — 154 21/2 — — 1225 561/4 — — 1221 561/2 — прочихъ податныхъ сословій 1289 31 1/4 — — 82 971/2 — — 17 771/2 — — 59 471/2 — — 1295 33/4 — — 1295 33/4 На межеваніе земель. Съ государственныхъ крестьянъ всѣхъ наименованій 1629 27 1/4 2788 47 11 74 31 611/2 21 98 42 203/4 230 851/2 2216 113/4 1388 173/4 561 76 1949 933/4 — прочихъ податныхъ сословій 48 97 252 99 — 90 — — — — — 161/2 1 63/4 243 75 48 801/4 9 71/2 57 873/4 На пожарныя случаи. Съ государственныхъ крестьянъ всѣхъ наименованій 2346 55 1/4 3717 96 15 62 41 66 31 60 55 18 390 91/2 3002 56 1940 473/4 701 88 2642 353/4 — прочихъ податныхъ сословій 156 91 112 60 — — — — 1 22 1 22 8 221/4 65 433/4 147 463/4 45 941/4 193 41 Экономической суммы, съ поселенцевъ полнаго и половиннаго оклада 10066 52 3/4 2193 30 2045 561/4 750 60 177 521/2 104 92 851 43 636 351/4 11683 131/2 2202 623/4 13885 761/4 Итого 20715 50 1/4 16563 78 2187 911/4 887 11/2 306 911/2 403 953/4 2362 2 12205 683/4 20234 48 4841 15 25075 63 5., Земскихъ сборовъ. На государственныя повинности. а., съ торговыхъ свидѣтельствъ. — — 2167 — — — 761 75 — — 2167 — — — 761 75 — — — — — — и б., — податныхъ лицъ 71333 11 1/4 79706 3 1615 331/4 1422 11/2 790 671/4 14920 251/2 13561 383/4 52266 31/4 58596 381/2 13941 753/4 72538 141/4 На губернскія повинности а., съ торговыхъ свидѣтельствъ. — — 1434 40 — — 502 50 — — 1434 40 — — 502 50 — — — — — — и б., — податныхъ лицъ 94629 82 1/2 108807 531/2 1880 581/4 8726 463/4 902 111/4 4953 441/4 20981 7 80156 471/2 74627221/2 32424 81/4 107051 303/4 На частныя повинности. На содержаніе сельской врачебной части съ податныхъ лицъ 7590 13 1/4 9681 65 149 68 156 28 223 511/2 524 73 1569 991/2 6416 951/2 59406 301/4 2896 241/2 8842 543/4 Итого 173553 7 201796 611/4 3645 591/2 11569 11/4 1916 30 23999 823/4 36115 451/4 140103 711/4 139169 911/4 49262 81/2 188431 993/4 Однорублеваго сбора съ бывшихъ помѣщичьихъ крестьянъ 8 — — — — — — — — — — — 4 — — — 4 — — — 4 — ВСЕГО 541865 17 621952 121/4 40260 791/2 27479 871/4 7720 61/2 31009 20 116012 491/4 439834 313/4 458393 403/4 178588 473/4 636981 881/2 II. Другихъ разныхъ взысканій.II. Другихъ разныхъ взысканій. По ведомствамъ: Министерства государственныхъ имуществъ. 18429 76 3/4 — — 8795 94 — — 3713 141/2 — — 4520 353/4 — — 18992 201/2 — — 18992 201/2 Министерства финансовъ: Департамента государственнаго казначейства 138014 90 1/2 — — 102976 871/4 — — 14153 211/2 — — 5755 931/2 — — 221082 623/4 — — 221082 623/4 — — — — — неокладныхъ сборовъ 44591 86 3/4 — — 22065 19 — — 2879 481/4 — — 7522 171/2 — — 56165 40 — — 56165 40 — — — — — горнаго 22 50 — — 114 — — — — — — — 37 50 — — 99 — — — 99 — — — — — — торговли и мануфактуръ 588 50 — — 540 75 — — 67 — — — 116 50 — — 945 75 — — 945 75 Министерства военнаго 1325 — — — — — — — — — — — — — — — 1325 — — — 1325 — — — — — — внутреннихъ дѣлъ 225 52 — — 1464 863/4 — — 408 521/2 — — 1121 981/2 — — 159 881/4 — — 159 881/4 — — — — — юстиціи 45 14 — — 198 82 — — 167 20 — — 51 80 — — 24 96 — — 24 96 По кредитной части 215333 7 1/2 — — 9156 86 — — 9127 661/2 — — 218 29 — — 215143 973/4 — — 215143 973/4 Итого 418486 27 1/2 — — 145313 30 — — 30516 231/4 — — 19344 54 — — 513938 801/4 — — 513938 801/4
d73;1872 год;"ref=""#settler_welfare_reform""";ВѣДОМОСТЬ # 4. О ПОСТУПЛЕНІИ СБОРОВЪ ПО ЕНИСЕЙСКОЙ ГУБЕРНІИ За 1872 годъ. О податяхъ и недоимкахъ поО податяхъ и недоимкахъ по Енисейской губерніи на 1872 годъ.Енисейской губерніи на 1872 годъ. I. Подати и окладные платежи.I. Подати и окладные платежи. Следовало поступить. Вновь причислено. Исключено. Взыскано. Осталось къ 1-му Января 1873 года. Недоимокъ. Оклада. Недоимокъ. Оклада. Недоимокъ. Оклада. Недоимокъ. Оклада. Недоимокъ. Оклада. ВСЕГО. 1., Оброчной подати и дополнительнаго къ ней сбора. Руб. Коп. Руб. Коп. Руб. Коп. Руб. Коп. Руб. Коп. Руб. Коп. Руб. Коп. Руб. Коп. Руб. Коп. Руб. Коп. Руб. Коп. Съ государственныхъ крестьянъ всѣхъ наименованій 141511 54 1/4 256285 90 6437 701/2 2879 46 2133 491/2 3252 153/4 40814 911/2 198503 131/4 105000 833/4 57410 7 162410 903/4 — поселенцевъ полнаго оклада 73630 84 1/2 16955 12 3733 33/4 1897 5 529 91/2 466 131/2 320 553/4 3777 331/4 73628 23 14608 701/4 88236 931/4 — поселенцевъ половиннаго оклада 31041 4 11596 75 16797673/4 6199 331/2 1430 70 812 21/2 7349 211/2 8588 90 39058 801/4 12395 16 51453 961/4 — купцовъ и мѣщанъ живущихъ въ селеніяхъ 134 98 1/4 73 98 — — — — — — — — 26 671/2 38 351/2 108 31 35 621/2 143 931/2 — осѣдлыхъ инородцевъ 888 28 3/4 4416 88 — — — — 38 273/4 15 501/4 193 21 3159 991/4 654 80 1241 381/4 1898 181/4 — переселенцевъ 1905 84 1617 — — — — — 1 291/2 66 361/4 72 321/2 290 453/4 1832 221/4 1260 18 3092 401/4 3. Подушной подати съ сословій, состоящихъ на общихъ окладанъ. а., Съ государственныхъ крестьянъ всѣхъ наименованій 44808 41 3/4 84181 50 561 99 944 10 678 44 1512 171/2 12931 741/4 64787 701/2 31760 221/2 18825 72 50585 941/2 б., — поселенцевъ полнаго оклада 21805 94 3/4 5569 20 1235 21/2 623 70 167 721/4 166 453/4 1561 1/2 1231 731/4 21312 241/4 4794 71 36106 951/2 в., — поселенцевъ половиннаго оклада 8512 41 1/2 3795 30 5443 19 2038 60 467 421/2 252 20 3319 751/4 1751 93 10168 423/4 3829 77 13998 193/4 г., — купцовъ и мѣщанъ живущихъ въ селеніяхъ 47 25 24 30 — — — — — — — — 6 75 12 15 40 50 12 15 52 65 д., — мѣщанъ и цѣховыхъ 22995 19 17616 — 218 661/4 441 60 50 40 62 40 8023 973/4 8153 373/4 15139 *81/2 9841 821/4 24981 293/4 е., — бывшихъ помѣщичьихъ крестьянъ 79 81 1/2 — — — — — — — — — — — — — — 79 *11/2 — — 79 811/2 ж., — крестьянъ вышедшихъ изъ крѣпостной зависимости 4 50 9 — — — — — — — — — 4 50 4 50 — — 4 50 4 50 з., — осѣдыхъ инородцевъ 222 52 1/2 1450 80 — — — — — — — — 23 40 1225 35 199 121/2 225 45 424 571/2 Итого 347588 59 3/4 403591 73 34427 283/4 15023 841/2 5496 85 6605 411/2 77534 2 287524 913/4 29898* 11/2 124485 241/4 423470 253/4 Податей разныхъ наименованій взимаемыхъ вмѣсто подушныхъ и оброчныхъ, съ кочевыхъ и брудячихъ инородцевъ въ 44 копѣечную подать 25 39 1415 54 — — — — — — — — 25 39 1390 15 — — 25 39 25 39 3. Общественнаго сбора. Съ государственныхъ крестьянъ всѣхъ наименованій 3071 82 1/4 5976 94 24 86 63 14 49 17 199 931/2 639 433/4 4163 79 2408 71/2 1276 351/2 3684 43 — прочихъ податныхъ сословій 98 1 505 98 5 76 — — — — — 33 2 21/2 487 53 101 741/2 18 12 110 861/2 4. Сбора на обеспеченіе народнаго продовольствія. Съ государственныхъ крестьянъ всѣхъ наименованій 1382 73 1/2 — — — 49 — — 7 641/2 — — 154 21/2 — — 1225 561/4 — — 1221 561/2 — прочихъ податныхъ сословій 1289 31 1/4 — — 82 971/2 — — 17 771/2 — — 59 471/2 — — 1295 33/4 — — 1295 33/4 На межеваніе земель. Съ государственныхъ крестьянъ всѣхъ наименованій 1629 27 1/4 2788 47 11 74 31 611/2 21 98 42 203/4 230 851/2 2216 113/4 1388 173/4 561 76 1949 933/4 — прочихъ податныхъ сословій 48 97 252 99 — 90 — — — — — 161/2 1 63/4 243 75 48 801/4 9 71/2 57 873/4 На пожарныя случаи. Съ государственныхъ крестьянъ всѣхъ наименованій 2346 55 1/4 3717 96 15 62 41 66 31 60 55 18 390 91/2 3002 56 1940 473/4 701 88 2642 353/4 — прочихъ податныхъ сословій 156 91 112 60 — — — — 1 22 1 22 8 221/4 65 433/4 147 463/4 45 941/4 193 41 Экономической суммы, съ поселенцевъ полнаго и половиннаго оклада 10066 52 3/4 2193 30 2045 561/4 750 60 177 521/2 104 92 851 43 636 351/4 11683 131/2 2202 623/4 13885 761/4 Итого 20715 50 1/4 16563 78 2187 911/4 887 11/2 306 911/2 403 953/4 2362 2 12205 683/4 20234 48 4841 15 25075 63 5., Земскихъ сборовъ. На государственныя повинности. а., съ торговыхъ свидѣтельствъ. — — 2167 — — — 761 75 — — 2167 — — — 761 75 — — — — — — и б., — податныхъ лицъ 71333 11 1/4 79706 3 1615 331/4 1422 11/2 790 671/4 14920 251/2 13561 383/4 52266 31/4 58596 381/2 13941 753/4 72538 141/4 На губернскія повинности а., съ торговыхъ свидѣтельствъ. — — 1434 40 — — 502 50 — — 1434 40 — — 502 50 — — — — — — и б., — податныхъ лицъ 94629 82 1/2 108807 531/2 1880 581/4 8726 463/4 902 111/4 4953 441/4 20981 7 80156 471/2 74627221/2 32424 81/4 107051 303/4 На частныя повинности. На содержаніе сельской врачебной части съ податныхъ лицъ 7590 13 1/4 9681 65 149 68 156 28 223 511/2 524 73 1569 991/2 6416 951/2 59406 301/4 2896 241/2 8842 543/4 Итого 173553 7 201796 611/4 3645 591/2 11569 11/4 1916 30 23999 823/4 36115 451/4 140103 711/4 139169 911/4 49262 81/2 188431 993/4 Однорублеваго сбора съ бывшихъ помѣщичьихъ крестьянъ 8 — — — — — — — — — — — 4 — — — 4 — — — 4 — ВСЕГО 541865 17 621952 121/4 40260 791/2 27479 871/4 7720 61/2 31009 20 116012 491/4 439834 313/4 458393 403/4 178588 473/4 636981 881/2 II. Другихъ разныхъ взысканій.II. Другихъ разныхъ взысканій. По ведомствамъ: Министерства государственныхъ имуществъ. 18429 76 3/4 — — 8795 94 — — 3713 141/2 — — 4520 353/4 — — 18992 201/2 — — 18992 201/2 Министерства финансовъ: Департамента государственнаго казначейства 138014 90 1/2 — — 102976 871/4 — — 14153 211/2 — — 5755 931/2 — — 221082 623/4 — — 221082 623/4 — — — — — неокладныхъ сборовъ 44591 86 3/4 — — 22065 19 — — 2879 481/4 — — 7522 171/2 — — 56165 40 — — 56165 40 — — — — — горнаго 22 50 — — 114 — — — — — — — 37 50 — — 99 — — — 99 — — — — — — торговли и мануфактуръ 588 50 — — 540 75 — — 67 — — — 116 50 — — 945 75 — — 945 75 Министерства военнаго 1325 — — — — — — — — — — — — — — — 1325 — — — 1325 — — — — — — внутреннихъ дѣлъ 225 52 — — 1464 863/4 — — 408 521/2 — — 1121 981/2 — — 159 881/4 — — 159 881/4 — — — — — юстиціи 45 14 — — 198 82 — — 167 20 — — 51 80 — — 24 96 — — 24 96 По кредитной части 215333 7 1/2 — — 9156 86 — — 9127 661/2 — — 218 29 — — 215143 973/4 — — 215143 973/4 Итого 418486 27 1/2 — — 145313 30 — — 30516 231/4 — — 19344 54 — — 513938 801/4 — — 513938 801/4
d74;1873 года;"ref=""#settler_welfare_reform""";ВѣДОМОСТЬ # 4. О ПОСТУПЛЕНІИ СБОРОВЪ ПО ЕНИСЕЙСКОЙ ГУБЕРНІИ За 1872 годъ. О податяхъ и недоимкахъ поО податяхъ и недоимкахъ по Енисейской губерніи на 1872 годъ.Енисейской губерніи на 1872 годъ. I. Подати и окладные платежи.I. Подати и окладные платежи. Следовало поступить. Вновь причислено. Исключено. Взыскано. Осталось къ 1-му Января 1873 года. Недоимокъ. Оклада. Недоимокъ. Оклада. Недоимокъ. Оклада. Недоимокъ. Оклада. Недоимокъ. Оклада. ВСЕГО. 1., Оброчной подати и дополнительнаго къ ней сбора. Руб. Коп. Руб. Коп. Руб. Коп. Руб. Коп. Руб. Коп. Руб. Коп. Руб. Коп. Руб. Коп. Руб. Коп. Руб. Коп. Руб. Коп. Съ государственныхъ крестьянъ всѣхъ наименованій 141511 54 1/4 256285 90 6437 701/2 2879 46 2133 491/2 3252 153/4 40814 911/2 198503 131/4 105000 833/4 57410 7 162410 903/4 — поселенцевъ полнаго оклада 73630 84 1/2 16955 12 3733 33/4 1897 5 529 91/2 466 131/2 320 553/4 3777 331/4 73628 23 14608 701/4 88236 931/4 — поселенцевъ половиннаго оклада 31041 4 11596 75 16797673/4 6199 331/2 1430 70 812 21/2 7349 211/2 8588 90 39058 801/4 12395 16 51453 961/4 — купцовъ и мѣщанъ живущихъ въ селеніяхъ 134 98 1/4 73 98 — — — — — — — — 26 671/2 38 351/2 108 31 35 621/2 143 931/2 — осѣдлыхъ инородцевъ 888 28 3/4 4416 88 — — — — 38 273/4 15 501/4 193 21 3159 991/4 654 80 1241 381/4 1898 181/4 — переселенцевъ 1905 84 1617 — — — — — 1 291/2 66 361/4 72 321/2 290 453/4 1832 221/4 1260 18 3092 401/4 3. Подушной подати съ сословій, состоящихъ на общихъ окладанъ. а., Съ государственныхъ крестьянъ всѣхъ наименованій 44808 41 3/4 84181 50 561 99 944 10 678 44 1512 171/2 12931 741/4 64787 701/2 31760 221/2 18825 72 50585 941/2 б., — поселенцевъ полнаго оклада 21805 94 3/4 5569 20 1235 21/2 623 70 167 721/4 166 453/4 1561 1/2 1231 731/4 21312 241/4 4794 71 36106 951/2 в., — поселенцевъ половиннаго оклада 8512 41 1/2 3795 30 5443 19 2038 60 467 421/2 252 20 3319 751/4 1751 93 10168 423/4 3829 77 13998 193/4 г., — купцовъ и мѣщанъ живущихъ въ селеніяхъ 47 25 24 30 — — — — — — — — 6 75 12 15 40 50 12 15 52 65 д., — мѣщанъ и цѣховыхъ 22995 19 17616 — 218 661/4 441 60 50 40 62 40 8023 973/4 8153 373/4 15139 *81/2 9841 821/4 24981 293/4 е., — бывшихъ помѣщичьихъ крестьянъ 79 81 1/2 — — — — — — — — — — — — — — 79 *11/2 — — 79 811/2 ж., — крестьянъ вышедшихъ изъ крѣпостной зависимости 4 50 9 — — — — — — — — — 4 50 4 50 — — 4 50 4 50 з., — осѣдыхъ инородцевъ 222 52 1/2 1450 80 — — — — — — — — 23 40 1225 35 199 121/2 225 45 424 571/2 Итого 347588 59 3/4 403591 73 34427 283/4 15023 841/2 5496 85 6605 411/2 77534 2 287524 913/4 29898* 11/2 124485 241/4 423470 253/4 Податей разныхъ наименованій взимаемыхъ вмѣсто подушныхъ и оброчныхъ, съ кочевыхъ и брудячихъ инородцевъ въ 44 копѣечную подать 25 39 1415 54 — — — — — — — — 25 39 1390 15 — — 25 39 25 39 3. Общественнаго сбора. Съ государственныхъ крестьянъ всѣхъ наименованій 3071 82 1/4 5976 94 24 86 63 14 49 17 199 931/2 639 433/4 4163 79 2408 71/2 1276 351/2 3684 43 — прочихъ податныхъ сословій 98 1 505 98 5 76 — — — — — 33 2 21/2 487 53 101 741/2 18 12 110 861/2 4. Сбора на обеспеченіе народнаго продовольствія. Съ государственныхъ крестьянъ всѣхъ наименованій 1382 73 1/2 — — — 49 — — 7 641/2 — — 154 21/2 — — 1225 561/4 — — 1221 561/2 — прочихъ податныхъ сословій 1289 31 1/4 — — 82 971/2 — — 17 771/2 — — 59 471/2 — — 1295 33/4 — — 1295 33/4 На межеваніе земель. Съ государственныхъ крестьянъ всѣхъ наименованій 1629 27 1/4 2788 47 11 74 31 611/2 21 98 42 203/4 230 851/2 2216 113/4 1388 173/4 561 76 1949 933/4 — прочихъ податныхъ сословій 48 97 252 99 — 90 — — — — — 161/2 1 63/4 243 75 48 801/4 9 71/2 57 873/4 На пожарныя случаи. Съ государственныхъ крестьянъ всѣхъ наименованій 2346 55 1/4 3717 96 15 62 41 66 31 60 55 18 390 91/2 3002 56 1940 473/4 701 88 2642 353/4 — прочихъ податныхъ сословій 156 91 112 60 — — — — 1 22 1 22 8 221/4 65 433/4 147 463/4 45 941/4 193 41 Экономической суммы, съ поселенцевъ полнаго и половиннаго оклада 10066 52 3/4 2193 30 2045 561/4 750 60 177 521/2 104 92 851 43 636 351/4 11683 131/2 2202 623/4 13885 761/4 Итого 20715 50 1/4 16563 78 2187 911/4 887 11/2 306 911/2 403 953/4 2362 2 12205 683/4 20234 48 4841 15 25075 63 5., Земскихъ сборовъ. На государственныя повинности. а., съ торговыхъ свидѣтельствъ. — — 2167 — — — 761 75 — — 2167 — — — 761 75 — — — — — — и б., — податныхъ лицъ 71333 11 1/4 79706 3 1615 331/4 1422 11/2 790 671/4 14920 251/2 13561 383/4 52266 31/4 58596 381/2 13941 753/4 72538 141/4 На губернскія повинности а., съ торговыхъ свидѣтельствъ. — — 1434 40 — — 502 50 — — 1434 40 — — 502 50 — — — — — — и б., — податныхъ лицъ 94629 82 1/2 108807 531/2 1880 581/4 8726 463/4 902 111/4 4953 441/4 20981 7 80156 471/2 74627221/2 32424 81/4 107051 303/4 На частныя повинности. На содержаніе сельской врачебной части съ податныхъ лицъ 7590 13 1/4 9681 65 149 68 156 28 223 511/2 524 73 1569 991/2 6416 951/2 59406 301/4 2896 241/2 8842 543/4 Итого 173553 7 201796 611/4 3645 591/2 11569 11/4 1916 30 23999 823/4 36115 451/4 140103 711/4 139169 911/4 49262 81/2 188431 993/4 Однорублеваго сбора съ бывшихъ помѣщичьихъ крестьянъ 8 — — — — — — — — — — — 4 — — — 4 — — — 4 — ВСЕГО 541865 17 621952 121/4 40260 791/2 27479 871/4 7720 61/2 31009 20 116012 491/4 439834 313/4 458393 403/4 178588 473/4 636981 881/2 II. Другихъ разныхъ взысканій.II. Другихъ разныхъ взысканій. По ведомствамъ: Министерства государственныхъ имуществъ. 18429 76 3/4 — — 8795 94 — — 3713 141/2 — — 4520 353/4 — — 18992 201/2 — — 18992 201/2 Министерства финансовъ: Департамента государственнаго казначейства 138014 90 1/2 — — 102976 871/4 — — 14153 211/2 — — 5755 931/2 — — 221082 623/4 — — 221082 623/4 — — — — — неокладныхъ сборовъ 44591 86 3/4 — — 22065 19 — — 2879 481/4 — — 7522 171/2 — — 56165 40 — — 56165 40 — — — — — горнаго 22 50 — — 114 — — — — — — — 37 50 — — 99 — — — 99 — — — — — — торговли и мануфактуръ 588 50 — — 540 75 — — 67 — — — 116 50 — — 945 75 — — 945 75 Министерства военнаго 1325 — — — — — — — — — — — — — — — 1325 — — — 1325 — — — — — — внутреннихъ дѣлъ 225 52 — — 1464 863/4 — — 408 521/2 — — 1121 981/2 — — 159 881/4 — — 159 881/4 — — — — — юстиціи 45 14 — — 198 82 — — 167 20 — — 51 80 — — 24 96 — — 24 96 По кредитной части 215333 7 1/2 — — 9156 86 — — 9127 661/2 — — 218 29 — — 215143 973/4 — — 215143 973/4 Итого 418486 27 1/2 — — 145313 30 — — 30516 231/4 — — 19344 54 — — 513938 801/4 — — 513938 801/4
d75;1872 год;"ref=""#trade_statistics_1872""";80 О податяхъ и недоимкахъО податяхъ и недоимкахъ по Енисейской губерніи за 1872 годъ.по Енисейской губерніи за 1872 годъ. Следовало поступить. Вновь причислено. Исключено. Взыскано. Осталось къ 1-му Января 1873 года. Недоимокъ. Оклада. Недоимокъ. Оклада. Недоимокъ. Оклада. Недоимокъ. Оклада. Недоимокъ. Оклада. ВСЕГО. Руб. Коп. Руб. Коп. Руб. Коп. Руб. Коп. Руб. Коп. Руб. Коп. Руб. Коп. Руб. Коп. Руб. Коп. Руб. Коп. Руб. Коп. III. Въ семъ числѣ изысканій на отвѣтственности губернскаго Начальства.III. Въ семъ числѣ изысканій на отвѣтственности губернскаго Начальства. По вѣдомствамъ: Министерства государственныхъ имуществъ 14379 841/2 — — 6617 371/4 — — 3537 731/4 — — 4241 971/2 — — 13217 511/4 — — 13217 511/4 Министерства финансовъ: Департамента государственнаго казначейства 138014 901/2 — — 8719 901/2 — — 5640 931/2 — — 5402 501/2 — — 135691 37 — — 135691 37 — — — — — неокладныхъ сборовъ 15850 25 — — 19125 461/2 — — 1444 811/4 — — 4606 96 — — 28923 941/4 — — 28923 941/4 — — — — — торговли и мануфактуръ 588 50 — — 540 75 — — 67 — — — 116 50 — — 945 75 — — 945 75 Министерства внутреннихъ дѣлъ 225 52 — — 1464 863/4 — — 408 521/4 — — 1121 981/4 — — 159 881/4 — — 159 881/4 По кредитной части 99406 83 — — 84 36 — — 2128 40 — — 204 — — — 91158 79 — — 91158 79 Итого 268465 85 — — 36552 72 — — 19225 401/4 — — 15693 92 — — 270097 243/4 — — 270097 243/4 Вѣрно: Исправляющ ій Должность Губернатора, Дѣйствительный Статск ій Совѣтникъ Плецъ Свѣрялъ: исправляющ ій должность Секретарь Статистическаго Комитета Ловин*
d76;1872 год;"ref=""#trade_statistics_1872""";80 О податяхъ и недоимкахъО податяхъ и недоимкахъ по Енисейской губерніи за 1872 годъ.по Енисейской губерніи за 1872 годъ. Следовало поступить. Вновь причислено. Исключено. Взыскано. Осталось къ 1-му Января 1873 года. Недоимокъ. Оклада. Недоимокъ. Оклада. Недоимокъ. Оклада. Недоимокъ. Оклада. Недоимокъ. Оклада. ВСЕГО. Руб. Коп. Руб. Коп. Руб. Коп. Руб. Коп. Руб. Коп. Руб. Коп. Руб. Коп. Руб. Коп. Руб. Коп. Руб. Коп. Руб. Коп. III. Въ семъ числѣ изысканій на отвѣтственности губернскаго Начальства.III. Въ семъ числѣ изысканій на отвѣтственности губернскаго Начальства. По вѣдомствамъ: Министерства государственныхъ имуществъ 14379 841/2 — — 6617 371/4 — — 3537 731/4 — — 4241 971/2 — — 13217 511/4 — — 13217 511/4 Министерства финансовъ: Департамента государственнаго казначейства 138014 901/2 — — 8719 901/2 — — 5640 931/2 — — 5402 501/2 — — 135691 37 — — 135691 37 — — — — — неокладныхъ сборовъ 15850 25 — — 19125 461/2 — — 1444 811/4 — — 4606 96 — — 28923 941/4 — — 28923 941/4 — — — — — торговли и мануфактуръ 588 50 — — 540 75 — — 67 — — — 116 50 — — 945 75 — — 945 75 Министерства внутреннихъ дѣлъ 225 52 — — 1464 863/4 — — 408 521/4 — — 1121 981/4 — — 159 881/4 — — 159 881/4 По кредитной части 99406 83 — — 84 36 — — 2128 40 — — 204 — — — 91158 79 — — 91158 79 Итого 268465 85 — — 36552 72 — — 19225 401/4 — — 15693 92 — — 270097 243/4 — — 270097 243/4 Вѣрно: Исправляющ ій Должность Губернатора, Дѣйствительный Статск ій Совѣтникъ Плецъ Свѣрялъ: исправляющ ій должность Секретарь Статистическаго Комитета Ловин*
d77;1873 года;"ref=""#trade_statistics_1872""";80 О податяхъ и недоимкахъО податяхъ и недоимкахъ по Енисейской губерніи за 1872 годъ.по Енисейской губерніи за 1872 годъ. Следовало поступить. Вновь причислено. Исключено. Взыскано. Осталось къ 1-му Января 1873 года. Недоимокъ. Оклада. Недоимокъ. Оклада. Недоимокъ. Оклада. Недоимокъ. Оклада. Недоимокъ. Оклада. ВСЕГО. Руб. Коп. Руб. Коп. Руб. Коп. Руб. Коп. Руб. Коп. Руб. Коп. Руб. Коп. Руб. Коп. Руб. Коп. Руб. Коп. Руб. Коп. III. Въ семъ числѣ изысканій на отвѣтственности губернскаго Начальства.III. Въ семъ числѣ изысканій на отвѣтственности губернскаго Начальства. По вѣдомствамъ: Министерства государственныхъ имуществъ 14379 841/2 — — 6617 371/4 — — 3537 731/4 — — 4241 971/2 — — 13217 511/4 — — 13217 511/4 Министерства финансовъ: Департамента государственнаго казначейства 138014 901/2 — — 8719 901/2 — — 5640 931/2 — — 5402 501/2 — — 135691 37 — — 135691 37 — — — — — неокладныхъ сборовъ 15850 25 — — 19125 461/2 — — 1444 811/4 — — 4606 96 — — 28923 941/4 — — 28923 941/4 — — — — — торговли и мануфактуръ 588 50 — — 540 75 — — 67 — — — 116 50 — — 945 75 — — 945 75 Министерства внутреннихъ дѣлъ 225 52 — — 1464 863/4 — — 408 521/4 — — 1121 981/4 — — 159 881/4 — — 159 881/4 По кредитной части 99406 83 — — 84 36 — — 2128 40 — — 204 — — — 91158 79 — — 91158 79 Итого 268465 85 — — 36552 72 — — 19225 401/4 — — 15693 92 — — 270097 243/4 — — 270097 243/4 Вѣрно: Исправляющ ій Должность Губернатора, Дѣйствительный Статск ій Совѣтникъ Плецъ Свѣрялъ: исправляющ ій должность Секретарь Статистическаго Комитета Ловин*
d78;1872 год;"ref=""#trade_statistics_1872""";81 О податяхъ и недоимкахъО податяхъ и недоимкахъ по Енисейской губерніи за 1872 годъ.по Енисейской губерніи за 1872 годъ. Следовало поступить. Вновь причислено. Исключено. Взыскано. Осталось къ 1-му Января 1873 года. Недоимокъ. Оклада. Недоимокъ. Оклада. Недоимокъ. Оклада. Недоимокъ. Оклада. Недоимокъ. Оклада. ВСЕГО. Руб. Коп. Руб. Коп. Руб. Коп. Руб. Коп. Руб. Коп. Руб. Коп. Руб. Коп. Руб. Коп. Руб. Коп. Руб. Коп. Руб. Коп. III. Въ семъ числѣ изысканій на отвѣтственности губернскаго Начальства.III. Въ семъ числѣ изысканій на отвѣтственности губернскаго Начальства. По вѣдомствамъ: Министерства государственныхъ имуществъ 14379 841/2 — — 6617 371/4 — — 3537 731/4 — — 4241 971/2 — — 13217 511/4 — — 13217 511/4 Министерства финансовъ: Департамента государственнаго казначейства 138014 901/2 — — 8719 901/2 — — 5640 931/2 — — 5402 501/2 — — 135691 37 — — 135691 37 — — — — — неокладныхъ сборовъ 15850 25 — — 19125 461/2 — — 1444 811/4 — — 4606 96 — — 28923 941/4 — — 28923 941/4 — — — — — торговли и мануфактуръ 588 50 — — 540 75 — — 67 — — — 116 50 — — 945 75 — — 945 75 Министерства внутреннихъ дѣлъ 225 52 — — 1464 863/4 — — 408 521/4 — — 1121 981/4 — — 159 881/4 — — 159 881/4 По кредитной части 99406 83 — — 84 36 — — 2128 40 — — 204 — — — 91158 79 — — 91158 79 Итого 268465 85 — — 36552 72 — — 19225 401/4 — — 15693 92 — — 270097 243/4 — — 270097 243/4 Вѣрно: Исправляющ ій Должность Губернатора, Дѣйствительный Статск ій Совѣтникъ Плецъ Свѣрялъ: исправляющ ій должность Секретарь Статистическаго Комитета Ловин*
d79;1872 год;"ref=""#trade_statistics_1872""";81 О податяхъ и недоимкахъО податяхъ и недоимкахъ по Енисейской губерніи за 1872 годъ.по Енисейской губерніи за 1872 годъ. Следовало поступить. Вновь причислено. Исключено. Взыскано. Осталось къ 1-му Января 1873 года. Недоимокъ. Оклада. Недоимокъ. Оклада. Недоимокъ. Оклада. Недоимокъ. Оклада. Недоимокъ. Оклада. ВСЕГО. Руб. Коп. Руб. Коп. Руб. Коп. Руб. Коп. Руб. Коп. Руб. Коп. Руб. Коп. Руб. Коп. Руб. Коп. Руб. Коп. Руб. Коп. III. Въ семъ числѣ изысканій на отвѣтственности губернскаго Начальства.III. Въ семъ числѣ изысканій на отвѣтственности губернскаго Начальства. По вѣдомствамъ: Министерства государственныхъ имуществъ 14379 841/2 — — 6617 371/4 — — 3537 731/4 — — 4241 971/2 — — 13217 511/4 — — 13217 511/4 Министерства финансовъ: Департамента государственнаго казначейства 138014 901/2 — — 8719 901/2 — — 5640 931/2 — — 5402 501/2 — — 135691 37 — — 135691 37 — — — — — неокладныхъ сборовъ 15850 25 — — 19125 461/2 — — 1444 811/4 — — 4606 96 — — 28923 941/4 — — 28923 941/4 — — — — — торговли и мануфактуръ 588 50 — — 540 75 — — 67 — — — 116 50 — — 945 75 — — 945 75 Министерства внутреннихъ дѣлъ 225 52 — — 1464 863/4 — — 408 521/4 — — 1121 981/4 — — 159 881/4 — — 159 881/4 По кредитной части 99406 83 — — 84 36 — — 2128 40 — — 204 — — — 91158 79 — — 91158 79 Итого 268465 85 — — 36552 72 — — 19225 401/4 — — 15693 92 — — 270097 243/4 — — 270097 243/4 Вѣрно: Исправляющ ій Должность Губернатора, Дѣйствительный Статск ій Совѣтникъ Плецъ Свѣрялъ: исправляющ ій должность Секретарь Статистическаго Комитета Ловин*
d80;1873 года;"ref=""#trade_statistics_1872""";81 О податяхъ и недоимкахъО податяхъ и недоимкахъ по Енисейской губерніи за 1872 годъ.по Енисейской губерніи за 1872 годъ. Следовало поступить. Вновь причислено. Исключено. Взыскано. Осталось къ 1-му Января 1873 года. Недоимокъ. Оклада. Недоимокъ. Оклада. Недоимокъ. Оклада. Недоимокъ. Оклада. Недоимокъ. Оклада. ВСЕГО. Руб. Коп. Руб. Коп. Руб. Коп. Руб. Коп. Руб. Коп. Руб. Коп. Руб. Коп. Руб. Коп. Руб. Коп. Руб. Коп. Руб. Коп. III. Въ семъ числѣ изысканій на отвѣтственности губернскаго Начальства.III. Въ семъ числѣ изысканій на отвѣтственности губернскаго Начальства. По вѣдомствамъ: Министерства государственныхъ имуществъ 14379 841/2 — — 6617 371/4 — — 3537 731/4 — — 4241 971/2 — — 13217 511/4 — — 13217 511/4 Министерства финансовъ: Департамента государственнаго казначейства 138014 901/2 — — 8719 901/2 — — 5640 931/2 — — 5402 501/2 — — 135691 37 — — 135691 37 — — — — — неокладныхъ сборовъ 15850 25 — — 19125 461/2 — — 1444 811/4 — — 4606 96 — — 28923 941/4 — — 28923 941/4 — — — — — торговли и мануфактуръ 588 50 — — 540 75 — — 67 — — — 116 50 — — 945 75 — — 945 75 Министерства внутреннихъ дѣлъ 225 52 — — 1464 863/4 — — 408 521/4 — — 1121 981/4 — — 159 881/4 — — 159 881/4 По кредитной части 99406 83 — — 84 36 — — 2128 40 — — 204 — — — 91158 79 — — 91158 79 Итого 268465 85 — — 36552 72 — — 19225 401/4 — — 15693 92 — — 270097 243/4 — — 270097 243/4 Вѣрно: Исправляющ ій Должность Губернатора, Дѣйствительный Статск ій Совѣтникъ Плецъ Свѣрялъ: исправляющ ій должность Секретарь Статистическаго Комитета Ловин*
d81;1872 года;"ref=""#general_statistics_1872""";83 Вѣдомость # 5. О ЧИСЛѢ И РОДѢ ПРЕСТУПЛЕНІЙ ВЪ ЕНИСЕЙСКОЙ ГУБЕРНІИ 1872 года. 1872 года. (Съ приложеніемъ о количествѣ арестантовъ.).(Съ приложеніемъ о количествѣ арестантовъ.).
d82;1872 года;"ref=""#general_statistics_1872""";83 Вѣдомость # 5. О ЧИСЛѢ И РОДѢ ПРЕСТУПЛЕНІЙ ВЪ ЕНИСЕЙСКОЙ ГУБЕРНІИ 1872 года. 1872 года. (Съ приложеніемъ о количествѣ арестантовъ.).(Съ приложеніемъ о количествѣ арестантовъ.).
d83;1871 г.;"ref=""#settler_welfare_reform""";"84 РОДЪ ПРЕСТУПЛЕНІЙ. Число преступленій. Число осужденныхъ. Въ томъ числѣ . Возрастъ преступнниковъ . Н и ж е Свыше 60. Дворянъ потомственныхъ. Дворянъ личныхъ. Почетныхъ гражданъ и купцовъ. Мѣщанъ. Крестьянъ. Военнаго сословія. Инородцевъ. Поселенцевъ. Ссыльно-каторжныхъ. 17— 17-20 21-30 31-40 41-50 51-60 М Ж М. Ж М. Ж М. Ж М. Ж М. Ж М. Ж М Ж М. Ж. М. Ж М. Ж М. Ж М. Ж М. Ж М. Ж М. Ж Отдѣленіе I. Объ отступленіи отъ вѣры и постановленій церкви (ст. 200—234.) . . . . . . . . . . . . . . . . . . . . . . . . . . . . . . . . . . . . . . 5 4 1 — — — — — — — — 2 1 — — — — 2 — — — — — — — — — 3 1 1 — — — — — Отдѣленіе III. О сопротивленіи распоряженіямъ правительства и неповиновеніи установленнымъ властямъ (ст. 295—312.) . . . . . . . 5 10 — — — — — — — 2 — 2 — 4 — — — 1 — — — — — — — 3 — 6 — 1 — — — — — Объ оскорбленіи присутственныхъ местъ и чиновниковъ при отправленіи должности (ст. 313—328.) . . . . . . . . . . . . . 2 3 — — — — — — — — — 3 — — — — — — — — — — — — — — — 2 — 1 — — — — — О самовольномъ присвоеніи власти и составленіи подложныхъ указовъ или предписаній и другихъ исходящихъ отъ правительства бумагъ (ст. 329—342.) . . . . . . . . . . . . . . . . . . . . . . . . . . . . . . . . . . . . . . . . . . . . . . . . . . . . . . . . . . . . . 3 3 — — — — — — — — — — — — — — — — — — — — — — — — — — — 2 — 1 — — — О похищеніи бумагъ или вещей изъ присутственныхъ мѣстъ, сорваніи печатей, уничтоженіи постановленныхъ или приложенныхъ по распоряженію правительства знаковъ (ст. 343—347.) . . . . . . . . . . . . . . . . . . . . . . . . . . . . . . . . . . . 10 12 — — — — — — — — — — — 8 — — — 4 — — — — — — — 7 — 4 — 1 — — — — — О взломѣ тюремъ, уводѣ и побѣгѣ находящяхся подъ стражею или надзоромъ (ст. 348—359.) . . . . . . . . . . . . . . . . . . 4 5 — — — — — — — — — — — 1 — — — 3 — 1 — — — — — 3 — 2 — — — — — — — Отдѣленіе IV. О преступленіяхъ и проступкахъ по службѣ государственной и общественной (ст. 371—549.) . . . . . . . . . . . . . . . . . . . 70 32 — 1 — 6 — 5 — — — 20 — — — — — — — — — — — — — 18 — 12 — 2 — — — — — Отдѣленіе VI. О нарушеніи уставовъ монетныхъ (ст. 608—630.) . . . . . . . . . . . . . . . . . . . . . . . . . . . . . . . . . . . . . . . . . . . . . . . . . . . 56 75 4 — — — — 3 — 7 — 8 2 12 — 10 — 36 2 2 — — — — — 25 4 23 — 27 — — — — — О нарушеніи постановленій по питейному сбору и акцизу (ст. 718—795) . . . . . . . . . . . . . . . . . . . . . . . . . . . . . . . . . . . 14 16 1 — — — — — — 6 1 2 — 2 — 2 — 1 — — — — — — — 7 — 7 1 2 — — — — — Отдѣленіе VII. — О преступленіяхъ и проступкахъ противъ постановленій ограждающихъ народное здравіе (ст. 1044—1150.) . . . . . . . . 4 9 — — — — — — — 7 — 2 — — — — — — — — — — — — — 8 — 1 — — — — — — — О возбуженіи къ начатію или продолженію противузаконныхъ исковъ и тяжбъ, о лживыхъ доносахъ, лжесвидѣтельствѣ и ложныхъ показаніяхъ на повальныхъ обыскахъ, (ст. 125—1212.) . . . . . . . . . . . . . . . . . . . . . . . . . . . . . . . . . . . 7 4 — — — — — — — 2 — 1 — 1 — — — — — — — — — — — 2 — 2 — — — — — — — О бродяжествѣ, укрывательствѣ бѣглыхъ и нарушеніи постановленій о паспортахъ, (ст. 1216—1272.) . . . . . . . . . . . . . 30 47 4 — — — — — — 2 — 18 2 10 — 2 — 15 2 — — — — — — 7 4 12 — 25 — 3 — — — О противузаконномъ выдѣлываніи оружія или пороха и нарушеніи другихъ правилъ осторожности (ст. 1295—1328.) . 2 2 — — — — — — — — — 2 — — — — — — — — — — — — — — — 2 — — — — — — — О преступленіяхъ противъ общественной нравственности (ст. 1336—1360.) . . . . . . . . . . . . . . . . . . . . . . . . . . . . . . . . 2 3 — — — — — — — — — 2 — — — 1 — — — — — — — — — 2 — 1 — — — — — — — О нарушеніи правилъ осторожности отъ пожаровъ (ст. 1428—1473.) . . . . . . . . . . . . . . . . . . . . . . . . . . . . . . . . . . . . . . 19 23 2 — — — — — — 7 — 9 — — — 2 2 5 — — — 3 — 4 2 7 — 9 — — — — — — — О преступленіяхъ и проступкахъ противъ законовъ о состояніяхъ (ст. 1928—1997) . . . . . . . . . . . . . . . . . . . . . . . . . . . 2 3 — — — — — — — — — 3 — — — — — — — — — — — — — 2 — 1 — — — — — — — Отдѣленіе IV. О смертоубійствѣ (ст. 1898—2020.) . . . . . . . . . . . . . . . . . . . . . . . . . . . . . . . . . . . . . . . . . . . . . . . . . . . . . . . . . . . . . . 153 194 42 — — — — 2 — 28 9 33 10 43 3 53 13 30 7 5 — — — — — 34 12 49 13 53 7 58 — — — О нанесеніи увѣчья, ранъ и другихъ поврежденій (ст. 2026—2047.) . . . . . . . . . . . . . . . . . . . . . . . . . . . . . . . . . . . . . . 58 84 5 — — — — — — 23 2 29 2 17 — 12 1 3 — — — — — — — 18 2 25 1 31 2 10 — — — О произвольномъ оставленіи человѣка въ опасности и не оказаніи помощи погибающему (ст. 2069—2075) . . . . . . . . 5 5 — — — — — — — — — 3 — — — — — — — — — — — — — 4 — 1 — — — — — — — О преступленіяхъ противъ чести цѣломудрія женщинъ (ст. 2076—2085.) . . . . . . . . . . . . . . . . . . . . . . . . . . . . . . . . . . 8 7 — — — — — — — 3 — 2 — 2 — — — — — — — — — — — 4 — 2 — 1 — — — — — О личныхъ оскорбленіяхъ (ст. 2086—2094.) . . . . . . . . . . . . . . . . . . . . . . . . . . . . . . . . . . . . . . . . . . . . . . . . . . . . . . . 25 26 2 — — — — 3 1 8 — 12 — 1 — — — 2 1 — — — — 2 — 8 2 14 — 2 — — — — — О противузаконномъ задержаніи и заключеніи (ст. 2103—2108.) . . . . . . . . . . . . . . . . . . . . . . . . . . . . . . . . . . . . . . . . 2 13 — — — — — — — 3 — 7 — — — 3 — — — — — — — — — 8 — 4 — 1 — — — — — О нападеніи съ насиліемъ (ст. 2109—2112.) . . . . . . . . . . . . . . . . . . . . . . . . . . . . . . . . . . . . . . . . . . . . . . . . . . . . . . . . 1 1 — — — — — — — — — — — — — — — 1 — — — — — — — — — 1 — — — — — — — Объ угрозахъ (ст. 2113—2112.) . . . . . . . . . . . . . . . . . . . . . . . . . . . . . . . . . . . . . . . . . . . . . . . . . . . . . . . . . . . . . . . . . . 2 6 — — — — — — — — — 1 — 3 — — — 2 — — — — — — — 1 — 4 — 1 — — — — — Отдѣленіе Х. О преступленіяхъ противъ союза брачнаго (ст. 2118—2156.) . . . . . . . . . . . . . . . . . . . . . . . . . . . . . . . . . . . . . . . . . . . . 6 4 2 — — — — — — — 1 — 1 — — — — 4 — — — — — — — 1 2 — — 3 — — — — — О преступленіи дѣтей противъ родителей (ст. 2162—2165.) . . . . . . . . . . . . . . . . . . . . . . . . . . . . . . . . . . . . . . . . . . . . 16 12 — — — — — — — 3 — 8 — 1 — — — — — — — — — 4 — 8 — — — — — — — — — Отдѣленіе XI. О насильственнымъ завладѣнiи недвижимымъ имуществомъ и истребленіи граничныхъ межъ и знаковъ (ст. 2173— 2184.) . . . . . . . . . . . . . . . . . . . . . . . . . . . . . . . . . . . . . . . . . . . . . . . . . . . . . . . . . . . . . . . . . . . . . . . . . . . . . . . . . . . . 1 1 1 — — — — — — — — 1 1 — — — — — — — — — — — — — — 1 1 — — — — — — О зажигательствѣ (ст. 2185—2195.) . . . . . . . . . . . . . . . . . . . . . . . . . . . . . . . . . . . . . . . . . . . . . . . . . . . . . . . . . . . . . . 18 22 1 — — — — — — 2 — 13 1 — — — — 7 — — — — — — — 16 — 4 — 2 1 — — — — О разбоѣ (ст. 2208—2217.) . . . . . . . . . . . . . . . . . . . . . . . . . . . . . . . . . . . . . . . . . . . . . . . . . . . . . . . . . . . . . . . . . . . . 12 16 — — — — — — — 3 — 4 — — — — — 6 — 3 — — — — — 8 — 8 — — — — — — — О грабѣжѣ (ст. 2218—2224.) . . . . . . . . . . . . . . . . . . . . . . . . . . . . . . . . . . . . . . . . . . . . . . . . . . . . . . . . . . . . . . . . . . . 42 84 — — — — — — — 2 — 9 — 3 — 1 — 52 — 17 — — — — — 28 — 37 — 19 — — — — — О воровствѣ-кражѣ (ст. 2225—2251.) . . . . . . . . . . . . . . . . . . . . . . . . . . . . . . . . . . . . . . . . . . . . . . . . . . . . . . . . . . . . . 183 206 — — — — — — — 43 — 58 — 25 — — — 73 — 7 — — — 3 — 110 — 78 — 15 — — — — — О воровствѣ мошенничествѣ (ст. 2252—2267.) . . . . . . . . . . . . . . . . . . . . . . . . . . . . . . . . . . . . . . . . . . . . . . . . . . . . . . 12 7 — — — — — 1 — 1 — 1 — — — — — 4 — — — — — — — 1 — 4 — 2 — — — — — О присвоеніи ввѣреннаго чужаго движимаго имущества (ст. 2272.) . . . . . . . . . . . . . . . . . . . . . . . . . . . . . . . . . . . . . . 6 4 1 — — — — — — 2 — 1 1 — — — — 1 — — — — — — — 2 1 2 — — — — — — — О преступленіи и проступкахъ по договорамъ и другимъ обязательствамъ (ст. 2278—2304.) . . . . . . . . . . . . . . . . . . . . 9 8 — — — — — — — — — 4 — 2 — — — 2 — — — — — — — 3 — 4 — 1 — — — — — Итого 794 951 66 1 — 6 — 14 1 155 13 260 21 137 3 86 16 257 12 35 — 3 — 13 2 345 27 325 17 193 20 72 — — — Примѣчаніе: отъ 1871 г. осталось арестантовъ: 7 муж., 1 жен., об. пола 8; въ 1872 г. поступило: 323 муж., 17 жен., об. пола 334; выбыло: 313 муж., 12 жен., об. пола 325; за тѣмъ къ 1873 г. осталось муж. 17. Вѣрно: Исправляющ ій должность Губернатора, Дѣйствительный Статск ій Совѣтникъ Лохвицк ій Свѣрялъ: исправляющ ій должность Секретарь Статистическаго Комитета Ловин*"
d84;1872 г.;"ref=""#settler_welfare_reform""";"84 РОДЪ ПРЕСТУПЛЕНІЙ. Число преступленій. Число осужденныхъ. Въ томъ числѣ . Возрастъ преступнниковъ . Н и ж е Свыше 60. Дворянъ потомственныхъ. Дворянъ личныхъ. Почетныхъ гражданъ и купцовъ. Мѣщанъ. Крестьянъ. Военнаго сословія. Инородцевъ. Поселенцевъ. Ссыльно-каторжныхъ. 17— 17-20 21-30 31-40 41-50 51-60 М Ж М. Ж М. Ж М. Ж М. Ж М. Ж М. Ж М Ж М. Ж. М. Ж М. Ж М. Ж М. Ж М. Ж М. Ж М. Ж Отдѣленіе I. Объ отступленіи отъ вѣры и постановленій церкви (ст. 200—234.) . . . . . . . . . . . . . . . . . . . . . . . . . . . . . . . . . . . . . . 5 4 1 — — — — — — — — 2 1 — — — — 2 — — — — — — — — — 3 1 1 — — — — — Отдѣленіе III. О сопротивленіи распоряженіямъ правительства и неповиновеніи установленнымъ властямъ (ст. 295—312.) . . . . . . . 5 10 — — — — — — — 2 — 2 — 4 — — — 1 — — — — — — — 3 — 6 — 1 — — — — — Объ оскорбленіи присутственныхъ местъ и чиновниковъ при отправленіи должности (ст. 313—328.) . . . . . . . . . . . . . 2 3 — — — — — — — — — 3 — — — — — — — — — — — — — — — 2 — 1 — — — — — О самовольномъ присвоеніи власти и составленіи подложныхъ указовъ или предписаній и другихъ исходящихъ отъ правительства бумагъ (ст. 329—342.) . . . . . . . . . . . . . . . . . . . . . . . . . . . . . . . . . . . . . . . . . . . . . . . . . . . . . . . . . . . . . 3 3 — — — — — — — — — — — — — — — — — — — — — — — — — — — 2 — 1 — — — О похищеніи бумагъ или вещей изъ присутственныхъ мѣстъ, сорваніи печатей, уничтоженіи постановленныхъ или приложенныхъ по распоряженію правительства знаковъ (ст. 343—347.) . . . . . . . . . . . . . . . . . . . . . . . . . . . . . . . . . . . 10 12 — — — — — — — — — — — 8 — — — 4 — — — — — — — 7 — 4 — 1 — — — — — О взломѣ тюремъ, уводѣ и побѣгѣ находящяхся подъ стражею или надзоромъ (ст. 348—359.) . . . . . . . . . . . . . . . . . . 4 5 — — — — — — — — — — — 1 — — — 3 — 1 — — — — — 3 — 2 — — — — — — — Отдѣленіе IV. О преступленіяхъ и проступкахъ по службѣ государственной и общественной (ст. 371—549.) . . . . . . . . . . . . . . . . . . . 70 32 — 1 — 6 — 5 — — — 20 — — — — — — — — — — — — — 18 — 12 — 2 — — — — — Отдѣленіе VI. О нарушеніи уставовъ монетныхъ (ст. 608—630.) . . . . . . . . . . . . . . . . . . . . . . . . . . . . . . . . . . . . . . . . . . . . . . . . . . . 56 75 4 — — — — 3 — 7 — 8 2 12 — 10 — 36 2 2 — — — — — 25 4 23 — 27 — — — — — О нарушеніи постановленій по питейному сбору и акцизу (ст. 718—795) . . . . . . . . . . . . . . . . . . . . . . . . . . . . . . . . . . . 14 16 1 — — — — — — 6 1 2 — 2 — 2 — 1 — — — — — — — 7 — 7 1 2 — — — — — Отдѣленіе VII. — О преступленіяхъ и проступкахъ противъ постановленій ограждающихъ народное здравіе (ст. 1044—1150.) . . . . . . . . 4 9 — — — — — — — 7 — 2 — — — — — — — — — — — — — 8 — 1 — — — — — — — О возбуженіи къ начатію или продолженію противузаконныхъ исковъ и тяжбъ, о лживыхъ доносахъ, лжесвидѣтельствѣ и ложныхъ показаніяхъ на повальныхъ обыскахъ, (ст. 125—1212.) . . . . . . . . . . . . . . . . . . . . . . . . . . . . . . . . . . . 7 4 — — — — — — — 2 — 1 — 1 — — — — — — — — — — — 2 — 2 — — — — — — — О бродяжествѣ, укрывательствѣ бѣглыхъ и нарушеніи постановленій о паспортахъ, (ст. 1216—1272.) . . . . . . . . . . . . . 30 47 4 — — — — — — 2 — 18 2 10 — 2 — 15 2 — — — — — — 7 4 12 — 25 — 3 — — — О противузаконномъ выдѣлываніи оружія или пороха и нарушеніи другихъ правилъ осторожности (ст. 1295—1328.) . 2 2 — — — — — — — — — 2 — — — — — — — — — — — — — — — 2 — — — — — — — О преступленіяхъ противъ общественной нравственности (ст. 1336—1360.) . . . . . . . . . . . . . . . . . . . . . . . . . . . . . . . . 2 3 — — — — — — — — — 2 — — — 1 — — — — — — — — — 2 — 1 — — — — — — — О нарушеніи правилъ осторожности отъ пожаровъ (ст. 1428—1473.) . . . . . . . . . . . . . . . . . . . . . . . . . . . . . . . . . . . . . . 19 23 2 — — — — — — 7 — 9 — — — 2 2 5 — — — 3 — 4 2 7 — 9 — — — — — — — О преступленіяхъ и проступкахъ противъ законовъ о состояніяхъ (ст. 1928—1997) . . . . . . . . . . . . . . . . . . . . . . . . . . . 2 3 — — — — — — — — — 3 — — — — — — — — — — — — — 2 — 1 — — — — — — — Отдѣленіе IV. О смертоубійствѣ (ст. 1898—2020.) . . . . . . . . . . . . . . . . . . . . . . . . . . . . . . . . . . . . . . . . . . . . . . . . . . . . . . . . . . . . . . 153 194 42 — — — — 2 — 28 9 33 10 43 3 53 13 30 7 5 — — — — — 34 12 49 13 53 7 58 — — — О нанесеніи увѣчья, ранъ и другихъ поврежденій (ст. 2026—2047.) . . . . . . . . . . . . . . . . . . . . . . . . . . . . . . . . . . . . . . 58 84 5 — — — — — — 23 2 29 2 17 — 12 1 3 — — — — — — — 18 2 25 1 31 2 10 — — — О произвольномъ оставленіи человѣка въ опасности и не оказаніи помощи погибающему (ст. 2069—2075) . . . . . . . . 5 5 — — — — — — — — — 3 — — — — — — — — — — — — — 4 — 1 — — — — — — — О преступленіяхъ противъ чести цѣломудрія женщинъ (ст. 2076—2085.) . . . . . . . . . . . . . . . . . . . . . . . . . . . . . . . . . . 8 7 — — — — — — — 3 — 2 — 2 — — — — — — — — — — — 4 — 2 — 1 — — — — — О личныхъ оскорбленіяхъ (ст. 2086—2094.) . . . . . . . . . . . . . . . . . . . . . . . . . . . . . . . . . . . . . . . . . . . . . . . . . . . . . . . 25 26 2 — — — — 3 1 8 — 12 — 1 — — — 2 1 — — — — 2 — 8 2 14 — 2 — — — — — О противузаконномъ задержаніи и заключеніи (ст. 2103—2108.) . . . . . . . . . . . . . . . . . . . . . . . . . . . . . . . . . . . . . . . . 2 13 — — — — — — — 3 — 7 — — — 3 — — — — — — — — — 8 — 4 — 1 — — — — — О нападеніи съ насиліемъ (ст. 2109—2112.) . . . . . . . . . . . . . . . . . . . . . . . . . . . . . . . . . . . . . . . . . . . . . . . . . . . . . . . . 1 1 — — — — — — — — — — — — — — — 1 — — — — — — — — — 1 — — — — — — — Объ угрозахъ (ст. 2113—2112.) . . . . . . . . . . . . . . . . . . . . . . . . . . . . . . . . . . . . . . . . . . . . . . . . . . . . . . . . . . . . . . . . . . 2 6 — — — — — — — — — 1 — 3 — — — 2 — — — — — — — 1 — 4 — 1 — — — — — Отдѣленіе Х. О преступленіяхъ противъ союза брачнаго (ст. 2118—2156.) . . . . . . . . . . . . . . . . . . . . . . . . . . . . . . . . . . . . . . . . . . . . 6 4 2 — — — — — — — 1 — 1 — — — — 4 — — — — — — — 1 2 — — 3 — — — — — О преступленіи дѣтей противъ родителей (ст. 2162—2165.) . . . . . . . . . . . . . . . . . . . . . . . . . . . . . . . . . . . . . . . . . . . . 16 12 — — — — — — — 3 — 8 — 1 — — — — — — — — — 4 — 8 — — — — — — — — — Отдѣленіе XI. О насильственнымъ завладѣнiи недвижимымъ имуществомъ и истребленіи граничныхъ межъ и знаковъ (ст. 2173— 2184.) . . . . . . . . . . . . . . . . . . . . . . . . . . . . . . . . . . . . . . . . . . . . . . . . . . . . . . . . . . . . . . . . . . . . . . . . . . . . . . . . . . . . 1 1 1 — — — — — — — — 1 1 — — — — — — — — — — — — — — 1 1 — — — — — — О зажигательствѣ (ст. 2185—2195.) . . . . . . . . . . . . . . . . . . . . . . . . . . . . . . . . . . . . . . . . . . . . . . . . . . . . . . . . . . . . . . 18 22 1 — — — — — — 2 — 13 1 — — — — 7 — — — — — — — 16 — 4 — 2 1 — — — — О разбоѣ (ст. 2208—2217.) . . . . . . . . . . . . . . . . . . . . . . . . . . . . . . . . . . . . . . . . . . . . . . . . . . . . . . . . . . . . . . . . . . . . 12 16 — — — — — — — 3 — 4 — — — — — 6 — 3 — — — — — 8 — 8 — — — — — — — О грабѣжѣ (ст. 2218—2224.) . . . . . . . . . . . . . . . . . . . . . . . . . . . . . . . . . . . . . . . . . . . . . . . . . . . . . . . . . . . . . . . . . . . 42 84 — — — — — — — 2 — 9 — 3 — 1 — 52 — 17 — — — — — 28 — 37 — 19 — — — — — О воровствѣ-кражѣ (ст. 2225—2251.) . . . . . . . . . . . . . . . . . . . . . . . . . . . . . . . . . . . . . . . . . . . . . . . . . . . . . . . . . . . . . 183 206 — — — — — — — 43 — 58 — 25 — — — 73 — 7 — — — 3 — 110 — 78 — 15 — — — — — О воровствѣ мошенничествѣ (ст. 2252—2267.) . . . . . . . . . . . . . . . . . . . . . . . . . . . . . . . . . . . . . . . . . . . . . . . . . . . . . . 12 7 — — — — — 1 — 1 — 1 — — — — — 4 — — — — — — — 1 — 4 — 2 — — — — — О присвоеніи ввѣреннаго чужаго движимаго имущества (ст. 2272.) . . . . . . . . . . . . . . . . . . . . . . . . . . . . . . . . . . . . . . 6 4 1 — — — — — — 2 — 1 1 — — — — 1 — — — — — — — 2 1 2 — — — — — — — О преступленіи и проступкахъ по договорамъ и другимъ обязательствамъ (ст. 2278—2304.) . . . . . . . . . . . . . . . . . . . . 9 8 — — — — — — — — — 4 — 2 — — — 2 — — — — — — — 3 — 4 — 1 — — — — — Итого 794 951 66 1 — 6 — 14 1 155 13 260 21 137 3 86 16 257 12 35 — 3 — 13 2 345 27 325 17 193 20 72 — — — Примѣчаніе: отъ 1871 г. осталось арестантовъ: 7 муж., 1 жен., об. пола 8; въ 1872 г. поступило: 323 муж., 17 жен., об. пола 334; выбыло: 313 муж., 12 жен., об. пола 325; за тѣмъ къ 1873 г. осталось муж. 17. Вѣрно: Исправляющ ій должность Губернатора, Дѣйствительный Статск ій Совѣтникъ Лохвицк ій Свѣрялъ: исправляющ ій должность Секретарь Статистическаго Комитета Ловин*"
d85;1873 г.;"ref=""#settler_welfare_reform""";"84 РОДЪ ПРЕСТУПЛЕНІЙ. Число преступленій. Число осужденныхъ. Въ томъ числѣ . Возрастъ преступнниковъ . Н и ж е Свыше 60. Дворянъ потомственныхъ. Дворянъ личныхъ. Почетныхъ гражданъ и купцовъ. Мѣщанъ. Крестьянъ. Военнаго сословія. Инородцевъ. Поселенцевъ. Ссыльно-каторжныхъ. 17— 17-20 21-30 31-40 41-50 51-60 М Ж М. Ж М. Ж М. Ж М. Ж М. Ж М. Ж М Ж М. Ж. М. Ж М. Ж М. Ж М. Ж М. Ж М. Ж М. Ж Отдѣленіе I. Объ отступленіи отъ вѣры и постановленій церкви (ст. 200—234.) . . . . . . . . . . . . . . . . . . . . . . . . . . . . . . . . . . . . . . 5 4 1 — — — — — — — — 2 1 — — — — 2 — — — — — — — — — 3 1 1 — — — — — Отдѣленіе III. О сопротивленіи распоряженіямъ правительства и неповиновеніи установленнымъ властямъ (ст. 295—312.) . . . . . . . 5 10 — — — — — — — 2 — 2 — 4 — — — 1 — — — — — — — 3 — 6 — 1 — — — — — Объ оскорбленіи присутственныхъ местъ и чиновниковъ при отправленіи должности (ст. 313—328.) . . . . . . . . . . . . . 2 3 — — — — — — — — — 3 — — — — — — — — — — — — — — — 2 — 1 — — — — — О самовольномъ присвоеніи власти и составленіи подложныхъ указовъ или предписаній и другихъ исходящихъ отъ правительства бумагъ (ст. 329—342.) . . . . . . . . . . . . . . . . . . . . . . . . . . . . . . . . . . . . . . . . . . . . . . . . . . . . . . . . . . . . . 3 3 — — — — — — — — — — — — — — — — — — — — — — — — — — — 2 — 1 — — — О похищеніи бумагъ или вещей изъ присутственныхъ мѣстъ, сорваніи печатей, уничтоженіи постановленныхъ или приложенныхъ по распоряженію правительства знаковъ (ст. 343—347.) . . . . . . . . . . . . . . . . . . . . . . . . . . . . . . . . . . . 10 12 — — — — — — — — — — — 8 — — — 4 — — — — — — — 7 — 4 — 1 — — — — — О взломѣ тюремъ, уводѣ и побѣгѣ находящяхся подъ стражею или надзоромъ (ст. 348—359.) . . . . . . . . . . . . . . . . . . 4 5 — — — — — — — — — — — 1 — — — 3 — 1 — — — — — 3 — 2 — — — — — — — Отдѣленіе IV. О преступленіяхъ и проступкахъ по службѣ государственной и общественной (ст. 371—549.) . . . . . . . . . . . . . . . . . . . 70 32 — 1 — 6 — 5 — — — 20 — — — — — — — — — — — — — 18 — 12 — 2 — — — — — Отдѣленіе VI. О нарушеніи уставовъ монетныхъ (ст. 608—630.) . . . . . . . . . . . . . . . . . . . . . . . . . . . . . . . . . . . . . . . . . . . . . . . . . . . 56 75 4 — — — — 3 — 7 — 8 2 12 — 10 — 36 2 2 — — — — — 25 4 23 — 27 — — — — — О нарушеніи постановленій по питейному сбору и акцизу (ст. 718—795) . . . . . . . . . . . . . . . . . . . . . . . . . . . . . . . . . . . 14 16 1 — — — — — — 6 1 2 — 2 — 2 — 1 — — — — — — — 7 — 7 1 2 — — — — — Отдѣленіе VII. — О преступленіяхъ и проступкахъ противъ постановленій ограждающихъ народное здравіе (ст. 1044—1150.) . . . . . . . . 4 9 — — — — — — — 7 — 2 — — — — — — — — — — — — — 8 — 1 — — — — — — — О возбуженіи къ начатію или продолженію противузаконныхъ исковъ и тяжбъ, о лживыхъ доносахъ, лжесвидѣтельствѣ и ложныхъ показаніяхъ на повальныхъ обыскахъ, (ст. 125—1212.) . . . . . . . . . . . . . . . . . . . . . . . . . . . . . . . . . . . 7 4 — — — — — — — 2 — 1 — 1 — — — — — — — — — — — 2 — 2 — — — — — — — О бродяжествѣ, укрывательствѣ бѣглыхъ и нарушеніи постановленій о паспортахъ, (ст. 1216—1272.) . . . . . . . . . . . . . 30 47 4 — — — — — — 2 — 18 2 10 — 2 — 15 2 — — — — — — 7 4 12 — 25 — 3 — — — О противузаконномъ выдѣлываніи оружія или пороха и нарушеніи другихъ правилъ осторожности (ст. 1295—1328.) . 2 2 — — — — — — — — — 2 — — — — — — — — — — — — — — — 2 — — — — — — — О преступленіяхъ противъ общественной нравственности (ст. 1336—1360.) . . . . . . . . . . . . . . . . . . . . . . . . . . . . . . . . 2 3 — — — — — — — — — 2 — — — 1 — — — — — — — — — 2 — 1 — — — — — — — О нарушеніи правилъ осторожности отъ пожаровъ (ст. 1428—1473.) . . . . . . . . . . . . . . . . . . . . . . . . . . . . . . . . . . . . . . 19 23 2 — — — — — — 7 — 9 — — — 2 2 5 — — — 3 — 4 2 7 — 9 — — — — — — — О преступленіяхъ и проступкахъ противъ законовъ о состояніяхъ (ст. 1928—1997) . . . . . . . . . . . . . . . . . . . . . . . . . . . 2 3 — — — — — — — — — 3 — — — — — — — — — — — — — 2 — 1 — — — — — — — Отдѣленіе IV. О смертоубійствѣ (ст. 1898—2020.) . . . . . . . . . . . . . . . . . . . . . . . . . . . . . . . . . . . . . . . . . . . . . . . . . . . . . . . . . . . . . . 153 194 42 — — — — 2 — 28 9 33 10 43 3 53 13 30 7 5 — — — — — 34 12 49 13 53 7 58 — — — О нанесеніи увѣчья, ранъ и другихъ поврежденій (ст. 2026—2047.) . . . . . . . . . . . . . . . . . . . . . . . . . . . . . . . . . . . . . . 58 84 5 — — — — — — 23 2 29 2 17 — 12 1 3 — — — — — — — 18 2 25 1 31 2 10 — — — О произвольномъ оставленіи человѣка въ опасности и не оказаніи помощи погибающему (ст. 2069—2075) . . . . . . . . 5 5 — — — — — — — — — 3 — — — — — — — — — — — — — 4 — 1 — — — — — — — О преступленіяхъ противъ чести цѣломудрія женщинъ (ст. 2076—2085.) . . . . . . . . . . . . . . . . . . . . . . . . . . . . . . . . . . 8 7 — — — — — — — 3 — 2 — 2 — — — — — — — — — — — 4 — 2 — 1 — — — — — О личныхъ оскорбленіяхъ (ст. 2086—2094.) . . . . . . . . . . . . . . . . . . . . . . . . . . . . . . . . . . . . . . . . . . . . . . . . . . . . . . . 25 26 2 — — — — 3 1 8 — 12 — 1 — — — 2 1 — — — — 2 — 8 2 14 — 2 — — — — — О противузаконномъ задержаніи и заключеніи (ст. 2103—2108.) . . . . . . . . . . . . . . . . . . . . . . . . . . . . . . . . . . . . . . . . 2 13 — — — — — — — 3 — 7 — — — 3 — — — — — — — — — 8 — 4 — 1 — — — — — О нападеніи съ насиліемъ (ст. 2109—2112.) . . . . . . . . . . . . . . . . . . . . . . . . . . . . . . . . . . . . . . . . . . . . . . . . . . . . . . . . 1 1 — — — — — — — — — — — — — — — 1 — — — — — — — — — 1 — — — — — — — Объ угрозахъ (ст. 2113—2112.) . . . . . . . . . . . . . . . . . . . . . . . . . . . . . . . . . . . . . . . . . . . . . . . . . . . . . . . . . . . . . . . . . . 2 6 — — — — — — — — — 1 — 3 — — — 2 — — — — — — — 1 — 4 — 1 — — — — — Отдѣленіе Х. О преступленіяхъ противъ союза брачнаго (ст. 2118—2156.) . . . . . . . . . . . . . . . . . . . . . . . . . . . . . . . . . . . . . . . . . . . . 6 4 2 — — — — — — — 1 — 1 — — — — 4 — — — — — — — 1 2 — — 3 — — — — — О преступленіи дѣтей противъ родителей (ст. 2162—2165.) . . . . . . . . . . . . . . . . . . . . . . . . . . . . . . . . . . . . . . . . . . . . 16 12 — — — — — — — 3 — 8 — 1 — — — — — — — — — 4 — 8 — — — — — — — — — Отдѣленіе XI. О насильственнымъ завладѣнiи недвижимымъ имуществомъ и истребленіи граничныхъ межъ и знаковъ (ст. 2173— 2184.) . . . . . . . . . . . . . . . . . . . . . . . . . . . . . . . . . . . . . . . . . . . . . . . . . . . . . . . . . . . . . . . . . . . . . . . . . . . . . . . . . . . . 1 1 1 — — — — — — — — 1 1 — — — — — — — — — — — — — — 1 1 — — — — — — О зажигательствѣ (ст. 2185—2195.) . . . . . . . . . . . . . . . . . . . . . . . . . . . . . . . . . . . . . . . . . . . . . . . . . . . . . . . . . . . . . . 18 22 1 — — — — — — 2 — 13 1 — — — — 7 — — — — — — — 16 — 4 — 2 1 — — — — О разбоѣ (ст. 2208—2217.) . . . . . . . . . . . . . . . . . . . . . . . . . . . . . . . . . . . . . . . . . . . . . . . . . . . . . . . . . . . . . . . . . . . . 12 16 — — — — — — — 3 — 4 — — — — — 6 — 3 — — — — — 8 — 8 — — — — — — — О грабѣжѣ (ст. 2218—2224.) . . . . . . . . . . . . . . . . . . . . . . . . . . . . . . . . . . . . . . . . . . . . . . . . . . . . . . . . . . . . . . . . . . . 42 84 — — — — — — — 2 — 9 — 3 — 1 — 52 — 17 — — — — — 28 — 37 — 19 — — — — — О воровствѣ-кражѣ (ст. 2225—2251.) . . . . . . . . . . . . . . . . . . . . . . . . . . . . . . . . . . . . . . . . . . . . . . . . . . . . . . . . . . . . . 183 206 — — — — — — — 43 — 58 — 25 — — — 73 — 7 — — — 3 — 110 — 78 — 15 — — — — — О воровствѣ мошенничествѣ (ст. 2252—2267.) . . . . . . . . . . . . . . . . . . . . . . . . . . . . . . . . . . . . . . . . . . . . . . . . . . . . . . 12 7 — — — — — 1 — 1 — 1 — — — — — 4 — — — — — — — 1 — 4 — 2 — — — — — О присвоеніи ввѣреннаго чужаго движимаго имущества (ст. 2272.) . . . . . . . . . . . . . . . . . . . . . . . . . . . . . . . . . . . . . . 6 4 1 — — — — — — 2 — 1 1 — — — — 1 — — — — — — — 2 1 2 — — — — — — — О преступленіи и проступкахъ по договорамъ и другимъ обязательствамъ (ст. 2278—2304.) . . . . . . . . . . . . . . . . . . . . 9 8 — — — — — — — — — 4 — 2 — — — 2 — — — — — — — 3 — 4 — 1 — — — — — Итого 794 951 66 1 — 6 — 14 1 155 13 260 21 137 3 86 16 257 12 35 — 3 — 13 2 345 27 325 17 193 20 72 — — — Примѣчаніе: отъ 1871 г. осталось арестантовъ: 7 муж., 1 жен., об. пола 8; въ 1872 г. поступило: 323 муж., 17 жен., об. пола 334; выбыло: 313 муж., 12 жен., об. пола 325; за тѣмъ къ 1873 г. осталось муж. 17. Вѣрно: Исправляющ ій должность Губернатора, Дѣйствительный Статск ій Совѣтникъ Лохвицк ій Свѣрялъ: исправляющ ій должность Секретарь Статистическаго Комитета Ловин*"
d86;1871 г.;"ref=""#settler_welfare_reform""";"85 РОДЪ ПРЕСТУПЛЕНІЙ. Число преступленій. Число осужденныхъ. Въ томъ числѣ . Возрастъ преступнниковъ . Н и ж е Свыше 60. Дворянъ потомственныхъ. Дворянъ личныхъ. Почетныхъ гражданъ и купцовъ. Мѣщанъ. Крестьянъ. Военнаго сословія. Инородцевъ. Поселенцевъ. Ссыльно-каторжныхъ. 17— 17-20 21-30 31-40 41-50 51-60 М Ж М. Ж М. Ж М. Ж М. Ж М. Ж М. Ж М Ж М. Ж. М. Ж М. Ж М. Ж М. Ж М. Ж М. Ж М. Ж Отдѣленіе I. Объ отступленіи отъ вѣры и постановленій церкви (ст. 200—234.) . . . . . . . . . . . . . . . . . . . . . . . . . . . . . . . . . . . . . . 5 4 1 — — — — — — — — 2 1 — — — — 2 — — — — — — — — — 3 1 1 — — — — — Отдѣленіе III. О сопротивленіи распоряженіямъ правительства и неповиновеніи установленнымъ властямъ (ст. 295—312.) . . . . . . . 5 10 — — — — — — — 2 — 2 — 4 — — — 1 — — — — — — — 3 — 6 — 1 — — — — — Объ оскорбленіи присутственныхъ местъ и чиновниковъ при отправленіи должности (ст. 313—328.) . . . . . . . . . . . . . 2 3 — — — — — — — — — 3 — — — — — — — — — — — — — — — 2 — 1 — — — — — О самовольномъ присвоеніи власти и составленіи подложныхъ указовъ или предписаній и другихъ исходящихъ отъ правительства бумагъ (ст. 329—342.) . . . . . . . . . . . . . . . . . . . . . . . . . . . . . . . . . . . . . . . . . . . . . . . . . . . . . . . . . . . . . 3 3 — — — — — — — — — — — — — — — — — — — — — — — — — — — 2 — 1 — — — О похищеніи бумагъ или вещей изъ присутственныхъ мѣстъ, сорваніи печатей, уничтоженіи постановленныхъ или приложенныхъ по распоряженію правительства знаковъ (ст. 343—347.) . . . . . . . . . . . . . . . . . . . . . . . . . . . . . . . . . . . 10 12 — — — — — — — — — — — 8 — — — 4 — — — — — — — 7 — 4 — 1 — — — — — О взломѣ тюремъ, уводѣ и побѣгѣ находящяхся подъ стражею или надзоромъ (ст. 348—359.) . . . . . . . . . . . . . . . . . . 4 5 — — — — — — — — — — — 1 — — — 3 — 1 — — — — — 3 — 2 — — — — — — — Отдѣленіе IV. О преступленіяхъ и проступкахъ по службѣ государственной и общественной (ст. 371—549.) . . . . . . . . . . . . . . . . . . . 70 32 — 1 — 6 — 5 — — — 20 — — — — — — — — — — — — — 18 — 12 — 2 — — — — — Отдѣленіе VI. О нарушеніи уставовъ монетныхъ (ст. 608—630.) . . . . . . . . . . . . . . . . . . . . . . . . . . . . . . . . . . . . . . . . . . . . . . . . . . . 56 75 4 — — — — 3 — 7 — 8 2 12 — 10 — 36 2 2 — — — — — 25 4 23 — 27 — — — — — О нарушеніи постановленій по питейному сбору и акцизу (ст. 718—795) . . . . . . . . . . . . . . . . . . . . . . . . . . . . . . . . . . . 14 16 1 — — — — — — 6 1 2 — 2 — 2 — 1 — — — — — — — 7 — 7 1 2 — — — — — Отдѣленіе VII. — О преступленіяхъ и проступкахъ противъ постановленій ограждающихъ народное здравіе (ст. 1044—1150.) . . . . . . . . 4 9 — — — — — — — 7 — 2 — — — — — — — — — — — — — 8 — 1 — — — — — — — О возбуженіи къ начатію или продолженію противузаконныхъ исковъ и тяжбъ, о лживыхъ доносахъ, лжесвидѣтельствѣ и ложныхъ показаніяхъ на повальныхъ обыскахъ, (ст. 125—1212.) . . . . . . . . . . . . . . . . . . . . . . . . . . . . . . . . . . . 7 4 — — — — — — — 2 — 1 — 1 — — — — — — — — — — — 2 — 2 — — — — — — — О бродяжествѣ, укрывательствѣ бѣглыхъ и нарушеніи постановленій о паспортахъ, (ст. 1216—1272.) . . . . . . . . . . . . . 30 47 4 — — — — — — 2 — 18 2 10 — 2 — 15 2 — — — — — — 7 4 12 — 25 — 3 — — — О противузаконномъ выдѣлываніи оружія или пороха и нарушеніи другихъ правилъ осторожности (ст. 1295—1328.) . 2 2 — — — — — — — — — 2 — — — — — — — — — — — — — — — 2 — — — — — — — О преступленіяхъ противъ общественной нравственности (ст. 1336—1360.) . . . . . . . . . . . . . . . . . . . . . . . . . . . . . . . . 2 3 — — — — — — — — — 2 — — — 1 — — — — — — — — — 2 — 1 — — — — — — — О нарушеніи правилъ осторожности отъ пожаровъ (ст. 1428—1473.) . . . . . . . . . . . . . . . . . . . . . . . . . . . . . . . . . . . . . . 19 23 2 — — — — — — 7 — 9 — — — 2 2 5 — — — 3 — 4 2 7 — 9 — — — — — — — О преступленіяхъ и проступкахъ противъ законовъ о состояніяхъ (ст. 1928—1997) . . . . . . . . . . . . . . . . . . . . . . . . . . . 2 3 — — — — — — — — — 3 — — — — — — — — — — — — — 2 — 1 — — — — — — — Отдѣленіе IV. О смертоубійствѣ (ст. 1898—2020.) . . . . . . . . . . . . . . . . . . . . . . . . . . . . . . . . . . . . . . . . . . . . . . . . . . . . . . . . . . . . . . 153 194 42 — — — — 2 — 28 9 33 10 43 3 53 13 30 7 5 — — — — — 34 12 49 13 53 7 58 — — — О нанесеніи увѣчья, ранъ и другихъ поврежденій (ст. 2026—2047.) . . . . . . . . . . . . . . . . . . . . . . . . . . . . . . . . . . . . . . 58 84 5 — — — — — — 23 2 29 2 17 — 12 1 3 — — — — — — — 18 2 25 1 31 2 10 — — — О произвольномъ оставленіи человѣка въ опасности и не оказаніи помощи погибающему (ст. 2069—2075) . . . . . . . . 5 5 — — — — — — — — — 3 — — — — — — — — — — — — — 4 — 1 — — — — — — — О преступленіяхъ противъ чести цѣломудрія женщинъ (ст. 2076—2085.) . . . . . . . . . . . . . . . . . . . . . . . . . . . . . . . . . . 8 7 — — — — — — — 3 — 2 — 2 — — — — — — — — — — — 4 — 2 — 1 — — — — — О личныхъ оскорбленіяхъ (ст. 2086—2094.) . . . . . . . . . . . . . . . . . . . . . . . . . . . . . . . . . . . . . . . . . . . . . . . . . . . . . . . 25 26 2 — — — — 3 1 8 — 12 — 1 — — — 2 1 — — — — 2 — 8 2 14 — 2 — — — — — О противузаконномъ задержаніи и заключеніи (ст. 2103—2108.) . . . . . . . . . . . . . . . . . . . . . . . . . . . . . . . . . . . . . . . . 2 13 — — — — — — — 3 — 7 — — — 3 — — — — — — — — — 8 — 4 — 1 — — — — — О нападеніи съ насиліемъ (ст. 2109—2112.) . . . . . . . . . . . . . . . . . . . . . . . . . . . . . . . . . . . . . . . . . . . . . . . . . . . . . . . . 1 1 — — — — — — — — — — — — — — — 1 — — — — — — — — — 1 — — — — — — — Объ угрозахъ (ст. 2113—2112.) . . . . . . . . . . . . . . . . . . . . . . . . . . . . . . . . . . . . . . . . . . . . . . . . . . . . . . . . . . . . . . . . . . 2 6 — — — — — — — — — 1 — 3 — — — 2 — — — — — — — 1 — 4 — 1 — — — — — Отдѣленіе Х. О преступленіяхъ противъ союза брачнаго (ст. 2118—2156.) . . . . . . . . . . . . . . . . . . . . . . . . . . . . . . . . . . . . . . . . . . . . 6 4 2 — — — — — — — 1 — 1 — — — — 4 — — — — — — — 1 2 — — 3 — — — — — О преступленіи дѣтей противъ родителей (ст. 2162—2165.) . . . . . . . . . . . . . . . . . . . . . . . . . . . . . . . . . . . . . . . . . . . . 16 12 — — — — — — — 3 — 8 — 1 — — — — — — — — — 4 — 8 — — — — — — — — — Отдѣленіе XI. О насильственнымъ завладѣнiи недвижимымъ имуществомъ и истребленіи граничныхъ межъ и знаковъ (ст. 2173— 2184.) . . . . . . . . . . . . . . . . . . . . . . . . . . . . . . . . . . . . . . . . . . . . . . . . . . . . . . . . . . . . . . . . . . . . . . . . . . . . . . . . . . . . 1 1 1 — — — — — — — — 1 1 — — — — — — — — — — — — — — 1 1 — — — — — — О зажигательствѣ (ст. 2185—2195.) . . . . . . . . . . . . . . . . . . . . . . . . . . . . . . . . . . . . . . . . . . . . . . . . . . . . . . . . . . . . . . 18 22 1 — — — — — — 2 — 13 1 — — — — 7 — — — — — — — 16 — 4 — 2 1 — — — — О разбоѣ (ст. 2208—2217.) . . . . . . . . . . . . . . . . . . . . . . . . . . . . . . . . . . . . . . . . . . . . . . . . . . . . . . . . . . . . . . . . . . . . 12 16 — — — — — — — 3 — 4 — — — — — 6 — 3 — — — — — 8 — 8 — — — — — — — О грабѣжѣ (ст. 2218—2224.) . . . . . . . . . . . . . . . . . . . . . . . . . . . . . . . . . . . . . . . . . . . . . . . . . . . . . . . . . . . . . . . . . . . 42 84 — — — — — — — 2 — 9 — 3 — 1 — 52 — 17 — — — — — 28 — 37 — 19 — — — — — О воровствѣ-кражѣ (ст. 2225—2251.) . . . . . . . . . . . . . . . . . . . . . . . . . . . . . . . . . . . . . . . . . . . . . . . . . . . . . . . . . . . . . 183 206 — — — — — — — 43 — 58 — 25 — — — 73 — 7 — — — 3 — 110 — 78 — 15 — — — — — О воровствѣ мошенничествѣ (ст. 2252—2267.) . . . . . . . . . . . . . . . . . . . . . . . . . . . . . . . . . . . . . . . . . . . . . . . . . . . . . . 12 7 — — — — — 1 — 1 — 1 — — — — — 4 — — — — — — — 1 — 4 — 2 — — — — — О присвоеніи ввѣреннаго чужаго движимаго имущества (ст. 2272.) . . . . . . . . . . . . . . . . . . . . . . . . . . . . . . . . . . . . . . 6 4 1 — — — — — — 2 — 1 1 — — — — 1 — — — — — — — 2 1 2 — — — — — — — О преступленіи и проступкахъ по договорамъ и другимъ обязательствамъ (ст. 2278—2304.) . . . . . . . . . . . . . . . . . . . . 9 8 — — — — — — — — — 4 — 2 — — — 2 — — — — — — — 3 — 4 — 1 — — — — — Итого 794 951 66 1 — 6 — 14 1 155 13 260 21 137 3 86 16 257 12 35 — 3 — 13 2 345 27 325 17 193 20 72 — — — Примѣчаніе: отъ 1871 г. осталось арестантовъ: 7 муж., 1 жен., об. пола 8; въ 1872 г. поступило: 323 муж., 17 жен., об. пола 334; выбыло: 313 муж., 12 жен., об. пола 325; за тѣмъ къ 1873 г. осталось муж. 17. Вѣрно: Исправляющ ій должность Губернатора, Дѣйствительный Статск ій Совѣтникъ Лохвицк ій Свѣрялъ: исправляющ ій должность Секретарь Статистическаго Комитета Ловин*"
d87;1872 г.;"ref=""#settler_welfare_reform""";"85 РОДЪ ПРЕСТУПЛЕНІЙ. Число преступленій. Число осужденныхъ. Въ томъ числѣ . Возрастъ преступнниковъ . Н и ж е Свыше 60. Дворянъ потомственныхъ. Дворянъ личныхъ. Почетныхъ гражданъ и купцовъ. Мѣщанъ. Крестьянъ. Военнаго сословія. Инородцевъ. Поселенцевъ. Ссыльно-каторжныхъ. 17— 17-20 21-30 31-40 41-50 51-60 М Ж М. Ж М. Ж М. Ж М. Ж М. Ж М. Ж М Ж М. Ж. М. Ж М. Ж М. Ж М. Ж М. Ж М. Ж М. Ж Отдѣленіе I. Объ отступленіи отъ вѣры и постановленій церкви (ст. 200—234.) . . . . . . . . . . . . . . . . . . . . . . . . . . . . . . . . . . . . . . 5 4 1 — — — — — — — — 2 1 — — — — 2 — — — — — — — — — 3 1 1 — — — — — Отдѣленіе III. О сопротивленіи распоряженіямъ правительства и неповиновеніи установленнымъ властямъ (ст. 295—312.) . . . . . . . 5 10 — — — — — — — 2 — 2 — 4 — — — 1 — — — — — — — 3 — 6 — 1 — — — — — Объ оскорбленіи присутственныхъ местъ и чиновниковъ при отправленіи должности (ст. 313—328.) . . . . . . . . . . . . . 2 3 — — — — — — — — — 3 — — — — — — — — — — — — — — — 2 — 1 — — — — — О самовольномъ присвоеніи власти и составленіи подложныхъ указовъ или предписаній и другихъ исходящихъ отъ правительства бумагъ (ст. 329—342.) . . . . . . . . . . . . . . . . . . . . . . . . . . . . . . . . . . . . . . . . . . . . . . . . . . . . . . . . . . . . . 3 3 — — — — — — — — — — — — — — — — — — — — — — — — — — — 2 — 1 — — — О похищеніи бумагъ или вещей изъ присутственныхъ мѣстъ, сорваніи печатей, уничтоженіи постановленныхъ или приложенныхъ по распоряженію правительства знаковъ (ст. 343—347.) . . . . . . . . . . . . . . . . . . . . . . . . . . . . . . . . . . . 10 12 — — — — — — — — — — — 8 — — — 4 — — — — — — — 7 — 4 — 1 — — — — — О взломѣ тюремъ, уводѣ и побѣгѣ находящяхся подъ стражею или надзоромъ (ст. 348—359.) . . . . . . . . . . . . . . . . . . 4 5 — — — — — — — — — — — 1 — — — 3 — 1 — — — — — 3 — 2 — — — — — — — Отдѣленіе IV. О преступленіяхъ и проступкахъ по службѣ государственной и общественной (ст. 371—549.) . . . . . . . . . . . . . . . . . . . 70 32 — 1 — 6 — 5 — — — 20 — — — — — — — — — — — — — 18 — 12 — 2 — — — — — Отдѣленіе VI. О нарушеніи уставовъ монетныхъ (ст. 608—630.) . . . . . . . . . . . . . . . . . . . . . . . . . . . . . . . . . . . . . . . . . . . . . . . . . . . 56 75 4 — — — — 3 — 7 — 8 2 12 — 10 — 36 2 2 — — — — — 25 4 23 — 27 — — — — — О нарушеніи постановленій по питейному сбору и акцизу (ст. 718—795) . . . . . . . . . . . . . . . . . . . . . . . . . . . . . . . . . . . 14 16 1 — — — — — — 6 1 2 — 2 — 2 — 1 — — — — — — — 7 — 7 1 2 — — — — — Отдѣленіе VII. — О преступленіяхъ и проступкахъ противъ постановленій ограждающихъ народное здравіе (ст. 1044—1150.) . . . . . . . . 4 9 — — — — — — — 7 — 2 — — — — — — — — — — — — — 8 — 1 — — — — — — — О возбуженіи къ начатію или продолженію противузаконныхъ исковъ и тяжбъ, о лживыхъ доносахъ, лжесвидѣтельствѣ и ложныхъ показаніяхъ на повальныхъ обыскахъ, (ст. 125—1212.) . . . . . . . . . . . . . . . . . . . . . . . . . . . . . . . . . . . 7 4 — — — — — — — 2 — 1 — 1 — — — — — — — — — — — 2 — 2 — — — — — — — О бродяжествѣ, укрывательствѣ бѣглыхъ и нарушеніи постановленій о паспортахъ, (ст. 1216—1272.) . . . . . . . . . . . . . 30 47 4 — — — — — — 2 — 18 2 10 — 2 — 15 2 — — — — — — 7 4 12 — 25 — 3 — — — О противузаконномъ выдѣлываніи оружія или пороха и нарушеніи другихъ правилъ осторожности (ст. 1295—1328.) . 2 2 — — — — — — — — — 2 — — — — — — — — — — — — — — — 2 — — — — — — — О преступленіяхъ противъ общественной нравственности (ст. 1336—1360.) . . . . . . . . . . . . . . . . . . . . . . . . . . . . . . . . 2 3 — — — — — — — — — 2 — — — 1 — — — — — — — — — 2 — 1 — — — — — — — О нарушеніи правилъ осторожности отъ пожаровъ (ст. 1428—1473.) . . . . . . . . . . . . . . . . . . . . . . . . . . . . . . . . . . . . . . 19 23 2 — — — — — — 7 — 9 — — — 2 2 5 — — — 3 — 4 2 7 — 9 — — — — — — — О преступленіяхъ и проступкахъ противъ законовъ о состояніяхъ (ст. 1928—1997) . . . . . . . . . . . . . . . . . . . . . . . . . . . 2 3 — — — — — — — — — 3 — — — — — — — — — — — — — 2 — 1 — — — — — — — Отдѣленіе IV. О смертоубійствѣ (ст. 1898—2020.) . . . . . . . . . . . . . . . . . . . . . . . . . . . . . . . . . . . . . . . . . . . . . . . . . . . . . . . . . . . . . . 153 194 42 — — — — 2 — 28 9 33 10 43 3 53 13 30 7 5 — — — — — 34 12 49 13 53 7 58 — — — О нанесеніи увѣчья, ранъ и другихъ поврежденій (ст. 2026—2047.) . . . . . . . . . . . . . . . . . . . . . . . . . . . . . . . . . . . . . . 58 84 5 — — — — — — 23 2 29 2 17 — 12 1 3 — — — — — — — 18 2 25 1 31 2 10 — — — О произвольномъ оставленіи человѣка въ опасности и не оказаніи помощи погибающему (ст. 2069—2075) . . . . . . . . 5 5 — — — — — — — — — 3 — — — — — — — — — — — — — 4 — 1 — — — — — — — О преступленіяхъ противъ чести цѣломудрія женщинъ (ст. 2076—2085.) . . . . . . . . . . . . . . . . . . . . . . . . . . . . . . . . . . 8 7 — — — — — — — 3 — 2 — 2 — — — — — — — — — — — 4 — 2 — 1 — — — — — О личныхъ оскорбленіяхъ (ст. 2086—2094.) . . . . . . . . . . . . . . . . . . . . . . . . . . . . . . . . . . . . . . . . . . . . . . . . . . . . . . . 25 26 2 — — — — 3 1 8 — 12 — 1 — — — 2 1 — — — — 2 — 8 2 14 — 2 — — — — — О противузаконномъ задержаніи и заключеніи (ст. 2103—2108.) . . . . . . . . . . . . . . . . . . . . . . . . . . . . . . . . . . . . . . . . 2 13 — — — — — — — 3 — 7 — — — 3 — — — — — — — — — 8 — 4 — 1 — — — — — О нападеніи съ насиліемъ (ст. 2109—2112.) . . . . . . . . . . . . . . . . . . . . . . . . . . . . . . . . . . . . . . . . . . . . . . . . . . . . . . . . 1 1 — — — — — — — — — — — — — — — 1 — — — — — — — — — 1 — — — — — — — Объ угрозахъ (ст. 2113—2112.) . . . . . . . . . . . . . . . . . . . . . . . . . . . . . . . . . . . . . . . . . . . . . . . . . . . . . . . . . . . . . . . . . . 2 6 — — — — — — — — — 1 — 3 — — — 2 — — — — — — — 1 — 4 — 1 — — — — — Отдѣленіе Х. О преступленіяхъ противъ союза брачнаго (ст. 2118—2156.) . . . . . . . . . . . . . . . . . . . . . . . . . . . . . . . . . . . . . . . . . . . . 6 4 2 — — — — — — — 1 — 1 — — — — 4 — — — — — — — 1 2 — — 3 — — — — — О преступленіи дѣтей противъ родителей (ст. 2162—2165.) . . . . . . . . . . . . . . . . . . . . . . . . . . . . . . . . . . . . . . . . . . . . 16 12 — — — — — — — 3 — 8 — 1 — — — — — — — — — 4 — 8 — — — — — — — — — Отдѣленіе XI. О насильственнымъ завладѣнiи недвижимымъ имуществомъ и истребленіи граничныхъ межъ и знаковъ (ст. 2173— 2184.) . . . . . . . . . . . . . . . . . . . . . . . . . . . . . . . . . . . . . . . . . . . . . . . . . . . . . . . . . . . . . . . . . . . . . . . . . . . . . . . . . . . . 1 1 1 — — — — — — — — 1 1 — — — — — — — — — — — — — — 1 1 — — — — — — О зажигательствѣ (ст. 2185—2195.) . . . . . . . . . . . . . . . . . . . . . . . . . . . . . . . . . . . . . . . . . . . . . . . . . . . . . . . . . . . . . . 18 22 1 — — — — — — 2 — 13 1 — — — — 7 — — — — — — — 16 — 4 — 2 1 — — — — О разбоѣ (ст. 2208—2217.) . . . . . . . . . . . . . . . . . . . . . . . . . . . . . . . . . . . . . . . . . . . . . . . . . . . . . . . . . . . . . . . . . . . . 12 16 — — — — — — — 3 — 4 — — — — — 6 — 3 — — — — — 8 — 8 — — — — — — — О грабѣжѣ (ст. 2218—2224.) . . . . . . . . . . . . . . . . . . . . . . . . . . . . . . . . . . . . . . . . . . . . . . . . . . . . . . . . . . . . . . . . . . . 42 84 — — — — — — — 2 — 9 — 3 — 1 — 52 — 17 — — — — — 28 — 37 — 19 — — — — — О воровствѣ-кражѣ (ст. 2225—2251.) . . . . . . . . . . . . . . . . . . . . . . . . . . . . . . . . . . . . . . . . . . . . . . . . . . . . . . . . . . . . . 183 206 — — — — — — — 43 — 58 — 25 — — — 73 — 7 — — — 3 — 110 — 78 — 15 — — — — — О воровствѣ мошенничествѣ (ст. 2252—2267.) . . . . . . . . . . . . . . . . . . . . . . . . . . . . . . . . . . . . . . . . . . . . . . . . . . . . . . 12 7 — — — — — 1 — 1 — 1 — — — — — 4 — — — — — — — 1 — 4 — 2 — — — — — О присвоеніи ввѣреннаго чужаго движимаго имущества (ст. 2272.) . . . . . . . . . . . . . . . . . . . . . . . . . . . . . . . . . . . . . . 6 4 1 — — — — — — 2 — 1 1 — — — — 1 — — — — — — — 2 1 2 — — — — — — — О преступленіи и проступкахъ по договорамъ и другимъ обязательствамъ (ст. 2278—2304.) . . . . . . . . . . . . . . . . . . . . 9 8 — — — — — — — — — 4 — 2 — — — 2 — — — — — — — 3 — 4 — 1 — — — — — Итого 794 951 66 1 — 6 — 14 1 155 13 260 21 137 3 86 16 257 12 35 — 3 — 13 2 345 27 325 17 193 20 72 — — — Примѣчаніе: отъ 1871 г. осталось арестантовъ: 7 муж., 1 жен., об. пола 8; въ 1872 г. поступило: 323 муж., 17 жен., об. пола 334; выбыло: 313 муж., 12 жен., об. пола 325; за тѣмъ къ 1873 г. осталось муж. 17. Вѣрно: Исправляющ ій должность Губернатора, Дѣйствительный Статск ій Совѣтникъ Лохвицк ій Свѣрялъ: исправляющ ій должность Секретарь Статистическаго Комитета Ловин*"
d88;1873 г.;"ref=""#settler_welfare_reform""";"85 РОДЪ ПРЕСТУПЛЕНІЙ. Число преступленій. Число осужденныхъ. Въ томъ числѣ . Возрастъ преступнниковъ . Н и ж е Свыше 60. Дворянъ потомственныхъ. Дворянъ личныхъ. Почетныхъ гражданъ и купцовъ. Мѣщанъ. Крестьянъ. Военнаго сословія. Инородцевъ. Поселенцевъ. Ссыльно-каторжныхъ. 17— 17-20 21-30 31-40 41-50 51-60 М Ж М. Ж М. Ж М. Ж М. Ж М. Ж М. Ж М Ж М. Ж. М. Ж М. Ж М. Ж М. Ж М. Ж М. Ж М. Ж Отдѣленіе I. Объ отступленіи отъ вѣры и постановленій церкви (ст. 200—234.) . . . . . . . . . . . . . . . . . . . . . . . . . . . . . . . . . . . . . . 5 4 1 — — — — — — — — 2 1 — — — — 2 — — — — — — — — — 3 1 1 — — — — — Отдѣленіе III. О сопротивленіи распоряженіямъ правительства и неповиновеніи установленнымъ властямъ (ст. 295—312.) . . . . . . . 5 10 — — — — — — — 2 — 2 — 4 — — — 1 — — — — — — — 3 — 6 — 1 — — — — — Объ оскорбленіи присутственныхъ местъ и чиновниковъ при отправленіи должности (ст. 313—328.) . . . . . . . . . . . . . 2 3 — — — — — — — — — 3 — — — — — — — — — — — — — — — 2 — 1 — — — — — О самовольномъ присвоеніи власти и составленіи подложныхъ указовъ или предписаній и другихъ исходящихъ отъ правительства бумагъ (ст. 329—342.) . . . . . . . . . . . . . . . . . . . . . . . . . . . . . . . . . . . . . . . . . . . . . . . . . . . . . . . . . . . . . 3 3 — — — — — — — — — — — — — — — — — — — — — — — — — — — 2 — 1 — — — О похищеніи бумагъ или вещей изъ присутственныхъ мѣстъ, сорваніи печатей, уничтоженіи постановленныхъ или приложенныхъ по распоряженію правительства знаковъ (ст. 343—347.) . . . . . . . . . . . . . . . . . . . . . . . . . . . . . . . . . . . 10 12 — — — — — — — — — — — 8 — — — 4 — — — — — — — 7 — 4 — 1 — — — — — О взломѣ тюремъ, уводѣ и побѣгѣ находящяхся подъ стражею или надзоромъ (ст. 348—359.) . . . . . . . . . . . . . . . . . . 4 5 — — — — — — — — — — — 1 — — — 3 — 1 — — — — — 3 — 2 — — — — — — — Отдѣленіе IV. О преступленіяхъ и проступкахъ по службѣ государственной и общественной (ст. 371—549.) . . . . . . . . . . . . . . . . . . . 70 32 — 1 — 6 — 5 — — — 20 — — — — — — — — — — — — — 18 — 12 — 2 — — — — — Отдѣленіе VI. О нарушеніи уставовъ монетныхъ (ст. 608—630.) . . . . . . . . . . . . . . . . . . . . . . . . . . . . . . . . . . . . . . . . . . . . . . . . . . . 56 75 4 — — — — 3 — 7 — 8 2 12 — 10 — 36 2 2 — — — — — 25 4 23 — 27 — — — — — О нарушеніи постановленій по питейному сбору и акцизу (ст. 718—795) . . . . . . . . . . . . . . . . . . . . . . . . . . . . . . . . . . . 14 16 1 — — — — — — 6 1 2 — 2 — 2 — 1 — — — — — — — 7 — 7 1 2 — — — — — Отдѣленіе VII. — О преступленіяхъ и проступкахъ противъ постановленій ограждающихъ народное здравіе (ст. 1044—1150.) . . . . . . . . 4 9 — — — — — — — 7 — 2 — — — — — — — — — — — — — 8 — 1 — — — — — — — О возбуженіи къ начатію или продолженію противузаконныхъ исковъ и тяжбъ, о лживыхъ доносахъ, лжесвидѣтельствѣ и ложныхъ показаніяхъ на повальныхъ обыскахъ, (ст. 125—1212.) . . . . . . . . . . . . . . . . . . . . . . . . . . . . . . . . . . . 7 4 — — — — — — — 2 — 1 — 1 — — — — — — — — — — — 2 — 2 — — — — — — — О бродяжествѣ, укрывательствѣ бѣглыхъ и нарушеніи постановленій о паспортахъ, (ст. 1216—1272.) . . . . . . . . . . . . . 30 47 4 — — — — — — 2 — 18 2 10 — 2 — 15 2 — — — — — — 7 4 12 — 25 — 3 — — — О противузаконномъ выдѣлываніи оружія или пороха и нарушеніи другихъ правилъ осторожности (ст. 1295—1328.) . 2 2 — — — — — — — — — 2 — — — — — — — — — — — — — — — 2 — — — — — — — О преступленіяхъ противъ общественной нравственности (ст. 1336—1360.) . . . . . . . . . . . . . . . . . . . . . . . . . . . . . . . . 2 3 — — — — — — — — — 2 — — — 1 — — — — — — — — — 2 — 1 — — — — — — — О нарушеніи правилъ осторожности отъ пожаровъ (ст. 1428—1473.) . . . . . . . . . . . . . . . . . . . . . . . . . . . . . . . . . . . . . . 19 23 2 — — — — — — 7 — 9 — — — 2 2 5 — — — 3 — 4 2 7 — 9 — — — — — — — О преступленіяхъ и проступкахъ противъ законовъ о состояніяхъ (ст. 1928—1997) . . . . . . . . . . . . . . . . . . . . . . . . . . . 2 3 — — — — — — — — — 3 — — — — — — — — — — — — — 2 — 1 — — — — — — — Отдѣленіе IV. О смертоубійствѣ (ст. 1898—2020.) . . . . . . . . . . . . . . . . . . . . . . . . . . . . . . . . . . . . . . . . . . . . . . . . . . . . . . . . . . . . . . 153 194 42 — — — — 2 — 28 9 33 10 43 3 53 13 30 7 5 — — — — — 34 12 49 13 53 7 58 — — — О нанесеніи увѣчья, ранъ и другихъ поврежденій (ст. 2026—2047.) . . . . . . . . . . . . . . . . . . . . . . . . . . . . . . . . . . . . . . 58 84 5 — — — — — — 23 2 29 2 17 — 12 1 3 — — — — — — — 18 2 25 1 31 2 10 — — — О произвольномъ оставленіи человѣка въ опасности и не оказаніи помощи погибающему (ст. 2069—2075) . . . . . . . . 5 5 — — — — — — — — — 3 — — — — — — — — — — — — — 4 — 1 — — — — — — — О преступленіяхъ противъ чести цѣломудрія женщинъ (ст. 2076—2085.) . . . . . . . . . . . . . . . . . . . . . . . . . . . . . . . . . . 8 7 — — — — — — — 3 — 2 — 2 — — — — — — — — — — — 4 — 2 — 1 — — — — — О личныхъ оскорбленіяхъ (ст. 2086—2094.) . . . . . . . . . . . . . . . . . . . . . . . . . . . . . . . . . . . . . . . . . . . . . . . . . . . . . . . 25 26 2 — — — — 3 1 8 — 12 — 1 — — — 2 1 — — — — 2 — 8 2 14 — 2 — — — — — О противузаконномъ задержаніи и заключеніи (ст. 2103—2108.) . . . . . . . . . . . . . . . . . . . . . . . . . . . . . . . . . . . . . . . . 2 13 — — — — — — — 3 — 7 — — — 3 — — — — — — — — — 8 — 4 — 1 — — — — — О нападеніи съ насиліемъ (ст. 2109—2112.) . . . . . . . . . . . . . . . . . . . . . . . . . . . . . . . . . . . . . . . . . . . . . . . . . . . . . . . . 1 1 — — — — — — — — — — — — — — — 1 — — — — — — — — — 1 — — — — — — — Объ угрозахъ (ст. 2113—2112.) . . . . . . . . . . . . . . . . . . . . . . . . . . . . . . . . . . . . . . . . . . . . . . . . . . . . . . . . . . . . . . . . . . 2 6 — — — — — — — — — 1 — 3 — — — 2 — — — — — — — 1 — 4 — 1 — — — — — Отдѣленіе Х. О преступленіяхъ противъ союза брачнаго (ст. 2118—2156.) . . . . . . . . . . . . . . . . . . . . . . . . . . . . . . . . . . . . . . . . . . . . 6 4 2 — — — — — — — 1 — 1 — — — — 4 — — — — — — — 1 2 — — 3 — — — — — О преступленіи дѣтей противъ родителей (ст. 2162—2165.) . . . . . . . . . . . . . . . . . . . . . . . . . . . . . . . . . . . . . . . . . . . . 16 12 — — — — — — — 3 — 8 — 1 — — — — — — — — — 4 — 8 — — — — — — — — — Отдѣленіе XI. О насильственнымъ завладѣнiи недвижимымъ имуществомъ и истребленіи граничныхъ межъ и знаковъ (ст. 2173— 2184.) . . . . . . . . . . . . . . . . . . . . . . . . . . . . . . . . . . . . . . . . . . . . . . . . . . . . . . . . . . . . . . . . . . . . . . . . . . . . . . . . . . . . 1 1 1 — — — — — — — — 1 1 — — — — — — — — — — — — — — 1 1 — — — — — — О зажигательствѣ (ст. 2185—2195.) . . . . . . . . . . . . . . . . . . . . . . . . . . . . . . . . . . . . . . . . . . . . . . . . . . . . . . . . . . . . . . 18 22 1 — — — — — — 2 — 13 1 — — — — 7 — — — — — — — 16 — 4 — 2 1 — — — — О разбоѣ (ст. 2208—2217.) . . . . . . . . . . . . . . . . . . . . . . . . . . . . . . . . . . . . . . . . . . . . . . . . . . . . . . . . . . . . . . . . . . . . 12 16 — — — — — — — 3 — 4 — — — — — 6 — 3 — — — — — 8 — 8 — — — — — — — О грабѣжѣ (ст. 2218—2224.) . . . . . . . . . . . . . . . . . . . . . . . . . . . . . . . . . . . . . . . . . . . . . . . . . . . . . . . . . . . . . . . . . . . 42 84 — — — — — — — 2 — 9 — 3 — 1 — 52 — 17 — — — — — 28 — 37 — 19 — — — — — О воровствѣ-кражѣ (ст. 2225—2251.) . . . . . . . . . . . . . . . . . . . . . . . . . . . . . . . . . . . . . . . . . . . . . . . . . . . . . . . . . . . . . 183 206 — — — — — — — 43 — 58 — 25 — — — 73 — 7 — — — 3 — 110 — 78 — 15 — — — — — О воровствѣ мошенничествѣ (ст. 2252—2267.) . . . . . . . . . . . . . . . . . . . . . . . . . . . . . . . . . . . . . . . . . . . . . . . . . . . . . . 12 7 — — — — — 1 — 1 — 1 — — — — — 4 — — — — — — — 1 — 4 — 2 — — — — — О присвоеніи ввѣреннаго чужаго движимаго имущества (ст. 2272.) . . . . . . . . . . . . . . . . . . . . . . . . . . . . . . . . . . . . . . 6 4 1 — — — — — — 2 — 1 1 — — — — 1 — — — — — — — 2 1 2 — — — — — — — О преступленіи и проступкахъ по договорамъ и другимъ обязательствамъ (ст. 2278—2304.) . . . . . . . . . . . . . . . . . . . . 9 8 — — — — — — — — — 4 — 2 — — — 2 — — — — — — — 3 — 4 — 1 — — — — — Итого 794 951 66 1 — 6 — 14 1 155 13 260 21 137 3 86 16 257 12 35 — 3 — 13 2 345 27 325 17 193 20 72 — — — Примѣчаніе: отъ 1871 г. осталось арестантовъ: 7 муж., 1 жен., об. пола 8; въ 1872 г. поступило: 323 муж., 17 жен., об. пола 334; выбыло: 313 муж., 12 жен., об. пола 325; за тѣмъ къ 1873 г. осталось муж. 17. Вѣрно: Исправляющ ій должность Губернатора, Дѣйствительный Статск ій Совѣтникъ Лохвицк ій Свѣрялъ: исправляющ ій должность Секретарь Статистическаго Комитета Ловин*"
d89;1872 год;"ref=""#general_statistics_1872""";87 Вѣдомость # 6 О ПОЖАРАХЪ въ Енисейской губерніи въ Енисейской губерніи за 1872 годъ. за 1872 годъ. (съ приложенieмъ объ устройствѣ пожарной части).(съ приложенieмъ объ устройствѣ пожарной части).
d90;1872 год;"ref=""#general_statistics_1872""";87 Вѣдомость # 6 О ПОЖАРАХЪ въ Енисейской губерніи въ Енисейской губерніи за 1872 годъ. за 1872 годъ. (съ приложенieмъ объ устройствѣ пожарной части).(съ приложенieмъ объ устройствѣ пожарной части).
d91;1872 год;"ref=""#general_statistics_1872""";За 1872 годъ.За 1872 годъ.
d92;1872 год;"ref=""#general_statistics_1872""";За 1872 годъ.За 1872 годъ.
d93;1872 год;"ref=""#general_statistics_1872""";91 ВѢДОМОСТЬ # 7. О НАСИЛЬСТВЕННыХЪ И СЛУЧАЙНЫХЪ СМЕРТЯХЪ въ Енисейской губерніивъ Енисейской губерніи за 1872 годъ.за 1872 годъ.
d94;1872 год;"ref=""#general_statistics_1872""";91 ВѢДОМОСТЬ # 7. О НАСИЛЬСТВЕННыХЪ И СЛУЧАЙНЫХЪ СМЕРТЯХЪ въ Енисейской губерніивъ Енисейской губерніи за 1872 годъ.за 1872 годъ.
d95;1872 год;"ref=""#general_statistics_1872""";95 ВѢДОМОСТЬ # 8. О ЧИСЛѢ УЧЕБНЫХЪ ЗАВЕДЕНІЙ И УЧАЩИХСЯ въ Енисейской губерніи въ Енисейской губерніи за 1872 годъ.за 1872 годъ.
d96;1872 год;"ref=""#general_statistics_1872""";95 ВѢДОМОСТЬ # 8. О ЧИСЛѢ УЧЕБНЫХЪ ЗАВЕДЕНІЙ И УЧАЩИХСЯ въ Енисейской губерніи въ Енисейской губерніи за 1872 годъ.за 1872 годъ.
d97;1872 год;"ref=""#general_statistics_1872""";99 ВѢДОМОСТЬ о доходахъ и расходахъ городовъ Енисейской губерніи за 1872 годъ.о доходахъ и расходахъ городовъ Енисейской губерніи за 1872 годъ. Названіе городовъ. Приходъ за 1872 годъ. Расходъ за 1872 годъ. Остаток+ и передержка — противъ годоваго дохода. Въ г. Красноярскѣ . . . . . . . . . . . . . . . . . . . . . . . . . . . . 14.440—431/2 27.570—733/4 —3.130—301/4 — Енисейскѣ . . . . . . . . . . . . . . . . . . . . . . . . . . . . . . . . 17.502—881/2 16.174—971/4 +1.327—911/4 — Канскѣ . . . . . . . . . . . . . . . . . . . . . . . . . . . . . . . . . . . 13.638—41/4 18.760—41/4 —5.122—»— — Ачинскѣ . . . . . . . . . . . . . . . . . . . . . . . . . . . . . . . . . . 8.057—441/4 8.756—581/4 —699—14 — Минусинскѣ . . . . . . . . . . . . . . . . . . . . . . . . . . . . . . . 10.706—251/4 6.941—991/4 +3.764—26 — Туруханскѣ заштатномъ . . . . . . . . . . . . . . . . . . . . . . 129—853/4 129—853/4 — Итого . . . . . . . 74.474—911/2 78.334—181/2 —3.859—27 Вѣрно: Исправляющ ій должность Губернатора, Дѣйствительный Статск ій Совѣтникъ Лохвицк ій Свѣрялъ: исправляющ ій должность Секретарь Статистическаго Комитета Ловин*
d98;1872 год;"ref=""#general_statistics_1872""";99 ВѢДОМОСТЬ о доходахъ и расходахъ городовъ Енисейской губерніи за 1872 годъ.о доходахъ и расходахъ городовъ Енисейской губерніи за 1872 годъ. Названіе городовъ. Приходъ за 1872 годъ. Расходъ за 1872 годъ. Остаток+ и передержка — противъ годоваго дохода. Въ г. Красноярскѣ . . . . . . . . . . . . . . . . . . . . . . . . . . . . 14.440—431/2 27.570—733/4 —3.130—301/4 — Енисейскѣ . . . . . . . . . . . . . . . . . . . . . . . . . . . . . . . . 17.502—881/2 16.174—971/4 +1.327—911/4 — Канскѣ . . . . . . . . . . . . . . . . . . . . . . . . . . . . . . . . . . . 13.638—41/4 18.760—41/4 —5.122—»— — Ачинскѣ . . . . . . . . . . . . . . . . . . . . . . . . . . . . . . . . . . 8.057—441/4 8.756—581/4 —699—14 — Минусинскѣ . . . . . . . . . . . . . . . . . . . . . . . . . . . . . . . 10.706—251/4 6.941—991/4 +3.764—26 — Туруханскѣ заштатномъ . . . . . . . . . . . . . . . . . . . . . . 129—853/4 129—853/4 — Итого . . . . . . . 74.474—911/2 78.334—181/2 —3.859—27 Вѣрно: Исправляющ ій должность Губернатора, Дѣйствительный Статск ій Совѣтникъ Лохвицк ій Свѣрялъ: исправляющ ій должность Секретарь Статистическаго Комитета Ловин*
d99;1872 год;"ref=""#general_statistics_1872""";99 ВѢДОМОСТЬ о доходахъ и расходахъ городовъ Енисейской губерніи за 1872 годъ.о доходахъ и расходахъ городовъ Енисейской губерніи за 1872 годъ. Названіе городовъ. Приходъ за 1872 годъ. Расходъ за 1872 годъ. Остаток+ и передержка — противъ годоваго дохода. Въ г. Красноярскѣ . . . . . . . . . . . . . . . . . . . . . . . . . . . . 14.440—431/2 27.570—733/4 —3.130—301/4 — Енисейскѣ . . . . . . . . . . . . . . . . . . . . . . . . . . . . . . . . 17.502—881/2 16.174—971/4 +1.327—911/4 — Канскѣ . . . . . . . . . . . . . . . . . . . . . . . . . . . . . . . . . . . 13.638—41/4 18.760—41/4 —5.122—»— — Ачинскѣ . . . . . . . . . . . . . . . . . . . . . . . . . . . . . . . . . . 8.057—441/4 8.756—581/4 —699—14 — Минусинскѣ . . . . . . . . . . . . . . . . . . . . . . . . . . . . . . . 10.706—251/4 6.941—991/4 +3.764—26 — Туруханскѣ заштатномъ . . . . . . . . . . . . . . . . . . . . . . 129—853/4 129—853/4 — Итого . . . . . . . 74.474—911/2 78.334—181/2 —3.859—27 Вѣрно: Исправляющ ій должность Губернатора, Дѣйствительный Статск ій Совѣтникъ Лохвицк ій Свѣрялъ: исправляющ ій должность Секретарь Статистическаго Комитета Ловин*
d100;1872 год;"ref=""#general_statistics_1872""";99 ВѢДОМОСТЬ о доходахъ и расходахъ городовъ Енисейской губерніи за 1872 годъ.о доходахъ и расходахъ городовъ Енисейской губерніи за 1872 годъ. Названіе городовъ. Приходъ за 1872 годъ. Расходъ за 1872 годъ. Остаток+ и передержка — противъ годоваго дохода. Въ г. Красноярскѣ . . . . . . . . . . . . . . . . . . . . . . . . . . . . 14.440—431/2 27.570—733/4 —3.130—301/4 — Енисейскѣ . . . . . . . . . . . . . . . . . . . . . . . . . . . . . . . . 17.502—881/2 16.174—971/4 +1.327—911/4 — Канскѣ . . . . . . . . . . . . . . . . . . . . . . . . . . . . . . . . . . . 13.638—41/4 18.760—41/4 —5.122—»— — Ачинскѣ . . . . . . . . . . . . . . . . . . . . . . . . . . . . . . . . . . 8.057—441/4 8.756—581/4 —699—14 — Минусинскѣ . . . . . . . . . . . . . . . . . . . . . . . . . . . . . . . 10.706—251/4 6.941—991/4 +3.764—26 — Туруханскѣ заштатномъ . . . . . . . . . . . . . . . . . . . . . . 129—853/4 129—853/4 — Итого . . . . . . . 74.474—911/2 78.334—181/2 —3.859—27 Вѣрно: Исправляющ ій должность Губернатора, Дѣйствительный Статск ій Совѣтникъ Лохвицк ій Свѣрялъ: исправляющ ій должность Секретарь Статистическаго Комитета Ловин*
d101;1872 год;"ref=""#general_statistics_1872""";101 ВѢДОМОСТЬ ВѢДОМОСТЬ О ЧИСЛѢ ПРИНЯТЫХЪ РЕКРУТЪ ПО СОСЛОВiЯМЪ за 1872 годъ.за 1872 годъ.
d102;1872 год;"ref=""#general_statistics_1872""";101 ВѢДОМОСТЬ ВѢДОМОСТЬ О ЧИСЛѢ ПРИНЯТЫХЪ РЕКРУТЪ ПО СОСЛОВiЯМЪ за 1872 годъ.за 1872 годъ.
d103;1872 год;"ref=""#report_enisei_1872""";109 Въ 3-е отдѣленiе Главнаго Управленiя Восточной Сибири Изъ присланной Енисейскимъ Губернаторомъ копiй изъ всеподданнѣйшаго отчета его за 1872 годъ видно, что къ 1873 году количество поданной недоимки по Енисейской губернiи возрасло на 95114 р. 51 1/4 к., такъ что къ 1873 году осталось неисполненныхъ поданныхъ недоимокъ всего 636979 руб. 68 1/2 коп., но въ дѣйствительности слѣдуетъ считать въ недоимкѣ 369136 руб. 31* коп., такъ какъ остальная Отдѣленiе IV Столъ 1 . 16 Октября 1873 г. №1468
d104;1873 год;"ref=""#report_enisei_1872""";109 Въ 3-е отдѣленiе Главнаго Управленiя Восточной Сибири Изъ присланной Енисейскимъ Губернаторомъ копiй изъ всеподданнѣйшаго отчета его за 1872 годъ видно, что къ 1873 году количество поданной недоимки по Енисейской губернiи возрасло на 95114 р. 51 1/4 к., такъ что къ 1873 году осталось неисполненныхъ поданныхъ недоимокъ всего 636979 руб. 68 1/2 коп., но въ дѣйствительности слѣдуетъ считать въ недоимкѣ 369136 руб. 31* коп., такъ какъ остальная Отдѣленiе IV Столъ 1 . 16 Октября 1873 г. №1468
d105;1873 год;"ref=""#report_enisei_1872""";109 Въ 3-е отдѣленiе Главнаго Управленiя Восточной Сибири Изъ присланной Енисейскимъ Губернаторомъ копiй изъ всеподданнѣйшаго отчета его за 1872 годъ видно, что къ 1873 году количество поданной недоимки по Енисейской губернiи возрасло на 95114 р. 51 1/4 к., такъ что къ 1873 году осталось неисполненныхъ поданныхъ недоимокъ всего 636979 руб. 68 1/2 коп., но въ дѣйствительности слѣдуетъ считать въ недоимкѣ 369136 руб. 31* коп., такъ какъ остальная Отдѣленiе IV Столъ 1 . 16 Октября 1873 г. №1468
d106;16 Октября 1873 г.;"ref=""#report_enisei_1872""";109 Въ 3-е отдѣленiе Главнаго Управленiя Восточной Сибири Изъ присланной Енисейскимъ Губернаторомъ копiй изъ всеподданнѣйшаго отчета его за 1872 годъ видно, что къ 1873 году количество поданной недоимки по Енисейской губернiи возрасло на 95114 р. 51 1/4 к., такъ что къ 1873 году осталось неисполненныхъ поданныхъ недоимокъ всего 636979 руб. 68 1/2 коп., но въ дѣйствительности слѣдуетъ считать въ недоимкѣ 369136 руб. 31* коп., такъ какъ остальная Отдѣленiе IV Столъ 1 . 16 Октября 1873 г. №1468
