id;date_text;event_ref;context
d1;1898 год;;"Объяснения, обратившие на себя Высочайшее внимание, отчеркнуты; резолюции же Его Императорского Величества будут доложены в заседании Комитета. ВСЕПОДДАННЕЙШИЙ ОТЧЕТ ЕнисЕйского гражданского губЕрнатора за 1898 год I. ЕСТЕСТВЕННЫЕ И ПРОИЗВОДИТЕЛЬНЫЕ СИЛЫ ГУБЕРНИИ Население Енисейской губернии, по местным данным, можно считать достигшим до 590 000 чел. обоего пола: увеличение произошло за счет перевеса родившихся над умершими, приселения ссыльных и переселенцев, последних приблизительно зарегистрировано прибывшими в 1898 г. до 150 000 чел. обоего пола. Главный промысел населения — земледелие, и потому благосостояние и обеспечение продовольствием зависит преимущественно от урожая хлебов. Минувший 1898 г. был неблагоприятен для населения губернии в экономическом отношении. Урожай хлебов и трав в общем по губернии ниже среднего, местами полный неурожай. Холодная весна, при сильных ветрах, задержала повсеместно посевы, чем укоротила период произрастания, а проследовавшая затем продолжительная засуха задержала рост хлебов, на которые, кроме того, в степных местностях напала в громадном количестве кобылка, перейдя на хлеба вследствие выгорания трав на степи от засухи. Травы по тем же причинам уродились неудовлетворительными. В одном только Минусинском уезде, называемом житницею губернии, благодаря своевременно выпавшим дождям, посевы несколько оправились и дали удовлетворительный урожай, в уездах же Ачинском и Канском урожай оказался посредственным, а в Енисейском и особенно Красноярском настолько плохой, что некоторые селения Кежемской и Пинчугской"
d2;1898 г.;;"Объяснения, обратившие на себя Высочайшее внимание, отчеркнуты; резолюции же Его Императорского Величества будут доложены в заседании Комитета. ВСЕПОДДАННЕЙШИЙ ОТЧЕТ ЕнисЕйского гражданского губЕрнатора за 1898 год I. ЕСТЕСТВЕННЫЕ И ПРОИЗВОДИТЕЛЬНЫЕ СИЛЫ ГУБЕРНИИ Население Енисейской губернии, по местным данным, можно считать достигшим до 590 000 чел. обоего пола: увеличение произошло за счет перевеса родившихся над умершими, приселения ссыльных и переселенцев, последних приблизительно зарегистрировано прибывшими в 1898 г. до 150 000 чел. обоего пола. Главный промысел населения — земледелие, и потому благосостояние и обеспечение продовольствием зависит преимущественно от урожая хлебов. Минувший 1898 г. был неблагоприятен для населения губернии в экономическом отношении. Урожай хлебов и трав в общем по губернии ниже среднего, местами полный неурожай. Холодная весна, при сильных ветрах, задержала повсеместно посевы, чем укоротила период произрастания, а проследовавшая затем продолжительная засуха задержала рост хлебов, на которые, кроме того, в степных местностях напала в громадном количестве кобылка, перейдя на хлеба вследствие выгорания трав на степи от засухи. Травы по тем же причинам уродились неудовлетворительными. В одном только Минусинском уезде, называемом житницею губернии, благодаря своевременно выпавшим дождям, посевы несколько оправились и дали удовлетворительный урожай, в уездах же Ачинском и Канском урожай оказался посредственным, а в Енисейском и особенно Красноярском настолько плохой, что некоторые селения Кежемской и Пинчугской"
d3;1898 г.;;"Объяснения, обратившие на себя Высочайшее внимание, отчеркнуты; резолюции же Его Императорского Величества будут доложены в заседании Комитета. ВСЕПОДДАННЕЙШИЙ ОТЧЕТ ЕнисЕйского гражданского губЕрнатора за 1898 год I. ЕСТЕСТВЕННЫЕ И ПРОИЗВОДИТЕЛЬНЫЕ СИЛЫ ГУБЕРНИИ Население Енисейской губернии, по местным данным, можно считать достигшим до 590 000 чел. обоего пола: увеличение произошло за счет перевеса родившихся над умершими, приселения ссыльных и переселенцев, последних приблизительно зарегистрировано прибывшими в 1898 г. до 150 000 чел. обоего пола. Главный промысел населения — земледелие, и потому благосостояние и обеспечение продовольствием зависит преимущественно от урожая хлебов. Минувший 1898 г. был неблагоприятен для населения губернии в экономическом отношении. Урожай хлебов и трав в общем по губернии ниже среднего, местами полный неурожай. Холодная весна, при сильных ветрах, задержала повсеместно посевы, чем укоротила период произрастания, а проследовавшая затем продолжительная засуха задержала рост хлебов, на которые, кроме того, в степных местностях напала в громадном количестве кобылка, перейдя на хлеба вследствие выгорания трав на степи от засухи. Травы по тем же причинам уродились неудовлетворительными. В одном только Минусинском уезде, называемом житницею губернии, благодаря своевременно выпавшим дождям, посевы несколько оправились и дали удовлетворительный урожай, в уездах же Ачинском и Канском урожай оказался посредственным, а в Енисейском и особенно Красноярском настолько плохой, что некоторые селения Кежемской и Пинчугской"
d4;1898 г.;;4 волостей Енисейского уезда и три волости Красноярского уезда не возвратили даже посеянных семян. По местным статистическим данным, уродилось хлеба по губернии по сравнению с обыкновенными урожаями менее до 1 000 000 четв. Ввиду полученных от местной полиции сведений об экономической необеспеченности некоторой части населения Пинчугской и Кежемской волостей, было сделано немедленно распоряжение о выдаче продовольственных ссуд из хлебозапасных магазинов, а затем испрошено у Министерства внутренних дел 16 000 руб., заимообразно на три года, пострадавшему от неурожая населению для покупки посевного хлеба, который был приобретен в Минусинском уезде, сплавлен на казенном пароходе по Енисею к устью р. Ангары, но, к крайнему сожалению, вследствие запоздавшего разрешения воспользоваться для перевозки хлеба казенными пароходами, поздней осени и небывалого в 1898 г. мелководия по р. Ангаре, прекратившего даже пароходное сообщение по ней, посевное зерно не могло быть доставлено этою же осенью и доставлено весною в начале мая 1899 г., как только открылась навигация, ко времени посевов в этих северных местностях, начинающихся обыкновенно со второй половины мая. В целях выяснения и удовлетворения продовольственных нужд в Красноярском уезде, образована была особая продовольственная комиссия. По надлежащем исследовании было установлено, что за использованием продовольственных ссуд из хлебозапасных магазинов в четырех волостях уезда — Сухобузимской, Еловской, Заледеевской и Нахвальской — не хватит на посев зерна до 65 000 пуд., и признано было необходимым испросить чрез Иркутского военного генерал-губернатора у Министерства внутренних дел продовольственную ссуду в размере 50 000 руб. для своевременной закупки нужного количества посевного хлеба и для ссуды его земледельческому населению Красноярского уезда на срок не более трех лет. Хлеб был закуплен в Томской губернии, где был урожай, возможно выгоднее и с доставкою по железной дороге обошелся на 10–15 коп. дешевле базарной цены в Красноярском уезде.
d5;1899 г.;;4 волостей Енисейского уезда и три волости Красноярского уезда не возвратили даже посеянных семян. По местным статистическим данным, уродилось хлеба по губернии по сравнению с обыкновенными урожаями менее до 1 000 000 четв. Ввиду полученных от местной полиции сведений об экономической необеспеченности некоторой части населения Пинчугской и Кежемской волостей, было сделано немедленно распоряжение о выдаче продовольственных ссуд из хлебозапасных магазинов, а затем испрошено у Министерства внутренних дел 16 000 руб., заимообразно на три года, пострадавшему от неурожая населению для покупки посевного хлеба, который был приобретен в Минусинском уезде, сплавлен на казенном пароходе по Енисею к устью р. Ангары, но, к крайнему сожалению, вследствие запоздавшего разрешения воспользоваться для перевозки хлеба казенными пароходами, поздней осени и небывалого в 1898 г. мелководия по р. Ангаре, прекратившего даже пароходное сообщение по ней, посевное зерно не могло быть доставлено этою же осенью и доставлено весною в начале мая 1899 г., как только открылась навигация, ко времени посевов в этих северных местностях, начинающихся обыкновенно со второй половины мая. В целях выяснения и удовлетворения продовольственных нужд в Красноярском уезде, образована была особая продовольственная комиссия. По надлежащем исследовании было установлено, что за использованием продовольственных ссуд из хлебозапасных магазинов в четырех волостях уезда — Сухобузимской, Еловской, Заледеевской и Нахвальской — не хватит на посев зерна до 65 000 пуд., и признано было необходимым испросить чрез Иркутского военного генерал-губернатора у Министерства внутренних дел продовольственную ссуду в размере 50 000 руб. для своевременной закупки нужного количества посевного хлеба и для ссуды его земледельческому населению Красноярского уезда на срок не более трех лет. Хлеб был закуплен в Томской губернии, где был урожай, возможно выгоднее и с доставкою по железной дороге обошелся на 10–15 коп. дешевле базарной цены в Красноярском уезде.
d6;1899 г.;;5 Если неурожай отразился бедственно на старожилах, освоившихся уже с местными особенностями сельскоro хозяйства и промышленности, имеющих запасы хлеба в продовольственных магазинах, то тем затруднительнее оказалось положение переселенцев, не имеющих хлебных запасов, произведших в отчетном году первый посев на местах водворения, Красноярская продовольственная комиссия нашла необходимым выяснить потребность переселенцев в посевном хлебе, причем было признано, что принять особые меры к обеспечению переселенцев семенами надлежит не только в Красноярском уезде, но и в уездах Ачинском и особенно в Канском, где был, как выше сказано, весьма слабый урожай и где переселенцы нуждаются в особой помощи. В этих соображениях было испрошено у Министерства внутренних дел разрешение на выдачу ссуд переселенцам зерном на сумму до 15 000 руб. из зерна, закупленного в Томской губернии в счет вышеупомянутой продовольственной ссуды в 50 000 руб. Еще бедственнее оказалось положение ссыльных разных категорий, причисленных к волостям Енисейского и Красноярского уездов: те из них, которые, не имея своего хозяйства, питались заработками, за сокращением последних в этих уездах, принуждены были уйти с мест причислений из селений и наводнили города, и особенно губернский город Красноярск, ища работы для пропитания, хотя большинство из таких ссыльных не имеют права проживать в городах: я, ввиду неурожая, предоставлял им временное проживание в них, так как в последних гораздо легче достать работу, чем в селениях, постигнутых неурожаем. Кроме того, в феврале и марте 1899 г. в пособие ссыльным на пропитание были розданы 4 000 руб. из экономического поселенческого капитала и в апреле того же года ссыльным, занимающимся земледелием, было выдано в ссуду на посев до 3 000 руб. из этого же капитала. Наконец из сумм местного управления Красного Креста было распределено в пособие пострадавшим от неурожая в Красноярском уезде до нескольких сот рублей. Неурожай крайне невыгодно отразился на крестьянском хозяйстве, так как, не говоря уже о невозможности каких-либо
d7;1 января 1899 г.;;"6 улучшений сельского хозяйства при подобных условиях, самое положение его отчасти понизилось тем, с одной стороны, что в народе, исключая зажиточных людей, почти не осталось запасов хлеба, а с другой, ввиду означенного недостатка, явилась необходимость в сбыте домашнего скота в количестве большем, чем сбывается его обыкновенно, так, напр., самый усиленный сбыт был в Красноярском уезде, ибо только этим способом население могло, если не все, то частью уплатить налоги казенные и мирские, но, ввиду вообще достаточного количества скота, крестьянам не пришлось сбывать последний или рабочий скот. Значительный сплав хлеба из Минусинского уезда и подвоз его по железной дороге из Томской и Тобольской губерний не дали возможности чрезмерного повышения цен на хлеб в Енисейской губернии; цена на хлеб все время была умеренная и колебалась от 70 до 80 коп. пуд ржаной муки. К 1 января 1899 г. в 421 экономическом сельском магазине находилось налицо запасного хлеба: озимого и ярового 401 288 четв., менее чем в 1897 г. на 39 272 четв. в ссудах и недоимках 62 998 четв., более чем в 1897 г. на 49 000 четв. Увеличение недоимки произошло вследствие распоряжения не взыскивать их в отчетном году с населения, пострадавшего от неурожая. Поднявшаяся цена на пушнину, прекрасный улов рыбы в р. Ангаре, проданный по хорошей цене, предоставили населению неурожайных волостей Енисейского уезда Пинчугской и Кежемской такие денежные средства, что оно почти безнедоимочно уплатило подати, причем также служил источником для некоторых селений Пинчугской волости заработок на вновь отстраивающемся Манзинском солеваренном заводе. В Минусинским уезде, благодаря железной дороге, вывозная торговля значительно увеличилась и обогатилась совершенно новым продуктом для такой торговли, не имевшим ранее сбыта; так, из уезда в пределы Европейской России было отправлено до 100 000 пар куропаток, рябчиков и другой пернатой дичи, также вывезено значительно больше кедрового ореха, шерсти, конского волоса, скотских и конских кож."
d8;1897 г.;;"6 улучшений сельского хозяйства при подобных условиях, самое положение его отчасти понизилось тем, с одной стороны, что в народе, исключая зажиточных людей, почти не осталось запасов хлеба, а с другой, ввиду означенного недостатка, явилась необходимость в сбыте домашнего скота в количестве большем, чем сбывается его обыкновенно, так, напр., самый усиленный сбыт был в Красноярском уезде, ибо только этим способом население могло, если не все, то частью уплатить налоги казенные и мирские, но, ввиду вообще достаточного количества скота, крестьянам не пришлось сбывать последний или рабочий скот. Значительный сплав хлеба из Минусинского уезда и подвоз его по железной дороге из Томской и Тобольской губерний не дали возможности чрезмерного повышения цен на хлеб в Енисейской губернии; цена на хлеб все время была умеренная и колебалась от 70 до 80 коп. пуд ржаной муки. К 1 января 1899 г. в 421 экономическом сельском магазине находилось налицо запасного хлеба: озимого и ярового 401 288 четв., менее чем в 1897 г. на 39 272 четв. в ссудах и недоимках 62 998 четв., более чем в 1897 г. на 49 000 четв. Увеличение недоимки произошло вследствие распоряжения не взыскивать их в отчетном году с населения, пострадавшего от неурожая. Поднявшаяся цена на пушнину, прекрасный улов рыбы в р. Ангаре, проданный по хорошей цене, предоставили населению неурожайных волостей Енисейского уезда Пинчугской и Кежемской такие денежные средства, что оно почти безнедоимочно уплатило подати, причем также служил источником для некоторых селений Пинчугской волости заработок на вновь отстраивающемся Манзинском солеваренном заводе. В Минусинским уезде, благодаря железной дороге, вывозная торговля значительно увеличилась и обогатилась совершенно новым продуктом для такой торговли, не имевшим ранее сбыта; так, из уезда в пределы Европейской России было отправлено до 100 000 пар куропаток, рябчиков и другой пернатой дичи, также вывезено значительно больше кедрового ореха, шерсти, конского волоса, скотских и конских кож."
d9;1897 г.;;"6 улучшений сельского хозяйства при подобных условиях, самое положение его отчасти понизилось тем, с одной стороны, что в народе, исключая зажиточных людей, почти не осталось запасов хлеба, а с другой, ввиду означенного недостатка, явилась необходимость в сбыте домашнего скота в количестве большем, чем сбывается его обыкновенно, так, напр., самый усиленный сбыт был в Красноярском уезде, ибо только этим способом население могло, если не все, то частью уплатить налоги казенные и мирские, но, ввиду вообще достаточного количества скота, крестьянам не пришлось сбывать последний или рабочий скот. Значительный сплав хлеба из Минусинского уезда и подвоз его по железной дороге из Томской и Тобольской губерний не дали возможности чрезмерного повышения цен на хлеб в Енисейской губернии; цена на хлеб все время была умеренная и колебалась от 70 до 80 коп. пуд ржаной муки. К 1 января 1899 г. в 421 экономическом сельском магазине находилось налицо запасного хлеба: озимого и ярового 401 288 четв., менее чем в 1897 г. на 39 272 четв. в ссудах и недоимках 62 998 четв., более чем в 1897 г. на 49 000 четв. Увеличение недоимки произошло вследствие распоряжения не взыскивать их в отчетном году с населения, пострадавшего от неурожая. Поднявшаяся цена на пушнину, прекрасный улов рыбы в р. Ангаре, проданный по хорошей цене, предоставили населению неурожайных волостей Енисейского уезда Пинчугской и Кежемской такие денежные средства, что оно почти безнедоимочно уплатило подати, причем также служил источником для некоторых селений Пинчугской волости заработок на вновь отстраивающемся Манзинском солеваренном заводе. В Минусинским уезде, благодаря железной дороге, вывозная торговля значительно увеличилась и обогатилась совершенно новым продуктом для такой торговли, не имевшим ранее сбыта; так, из уезда в пределы Европейской России было отправлено до 100 000 пар куропаток, рябчиков и другой пернатой дичи, также вывезено значительно больше кедрового ореха, шерсти, конского волоса, скотских и конских кож."
d10;1897 г.;;7 Во всеподданнейшем отчете за 1897 г. я имел счастие докладывать Вашему Императорскому Величеству о благодетельном влиянии проведенной через губернию железной дороги, отразившемся на оживлении торговли, предоставлении возможности торговать лицам с небольшими денежными средствами, но вместе с тем упомянул, что, с проведением этой дороги, исконный промысел населения — извоз — пал, нанеся тем временный ущерб экономической деятельности населения, пока оно путем опыта, обратясь к другим промыслам и развив их, не восполнит этот ущерб, и, действительно, в губернии имеются все данные для широкого экономического развития: почва плодородная, изобилие естественных пастбищ, богатство флоры, разнообразие ископаемых, многоводные реки — все это может служить для развития и улучшения земледелия, скотоводства, пчеловодства, горной промышленности и рыболовства, при условии, конечно, если для разработки естественных богатств губернии будет принято рациональное хозяйство, если только будут улучшены и разумно использованы даже существующие теперь промыслы. Доброкачественные продукты, отвечая спросу, требующему более высокие достоинства их, найдут широкий круг покупателей и вне губернии, усилится вывозная торговля и край разбогатеет, но для этого необходимо научить население производить продукты требуемого достоинства. Чтобы улучшить местное скотоводство повышением качеств скота, было бы весьма полезно устроить на средства казны несколько случных пунктов в губернии и выбор производителей, привозных или же из лучших местных, подобно тому, как это организовано в Тобольской губернии. Случные пункты и рассадники улучшенного скота, без сомнения, значительно повысили бы продуктивность молочного скота, в целях быстрого развития маслоделия и вывоза сибирского масла не только на русские, но и на заграничные рынки, тем более, что в настоящее время существует направление — завязать и расширить торговлю с заграницей путем установления возможно правильного сообщения через Карское море с устьями р. Енисей. В предыдущих отчетах неоднократно указывалось, что, ввиду отсутствия в губернии помещичьих культурных К мин. земледелия и имущества
d11;1898 г.;;9 находятся по линии железной дороги в г. Ачинске. Красноярске, Канске и при станции Ольгинской в Канском уезде. В настоящее время деятельность этих складов не ограничивается сношениями с одними только переселенцами, но распространилась и на местное население, которое по сходной цене приобретает улучшенные сельскохозяйственные машины, орудия и семена. Предположено открыть подобный же склад в Минусинском уезде, что безусловно желательно. Немало способствовало бы развитию десяти складов открытие в Красноярском отделении Государственного банка мелкого кредита для приобретения упомянутых машин и орудий. Существующая в губернии немаловажная отрасль промышленности — рыбопромышленность нуждается точно также в устройстве вспомогательных учреждений и наследований для успешного и целесообразного развития ее. Енисейские крупные рыбопромышленники заявляли уже местному управлению государственными имуществами о готовности прийти на помощь своими пожертвованиями для устройства рыбной школы. В то же время среди этих же рыбопромышленников возникла мысль об организации артели для производства рыбного и звериного промыслов в Туруханском крае по р. Енисей и около устьев его, с целью объединения деятельности отдельных промышленников и постановки указанных промыслов на правильную почву. Проект устава такой артели представлен министру земледелия и государственных имуществ во время проезда его в 1898 г. по Енисейской губернии. В видах наиболее правильного развития рыбопромышленности, было бы вполне своевременно командирование специалиста ихтиолога для всестороннего исследования рыбных богатств края и учреждение правительственного контроля за рыбными промыслами. В качестве одной из косвенных мер, воспособляющих рыбопромышленности, является необходимость в отыскании залежей каменной соли в низовьях р. Енисей, так как соль солеваренных заводов Енисейской губернии, вследствие своей слабости, мало пригодна для целей рыбопромышленности и потому употребляется привозная соль, конечно, дорогая и удорожающая засолку рыбы. К министру финансов было бы желательноК мин. зем. и гос. имущ.
d12;1898 г.;;13 и для золотых промыслов. Бедность золотопромышленников не дает им возможности своими средствами привести приисковые дороги в такое состояние, которое давало бы возможность передвижения грузов во всякое время года, ввиду этого бывший в 1898 г. съезд золотопромышленников возбудил перед министром земледелия и государственных имуществ ходатайство о разрешении взимании повозного сбора с провозимой клади и прогоняемого на золотые прииски скота, в предположении, что названный сбор даст возможность в близком будущем привести в надлежащее состояние главные приисковые дороги. В видах облегчения частным лицам поисков золота в северном Енисейском горном округе, где всего более пала золотопромышленность, Правительством предприняты на счет вспомогательного фонда Сибирской железной дороги две крупных работы: топографическая съемка золотоносного района, начатая в 1897 г. и продолжавшаяся в 1898 г., и геологические исследования этого района, имеющие целью выяснить как характер месторождений золота в этом округе, так и условия их залегания. Было бы весьма полезным произвести подобные же исследования в обширном Ачинско-Минусинском горном округе, по крайней мере в тех его районах, кои более других представляются благонадежными к открытию минеральных богатств, как то: россыпного и коренного золота, каменного угля, каменной соли, железных, медных, серебряных руд, и исследования эти были бы тем более необходимыми, что в настоящее время этот горный округ привлек к себе многих предпринимателей и, судя по сделанным заявкам, богат полезными ископаемыми. Не менее принесло бы пользы учреждение в этом округе низшей горной школы, открытием, например, при Каратузском сельском училище двухгодичного дополнительного класса, посвященного преподаванию общих основных начал горного искусства, съемки и черчения. Прошедшая через Енисейскую губернию магистраль Великого Сибирского железнодорожного пути уже в настоящее время приносит неисчислимые выгоды для губернии, одна из которых, указанная выше, отразилась на уравнении цен на хлеб, несмотря на неурожай.
d13;1897 г.;;13 и для золотых промыслов. Бедность золотопромышленников не дает им возможности своими средствами привести приисковые дороги в такое состояние, которое давало бы возможность передвижения грузов во всякое время года, ввиду этого бывший в 1898 г. съезд золотопромышленников возбудил перед министром земледелия и государственных имуществ ходатайство о разрешении взимании повозного сбора с провозимой клади и прогоняемого на золотые прииски скота, в предположении, что названный сбор даст возможность в близком будущем привести в надлежащее состояние главные приисковые дороги. В видах облегчения частным лицам поисков золота в северном Енисейском горном округе, где всего более пала золотопромышленность, Правительством предприняты на счет вспомогательного фонда Сибирской железной дороги две крупных работы: топографическая съемка золотоносного района, начатая в 1897 г. и продолжавшаяся в 1898 г., и геологические исследования этого района, имеющие целью выяснить как характер месторождений золота в этом округе, так и условия их залегания. Было бы весьма полезным произвести подобные же исследования в обширном Ачинско-Минусинском горном округе, по крайней мере в тех его районах, кои более других представляются благонадежными к открытию минеральных богатств, как то: россыпного и коренного золота, каменного угля, каменной соли, железных, медных, серебряных руд, и исследования эти были бы тем более необходимыми, что в настоящее время этот горный округ привлек к себе многих предпринимателей и, судя по сделанным заявкам, богат полезными ископаемыми. Не менее принесло бы пользы учреждение в этом округе низшей горной школы, открытием, например, при Каратузском сельском училище двухгодичного дополнительного класса, посвященного преподаванию общих основных начал горного искусства, съемки и черчения. Прошедшая через Енисейскую губернию магистраль Великого Сибирского железнодорожного пути уже в настоящее время приносит неисчислимые выгоды для губернии, одна из которых, указанная выше, отразилась на уравнении цен на хлеб, несмотря на неурожай.
d14;1898 г.;;13 и для золотых промыслов. Бедность золотопромышленников не дает им возможности своими средствами привести приисковые дороги в такое состояние, которое давало бы возможность передвижения грузов во всякое время года, ввиду этого бывший в 1898 г. съезд золотопромышленников возбудил перед министром земледелия и государственных имуществ ходатайство о разрешении взимании повозного сбора с провозимой клади и прогоняемого на золотые прииски скота, в предположении, что названный сбор даст возможность в близком будущем привести в надлежащее состояние главные приисковые дороги. В видах облегчения частным лицам поисков золота в северном Енисейском горном округе, где всего более пала золотопромышленность, Правительством предприняты на счет вспомогательного фонда Сибирской железной дороги две крупных работы: топографическая съемка золотоносного района, начатая в 1897 г. и продолжавшаяся в 1898 г., и геологические исследования этого района, имеющие целью выяснить как характер месторождений золота в этом округе, так и условия их залегания. Было бы весьма полезным произвести подобные же исследования в обширном Ачинско-Минусинском горном округе, по крайней мере в тех его районах, кои более других представляются благонадежными к открытию минеральных богатств, как то: россыпного и коренного золота, каменного угля, каменной соли, железных, медных, серебряных руд, и исследования эти были бы тем более необходимыми, что в настоящее время этот горный округ привлек к себе многих предпринимателей и, судя по сделанным заявкам, богат полезными ископаемыми. Не менее принесло бы пользы учреждение в этом округе низшей горной школы, открытием, например, при Каратузском сельском училище двухгодичного дополнительного класса, посвященного преподаванию общих основных начал горного искусства, съемки и черчения. Прошедшая через Енисейскую губернию магистраль Великого Сибирского железнодорожного пути уже в настоящее время приносит неисчислимые выгоды для губернии, одна из которых, указанная выше, отразилась на уравнении цен на хлеб, несмотря на неурожай.
d15;1898 г.;;14 Если сравнить движение грузов в 1898 г. с 1897 г., то оказывается, что количество грузов в отчетном году, как по отправлению из железнодорожной станции г. Красноярска, так и по прибытию, почти удвоилось, вследствие того, что, по установлении правильного движения, были введены пониженные тарифы и приемка грузов во всяком количестве. Увеличение перевозок отразилось, главным образом, на перевозке хлебных грузов. Так, на станцию Красноярск в 1897 г. прибыло 732 128 пуд. хлеба, a в 1898 г. уже 1 924 797 пуд., и надо думать, что такое крупное увеличение могло произойти только благодаря понижению тарифа, так как лишь при этих условиях запасы хлеба западной Сибири могли двинуться в пределы восточной. Дальнейшее же открытие с 1 января 1899 г. правильной эксплуатации до Иркутска, а вместе с тем установление еще более пониженных тарифов от Красноярска к востоку неминуемо должны отразиться на увеличении перевозок как предметов обрабатывающей промышленности, приобретающей больший сбыт, так и вывоза сырых продуктов, которые ныне уже имеют возможность поступать из Енисейской губернии на внутренние рынки России. Работы по постройке грандиозного Енисейского моста в отчетном году состояли исключительно в сборке на берегах р. Енисей верхнего железного строения и частью в окончании земляных и других гидротехнических устройств. Сборка ферм велась с таким расчетом, чтобы по зимнем ледоставе можно было начать устройство на реке сплошных подмостей и ко времени весеннего ледохода 1899 г. установить фермы на каменные опоры. Испытание моста произведено 28 Марта 1899 г., и с этого времени открылось правильное пассажирское и товарное движение по мосту и, таким образом, разделенные р. Енисей железнодорожные линии Челябинск — Красноярск к Енисей — Иркутск связались в непрерывный железнодорожный путь между западом и Иркутском. По сооружению Обь-Енисейского канала, до сих пор не оправдавшего возлагавшихся на него надежд в установлении непрерывной связи между бассейнами двух громадных р. Обь и Енисей, в отчетном году производилось разного рода гидротехнические работы, мелкий ремонт пути, зданий,
d16;1897 г.;;14 Если сравнить движение грузов в 1898 г. с 1897 г., то оказывается, что количество грузов в отчетном году, как по отправлению из железнодорожной станции г. Красноярска, так и по прибытию, почти удвоилось, вследствие того, что, по установлении правильного движения, были введены пониженные тарифы и приемка грузов во всяком количестве. Увеличение перевозок отразилось, главным образом, на перевозке хлебных грузов. Так, на станцию Красноярск в 1897 г. прибыло 732 128 пуд. хлеба, a в 1898 г. уже 1 924 797 пуд., и надо думать, что такое крупное увеличение могло произойти только благодаря понижению тарифа, так как лишь при этих условиях запасы хлеба западной Сибири могли двинуться в пределы восточной. Дальнейшее же открытие с 1 января 1899 г. правильной эксплуатации до Иркутска, а вместе с тем установление еще более пониженных тарифов от Красноярска к востоку неминуемо должны отразиться на увеличении перевозок как предметов обрабатывающей промышленности, приобретающей больший сбыт, так и вывоза сырых продуктов, которые ныне уже имеют возможность поступать из Енисейской губернии на внутренние рынки России. Работы по постройке грандиозного Енисейского моста в отчетном году состояли исключительно в сборке на берегах р. Енисей верхнего железного строения и частью в окончании земляных и других гидротехнических устройств. Сборка ферм велась с таким расчетом, чтобы по зимнем ледоставе можно было начать устройство на реке сплошных подмостей и ко времени весеннего ледохода 1899 г. установить фермы на каменные опоры. Испытание моста произведено 28 Марта 1899 г., и с этого времени открылось правильное пассажирское и товарное движение по мосту и, таким образом, разделенные р. Енисей железнодорожные линии Челябинск — Красноярск к Енисей — Иркутск связались в непрерывный железнодорожный путь между западом и Иркутском. По сооружению Обь-Енисейского канала, до сих пор не оправдавшего возлагавшихся на него надежд в установлении непрерывной связи между бассейнами двух громадных р. Обь и Енисей, в отчетном году производилось разного рода гидротехнические работы, мелкий ремонт пути, зданий,
d17;1897 г.;;14 Если сравнить движение грузов в 1898 г. с 1897 г., то оказывается, что количество грузов в отчетном году, как по отправлению из железнодорожной станции г. Красноярска, так и по прибытию, почти удвоилось, вследствие того, что, по установлении правильного движения, были введены пониженные тарифы и приемка грузов во всяком количестве. Увеличение перевозок отразилось, главным образом, на перевозке хлебных грузов. Так, на станцию Красноярск в 1897 г. прибыло 732 128 пуд. хлеба, a в 1898 г. уже 1 924 797 пуд., и надо думать, что такое крупное увеличение могло произойти только благодаря понижению тарифа, так как лишь при этих условиях запасы хлеба западной Сибири могли двинуться в пределы восточной. Дальнейшее же открытие с 1 января 1899 г. правильной эксплуатации до Иркутска, а вместе с тем установление еще более пониженных тарифов от Красноярска к востоку неминуемо должны отразиться на увеличении перевозок как предметов обрабатывающей промышленности, приобретающей больший сбыт, так и вывоза сырых продуктов, которые ныне уже имеют возможность поступать из Енисейской губернии на внутренние рынки России. Работы по постройке грандиозного Енисейского моста в отчетном году состояли исключительно в сборке на берегах р. Енисей верхнего железного строения и частью в окончании земляных и других гидротехнических устройств. Сборка ферм велась с таким расчетом, чтобы по зимнем ледоставе можно было начать устройство на реке сплошных подмостей и ко времени весеннего ледохода 1899 г. установить фермы на каменные опоры. Испытание моста произведено 28 Марта 1899 г., и с этого времени открылось правильное пассажирское и товарное движение по мосту и, таким образом, разделенные р. Енисей железнодорожные линии Челябинск — Красноярск к Енисей — Иркутск связались в непрерывный железнодорожный путь между западом и Иркутском. По сооружению Обь-Енисейского канала, до сих пор не оправдавшего возлагавшихся на него надежд в установлении непрерывной связи между бассейнами двух громадных р. Обь и Енисей, в отчетном году производилось разного рода гидротехнические работы, мелкий ремонт пути, зданий,
d18;1898 г.;;14 Если сравнить движение грузов в 1898 г. с 1897 г., то оказывается, что количество грузов в отчетном году, как по отправлению из железнодорожной станции г. Красноярска, так и по прибытию, почти удвоилось, вследствие того, что, по установлении правильного движения, были введены пониженные тарифы и приемка грузов во всяком количестве. Увеличение перевозок отразилось, главным образом, на перевозке хлебных грузов. Так, на станцию Красноярск в 1897 г. прибыло 732 128 пуд. хлеба, a в 1898 г. уже 1 924 797 пуд., и надо думать, что такое крупное увеличение могло произойти только благодаря понижению тарифа, так как лишь при этих условиях запасы хлеба западной Сибири могли двинуться в пределы восточной. Дальнейшее же открытие с 1 января 1899 г. правильной эксплуатации до Иркутска, а вместе с тем установление еще более пониженных тарифов от Красноярска к востоку неминуемо должны отразиться на увеличении перевозок как предметов обрабатывающей промышленности, приобретающей больший сбыт, так и вывоза сырых продуктов, которые ныне уже имеют возможность поступать из Енисейской губернии на внутренние рынки России. Работы по постройке грандиозного Енисейского моста в отчетном году состояли исключительно в сборке на берегах р. Енисей верхнего железного строения и частью в окончании земляных и других гидротехнических устройств. Сборка ферм велась с таким расчетом, чтобы по зимнем ледоставе можно было начать устройство на реке сплошных подмостей и ко времени весеннего ледохода 1899 г. установить фермы на каменные опоры. Испытание моста произведено 28 Марта 1899 г., и с этого времени открылось правильное пассажирское и товарное движение по мосту и, таким образом, разделенные р. Енисей железнодорожные линии Челябинск — Красноярск к Енисей — Иркутск связались в непрерывный железнодорожный путь между западом и Иркутском. По сооружению Обь-Енисейского канала, до сих пор не оправдавшего возлагавшихся на него надежд в установлении непрерывной связи между бассейнами двух громадных р. Обь и Енисей, в отчетном году производилось разного рода гидротехнические работы, мелкий ремонт пути, зданий,
d19;1 января 1899 г.;;14 Если сравнить движение грузов в 1898 г. с 1897 г., то оказывается, что количество грузов в отчетном году, как по отправлению из железнодорожной станции г. Красноярска, так и по прибытию, почти удвоилось, вследствие того, что, по установлении правильного движения, были введены пониженные тарифы и приемка грузов во всяком количестве. Увеличение перевозок отразилось, главным образом, на перевозке хлебных грузов. Так, на станцию Красноярск в 1897 г. прибыло 732 128 пуд. хлеба, a в 1898 г. уже 1 924 797 пуд., и надо думать, что такое крупное увеличение могло произойти только благодаря понижению тарифа, так как лишь при этих условиях запасы хлеба западной Сибири могли двинуться в пределы восточной. Дальнейшее же открытие с 1 января 1899 г. правильной эксплуатации до Иркутска, а вместе с тем установление еще более пониженных тарифов от Красноярска к востоку неминуемо должны отразиться на увеличении перевозок как предметов обрабатывающей промышленности, приобретающей больший сбыт, так и вывоза сырых продуктов, которые ныне уже имеют возможность поступать из Енисейской губернии на внутренние рынки России. Работы по постройке грандиозного Енисейского моста в отчетном году состояли исключительно в сборке на берегах р. Енисей верхнего железного строения и частью в окончании земляных и других гидротехнических устройств. Сборка ферм велась с таким расчетом, чтобы по зимнем ледоставе можно было начать устройство на реке сплошных подмостей и ко времени весеннего ледохода 1899 г. установить фермы на каменные опоры. Испытание моста произведено 28 Марта 1899 г., и с этого времени открылось правильное пассажирское и товарное движение по мосту и, таким образом, разделенные р. Енисей железнодорожные линии Челябинск — Красноярск к Енисей — Иркутск связались в непрерывный железнодорожный путь между западом и Иркутском. По сооружению Обь-Енисейского канала, до сих пор не оправдавшего возлагавшихся на него надежд в установлении непрерывной связи между бассейнами двух громадных р. Обь и Енисей, в отчетном году производилось разного рода гидротехнические работы, мелкий ремонт пути, зданий,
d20;1899 г.;;14 Если сравнить движение грузов в 1898 г. с 1897 г., то оказывается, что количество грузов в отчетном году, как по отправлению из железнодорожной станции г. Красноярска, так и по прибытию, почти удвоилось, вследствие того, что, по установлении правильного движения, были введены пониженные тарифы и приемка грузов во всяком количестве. Увеличение перевозок отразилось, главным образом, на перевозке хлебных грузов. Так, на станцию Красноярск в 1897 г. прибыло 732 128 пуд. хлеба, a в 1898 г. уже 1 924 797 пуд., и надо думать, что такое крупное увеличение могло произойти только благодаря понижению тарифа, так как лишь при этих условиях запасы хлеба западной Сибири могли двинуться в пределы восточной. Дальнейшее же открытие с 1 января 1899 г. правильной эксплуатации до Иркутска, а вместе с тем установление еще более пониженных тарифов от Красноярска к востоку неминуемо должны отразиться на увеличении перевозок как предметов обрабатывающей промышленности, приобретающей больший сбыт, так и вывоза сырых продуктов, которые ныне уже имеют возможность поступать из Енисейской губернии на внутренние рынки России. Работы по постройке грандиозного Енисейского моста в отчетном году состояли исключительно в сборке на берегах р. Енисей верхнего железного строения и частью в окончании земляных и других гидротехнических устройств. Сборка ферм велась с таким расчетом, чтобы по зимнем ледоставе можно было начать устройство на реке сплошных подмостей и ко времени весеннего ледохода 1899 г. установить фермы на каменные опоры. Испытание моста произведено 28 Марта 1899 г., и с этого времени открылось правильное пассажирское и товарное движение по мосту и, таким образом, разделенные р. Енисей железнодорожные линии Челябинск — Красноярск к Енисей — Иркутск связались в непрерывный железнодорожный путь между западом и Иркутском. По сооружению Обь-Енисейского канала, до сих пор не оправдавшего возлагавшихся на него надежд в установлении непрерывной связи между бассейнами двух громадных р. Обь и Енисей, в отчетном году производилось разного рода гидротехнические работы, мелкий ремонт пути, зданий,
d21;28 Марта 1899 г.;;14 Если сравнить движение грузов в 1898 г. с 1897 г., то оказывается, что количество грузов в отчетном году, как по отправлению из железнодорожной станции г. Красноярска, так и по прибытию, почти удвоилось, вследствие того, что, по установлении правильного движения, были введены пониженные тарифы и приемка грузов во всяком количестве. Увеличение перевозок отразилось, главным образом, на перевозке хлебных грузов. Так, на станцию Красноярск в 1897 г. прибыло 732 128 пуд. хлеба, a в 1898 г. уже 1 924 797 пуд., и надо думать, что такое крупное увеличение могло произойти только благодаря понижению тарифа, так как лишь при этих условиях запасы хлеба западной Сибири могли двинуться в пределы восточной. Дальнейшее же открытие с 1 января 1899 г. правильной эксплуатации до Иркутска, а вместе с тем установление еще более пониженных тарифов от Красноярска к востоку неминуемо должны отразиться на увеличении перевозок как предметов обрабатывающей промышленности, приобретающей больший сбыт, так и вывоза сырых продуктов, которые ныне уже имеют возможность поступать из Енисейской губернии на внутренние рынки России. Работы по постройке грандиозного Енисейского моста в отчетном году состояли исключительно в сборке на берегах р. Енисей верхнего железного строения и частью в окончании земляных и других гидротехнических устройств. Сборка ферм велась с таким расчетом, чтобы по зимнем ледоставе можно было начать устройство на реке сплошных подмостей и ко времени весеннего ледохода 1899 г. установить фермы на каменные опоры. Испытание моста произведено 28 Марта 1899 г., и с этого времени открылось правильное пассажирское и товарное движение по мосту и, таким образом, разделенные р. Енисей железнодорожные линии Челябинск — Красноярск к Енисей — Иркутск связались в непрерывный железнодорожный путь между западом и Иркутском. По сооружению Обь-Енисейского канала, до сих пор не оправдавшего возлагавшихся на него надежд в установлении непрерывной связи между бассейнами двух громадных р. Обь и Енисей, в отчетном году производилось разного рода гидротехнические работы, мелкий ремонт пути, зданий,
d22;1898 г.;;15 пароходов, землечерпательных машин, баржей и лодок, окончен постройкой и спущен на воду десятисильный колесный пароход. На уплату содержания рабочим и служащим и на приобретение разного инвентарного имущества, материалов и проч. израсходовано в 1898 г. 207 632 руб. По устройству водного пути р. Ангары закончены последние дополнительные работы по расчистке русла реки, с наступлением осеннего ледохода по р. Ангаре последовало окончательное закрытие работ. Фарватер р. Ангары на всем ее протяжении от Падунского порога и с. Стрелки был обставлен в навигацию 1898 г. пятисаженными наплавными знаками в количестве 4 000 штук. Полотно рельсового конного пути, устроенного в 1896 г. в обход Падунского порога, дало возможность с меньшими затруднениями и затратами провести посуху пароходы «Лейтенант Малыгин» и «Второй», доставленные в Иркутск и переданные управлению Забайкальской дороги. В устье р. Ангары, в так называемой «Стрелке», закончены работы по углублению входа в затон и постройке нового заливочного двухэтажного здания. В 1899 г. предстоит ликвидация дел казенного Ангарского пароходства, но было бы желательно, чтобы при этой ликвидации принято было в соображение о необходимости и целесообразности поддерживать созданное с таким трудом пароходство, и это весьма важно для экономических интересов населения громадного Приангарского края, только что призванного принять участие в общем оживлении строя жизни, приподнятого сооружением Сибирской железной дороги, иначе, если правительство прекратит попечение об Ангарском водном пути, население этого края снова замрет прежней отчужденности и покое, нарушаемом лишь периодически неурожаями и повальными болезнями. Было бы желательным дальнейшее развитие обстановки реки предостерегательными знаками, которые должны указывать ход не только для пароходов, но и для сплавных судов, также было бы желательным подчинение всего бассейна р. Енисей техническому надзору, организованному, как и на всех
d23;1898 г.;;15 пароходов, землечерпательных машин, баржей и лодок, окончен постройкой и спущен на воду десятисильный колесный пароход. На уплату содержания рабочим и служащим и на приобретение разного инвентарного имущества, материалов и проч. израсходовано в 1898 г. 207 632 руб. По устройству водного пути р. Ангары закончены последние дополнительные работы по расчистке русла реки, с наступлением осеннего ледохода по р. Ангаре последовало окончательное закрытие работ. Фарватер р. Ангары на всем ее протяжении от Падунского порога и с. Стрелки был обставлен в навигацию 1898 г. пятисаженными наплавными знаками в количестве 4 000 штук. Полотно рельсового конного пути, устроенного в 1896 г. в обход Падунского порога, дало возможность с меньшими затруднениями и затратами провести посуху пароходы «Лейтенант Малыгин» и «Второй», доставленные в Иркутск и переданные управлению Забайкальской дороги. В устье р. Ангары, в так называемой «Стрелке», закончены работы по углублению входа в затон и постройке нового заливочного двухэтажного здания. В 1899 г. предстоит ликвидация дел казенного Ангарского пароходства, но было бы желательно, чтобы при этой ликвидации принято было в соображение о необходимости и целесообразности поддерживать созданное с таким трудом пароходство, и это весьма важно для экономических интересов населения громадного Приангарского края, только что призванного принять участие в общем оживлении строя жизни, приподнятого сооружением Сибирской железной дороги, иначе, если правительство прекратит попечение об Ангарском водном пути, население этого края снова замрет прежней отчужденности и покое, нарушаемом лишь периодически неурожаями и повальными болезнями. Было бы желательным дальнейшее развитие обстановки реки предостерегательными знаками, которые должны указывать ход не только для пароходов, но и для сплавных судов, также было бы желательным подчинение всего бассейна р. Енисей техническому надзору, организованному, как и на всех
d24;1896 г.;;15 пароходов, землечерпательных машин, баржей и лодок, окончен постройкой и спущен на воду десятисильный колесный пароход. На уплату содержания рабочим и служащим и на приобретение разного инвентарного имущества, материалов и проч. израсходовано в 1898 г. 207 632 руб. По устройству водного пути р. Ангары закончены последние дополнительные работы по расчистке русла реки, с наступлением осеннего ледохода по р. Ангаре последовало окончательное закрытие работ. Фарватер р. Ангары на всем ее протяжении от Падунского порога и с. Стрелки был обставлен в навигацию 1898 г. пятисаженными наплавными знаками в количестве 4 000 штук. Полотно рельсового конного пути, устроенного в 1896 г. в обход Падунского порога, дало возможность с меньшими затруднениями и затратами провести посуху пароходы «Лейтенант Малыгин» и «Второй», доставленные в Иркутск и переданные управлению Забайкальской дороги. В устье р. Ангары, в так называемой «Стрелке», закончены работы по углублению входа в затон и постройке нового заливочного двухэтажного здания. В 1899 г. предстоит ликвидация дел казенного Ангарского пароходства, но было бы желательно, чтобы при этой ликвидации принято было в соображение о необходимости и целесообразности поддерживать созданное с таким трудом пароходство, и это весьма важно для экономических интересов населения громадного Приангарского края, только что призванного принять участие в общем оживлении строя жизни, приподнятого сооружением Сибирской железной дороги, иначе, если правительство прекратит попечение об Ангарском водном пути, население этого края снова замрет прежней отчужденности и покое, нарушаемом лишь периодически неурожаями и повальными болезнями. Было бы желательным дальнейшее развитие обстановки реки предостерегательными знаками, которые должны указывать ход не только для пароходов, но и для сплавных судов, также было бы желательным подчинение всего бассейна р. Енисей техническому надзору, организованному, как и на всех
d25;1899 г.;;15 пароходов, землечерпательных машин, баржей и лодок, окончен постройкой и спущен на воду десятисильный колесный пароход. На уплату содержания рабочим и служащим и на приобретение разного инвентарного имущества, материалов и проч. израсходовано в 1898 г. 207 632 руб. По устройству водного пути р. Ангары закончены последние дополнительные работы по расчистке русла реки, с наступлением осеннего ледохода по р. Ангаре последовало окончательное закрытие работ. Фарватер р. Ангары на всем ее протяжении от Падунского порога и с. Стрелки был обставлен в навигацию 1898 г. пятисаженными наплавными знаками в количестве 4 000 штук. Полотно рельсового конного пути, устроенного в 1896 г. в обход Падунского порога, дало возможность с меньшими затруднениями и затратами провести посуху пароходы «Лейтенант Малыгин» и «Второй», доставленные в Иркутск и переданные управлению Забайкальской дороги. В устье р. Ангары, в так называемой «Стрелке», закончены работы по углублению входа в затон и постройке нового заливочного двухэтажного здания. В 1899 г. предстоит ликвидация дел казенного Ангарского пароходства, но было бы желательно, чтобы при этой ликвидации принято было в соображение о необходимости и целесообразности поддерживать созданное с таким трудом пароходство, и это весьма важно для экономических интересов населения громадного Приангарского края, только что призванного принять участие в общем оживлении строя жизни, приподнятого сооружением Сибирской железной дороги, иначе, если правительство прекратит попечение об Ангарском водном пути, население этого края снова замрет прежней отчужденности и покое, нарушаемом лишь периодически неурожаями и повальными болезнями. Было бы желательным дальнейшее развитие обстановки реки предостерегательными знаками, которые должны указывать ход не только для пароходов, но и для сплавных судов, также было бы желательным подчинение всего бассейна р. Енисей техническому надзору, организованному, как и на всех
d26;1898 г.;;"16 реках империи, под общим ведением Министерства путей сообщении. Судоходство по р. Чулым, притоку р. Оби, продолжало развиваться; так в г. Ачинске Енисейской губернии и в его уезд доставлено пароходами на баржах частного груза 303 000 пуд., при обратных рейсах принято в г. Ачинске чаев, шерсти, кож, кедровых орехов и других разных продуктов 305 000 пуд. Доставляемые в г. Ачинск частные грузы заключались в мануфактурных товарах, разных сортах железа, соли, крупчатке и в других товарах, отправленных в г. Красноярск, Минусинск, Енисейск и на Иркутск. Судоходство по р. Чулым до 1898 г. признавалось беспрепятственно возможным только до г. Ачинска, в навигацию же 1898 г. сделана первая попытка одним из пароходов, прошедшим на 30 верст. выше Ачинска с 100 000 пуд. груза на баржах. Довольно значительные результаты принес минувший год в области изыскания новых земель, пригодных для колонизации и расположенных среди неисследованных таежных пространств. Первою Енисейскою партиею по образованию из казенных земель переселенческих и запасных участков вдоль линии Сибирской железной дороги производились работы в Канском уезде, причем в 1898 г. принято и утверждено в четырех волостях названного уезда 18 переселенческих участков пространством в 71 653 дес. на 3898 душевых долей и 6 запасных пространством 14 497 дес. на 846 душевых долей. Второю же Енисейскою партиею производилось исследование таежных пространств в Манском и Кемчугском районах. В обоих районах таежных пространств исследовано 770 000 дес. Из этого количества проектировано лесных дач 250 000 дес., для отвода переселенческих участков 148 000 дес., под вольные заселения 362 000 дес. и предположено в запас для населения 10 000 дес. В пределах тайги, в видах скорейшей ее колонизации личною предприимчивостью, разрешено так называемое вольное заселение на особых льготных основаниях, без предварительного образования участков. При ближайшем исследовании качеств земель, входящих в состав таежных пространств,"
d27;1898 г.;;"16 реках империи, под общим ведением Министерства путей сообщении. Судоходство по р. Чулым, притоку р. Оби, продолжало развиваться; так в г. Ачинске Енисейской губернии и в его уезд доставлено пароходами на баржах частного груза 303 000 пуд., при обратных рейсах принято в г. Ачинске чаев, шерсти, кож, кедровых орехов и других разных продуктов 305 000 пуд. Доставляемые в г. Ачинск частные грузы заключались в мануфактурных товарах, разных сортах железа, соли, крупчатке и в других товарах, отправленных в г. Красноярск, Минусинск, Енисейск и на Иркутск. Судоходство по р. Чулым до 1898 г. признавалось беспрепятственно возможным только до г. Ачинска, в навигацию же 1898 г. сделана первая попытка одним из пароходов, прошедшим на 30 верст. выше Ачинска с 100 000 пуд. груза на баржах. Довольно значительные результаты принес минувший год в области изыскания новых земель, пригодных для колонизации и расположенных среди неисследованных таежных пространств. Первою Енисейскою партиею по образованию из казенных земель переселенческих и запасных участков вдоль линии Сибирской железной дороги производились работы в Канском уезде, причем в 1898 г. принято и утверждено в четырех волостях названного уезда 18 переселенческих участков пространством в 71 653 дес. на 3898 душевых долей и 6 запасных пространством 14 497 дес. на 846 душевых долей. Второю же Енисейскою партиею производилось исследование таежных пространств в Манском и Кемчугском районах. В обоих районах таежных пространств исследовано 770 000 дес. Из этого количества проектировано лесных дач 250 000 дес., для отвода переселенческих участков 148 000 дес., под вольные заселения 362 000 дес. и предположено в запас для населения 10 000 дес. В пределах тайги, в видах скорейшей ее колонизации личною предприимчивостью, разрешено так называемое вольное заселение на особых льготных основаниях, без предварительного образования участков. При ближайшем исследовании качеств земель, входящих в состав таежных пространств,"
d28;1898 г.;;"16 реках империи, под общим ведением Министерства путей сообщении. Судоходство по р. Чулым, притоку р. Оби, продолжало развиваться; так в г. Ачинске Енисейской губернии и в его уезд доставлено пароходами на баржах частного груза 303 000 пуд., при обратных рейсах принято в г. Ачинске чаев, шерсти, кож, кедровых орехов и других разных продуктов 305 000 пуд. Доставляемые в г. Ачинск частные грузы заключались в мануфактурных товарах, разных сортах железа, соли, крупчатке и в других товарах, отправленных в г. Красноярск, Минусинск, Енисейск и на Иркутск. Судоходство по р. Чулым до 1898 г. признавалось беспрепятственно возможным только до г. Ачинска, в навигацию же 1898 г. сделана первая попытка одним из пароходов, прошедшим на 30 верст. выше Ачинска с 100 000 пуд. груза на баржах. Довольно значительные результаты принес минувший год в области изыскания новых земель, пригодных для колонизации и расположенных среди неисследованных таежных пространств. Первою Енисейскою партиею по образованию из казенных земель переселенческих и запасных участков вдоль линии Сибирской железной дороги производились работы в Канском уезде, причем в 1898 г. принято и утверждено в четырех волостях названного уезда 18 переселенческих участков пространством в 71 653 дес. на 3898 душевых долей и 6 запасных пространством 14 497 дес. на 846 душевых долей. Второю же Енисейскою партиею производилось исследование таежных пространств в Манском и Кемчугском районах. В обоих районах таежных пространств исследовано 770 000 дес. Из этого количества проектировано лесных дач 250 000 дес., для отвода переселенческих участков 148 000 дес., под вольные заселения 362 000 дес. и предположено в запас для населения 10 000 дес. В пределах тайги, в видах скорейшей ее колонизации личною предприимчивостью, разрешено так называемое вольное заселение на особых льготных основаниях, без предварительного образования участков. При ближайшем исследовании качеств земель, входящих в состав таежных пространств,"
d29;1898 г.;;17 оказывается, что земли эти вполне пригодны для заселения, во всяком случае, так как устройство хозяйств в тайге требует большой выносливости и значительной энергии, то необходимо с большею разборчивостью выбирать соответствующий контингент переселенцев, преимущественно же тех, которые и в Европейской России привыкли разрабатывать из-под леса земли, удобные для земледельческой культуры. Предметом усиленного внимания переселенцев сделалась в 1898 г. и Енисейская губерния, долго их не привлекавшая. До 1897 г. в Канском, например, уезде было занято всего несколько участков, но с 1898 г., за истощением запаса пригодных земель в других местах, волна переселения хлынула в Енисейскую губернию и почти все участки оказались если не занятыми, то зачисленными за ходоками. Переселенческое движение открылось в отчетном году ходоками-одиночками и незначительными партиями в январе — феврале. Затем, начиная с мая месяца, стали двигаться непрерывно большие партии. Ходоки, прибывающие в зимние месяцы, не имеют возможности, как должно, осмотреть участки, покрытые снегом, вообще же замечено, что ходоки стремятся лишь скорее зачислить за собою участки, чтобы только не упустить их, выбирают участки, расположенные западнее, боясь двигаться на восток в предположении больших холодов и меньшей производительности земли. Главная масса ходоков были из губерний: Тульской, Могилевской, Тамбовской, Минской, Гродненской, Витебской, Орловской. Насколько показали данные, прибывающие переселенцы в большинстве — народ неимущий, бросивший на родине свое захудалое хозяйство, но и здесь, в губернии, 1898 г. оказался для них тяжелым, плохой урожай напугал многих робких из них и, обманувшись, кроме того, в своих надеждах на большие ссуды, поселившиеся стали покидать участки, стремясь обратно на родину. Наконец, побудительные причины обратного переселения имели также подавляющее значение — общая денежная беспомощность, так как даже пособия в 100 руб. в высшем размере немного помогают тому, кто почти ничего не имеет, затем переселенцев устрашают происходящие
d30;1897 г.;;17 оказывается, что земли эти вполне пригодны для заселения, во всяком случае, так как устройство хозяйств в тайге требует большой выносливости и значительной энергии, то необходимо с большею разборчивостью выбирать соответствующий контингент переселенцев, преимущественно же тех, которые и в Европейской России привыкли разрабатывать из-под леса земли, удобные для земледельческой культуры. Предметом усиленного внимания переселенцев сделалась в 1898 г. и Енисейская губерния, долго их не привлекавшая. До 1897 г. в Канском, например, уезде было занято всего несколько участков, но с 1898 г., за истощением запаса пригодных земель в других местах, волна переселения хлынула в Енисейскую губернию и почти все участки оказались если не занятыми, то зачисленными за ходоками. Переселенческое движение открылось в отчетном году ходоками-одиночками и незначительными партиями в январе — феврале. Затем, начиная с мая месяца, стали двигаться непрерывно большие партии. Ходоки, прибывающие в зимние месяцы, не имеют возможности, как должно, осмотреть участки, покрытые снегом, вообще же замечено, что ходоки стремятся лишь скорее зачислить за собою участки, чтобы только не упустить их, выбирают участки, расположенные западнее, боясь двигаться на восток в предположении больших холодов и меньшей производительности земли. Главная масса ходоков были из губерний: Тульской, Могилевской, Тамбовской, Минской, Гродненской, Витебской, Орловской. Насколько показали данные, прибывающие переселенцы в большинстве — народ неимущий, бросивший на родине свое захудалое хозяйство, но и здесь, в губернии, 1898 г. оказался для них тяжелым, плохой урожай напугал многих робких из них и, обманувшись, кроме того, в своих надеждах на большие ссуды, поселившиеся стали покидать участки, стремясь обратно на родину. Наконец, побудительные причины обратного переселения имели также подавляющее значение — общая денежная беспомощность, так как даже пособия в 100 руб. в высшем размере немного помогают тому, кто почти ничего не имеет, затем переселенцев устрашают происходящие
d31;1898 г.;;17 оказывается, что земли эти вполне пригодны для заселения, во всяком случае, так как устройство хозяйств в тайге требует большой выносливости и значительной энергии, то необходимо с большею разборчивостью выбирать соответствующий контингент переселенцев, преимущественно же тех, которые и в Европейской России привыкли разрабатывать из-под леса земли, удобные для земледельческой культуры. Предметом усиленного внимания переселенцев сделалась в 1898 г. и Енисейская губерния, долго их не привлекавшая. До 1897 г. в Канском, например, уезде было занято всего несколько участков, но с 1898 г., за истощением запаса пригодных земель в других местах, волна переселения хлынула в Енисейскую губернию и почти все участки оказались если не занятыми, то зачисленными за ходоками. Переселенческое движение открылось в отчетном году ходоками-одиночками и незначительными партиями в январе — феврале. Затем, начиная с мая месяца, стали двигаться непрерывно большие партии. Ходоки, прибывающие в зимние месяцы, не имеют возможности, как должно, осмотреть участки, покрытые снегом, вообще же замечено, что ходоки стремятся лишь скорее зачислить за собою участки, чтобы только не упустить их, выбирают участки, расположенные западнее, боясь двигаться на восток в предположении больших холодов и меньшей производительности земли. Главная масса ходоков были из губерний: Тульской, Могилевской, Тамбовской, Минской, Гродненской, Витебской, Орловской. Насколько показали данные, прибывающие переселенцы в большинстве — народ неимущий, бросивший на родине свое захудалое хозяйство, но и здесь, в губернии, 1898 г. оказался для них тяжелым, плохой урожай напугал многих робких из них и, обманувшись, кроме того, в своих надеждах на большие ссуды, поселившиеся стали покидать участки, стремясь обратно на родину. Наконец, побудительные причины обратного переселения имели также подавляющее значение — общая денежная беспомощность, так как даже пособия в 100 руб. в высшем размере немного помогают тому, кто почти ничего не имеет, затем переселенцев устрашают происходящие
d32;1898 г.;;17 оказывается, что земли эти вполне пригодны для заселения, во всяком случае, так как устройство хозяйств в тайге требует большой выносливости и значительной энергии, то необходимо с большею разборчивостью выбирать соответствующий контингент переселенцев, преимущественно же тех, которые и в Европейской России привыкли разрабатывать из-под леса земли, удобные для земледельческой культуры. Предметом усиленного внимания переселенцев сделалась в 1898 г. и Енисейская губерния, долго их не привлекавшая. До 1897 г. в Канском, например, уезде было занято всего несколько участков, но с 1898 г., за истощением запаса пригодных земель в других местах, волна переселения хлынула в Енисейскую губернию и почти все участки оказались если не занятыми, то зачисленными за ходоками. Переселенческое движение открылось в отчетном году ходоками-одиночками и незначительными партиями в январе — феврале. Затем, начиная с мая месяца, стали двигаться непрерывно большие партии. Ходоки, прибывающие в зимние месяцы, не имеют возможности, как должно, осмотреть участки, покрытые снегом, вообще же замечено, что ходоки стремятся лишь скорее зачислить за собою участки, чтобы только не упустить их, выбирают участки, расположенные западнее, боясь двигаться на восток в предположении больших холодов и меньшей производительности земли. Главная масса ходоков были из губерний: Тульской, Могилевской, Тамбовской, Минской, Гродненской, Витебской, Орловской. Насколько показали данные, прибывающие переселенцы в большинстве — народ неимущий, бросивший на родине свое захудалое хозяйство, но и здесь, в губернии, 1898 г. оказался для них тяжелым, плохой урожай напугал многих робких из них и, обманувшись, кроме того, в своих надеждах на большие ссуды, поселившиеся стали покидать участки, стремясь обратно на родину. Наконец, побудительные причины обратного переселения имели также подавляющее значение — общая денежная беспомощность, так как даже пособия в 100 руб. в высшем размере немного помогают тому, кто почти ничего не имеет, затем переселенцев устрашают происходящие
d33;1898 г.;;"18 на поселках частые кражи вещей, скота, потравы, большой размер мирских повинностей как натурою, так и деньгами. Еще лично объезжая в 1898 г. некоторые поселки переселенцев, в различных стадиях развития их, я, выслушав многочисленные жалобы о кражах вещей и скота, производимых порочными лицами из числа местных ссыльных и даже местными старожилами, приказал местной полиции привести немедленно в известность всех подозрительных лиц, проживающих около переселенческих поселков и, если потребуется, произвести дознания для выселения их в административном порядке. Случается обратное переселение и от тоски женщин по родине, мне пришлось быть свидетелем в Ольгинском переселенческом пункте, как толпа в 14 семей переселенцев из Минский губернии возращалась обратно лишь только потому, что женам не поглянулось, между тем им участки отведены были из лучших. Пособий выдавалось на домоустройство до 50 руб. в среднем на семью, что очень мало: еще меньше выдавалось пособий на продовольствие и семена, до 25 руб. на семью, хотя в отчетном году, ввиду крайне плохого урожая, продовольственные ссуды были несколько увеличены. В июне и июле месяцах на Канском переселенческом пункте был наплыв переселенцев, шедших на Амур. Часть этих переселенцев, главным образом переселенцы из Минской губернии, дойдя до г. Канска, истощив все свои средства и энергию, отказались следовать на Амур, — другая часть, хотя и согласилась следовать на Амур, но, дойдя до г. Иркутска, вернулась обратно и водворилась в Енисейской губернии на участках в Канском уезде. По примеру предыдущих лет по пути следования переселенцы получали помощь на врачебно-питательных пунктах. Чиновники, заведывающие в губернии переселенческим делом, всемерно заботились о возможно удачном водворении переселенцев на такие участки, которые по характеру почвы и растительного покрова соответствовали бы землям, покинутым на родине: степники селились на степных участках, с плотной почвой; прибывшие из лесистых районов — на лесных участках; поселки правильно"
d34;1899 г.;;"19 распланировывались, в целях лучшего расположения их к водяным источникам и в видах предупреждения несчастий от пожара. Как выше сказано, переселенцам далеко не достаточно ссуд, выдаваемых в пределах действующего закона, и потому является желательным, чтобы обзаведение переселенцев хозяйственным инвентарем было облегчено, при содействии крестьянских начальников, открытием им мелкого кредита в местном отделении Государственного банка. Дело церковного и школьного строительства в переселенческих поселках на средства, отпускаемые из фонда имени Императора Александра III, продолжалось. На сооружение трех церквей и школ при них в Ачинском уезде составлены планы и сметы и переданы на заключение местному епархиальному начальству, одна церковь со школой в том же уезде строится, в Минусинском уезде в поселке Ново-Березовском церковь и школа постройкой окончены и освящены в начале 1899 г. Кроме того, бывшим управлением по постройке Средне-Сибирской железной дороги построены деревянные церкви в поселках Ольгинском и Петрушковском. По губернии следовало к поступлению в 1898 г. срочной недоимки и оклада, за причислениями и исключениями, недоимок 134 525 руб. и оклада 595 544 руб., поступило 577 383 руб., к 1 января 1899 г. осталось в недоборе 148 199 руб., — иначе сказать, недоимка по отношению к окладу оказалась равною 25 %. Неблагоприятные в податном отношении экономические условия 1898 г., как, например, неурожай хлебов, вызвавший даже снабжение некоторых селений Енисейской губернии хлебом на счет губернского продовольственного капитала, и уменьшение заработков с прекращением работ на железной дороге, а также рассрочка на 10 лет 58 806 р. недоимки за круговыми плательщиками, в силу Всемилостивейшего манифеста 1896 г., и прекращение, по закону 19 января 1898 г., взимания подушной и оброчной податей со всех ссыльных, не причисленных к сельскими обществам по приемным приговорам; все это невыгодно отразилось на поступлении податных сборов в 1898 г."
d35;1898 г.;;"19 распланировывались, в целях лучшего расположения их к водяным источникам и в видах предупреждения несчастий от пожара. Как выше сказано, переселенцам далеко не достаточно ссуд, выдаваемых в пределах действующего закона, и потому является желательным, чтобы обзаведение переселенцев хозяйственным инвентарем было облегчено, при содействии крестьянских начальников, открытием им мелкого кредита в местном отделении Государственного банка. Дело церковного и школьного строительства в переселенческих поселках на средства, отпускаемые из фонда имени Императора Александра III, продолжалось. На сооружение трех церквей и школ при них в Ачинском уезде составлены планы и сметы и переданы на заключение местному епархиальному начальству, одна церковь со школой в том же уезде строится, в Минусинском уезде в поселке Ново-Березовском церковь и школа постройкой окончены и освящены в начале 1899 г. Кроме того, бывшим управлением по постройке Средне-Сибирской железной дороги построены деревянные церкви в поселках Ольгинском и Петрушковском. По губернии следовало к поступлению в 1898 г. срочной недоимки и оклада, за причислениями и исключениями, недоимок 134 525 руб. и оклада 595 544 руб., поступило 577 383 руб., к 1 января 1899 г. осталось в недоборе 148 199 руб., — иначе сказать, недоимка по отношению к окладу оказалась равною 25 %. Неблагоприятные в податном отношении экономические условия 1898 г., как, например, неурожай хлебов, вызвавший даже снабжение некоторых селений Енисейской губернии хлебом на счет губернского продовольственного капитала, и уменьшение заработков с прекращением работ на железной дороге, а также рассрочка на 10 лет 58 806 р. недоимки за круговыми плательщиками, в силу Всемилостивейшего манифеста 1896 г., и прекращение, по закону 19 января 1898 г., взимания подушной и оброчной податей со всех ссыльных, не причисленных к сельскими обществам по приемным приговорам; все это невыгодно отразилось на поступлении податных сборов в 1898 г."
d36;1 января 1899 г.;;"19 распланировывались, в целях лучшего расположения их к водяным источникам и в видах предупреждения несчастий от пожара. Как выше сказано, переселенцам далеко не достаточно ссуд, выдаваемых в пределах действующего закона, и потому является желательным, чтобы обзаведение переселенцев хозяйственным инвентарем было облегчено, при содействии крестьянских начальников, открытием им мелкого кредита в местном отделении Государственного банка. Дело церковного и школьного строительства в переселенческих поселках на средства, отпускаемые из фонда имени Императора Александра III, продолжалось. На сооружение трех церквей и школ при них в Ачинском уезде составлены планы и сметы и переданы на заключение местному епархиальному начальству, одна церковь со школой в том же уезде строится, в Минусинском уезде в поселке Ново-Березовском церковь и школа постройкой окончены и освящены в начале 1899 г. Кроме того, бывшим управлением по постройке Средне-Сибирской железной дороги построены деревянные церкви в поселках Ольгинском и Петрушковском. По губернии следовало к поступлению в 1898 г. срочной недоимки и оклада, за причислениями и исключениями, недоимок 134 525 руб. и оклада 595 544 руб., поступило 577 383 руб., к 1 января 1899 г. осталось в недоборе 148 199 руб., — иначе сказать, недоимка по отношению к окладу оказалась равною 25 %. Неблагоприятные в податном отношении экономические условия 1898 г., как, например, неурожай хлебов, вызвавший даже снабжение некоторых селений Енисейской губернии хлебом на счет губернского продовольственного капитала, и уменьшение заработков с прекращением работ на железной дороге, а также рассрочка на 10 лет 58 806 р. недоимки за круговыми плательщиками, в силу Всемилостивейшего манифеста 1896 г., и прекращение, по закону 19 января 1898 г., взимания подушной и оброчной податей со всех ссыльных, не причисленных к сельскими обществам по приемным приговорам; все это невыгодно отразилось на поступлении податных сборов в 1898 г."
d37;1898 г.;;"19 распланировывались, в целях лучшего расположения их к водяным источникам и в видах предупреждения несчастий от пожара. Как выше сказано, переселенцам далеко не достаточно ссуд, выдаваемых в пределах действующего закона, и потому является желательным, чтобы обзаведение переселенцев хозяйственным инвентарем было облегчено, при содействии крестьянских начальников, открытием им мелкого кредита в местном отделении Государственного банка. Дело церковного и школьного строительства в переселенческих поселках на средства, отпускаемые из фонда имени Императора Александра III, продолжалось. На сооружение трех церквей и школ при них в Ачинском уезде составлены планы и сметы и переданы на заключение местному епархиальному начальству, одна церковь со школой в том же уезде строится, в Минусинском уезде в поселке Ново-Березовском церковь и школа постройкой окончены и освящены в начале 1899 г. Кроме того, бывшим управлением по постройке Средне-Сибирской железной дороги построены деревянные церкви в поселках Ольгинском и Петрушковском. По губернии следовало к поступлению в 1898 г. срочной недоимки и оклада, за причислениями и исключениями, недоимок 134 525 руб. и оклада 595 544 руб., поступило 577 383 руб., к 1 января 1899 г. осталось в недоборе 148 199 руб., — иначе сказать, недоимка по отношению к окладу оказалась равною 25 %. Неблагоприятные в податном отношении экономические условия 1898 г., как, например, неурожай хлебов, вызвавший даже снабжение некоторых селений Енисейской губернии хлебом на счет губернского продовольственного капитала, и уменьшение заработков с прекращением работ на железной дороге, а также рассрочка на 10 лет 58 806 р. недоимки за круговыми плательщиками, в силу Всемилостивейшего манифеста 1896 г., и прекращение, по закону 19 января 1898 г., взимания подушной и оброчной податей со всех ссыльных, не причисленных к сельскими обществам по приемным приговорам; все это невыгодно отразилось на поступлении податных сборов в 1898 г."
d38;1896 г.;;"19 распланировывались, в целях лучшего расположения их к водяным источникам и в видах предупреждения несчастий от пожара. Как выше сказано, переселенцам далеко не достаточно ссуд, выдаваемых в пределах действующего закона, и потому является желательным, чтобы обзаведение переселенцев хозяйственным инвентарем было облегчено, при содействии крестьянских начальников, открытием им мелкого кредита в местном отделении Государственного банка. Дело церковного и школьного строительства в переселенческих поселках на средства, отпускаемые из фонда имени Императора Александра III, продолжалось. На сооружение трех церквей и школ при них в Ачинском уезде составлены планы и сметы и переданы на заключение местному епархиальному начальству, одна церковь со школой в том же уезде строится, в Минусинском уезде в поселке Ново-Березовском церковь и школа постройкой окончены и освящены в начале 1899 г. Кроме того, бывшим управлением по постройке Средне-Сибирской железной дороги построены деревянные церкви в поселках Ольгинском и Петрушковском. По губернии следовало к поступлению в 1898 г. срочной недоимки и оклада, за причислениями и исключениями, недоимок 134 525 руб. и оклада 595 544 руб., поступило 577 383 руб., к 1 января 1899 г. осталось в недоборе 148 199 руб., — иначе сказать, недоимка по отношению к окладу оказалась равною 25 %. Неблагоприятные в податном отношении экономические условия 1898 г., как, например, неурожай хлебов, вызвавший даже снабжение некоторых селений Енисейской губернии хлебом на счет губернского продовольственного капитала, и уменьшение заработков с прекращением работ на железной дороге, а также рассрочка на 10 лет 58 806 р. недоимки за круговыми плательщиками, в силу Всемилостивейшего манифеста 1896 г., и прекращение, по закону 19 января 1898 г., взимания подушной и оброчной податей со всех ссыльных, не причисленных к сельскими обществам по приемным приговорам; все это невыгодно отразилось на поступлении податных сборов в 1898 г."
d39;19 января 1898 г.;;"19 распланировывались, в целях лучшего расположения их к водяным источникам и в видах предупреждения несчастий от пожара. Как выше сказано, переселенцам далеко не достаточно ссуд, выдаваемых в пределах действующего закона, и потому является желательным, чтобы обзаведение переселенцев хозяйственным инвентарем было облегчено, при содействии крестьянских начальников, открытием им мелкого кредита в местном отделении Государственного банка. Дело церковного и школьного строительства в переселенческих поселках на средства, отпускаемые из фонда имени Императора Александра III, продолжалось. На сооружение трех церквей и школ при них в Ачинском уезде составлены планы и сметы и переданы на заключение местному епархиальному начальству, одна церковь со школой в том же уезде строится, в Минусинском уезде в поселке Ново-Березовском церковь и школа постройкой окончены и освящены в начале 1899 г. Кроме того, бывшим управлением по постройке Средне-Сибирской железной дороги построены деревянные церкви в поселках Ольгинском и Петрушковском. По губернии следовало к поступлению в 1898 г. срочной недоимки и оклада, за причислениями и исключениями, недоимок 134 525 руб. и оклада 595 544 руб., поступило 577 383 руб., к 1 января 1899 г. осталось в недоборе 148 199 руб., — иначе сказать, недоимка по отношению к окладу оказалась равною 25 %. Неблагоприятные в податном отношении экономические условия 1898 г., как, например, неурожай хлебов, вызвавший даже снабжение некоторых селений Енисейской губернии хлебом на счет губернского продовольственного капитала, и уменьшение заработков с прекращением работ на железной дороге, а также рассрочка на 10 лет 58 806 р. недоимки за круговыми плательщиками, в силу Всемилостивейшего манифеста 1896 г., и прекращение, по закону 19 января 1898 г., взимания подушной и оброчной податей со всех ссыльных, не причисленных к сельскими обществам по приемным приговорам; все это невыгодно отразилось на поступлении податных сборов в 1898 г."
d40;1898 г.;;"19 распланировывались, в целях лучшего расположения их к водяным источникам и в видах предупреждения несчастий от пожара. Как выше сказано, переселенцам далеко не достаточно ссуд, выдаваемых в пределах действующего закона, и потому является желательным, чтобы обзаведение переселенцев хозяйственным инвентарем было облегчено, при содействии крестьянских начальников, открытием им мелкого кредита в местном отделении Государственного банка. Дело церковного и школьного строительства в переселенческих поселках на средства, отпускаемые из фонда имени Императора Александра III, продолжалось. На сооружение трех церквей и школ при них в Ачинском уезде составлены планы и сметы и переданы на заключение местному епархиальному начальству, одна церковь со школой в том же уезде строится, в Минусинском уезде в поселке Ново-Березовском церковь и школа постройкой окончены и освящены в начале 1899 г. Кроме того, бывшим управлением по постройке Средне-Сибирской железной дороги построены деревянные церкви в поселках Ольгинском и Петрушковском. По губернии следовало к поступлению в 1898 г. срочной недоимки и оклада, за причислениями и исключениями, недоимок 134 525 руб. и оклада 595 544 руб., поступило 577 383 руб., к 1 января 1899 г. осталось в недоборе 148 199 руб., — иначе сказать, недоимка по отношению к окладу оказалась равною 25 %. Неблагоприятные в податном отношении экономические условия 1898 г., как, например, неурожай хлебов, вызвавший даже снабжение некоторых селений Енисейской губернии хлебом на счет губернского продовольственного капитала, и уменьшение заработков с прекращением работ на железной дороге, а также рассрочка на 10 лет 58 806 р. недоимки за круговыми плательщиками, в силу Всемилостивейшего манифеста 1896 г., и прекращение, по закону 19 января 1898 г., взимания подушной и оброчной податей со всех ссыльных, не причисленных к сельскими обществам по приемным приговорам; все это невыгодно отразилось на поступлении податных сборов в 1898 г."
d41;19 января 1898 г.;;"20 В отчетом году, в силу закона 19 января 1898 г., в Енисейской губернии исполнены раскладочными комиссиями все подготовительные работы для правильной разверстки поуездно сообразно доходности назначенных ко взысканию с губернии 350 000 руб. оброчной и поземельной податей; раскладки утверждены и обращены к исполнению с 1 января 1899 г. Затем, согласно закону 8 июня 1898 г., в губернии введено положение о государственном промысловом налоге. В настоящее время, впредь до получения определенных сведений из податной практики, не представляется возможности дать какое-либо правильное заключение о влиянии последствий этих законов на экономическую жизнь населения. Во исполнение Высочайше утвержденного 9 июня 1898 г. положения Комитета министров, требующего, чтобы во всеподданнейших отчетах указывались те мероприятия, которые могут быт приняты в данной местности для увеличения государственных доходов вообще, считаю долгом всеподданнейше доложить, что, принимая во внимание, во-первых, усиленное обложение населения Енисейской губернии платежами, вследствие увеличения расходов по земскому обложению, обусловленных преобразованием в губернии сельской медицинской части и крестьянских учреждений, и, во-вторых, переживаемый населением экономический кризис, вызванный, с одной стороны, плохими урожаями, а в отчетном году и неурожаем, а с другой, коренным изменением экономического быта, вследствие проведения железной дороги, уничтожением или сокращением извозного промысла, содержания почтовой гоньбы и прочего, я не имею никаких основательных данных возбуждать теперь вопросы об усилении платежеспособности населения и это тем более явилось бы преждевременным, так как уже для удовлетворения, главным образом, расходов по упомянутым выше преобразованиям сельской медицинской части и крестьянских учреждений земское обложение населения губернии на предстоящее трехлетие проектировано ежегодно в сумме 322 000 руб., т. е. на 100 000 руб. более, чем в предшествующее трехлетие ежегодного земского обложения. Подобное единовременное значительное увеличение сборов при существующем экономическом положении требует еще практического осуществления"
d42;1 января 1899 г.;;"20 В отчетом году, в силу закона 19 января 1898 г., в Енисейской губернии исполнены раскладочными комиссиями все подготовительные работы для правильной разверстки поуездно сообразно доходности назначенных ко взысканию с губернии 350 000 руб. оброчной и поземельной податей; раскладки утверждены и обращены к исполнению с 1 января 1899 г. Затем, согласно закону 8 июня 1898 г., в губернии введено положение о государственном промысловом налоге. В настоящее время, впредь до получения определенных сведений из податной практики, не представляется возможности дать какое-либо правильное заключение о влиянии последствий этих законов на экономическую жизнь населения. Во исполнение Высочайше утвержденного 9 июня 1898 г. положения Комитета министров, требующего, чтобы во всеподданнейших отчетах указывались те мероприятия, которые могут быт приняты в данной местности для увеличения государственных доходов вообще, считаю долгом всеподданнейше доложить, что, принимая во внимание, во-первых, усиленное обложение населения Енисейской губернии платежами, вследствие увеличения расходов по земскому обложению, обусловленных преобразованием в губернии сельской медицинской части и крестьянских учреждений, и, во-вторых, переживаемый населением экономический кризис, вызванный, с одной стороны, плохими урожаями, а в отчетном году и неурожаем, а с другой, коренным изменением экономического быта, вследствие проведения железной дороги, уничтожением или сокращением извозного промысла, содержания почтовой гоньбы и прочего, я не имею никаких основательных данных возбуждать теперь вопросы об усилении платежеспособности населения и это тем более явилось бы преждевременным, так как уже для удовлетворения, главным образом, расходов по упомянутым выше преобразованиям сельской медицинской части и крестьянских учреждений земское обложение населения губернии на предстоящее трехлетие проектировано ежегодно в сумме 322 000 руб., т. е. на 100 000 руб. более, чем в предшествующее трехлетие ежегодного земского обложения. Подобное единовременное значительное увеличение сборов при существующем экономическом положении требует еще практического осуществления"
d43;8 июня 1898 г.;;"20 В отчетом году, в силу закона 19 января 1898 г., в Енисейской губернии исполнены раскладочными комиссиями все подготовительные работы для правильной разверстки поуездно сообразно доходности назначенных ко взысканию с губернии 350 000 руб. оброчной и поземельной податей; раскладки утверждены и обращены к исполнению с 1 января 1899 г. Затем, согласно закону 8 июня 1898 г., в губернии введено положение о государственном промысловом налоге. В настоящее время, впредь до получения определенных сведений из податной практики, не представляется возможности дать какое-либо правильное заключение о влиянии последствий этих законов на экономическую жизнь населения. Во исполнение Высочайше утвержденного 9 июня 1898 г. положения Комитета министров, требующего, чтобы во всеподданнейших отчетах указывались те мероприятия, которые могут быт приняты в данной местности для увеличения государственных доходов вообще, считаю долгом всеподданнейше доложить, что, принимая во внимание, во-первых, усиленное обложение населения Енисейской губернии платежами, вследствие увеличения расходов по земскому обложению, обусловленных преобразованием в губернии сельской медицинской части и крестьянских учреждений, и, во-вторых, переживаемый населением экономический кризис, вызванный, с одной стороны, плохими урожаями, а в отчетном году и неурожаем, а с другой, коренным изменением экономического быта, вследствие проведения железной дороги, уничтожением или сокращением извозного промысла, содержания почтовой гоньбы и прочего, я не имею никаких основательных данных возбуждать теперь вопросы об усилении платежеспособности населения и это тем более явилось бы преждевременным, так как уже для удовлетворения, главным образом, расходов по упомянутым выше преобразованиям сельской медицинской части и крестьянских учреждений земское обложение населения губернии на предстоящее трехлетие проектировано ежегодно в сумме 322 000 руб., т. е. на 100 000 руб. более, чем в предшествующее трехлетие ежегодного земского обложения. Подобное единовременное значительное увеличение сборов при существующем экономическом положении требует еще практического осуществления"
d44;9 июня 1898 г.;;"20 В отчетом году, в силу закона 19 января 1898 г., в Енисейской губернии исполнены раскладочными комиссиями все подготовительные работы для правильной разверстки поуездно сообразно доходности назначенных ко взысканию с губернии 350 000 руб. оброчной и поземельной податей; раскладки утверждены и обращены к исполнению с 1 января 1899 г. Затем, согласно закону 8 июня 1898 г., в губернии введено положение о государственном промысловом налоге. В настоящее время, впредь до получения определенных сведений из податной практики, не представляется возможности дать какое-либо правильное заключение о влиянии последствий этих законов на экономическую жизнь населения. Во исполнение Высочайше утвержденного 9 июня 1898 г. положения Комитета министров, требующего, чтобы во всеподданнейших отчетах указывались те мероприятия, которые могут быт приняты в данной местности для увеличения государственных доходов вообще, считаю долгом всеподданнейше доложить, что, принимая во внимание, во-первых, усиленное обложение населения Енисейской губернии платежами, вследствие увеличения расходов по земскому обложению, обусловленных преобразованием в губернии сельской медицинской части и крестьянских учреждений, и, во-вторых, переживаемый населением экономический кризис, вызванный, с одной стороны, плохими урожаями, а в отчетном году и неурожаем, а с другой, коренным изменением экономического быта, вследствие проведения железной дороги, уничтожением или сокращением извозного промысла, содержания почтовой гоньбы и прочего, я не имею никаких основательных данных возбуждать теперь вопросы об усилении платежеспособности населения и это тем более явилось бы преждевременным, так как уже для удовлетворения, главным образом, расходов по упомянутым выше преобразованиям сельской медицинской части и крестьянских учреждений земское обложение населения губернии на предстоящее трехлетие проектировано ежегодно в сумме 322 000 руб., т. е. на 100 000 руб. более, чем в предшествующее трехлетие ежегодного земского обложения. Подобное единовременное значительное увеличение сборов при существующем экономическом положении требует еще практического осуществления"
d45;1898 г.;;21 для правильного заключения о возможности перейти к последовательному изысканию новых источников обложения. Всех казенных доходов в 1898 г. было на сумму 3 649 053 руб., в этой сумме акцизных доходов поступило 241 9191 руб. Казенных расходов в отчетном году произведено всего 2 494 968 руб. Доходы превысили расходы на 1 154 085 руб. Винокурение, по-прежнему, составляет важнейшую статью всей заводской промышленности губернии, развитой крайне слабо и имеющей характер отдельных небольших промышленных предприятий с незначительными денежными оборотами. Городские доходы городов Енисейской губернии в общем незначительно сократились, вследствие окончания железнодорожных работ, а потому и оживленной торговли, дававшей городам доход с промысловых свидетельств. Особенно сократились доходы уездного города Ачинска, вследствие прекращения извозного промысла, составлявшего ранее главный промысел городского населения, некоторые из мещан г. Ачинска занялись хлебопашеством, для чего перечислились в крестьяне, ввиду неимения земельного надела для мещан, о чем уже возбуждено надлежащее ходатайство. В губернском городе Красноярске развитие обрабатывающей промышленности задерживается отсутствием у населения технических знаний, по неимению в городе профессиональных школ. Благодаря некоторым средствам в городе открыта народная чайная, одно городское училище и увеличено пособие обществу попечения о начальном образовании на содержание им своих начальных школ, чем в значительной мере была удовлетворена потребность беднейшего населения города в начальном образовании своих детей. В истекшем году город понес существенную утрату, сгорел театр, на возведение которого вновь у города не имеется средств, и благодаря этому население надолго будет лишено возможности в удовлетворении своих эстетических потребностей. В г. Енисейске в 1898 г. открыта потомственным почетным гражданином Баландиным прекрасная школа и народная читальня, помещающиеся в каменном здании, стоящем
d46;1898 г.;;21 для правильного заключения о возможности перейти к последовательному изысканию новых источников обложения. Всех казенных доходов в 1898 г. было на сумму 3 649 053 руб., в этой сумме акцизных доходов поступило 241 9191 руб. Казенных расходов в отчетном году произведено всего 2 494 968 руб. Доходы превысили расходы на 1 154 085 руб. Винокурение, по-прежнему, составляет важнейшую статью всей заводской промышленности губернии, развитой крайне слабо и имеющей характер отдельных небольших промышленных предприятий с незначительными денежными оборотами. Городские доходы городов Енисейской губернии в общем незначительно сократились, вследствие окончания железнодорожных работ, а потому и оживленной торговли, дававшей городам доход с промысловых свидетельств. Особенно сократились доходы уездного города Ачинска, вследствие прекращения извозного промысла, составлявшего ранее главный промысел городского населения, некоторые из мещан г. Ачинска занялись хлебопашеством, для чего перечислились в крестьяне, ввиду неимения земельного надела для мещан, о чем уже возбуждено надлежащее ходатайство. В губернском городе Красноярске развитие обрабатывающей промышленности задерживается отсутствием у населения технических знаний, по неимению в городе профессиональных школ. Благодаря некоторым средствам в городе открыта народная чайная, одно городское училище и увеличено пособие обществу попечения о начальном образовании на содержание им своих начальных школ, чем в значительной мере была удовлетворена потребность беднейшего населения города в начальном образовании своих детей. В истекшем году город понес существенную утрату, сгорел театр, на возведение которого вновь у города не имеется средств, и благодаря этому население надолго будет лишено возможности в удовлетворении своих эстетических потребностей. В г. Енисейске в 1898 г. открыта потомственным почетным гражданином Баландиным прекрасная школа и народная читальня, помещающиеся в каменном здании, стоящем
d47;1899 г.;;22 с обстановкой 45 000 руб., последняя посещается жителями весьма охотно и, помимо прямого своего назначения, служит общеобразовательной школой для взрослых детей, благоприятно отражается на нравственной жизни посещающих ее. Учебных заведений разных наименований в губернии к 1 январи 1899 г. числилось 273, учащихся в них было 7 884 мужского и 3 869 женского пола, всего 11 753, более чем в 1897 г. на 1 894 учащихся. Существующих учебных заведений для образования населения крайне недостаточно. Из эпидемий, бывших в отчетном году, обращают на себя внимание значительное развитие тифа в Красноярском и Минусинском уездах и кори, как в этих уездах, так и в Енисейском. Повальных эпизоотий не было, за исключением Енисейского уезда, где был довольно значительный падеж скота от воспаления легких. Преступность в губернии по сравнению с численностью населения велика, что объясняется тлетворным влиянием ссыльных, поселяемых в губернии в значительном числе. В отчетном году было совершено много преступлений в г. Красноярске и Канске и в уездах их, в г. Красноярске и окрестностях его было много грабежей, а в Канском уезде, вдоль линии строившейся тогда железной дороги, много убийств. Большинство преступлений осталось неоткрытыми, что зависит от крайней малочисленности полиции, как в городах, так и в уездах, и потому является весьма необходимым для охраны населения и для скорейшего открытия преступников учреждение в губернии института урядников и увеличение, хотя бы в губернском городе Красноярске, штата полиции соответственно существующей численности населения за счет сумм государственного казначейства, ввиду недостаточности на это средств у местного городского управления. По этим двум вопросам сделали надлежащия представления Иркутскому военному генерал-губернатору. 15 декабря 1898 г. введено в действие Высочайше утвержденное мнение Государственного Совета о преобразовании крестьянских учреждений в губерниях Тобольской, Томской,
d48;1897 г.;;22 с обстановкой 45 000 руб., последняя посещается жителями весьма охотно и, помимо прямого своего назначения, служит общеобразовательной школой для взрослых детей, благоприятно отражается на нравственной жизни посещающих ее. Учебных заведений разных наименований в губернии к 1 январи 1899 г. числилось 273, учащихся в них было 7 884 мужского и 3 869 женского пола, всего 11 753, более чем в 1897 г. на 1 894 учащихся. Существующих учебных заведений для образования населения крайне недостаточно. Из эпидемий, бывших в отчетном году, обращают на себя внимание значительное развитие тифа в Красноярском и Минусинском уездах и кори, как в этих уездах, так и в Енисейском. Повальных эпизоотий не было, за исключением Енисейского уезда, где был довольно значительный падеж скота от воспаления легких. Преступность в губернии по сравнению с численностью населения велика, что объясняется тлетворным влиянием ссыльных, поселяемых в губернии в значительном числе. В отчетном году было совершено много преступлений в г. Красноярске и Канске и в уездах их, в г. Красноярске и окрестностях его было много грабежей, а в Канском уезде, вдоль линии строившейся тогда железной дороги, много убийств. Большинство преступлений осталось неоткрытыми, что зависит от крайней малочисленности полиции, как в городах, так и в уездах, и потому является весьма необходимым для охраны населения и для скорейшего открытия преступников учреждение в губернии института урядников и увеличение, хотя бы в губернском городе Красноярске, штата полиции соответственно существующей численности населения за счет сумм государственного казначейства, ввиду недостаточности на это средств у местного городского управления. По этим двум вопросам сделали надлежащия представления Иркутскому военному генерал-губернатору. 15 декабря 1898 г. введено в действие Высочайше утвержденное мнение Государственного Совета о преобразовании крестьянских учреждений в губерниях Тобольской, Томской,
d49;15 декабря 1898 г.;;22 с обстановкой 45 000 руб., последняя посещается жителями весьма охотно и, помимо прямого своего назначения, служит общеобразовательной школой для взрослых детей, благоприятно отражается на нравственной жизни посещающих ее. Учебных заведений разных наименований в губернии к 1 январи 1899 г. числилось 273, учащихся в них было 7 884 мужского и 3 869 женского пола, всего 11 753, более чем в 1897 г. на 1 894 учащихся. Существующих учебных заведений для образования населения крайне недостаточно. Из эпидемий, бывших в отчетном году, обращают на себя внимание значительное развитие тифа в Красноярском и Минусинском уездах и кори, как в этих уездах, так и в Енисейском. Повальных эпизоотий не было, за исключением Енисейского уезда, где был довольно значительный падеж скота от воспаления легких. Преступность в губернии по сравнению с численностью населения велика, что объясняется тлетворным влиянием ссыльных, поселяемых в губернии в значительном числе. В отчетном году было совершено много преступлений в г. Красноярске и Канске и в уездах их, в г. Красноярске и окрестностях его было много грабежей, а в Канском уезде, вдоль линии строившейся тогда железной дороги, много убийств. Большинство преступлений осталось неоткрытыми, что зависит от крайней малочисленности полиции, как в городах, так и в уездах, и потому является весьма необходимым для охраны населения и для скорейшего открытия преступников учреждение в губернии института урядников и увеличение, хотя бы в губернском городе Красноярске, штата полиции соответственно существующей численности населения за счет сумм государственного казначейства, ввиду недостаточности на это средств у местного городского управления. По этим двум вопросам сделали надлежащия представления Иркутскому военному генерал-губернатору. 15 декабря 1898 г. введено в действие Высочайше утвержденное мнение Государственного Совета о преобразовании крестьянских учреждений в губерниях Тобольской, Томской,
d50;2 июня 1898 г.;;23 Енисейской и Иркутской и временное положение о крестьянских начальниках в этих губерниях. О деятельности крестьянских начальников, ввиду краткости времени, прошедшего с издания положения о них, нельзя сказать ничего определенного, но, во всяком случае, деятельность их, направленная согласно преподанным для них указаниям в Высочайше утвержденном положении 2 июня 1898 г., должна дать плодотворные результаты, так как дело крестьянского управления получило, в лице крестьянского начальника, ближайшего блюстителя интересов крестьянского населения, попечителя об экономическом положении его, о благоустройстве и о прочем, чего это население до сих пор было лишено, ибо ведение крестьянским управлением находилось в руках земской полиции, малочисленной в губернии и обремененной своими прямыми полицейскими обязанностями, и было делом для нее совершенно побочным. Туруханский край, прорезанный многоводным бассейном р. Енисей, ожидает некоторых административных улучшений и нуждается в оживлении экономической его деятельности. В первом случае главным улучшением признана необходимость перевода административных учреждений края, сосредоточенных в пришедшем в полнейший упадок, вымирающем заштатном г. Туруханске, расположенном на острове, удаленном от главного русла р. Енисей, в один из пунктов на этом русле. Таким пунктом избрано с. Монастырское, находящееся как раз на слиянии р. Нижней Тунгуски, громадного притока, с р. Енисей, имеющего уже прекрасную каменную церковь с монастырем при ней, также училище. О необходимости тако-вого перевода представлено со всеми необходимыми данными Иркутскому военному генерал-губернатору. Для оживления экономической деятельности края было бы весьма полезным учреждение субсидированного срочного пароходства по р. Енисей до устья его, впадающего в Ледовитый океан, и это было бы теперь тем более своевременным, что предположено, в целях развития внешней торговли, при посредстве ледокола „Ермак“, установить правильное сообщение заграничных пароходов через Карское море с устьем р. Енисей. Предположения и соображения о субсидированном
d51;1898 г.;;26 СТАТИСТИЧЕСКИЙ ОБЗОР ЕНИСЕЙСКОЙ ГУБЕРНИИ ЗА 1898 ГОД I. ЕСТЕСТВЕННЫЕ И ПРОИЗВОДИТЕЛЬНЫЕ СИЛЫ ГУБЕРНИИ И ЭКОНОМИЧЕСКАЯ ДЕЯТЕЛЬНОСТЬ НАСЕЛЕНИЯ А. Земледелие (Приложением к этой статье служит ведомость № 1.) Минувший 1898 г. отразился весьма неблагоприятно на обеспечении народного продовольствия, хозяйстве и вообще экономической деятельности населения Красноярского уезда. Так как главное занятие населения составляет хлебопашество, то, без сомнения, урожай или неурожай весьма резко отражается на всех сторонах жизни, хотя помимо хлебопашества население занимается еще скотоводством, кустарными, а также звериным и рыбным промыслами, но они имеют второстепенное значение. В отчетном году по Красноярскому уезду, за исключением Вознесенской волости и частью Заледеевской, Частоостровской и Погорельской, получился полный неурожай хлебов и трав от засухи и уничтожения их появившеюся в значительном количестве кобылкою. От неурожая хлебов особенно пострадали Сухобузимская, Нахвальская и Еловская волости, причем по первой не возращено большею частью семян, поэтому у населения уезда оказался приблизительный недостаток урожая хлеба на 266 207 четв., а сено поставлено менее 1897 г. почти на два миллиона пудов. При таком недостатке не только на корм скота, пополнение магазинов, податных сборов и засев
d52;1897 г.;;26 СТАТИСТИЧЕСКИЙ ОБЗОР ЕНИСЕЙСКОЙ ГУБЕРНИИ ЗА 1898 ГОД I. ЕСТЕСТВЕННЫЕ И ПРОИЗВОДИТЕЛЬНЫЕ СИЛЫ ГУБЕРНИИ И ЭКОНОМИЧЕСКАЯ ДЕЯТЕЛЬНОСТЬ НАСЕЛЕНИЯ А. Земледелие (Приложением к этой статье служит ведомость № 1.) Минувший 1898 г. отразился весьма неблагоприятно на обеспечении народного продовольствия, хозяйстве и вообще экономической деятельности населения Красноярского уезда. Так как главное занятие населения составляет хлебопашество, то, без сомнения, урожай или неурожай весьма резко отражается на всех сторонах жизни, хотя помимо хлебопашества население занимается еще скотоводством, кустарными, а также звериным и рыбным промыслами, но они имеют второстепенное значение. В отчетном году по Красноярскому уезду, за исключением Вознесенской волости и частью Заледеевской, Частоостровской и Погорельской, получился полный неурожай хлебов и трав от засухи и уничтожения их появившеюся в значительном количестве кобылкою. От неурожая хлебов особенно пострадали Сухобузимская, Нахвальская и Еловская волости, причем по первой не возращено большею частью семян, поэтому у населения уезда оказался приблизительный недостаток урожая хлеба на 266 207 четв., а сено поставлено менее 1897 г. почти на два миллиона пудов. При таком недостатке не только на корм скота, пополнение магазинов, податных сборов и засев
d53;1899 г.;;"27 полей, но и на продовольствие населения хлеба оказалось далеко недостаточно. При неурожае хлебов и трав, при отсутствии в уезде зароботков и совершенном почти прекращении таковых на железной дороге и при сокращении золотопромыш ленности , большей части населения уезда пришлось продавать не только излишний, но и частью необходимый скот, которого, по удостоверению уездного исправника, уменьшилось на 33 000 голов. Те же, кто не имел скота для продажи, отправлялись на заработки в другие уезды Енисейской и Иркутской губерний. Пополнение хлебных ссуд было приостановлено до урожая 1899 г. Точно также отчетный год отразился неблагоприятно на благосостоянии земледельческого населения Ачинского уезда, так как, ввиду недорода хлеба, урожай 1898 г. мог лишь обеспечить народное продовольствие; по некоторым же волостям, при больших запашках, хотя и получился излишек, могущий поступить в продажу, но самый незначительный, так что при отсутствии почти в уезде фабрично-заводской промышленности и при очень слабом развитии кустарного производства, избыток этот не мог удовлетворить все необходимые нужды и потребности земледельца и в особенности новых, не окрепших еще хозяйственных переселенческих деревень, где ощущалась нужда в хлебе не только на обсеменение полей, но и на продовольствие. Особенного расстройства хозяйств в старожильческих деревнях не было заметно, но вообще было заметно безденежье, отразившееся неблагоприятно на торговле. В Енисейском уезде 1898 г., по сравнению с 1897 г., значительно расстроил благосостояние населения вообще уезда, а в особенности в волостях Кежемской и Пинчугской и в большей части Казаченской волости, пострадавших вследствие засухи и кобылки от недорода хлебов и трав. Помимо того, на всем же населении уезда истекший год отразился неблагоприятно вследствие значительного упадка золотопромышленности в Северной и Канской системах, служившей в прежнее время не только подспорьем для крестьян в хозяйстве, но и главным его источником, так как хлебопашество в уезде мало развито и даже в урожайные годы не удовлетворяет потребностей населения, которое, по необходимости, довольствуется хлебом,"
d54;1898 г.;;"27 полей, но и на продовольствие населения хлеба оказалось далеко недостаточно. При неурожае хлебов и трав, при отсутствии в уезде зароботков и совершенном почти прекращении таковых на железной дороге и при сокращении золотопромыш ленности , большей части населения уезда пришлось продавать не только излишний, но и частью необходимый скот, которого, по удостоверению уездного исправника, уменьшилось на 33 000 голов. Те же, кто не имел скота для продажи, отправлялись на заработки в другие уезды Енисейской и Иркутской губерний. Пополнение хлебных ссуд было приостановлено до урожая 1899 г. Точно также отчетный год отразился неблагоприятно на благосостоянии земледельческого населения Ачинского уезда, так как, ввиду недорода хлеба, урожай 1898 г. мог лишь обеспечить народное продовольствие; по некоторым же волостям, при больших запашках, хотя и получился излишек, могущий поступить в продажу, но самый незначительный, так что при отсутствии почти в уезде фабрично-заводской промышленности и при очень слабом развитии кустарного производства, избыток этот не мог удовлетворить все необходимые нужды и потребности земледельца и в особенности новых, не окрепших еще хозяйственных переселенческих деревень, где ощущалась нужда в хлебе не только на обсеменение полей, но и на продовольствие. Особенного расстройства хозяйств в старожильческих деревнях не было заметно, но вообще было заметно безденежье, отразившееся неблагоприятно на торговле. В Енисейском уезде 1898 г., по сравнению с 1897 г., значительно расстроил благосостояние населения вообще уезда, а в особенности в волостях Кежемской и Пинчугской и в большей части Казаченской волости, пострадавших вследствие засухи и кобылки от недорода хлебов и трав. Помимо того, на всем же населении уезда истекший год отразился неблагоприятно вследствие значительного упадка золотопромышленности в Северной и Канской системах, служившей в прежнее время не только подспорьем для крестьян в хозяйстве, но и главным его источником, так как хлебопашество в уезде мало развито и даже в урожайные годы не удовлетворяет потребностей населения, которое, по необходимости, довольствуется хлебом,"
d55;1898 г.;;"27 полей, но и на продовольствие населения хлеба оказалось далеко недостаточно. При неурожае хлебов и трав, при отсутствии в уезде зароботков и совершенном почти прекращении таковых на железной дороге и при сокращении золотопромыш ленности , большей части населения уезда пришлось продавать не только излишний, но и частью необходимый скот, которого, по удостоверению уездного исправника, уменьшилось на 33 000 голов. Те же, кто не имел скота для продажи, отправлялись на заработки в другие уезды Енисейской и Иркутской губерний. Пополнение хлебных ссуд было приостановлено до урожая 1899 г. Точно также отчетный год отразился неблагоприятно на благосостоянии земледельческого населения Ачинского уезда, так как, ввиду недорода хлеба, урожай 1898 г. мог лишь обеспечить народное продовольствие; по некоторым же волостям, при больших запашках, хотя и получился излишек, могущий поступить в продажу, но самый незначительный, так что при отсутствии почти в уезде фабрично-заводской промышленности и при очень слабом развитии кустарного производства, избыток этот не мог удовлетворить все необходимые нужды и потребности земледельца и в особенности новых, не окрепших еще хозяйственных переселенческих деревень, где ощущалась нужда в хлебе не только на обсеменение полей, но и на продовольствие. Особенного расстройства хозяйств в старожильческих деревнях не было заметно, но вообще было заметно безденежье, отразившееся неблагоприятно на торговле. В Енисейском уезде 1898 г., по сравнению с 1897 г., значительно расстроил благосостояние населения вообще уезда, а в особенности в волостях Кежемской и Пинчугской и в большей части Казаченской волости, пострадавших вследствие засухи и кобылки от недорода хлебов и трав. Помимо того, на всем же населении уезда истекший год отразился неблагоприятно вследствие значительного упадка золотопромышленности в Северной и Канской системах, служившей в прежнее время не только подспорьем для крестьян в хозяйстве, но и главным его источником, так как хлебопашество в уезде мало развито и даже в урожайные годы не удовлетворяет потребностей населения, которое, по необходимости, довольствуется хлебом,"
d56;1897 г.;;"27 полей, но и на продовольствие населения хлеба оказалось далеко недостаточно. При неурожае хлебов и трав, при отсутствии в уезде зароботков и совершенном почти прекращении таковых на железной дороге и при сокращении золотопромыш ленности , большей части населения уезда пришлось продавать не только излишний, но и частью необходимый скот, которого, по удостоверению уездного исправника, уменьшилось на 33 000 голов. Те же, кто не имел скота для продажи, отправлялись на заработки в другие уезды Енисейской и Иркутской губерний. Пополнение хлебных ссуд было приостановлено до урожая 1899 г. Точно также отчетный год отразился неблагоприятно на благосостоянии земледельческого населения Ачинского уезда, так как, ввиду недорода хлеба, урожай 1898 г. мог лишь обеспечить народное продовольствие; по некоторым же волостям, при больших запашках, хотя и получился излишек, могущий поступить в продажу, но самый незначительный, так что при отсутствии почти в уезде фабрично-заводской промышленности и при очень слабом развитии кустарного производства, избыток этот не мог удовлетворить все необходимые нужды и потребности земледельца и в особенности новых, не окрепших еще хозяйственных переселенческих деревень, где ощущалась нужда в хлебе не только на обсеменение полей, но и на продовольствие. Особенного расстройства хозяйств в старожильческих деревнях не было заметно, но вообще было заметно безденежье, отразившееся неблагоприятно на торговле. В Енисейском уезде 1898 г., по сравнению с 1897 г., значительно расстроил благосостояние населения вообще уезда, а в особенности в волостях Кежемской и Пинчугской и в большей части Казаченской волости, пострадавших вследствие засухи и кобылки от недорода хлебов и трав. Помимо того, на всем же населении уезда истекший год отразился неблагоприятно вследствие значительного упадка золотопромышленности в Северной и Канской системах, служившей в прежнее время не только подспорьем для крестьян в хозяйстве, но и главным его источником, так как хлебопашество в уезде мало развито и даже в урожайные годы не удовлетворяет потребностей населения, которое, по необходимости, довольствуется хлебом,"
d57;1898 г.;;28 сплавленным из Минусинского и Ачинского уездов. Падающий из года в год звериный промысел также не мог поправить хозяйства, но зато, благодаря поднявшейся в минувшем году цене на пушной товар, сбыт последнего дал возможность населению, в особенности Кежемской и Пинчугской волостей, где был также прекрасный улов рыбы в р. Ангаре, проданной по хорошей цене, уплатить за истекший год почти безнедоимочно подати, причем также служил источником для некоторых селений Пинчугской волости заработок на вновь отстраивавшемся Манзинском солеваренном заводе. Для Канского уезда минувший 1898 г. в продовольственном отношении был весьма неблагоприятным. Значительный недород, а местами даже полный неурожай хлебов, равно как недород сена и огородных овощей, отразились на материальном состоянии сельского населения весьма чувствительно. У многих бедных жителей недостало хлеба не только в продажу для уплаты податей и повинностей, но и на собственное пропитание, так что к началу весны 1899 г., когда запасы сильно поистощились и наступила пора для весенних посевов и полевых работ, оказалась необходимость в выдаче наиболее нуждающимся жителям продовольственных ссуд. Так как хлебопашество и сельское хозяйство составляют первый и главнейший источник экономического благосостояния населения уезда, то, весьма естественно, плохой урожай минувшего года отразился вообще невыгодно на крестьянском хозяйстве. Не говоря уже о невозможности каких-либо улучшений сельского хозяйства при таких условиях, самое положение его отчасти понизилось тем, с одной стороны, что в населении, исключая зажиточных людей, не осталось запасов хлеба, а с другой, ввиду означенного недостатка, явилась необходимость в сбыте домашнего скота в количестве несколько большем, чем его сбывается в обыкновенные урожайные годы. Благодаря существующим размерам скотоводства, крестьяне не были в необходимости сбывать последний или рабочий скот, а равно, ввиду спроса на скот, избавлены были от крайности сбывать его за бесценок, но, отмечая здесь тот факт, что для удовлетворения текущих потребностей жители вынуждены были возмещать недостатки урожая из другой
d58;1899 г.;;28 сплавленным из Минусинского и Ачинского уездов. Падающий из года в год звериный промысел также не мог поправить хозяйства, но зато, благодаря поднявшейся в минувшем году цене на пушной товар, сбыт последнего дал возможность населению, в особенности Кежемской и Пинчугской волостей, где был также прекрасный улов рыбы в р. Ангаре, проданной по хорошей цене, уплатить за истекший год почти безнедоимочно подати, причем также служил источником для некоторых селений Пинчугской волости заработок на вновь отстраивавшемся Манзинском солеваренном заводе. Для Канского уезда минувший 1898 г. в продовольственном отношении был весьма неблагоприятным. Значительный недород, а местами даже полный неурожай хлебов, равно как недород сена и огородных овощей, отразились на материальном состоянии сельского населения весьма чувствительно. У многих бедных жителей недостало хлеба не только в продажу для уплаты податей и повинностей, но и на собственное пропитание, так что к началу весны 1899 г., когда запасы сильно поистощились и наступила пора для весенних посевов и полевых работ, оказалась необходимость в выдаче наиболее нуждающимся жителям продовольственных ссуд. Так как хлебопашество и сельское хозяйство составляют первый и главнейший источник экономического благосостояния населения уезда, то, весьма естественно, плохой урожай минувшего года отразился вообще невыгодно на крестьянском хозяйстве. Не говоря уже о невозможности каких-либо улучшений сельского хозяйства при таких условиях, самое положение его отчасти понизилось тем, с одной стороны, что в населении, исключая зажиточных людей, не осталось запасов хлеба, а с другой, ввиду означенного недостатка, явилась необходимость в сбыте домашнего скота в количестве несколько большем, чем его сбывается в обыкновенные урожайные годы. Благодаря существующим размерам скотоводства, крестьяне не были в необходимости сбывать последний или рабочий скот, а равно, ввиду спроса на скот, избавлены были от крайности сбывать его за бесценок, но, отмечая здесь тот факт, что для удовлетворения текущих потребностей жители вынуждены были возмещать недостатки урожая из другой
d59;1898 г.;;30 Осенью 1898-го и весною 1898 г. было посеяно хлеба: По уЕздам Озимого Ярового Картофеля ЧЕТВЕРТЕЙ Красноярскому 6730 73563 6081 Енисейскому 10145-4-4 31875 4213-5-,, Канскому 17982 86037-3-,, 9393 Ачинскому 18380 60763 1/4 5229 1/4 Минусинскому 14068 184955 10574 На городских землях 1336 3201 50 Итого 68641-4-4 440394-5-,, 35540-7-,, 509036-1-4 Посевы были менее предыдущего года на 36500 ч. 2 ч. 4 гарнца. Количество собранного хлеба было: По уЕздам Озимого Ярового Картофеля ЧЕТВЕРТЕЙ Красноярскому 18612-7-5 87917-3-6 17086-,,-,, Енисейскому 42332-4-6 54312-1-2 11687-,,-,, Канскому 83370-6-4 146522-,,-,, 44751-4-,, Ачинскому 74936-6-,, 270227-,,-,, 28436-4-,, Минусинскому 68838-,,-,, 642319-,,-,, 93676-,,-,, На городских землях 4436-,,-,, 24324-,,-,, 338-,,-,, Итого 291987-,,-7 1225621-5-,, 195975 1517608-5-7 Сравнительно с урожаем минувшего года оказывается: более +, менее —. По уЕздам Озимого Ярового ЧЕТВЕРТЕЙ Красноярскому –14450-4-3 –234839-4-2 Енисейскому –12113-1-2 –69913-2-6 Канскому –52832-1-4 –402727-,,-,, Ачинскому –10938-6-,, –59234-4-,, Минусинскому –11921-2-,, –350834-4-,, На городских землях –3104 1916 Итого –105359-7-1 –1119164-7-,, –1224824-6-1
d60;1897 г.;;"31 Посевы хлебов в Енисейской губернии начались озимых в конце июля и окончились в начале сентября 1897 г., а яровых начались в конце апреля и производились до половины июня 1898 г. Столь значительное время посева обусловливалось главным образом климатическими условиями, так, по Минусинскому уезду во время посева яровых хлебов погода была благоприятная и всходы получились хорошие, но наступившей засухой, продолжавшейся до 20-го числа июня, в росте были приостановлены и вышли редки. С 20 июня начались дожди и хлеба значительно поправились. Вообще урожай хлебов, несмотря на появившуюся от засухи кобылку и выпадавший град, — получился средний, но значительно хуже урожая 1897 г. По Ачинскому уезду до половины мая погода была холодная, ветреная, с холодными дождями и снегом, а с июля месяца началось бездождие и жары, почему урожай хлебов, за исключением немногих местностей, получился ниже среднего. И по Канскому уезду — по 27 мая погода была довольно холодная с ежедневными дождями, снегом и градом, а затем наступили сильные жары при совершенном бездождии, что и продолжалось до последних чисел июля. 12 и 13 июня выпал град, которым произведено, хотя и незначительное, истребление хлебов. При существовавшей неблагоприятной погоде и других неблагоприятных условиях пострадало хлеба: по Минусинскому уезду, Новоселовской волости 81 дес ., Абаканской 1 516 дес., Тесинской 938 ½ дес ., Сагайской 421 дес . и Ермаковской 100 дес., а всего 3 056 дес ., на сумму 75 663 руб.; по Ачинскому уезду: Покровской волости 431 дес ., Назаровской 713, Подсосенской 52, Балахтинской 1 010, Даурской 71, Тюльковской 1 900, Ужурской 2 604, Шарыповской 469 и Кизильской степной думе 100 дес ., а всего 7 350 дес., на сумму до 79 802 руб.; по Канскому уезду: Рыбинской волости 834 дес ., Ирбейской 1 612, Уринской 999, Тинской 320, Устьянской 467, Анцирской 2 187, Тасеевской 1 061, а всего 7 480 дес ., на сумму 119 064 руб. Жатва и уборка хлебов по Минусинскому уезду началась с начала августа и продолжалась до конца сентября при благоприятной погоде."
d61;1898 г.;;"31 Посевы хлебов в Енисейской губернии начались озимых в конце июля и окончились в начале сентября 1897 г., а яровых начались в конце апреля и производились до половины июня 1898 г. Столь значительное время посева обусловливалось главным образом климатическими условиями, так, по Минусинскому уезду во время посева яровых хлебов погода была благоприятная и всходы получились хорошие, но наступившей засухой, продолжавшейся до 20-го числа июня, в росте были приостановлены и вышли редки. С 20 июня начались дожди и хлеба значительно поправились. Вообще урожай хлебов, несмотря на появившуюся от засухи кобылку и выпадавший град, — получился средний, но значительно хуже урожая 1897 г. По Ачинскому уезду до половины мая погода была холодная, ветреная, с холодными дождями и снегом, а с июля месяца началось бездождие и жары, почему урожай хлебов, за исключением немногих местностей, получился ниже среднего. И по Канскому уезду — по 27 мая погода была довольно холодная с ежедневными дождями, снегом и градом, а затем наступили сильные жары при совершенном бездождии, что и продолжалось до последних чисел июля. 12 и 13 июня выпал град, которым произведено, хотя и незначительное, истребление хлебов. При существовавшей неблагоприятной погоде и других неблагоприятных условиях пострадало хлеба: по Минусинскому уезду, Новоселовской волости 81 дес ., Абаканской 1 516 дес., Тесинской 938 ½ дес ., Сагайской 421 дес . и Ермаковской 100 дес., а всего 3 056 дес ., на сумму 75 663 руб.; по Ачинскому уезду: Покровской волости 431 дес ., Назаровской 713, Подсосенской 52, Балахтинской 1 010, Даурской 71, Тюльковской 1 900, Ужурской 2 604, Шарыповской 469 и Кизильской степной думе 100 дес ., а всего 7 350 дес., на сумму до 79 802 руб.; по Канскому уезду: Рыбинской волости 834 дес ., Ирбейской 1 612, Уринской 999, Тинской 320, Устьянской 467, Анцирской 2 187, Тасеевской 1 061, а всего 7 480 дес ., на сумму 119 064 руб. Жатва и уборка хлебов по Минусинскому уезду началась с начала августа и продолжалась до конца сентября при благоприятной погоде."
d62;1897 г.;;"31 Посевы хлебов в Енисейской губернии начались озимых в конце июля и окончились в начале сентября 1897 г., а яровых начались в конце апреля и производились до половины июня 1898 г. Столь значительное время посева обусловливалось главным образом климатическими условиями, так, по Минусинскому уезду во время посева яровых хлебов погода была благоприятная и всходы получились хорошие, но наступившей засухой, продолжавшейся до 20-го числа июня, в росте были приостановлены и вышли редки. С 20 июня начались дожди и хлеба значительно поправились. Вообще урожай хлебов, несмотря на появившуюся от засухи кобылку и выпадавший град, — получился средний, но значительно хуже урожая 1897 г. По Ачинскому уезду до половины мая погода была холодная, ветреная, с холодными дождями и снегом, а с июля месяца началось бездождие и жары, почему урожай хлебов, за исключением немногих местностей, получился ниже среднего. И по Канскому уезду — по 27 мая погода была довольно холодная с ежедневными дождями, снегом и градом, а затем наступили сильные жары при совершенном бездождии, что и продолжалось до последних чисел июля. 12 и 13 июня выпал град, которым произведено, хотя и незначительное, истребление хлебов. При существовавшей неблагоприятной погоде и других неблагоприятных условиях пострадало хлеба: по Минусинскому уезду, Новоселовской волости 81 дес ., Абаканской 1 516 дес., Тесинской 938 ½ дес ., Сагайской 421 дес . и Ермаковской 100 дес., а всего 3 056 дес ., на сумму 75 663 руб.; по Ачинскому уезду: Покровской волости 431 дес ., Назаровской 713, Подсосенской 52, Балахтинской 1 010, Даурской 71, Тюльковской 1 900, Ужурской 2 604, Шарыповской 469 и Кизильской степной думе 100 дес ., а всего 7 350 дес., на сумму до 79 802 руб.; по Канскому уезду: Рыбинской волости 834 дес ., Ирбейской 1 612, Уринской 999, Тинской 320, Устьянской 467, Анцирской 2 187, Тасеевской 1 061, а всего 7 480 дес ., на сумму 119 064 руб. Жатва и уборка хлебов по Минусинскому уезду началась с начала августа и продолжалась до конца сентября при благоприятной погоде."
d63;1898 г.;;32 По Ачинскому уезду уборка началась с начала августа и кончилась в начале сентября. Погода во время жатвы стояла хорошая. По Канскому уезду жатва довольно успешно произведена в течение авг. и полов. сентяб. Что касается Красноярского и Енисейского уездов, где хотя и были посевы хлебов, но сбор их, вследствие тех же климатических условий, был весьма плох, почему и признаны пострадавшими от неурожая, в особенности в первом уезде волости: Еловская , Нахвальская и Сухобузимская, а во втором — Кежемская и Пинчугская. Ввиду полученных от местной полиции сведений об экономической необеспеченности некоторых частей упомянутых волостей Енисейского уезда, было сделано немедленно распоряжение о выдаче продовольственных ссуд из хлебозапасных магазинов, затем испрошено у М-ства В. Д. 16 000 руб. заимообразно, на три года, пострадавшему от неурожая населению для покупки посевного хлеба, который был приобретен в Минусинском уезде, сплавлен на казенном пароходе по Енисею к устью р. Ангары, но, вследствие запоздавшего разрешения воспользоваться для перевозки хлеба казенными пароходами, поздней осени и небывалого в 1898 г. мелководия по Ангаре, прекратившего даже пароходное сообщение по ней, посевное зерно не могло быть доставлено этою же осенью и доставлено весною, в начале мая 1899 г., как только открылась навигация, ко времени посевов в этих северных местностях, начинающихся обыкновенно со второй половины мая. В целях выяснения и удовлетворения продовольственных нужд в Красноярском уезде, образована была особая продовольственная комиссия. По надлежащем исследовании было установлено, что, за использованием продовольственных ссуд из хлебозапасных магазинов, в четырех волостях уезда — Сухобузимской, Еловской , Заледеевской и Нахвальской — не хватит на посев зерна до 65 000 пуд. и признано было необходимым испросить через Иркутского военного генерал-губернатора у Министерства внутренних дел продовольственную ссуду в размере 50 000 руб. для своевременной закупки нужного количества посевного хлеба и для ссуды
d64;1899 г.;;32 По Ачинскому уезду уборка началась с начала августа и кончилась в начале сентября. Погода во время жатвы стояла хорошая. По Канскому уезду жатва довольно успешно произведена в течение авг. и полов. сентяб. Что касается Красноярского и Енисейского уездов, где хотя и были посевы хлебов, но сбор их, вследствие тех же климатических условий, был весьма плох, почему и признаны пострадавшими от неурожая, в особенности в первом уезде волости: Еловская , Нахвальская и Сухобузимская, а во втором — Кежемская и Пинчугская. Ввиду полученных от местной полиции сведений об экономической необеспеченности некоторых частей упомянутых волостей Енисейского уезда, было сделано немедленно распоряжение о выдаче продовольственных ссуд из хлебозапасных магазинов, затем испрошено у М-ства В. Д. 16 000 руб. заимообразно, на три года, пострадавшему от неурожая населению для покупки посевного хлеба, который был приобретен в Минусинском уезде, сплавлен на казенном пароходе по Енисею к устью р. Ангары, но, вследствие запоздавшего разрешения воспользоваться для перевозки хлеба казенными пароходами, поздней осени и небывалого в 1898 г. мелководия по Ангаре, прекратившего даже пароходное сообщение по ней, посевное зерно не могло быть доставлено этою же осенью и доставлено весною, в начале мая 1899 г., как только открылась навигация, ко времени посевов в этих северных местностях, начинающихся обыкновенно со второй половины мая. В целях выяснения и удовлетворения продовольственных нужд в Красноярском уезде, образована была особая продовольственная комиссия. По надлежащем исследовании было установлено, что, за использованием продовольственных ссуд из хлебозапасных магазинов, в четырех волостях уезда — Сухобузимской, Еловской , Заледеевской и Нахвальской — не хватит на посев зерна до 65 000 пуд. и признано было необходимым испросить через Иркутского военного генерал-губернатора у Министерства внутренних дел продовольственную ссуду в размере 50 000 руб. для своевременной закупки нужного количества посевного хлеба и для ссуды
d65;1899 г.;;"33 его земледельческому населению Красноярского уезда на срок не более трех лет. Хлеб был приобретен в Томской губернии. Если неурожай отразился бедственно на старожилах, освоившихся уже с местными особенностями сельского хозяйства и промышленности, имеющих запасы хлеба в продовольственных магазинах, то тем затруднительнее оказалось положение переселенцев, не имеющих хлебных запасов, произведших в отчетном году первый посев на местах водворения. Красноярская Продовольственная Комиссия нашла необходимым выяснить потребность переселенцев в посевном хлебе, причем было признано, что принять особые меры к обеспечению переселенцев семенами надлежит не только к Красноярском уезде, но и в уездах Ачинском и особенно в Канском, где был, как выше сказано, весьма слабый урожай, и где переселенцы нуждаются в особой помощи. В этих соображениях было испрошено у Министерства в. дел разрешение на выдачу ссуд переселенцам зерном на сумму до 150 00 руб. из зерна, закупленного в Томской губернии в счет вышеупомянутой продовольственной ссуды в 50 000 руб. Еще бедственнее оказалось положение ссыльных разных категорий, причисленных к волостям Енисейского и Красноярского уездов; те из них, которые, не имея своего хозяйства, питались заработками, за сокращением последних в этих уездах, принуждены были уйти с мест причислений из селений и наводнили города и особенно губернский г. Красноярск, ища работы для пропитания. В феврале и марте 1899 г. в пособие ссыльным на пропитание были розданы 4 000 руб. из экономического поселенческого капитала и в апреле того же года ссыльным, занимающимся земледелием, было выдано в ссуду на посев до 3 000 руб. из этого же капитала. Наконец, из сумм местного Управления Красного Креста было распределено в пособие пострадавшим от неурожая в Красноярском уезде до нескольких сот рублей. Значительный сплав хлеба из Минусинского уезда и подвоз его по железной дороге из Томской и Тобольской губерний не дали возможности чрезмерного повышения цен на хлеб в Енисейской губернии; цена на хлеб все время была умеренная и колебалась от 70 до 90 коп. пуд ржаной муки."
d66;1 января 1899 г.;;"35 Б. Обеспечение народного продовольствия К 1 января 1899 г., по возвращении части хлеба, выданного на весенний посев, в 421 экономическом сельском магазине находилось налицо запасного хлеба: озимого и ярового 401 288 четв. 2 чк. 4 гарн. менее 1897 г. на 39 272 четв. 4 гарн., в ссудах и недоимках озимого и ярового 62 997 четв. 23/4 гарн. более чем в 1897 г., на 49 019 четвертей, 5 четв . 35/8 гарн., а именно: По уЕздам Число магазинов Находилось налицо Состояло в ссудах и недоимке Озимого Ярового Озимого Ярового Красноярскому 80 75699- ,,-½ 25204- 3-2½ Енисейскому 97 33553-5-7½ 19210-6-4¾ 10092-7-6½ 10151-,,-1 Канскому 91 47595-2-5½ 33113-,,-1¾ 5873-4-¼ 7379-6-½ Ачинскому 39 73222- 3-3 1466- ,,-4 Минусинскому 114 36062-6-,, 82828-2-,, 314-1-,, 2515-5-,, Итого 421 401288-2-4 62997-,,-2¾ 464285-2-6¾ Как видно, запасами хлеба в экономических магазинах наиболее обеспечено население Минусинского и Канского уездов; наиболее же нуждаются Красноярский и Енисейский уезды, что показывает наивысший процент количества ссуженного хлеба к общему количеству его, числящемуся в магазинах. Жители станков Туруханского края, расположенных от г. Туруханска вниз по р. Енисей до Толстого Носа, запасают хлеб для своего продовольствия в летнее время с пароходов и судов, прибывающих в низовья р. Енисей из г. Красноярска и Енисейска ; в зимнее же время, при недостатке запасов, покупают у частных торговцев в селе Дудинском или получают ссуды из казенных хлебозапасных магазинов; живущие вверх по р. Енисей от г. Туруханска покупают хлеб в г. Енисейске чрез своих общественников, наиболее состоятельных, плавающих ежегодно, с открытием навигации, на своих судах в названный город для сбыта пушнины."
d67;1897 г.;;"35 Б. Обеспечение народного продовольствия К 1 января 1899 г., по возвращении части хлеба, выданного на весенний посев, в 421 экономическом сельском магазине находилось налицо запасного хлеба: озимого и ярового 401 288 четв. 2 чк. 4 гарн. менее 1897 г. на 39 272 четв. 4 гарн., в ссудах и недоимках озимого и ярового 62 997 четв. 23/4 гарн. более чем в 1897 г., на 49 019 четвертей, 5 четв . 35/8 гарн., а именно: По уЕздам Число магазинов Находилось налицо Состояло в ссудах и недоимке Озимого Ярового Озимого Ярового Красноярскому 80 75699- ,,-½ 25204- 3-2½ Енисейскому 97 33553-5-7½ 19210-6-4¾ 10092-7-6½ 10151-,,-1 Канскому 91 47595-2-5½ 33113-,,-1¾ 5873-4-¼ 7379-6-½ Ачинскому 39 73222- 3-3 1466- ,,-4 Минусинскому 114 36062-6-,, 82828-2-,, 314-1-,, 2515-5-,, Итого 421 401288-2-4 62997-,,-2¾ 464285-2-6¾ Как видно, запасами хлеба в экономических магазинах наиболее обеспечено население Минусинского и Канского уездов; наиболее же нуждаются Красноярский и Енисейский уезды, что показывает наивысший процент количества ссуженного хлеба к общему количеству его, числящемуся в магазинах. Жители станков Туруханского края, расположенных от г. Туруханска вниз по р. Енисей до Толстого Носа, запасают хлеб для своего продовольствия в летнее время с пароходов и судов, прибывающих в низовья р. Енисей из г. Красноярска и Енисейска ; в зимнее же время, при недостатке запасов, покупают у частных торговцев в селе Дудинском или получают ссуды из казенных хлебозапасных магазинов; живущие вверх по р. Енисей от г. Туруханска покупают хлеб в г. Енисейске чрез своих общественников, наиболее состоятельных, плавающих ежегодно, с открытием навигации, на своих судах в названный город для сбыта пушнины."
d68;1897 г.;;"35 Б. Обеспечение народного продовольствия К 1 января 1899 г., по возвращении части хлеба, выданного на весенний посев, в 421 экономическом сельском магазине находилось налицо запасного хлеба: озимого и ярового 401 288 четв. 2 чк. 4 гарн. менее 1897 г. на 39 272 четв. 4 гарн., в ссудах и недоимках озимого и ярового 62 997 четв. 23/4 гарн. более чем в 1897 г., на 49 019 четвертей, 5 четв . 35/8 гарн., а именно: По уЕздам Число магазинов Находилось налицо Состояло в ссудах и недоимке Озимого Ярового Озимого Ярового Красноярскому 80 75699- ,,-½ 25204- 3-2½ Енисейскому 97 33553-5-7½ 19210-6-4¾ 10092-7-6½ 10151-,,-1 Канскому 91 47595-2-5½ 33113-,,-1¾ 5873-4-¼ 7379-6-½ Ачинскому 39 73222- 3-3 1466- ,,-4 Минусинскому 114 36062-6-,, 82828-2-,, 314-1-,, 2515-5-,, Итого 421 401288-2-4 62997-,,-2¾ 464285-2-6¾ Как видно, запасами хлеба в экономических магазинах наиболее обеспечено население Минусинского и Канского уездов; наиболее же нуждаются Красноярский и Енисейский уезды, что показывает наивысший процент количества ссуженного хлеба к общему количеству его, числящемуся в магазинах. Жители станков Туруханского края, расположенных от г. Туруханска вниз по р. Енисей до Толстого Носа, запасают хлеб для своего продовольствия в летнее время с пароходов и судов, прибывающих в низовья р. Енисей из г. Красноярска и Енисейска ; в зимнее же время, при недостатке запасов, покупают у частных торговцев в селе Дудинском или получают ссуды из казенных хлебозапасных магазинов; живущие вверх по р. Енисей от г. Туруханска покупают хлеб в г. Енисейске чрез своих общественников, наиболее состоятельных, плавающих ежегодно, с открытием навигации, на своих судах в названный город для сбыта пушнины."
d69;1898 г.;;"36 В навигацию 1898 г. жители Туруханского края, хотя и запасались, по своим средствам, хлебом, но бедное население, и особенно инородцы, не могли обойтись без займа хлеба из казенных магазинов. Закупка хлеба на средства казны в казенные хлебозапасные магазины Туруханского края в отчетном году не производилась. В городских общественных магазинах налицо и в ссуде состояло запасного хлеба, а именно: в г. Красноярске недоимочного 1 244 четв . ¼ гарн., Канске 1 808 четв . 5 четк. 6 гарн., Ачинске 1 147 четв . 3 четк . 2 ½ и Минусинске 1 968 четв . 3 четк. 3 гарн . Сверх того, в г. Красноярске в магазине, принадлежащем казачьему населению, состояло хлеба 818 четк . 5 четв. 4 гарн. Кроме запасов хлеба продовольствие населения губернии обеспечивается продовольственными капиталами: 1 губернским, который до 1 января 1899 г. хранился под книжкой Государственного банка за № 17863 в сумме 75 053 руб. 29 коп., и процентными бумагами на 20 000 руб., но какие за сим были произведены по нему обороты — сведений не имеется, ввиду нахождения этого капитала в ведении Министерства внутренних дел; 2) мещанскими, хранящимися в Красноярском отделении Государственного банка, под книжками оного и частью сберегательных касс, а именно: Красноярска — 30 561 руб. 21 коп., Енисейска — 6 535 руб. 59 коп., Канска — 725 руб. 66 коп., Ачинска — 528 руб. 98 ¾ коп. и Минусинска — 16 100 руб. 94 ½ коп., всего в сумме 54 452 руб. 39 ¼ коп.; 3) крестьянскими: Канского уезда — 26 023 руб. 56 коп., Енисейского — до 40 000 руб., каковые суммы хранятся частью под книжками Красноярского отделения Государственного банка, частью сберегательных касс; 4) капиталом общественной запашки для выдачи ссуд крестьянам. В. Промыслы городского и сельского населения и Г. Промышленность заводская и фабричная (Приложением к этой статье служит ведомость № 2.) Жители г. Красноярска занимаются мелочною торговлею и разными ремеслами, между которыми преобладают: плотничное, сапожное и кузнечное, а отчасти земледелием, но только"
d70;1 января 1899 г.;;"36 В навигацию 1898 г. жители Туруханского края, хотя и запасались, по своим средствам, хлебом, но бедное население, и особенно инородцы, не могли обойтись без займа хлеба из казенных магазинов. Закупка хлеба на средства казны в казенные хлебозапасные магазины Туруханского края в отчетном году не производилась. В городских общественных магазинах налицо и в ссуде состояло запасного хлеба, а именно: в г. Красноярске недоимочного 1 244 четв . ¼ гарн., Канске 1 808 четв . 5 четк. 6 гарн., Ачинске 1 147 четв . 3 четк . 2 ½ и Минусинске 1 968 четв . 3 четк. 3 гарн . Сверх того, в г. Красноярске в магазине, принадлежащем казачьему населению, состояло хлеба 818 четк . 5 четв. 4 гарн. Кроме запасов хлеба продовольствие населения губернии обеспечивается продовольственными капиталами: 1 губернским, который до 1 января 1899 г. хранился под книжкой Государственного банка за № 17863 в сумме 75 053 руб. 29 коп., и процентными бумагами на 20 000 руб., но какие за сим были произведены по нему обороты — сведений не имеется, ввиду нахождения этого капитала в ведении Министерства внутренних дел; 2) мещанскими, хранящимися в Красноярском отделении Государственного банка, под книжками оного и частью сберегательных касс, а именно: Красноярска — 30 561 руб. 21 коп., Енисейска — 6 535 руб. 59 коп., Канска — 725 руб. 66 коп., Ачинска — 528 руб. 98 ¾ коп. и Минусинска — 16 100 руб. 94 ½ коп., всего в сумме 54 452 руб. 39 ¼ коп.; 3) крестьянскими: Канского уезда — 26 023 руб. 56 коп., Енисейского — до 40 000 руб., каковые суммы хранятся частью под книжками Красноярского отделения Государственного банка, частью сберегательных касс; 4) капиталом общественной запашки для выдачи ссуд крестьянам. В. Промыслы городского и сельского населения и Г. Промышленность заводская и фабричная (Приложением к этой статье служит ведомость № 2.) Жители г. Красноярска занимаются мелочною торговлею и разными ремеслами, между которыми преобладают: плотничное, сапожное и кузнечное, а отчасти земледелием, но только"
d71;1897 г.;;"37 в очень малых размерах. Обыватели г. Енисейска пропитываются извозом, рыболовством, плотничеством, кузнечными и другими работами, а также работами на золотых промыслах и на пароходах. Жители г. Канска преимущественно занимаются хлебопашеством и скотоводством, а затем торговлею и извозным промыслом; хлебопашеством жители города занимаются на казенных землях, каковые отдавались им в пользование за производство ремонта почтового тракта. В г. Ачинске жители, не обеспеченные достаточными средствами к жизни, частью занимаются хлебопашеством, частью извозничеством и в ограниченном размере разными ремеслами. Наконец, у жителей г. Минусинска промысел преимущественно в хлебопашестве и скотоводстве. Так как г. Минусинск расположен у р. Енисей, то по этой реке на пароходах, барках, плотах и лодках хлеб и скот сплавляется в г. Красноярск, Енисейск и Туруханский край. Скот сгоняется и в остальные округа Енисейской губернии и даже в г. Иркутск. Кроме того, жители занимаются ремесленными производствами, перевозкою тяжестей, также торговлею разными товарами, привозимыми с ярмарок. Имеются заведения: кожевенные, овчинные, мыловаренные, салотопенные , свечные и проч., производство которых с каждым годом увеличивается. Кроме земледелия, скотоводство составляет важнейшее занятие населения губернии. Всего в Енисейской губернии, по последним сведениям, считается, конечно, в приблизительных цифрах, до 1 634 388 голов, в том числе лошадей 446 930, рогатого скота 426 583, овец 630645, свиней 94 034, коз 13 189, оленей 22 500 и маралов ( изюбров ) 507. Против 1897 г. количество голов разного скота уменьшилось на 627 49, отчасти вследствие необходимости продать часть скота вследствие неурожая хлебов и недостатка денег и вследствие падежа от эпизоотических болезней, от которых пало до 309 голов. В Туруханском крае на 4 814 душ обоего пола крестьянского и иных сословий населения и на 7 673 души обоего пола инородческого населения приходится лошадей 568, коров 656 и оленей 22 500. Скотоводство развивается главным образом на юге губернии, преимущественно, как выше сказано, в Минусинском уезде, и сделалось у минусинских крестьян наиболее доходной"
d72;1898 г.;;"39 песков. Лес употребляется на постройки, дрова и на разного рода поделки; курят смолу и сдирают кожу для дубления. Кустарная промышленность крайне неразвита, будучи направлена на добывание и выделывание продуктов первой необходимости в повседневном домашнем быте, как то: производство изделий из льна и конопли (холста, неводов), шерсти (сукон , войлока, валенок) и шкур, гонка смолы дегтю и добыча извести; изготовление различных необходимейших поделок из дерева (посуды разного рода, саней, телег, дуг, колес, нарт и т. п.). В отчетном году населением губернии выделано изделий: из льна и конопли на 21 302 руб. 20 коп., из шерсти на 19 544 руб. 10 коп., из дерева на 24 622 руб. 70 коп., обработано овчин и шкур разных зверей на 4 326 руб. 25 коп., добыто смолы, дегтю и извести на 8 478 руб., травяных изделий (ковриков) на 110 руб., а всего выделано и добыто на сумму до 78 383 руб. 25 коп. Одним из важнейших и главное непрекращавшихся в течение целого года промыслов всего населения, составлявшем характерную черту его быта, был издавна извоз; им занимались как крестьяне, так и многие из горожан. Большой сибирский тракт давал значительный заработок притрактовому населению, особенно в Канском округе, где пролегает более половины этого тракта в губернии. Но к концу 1898 г., когда движение по железной дороге до г. Иркутска установилось, извозный промысел почти совершенно прекратился. Промыслы — рыболовство и звероловство — преобладают почти исключительно в северной части губернии, из них рыболовство является главнейшим промыслом как крестьянского, так и инородческого населения северной части Енисейского уезда с Туруханским краем; в четырех южных округах оно составляет постоянное занятие жителей между другими промыслами, но главное для собственного потребления. По имеющимся сведениям в течение 1898 г. по губернии добыто рыбы: красной, белой и икры на сумму до 129 335 руб. 15 коп. Звероловством занимаются на всем пространстве губернии, с тем лишь различием, что в северной части губернии, собственно в Енисейском уезде и Туруханском крае, этот промысел является постоянным существенным занятием"
d73;1898 г.;;"39 песков. Лес употребляется на постройки, дрова и на разного рода поделки; курят смолу и сдирают кожу для дубления. Кустарная промышленность крайне неразвита, будучи направлена на добывание и выделывание продуктов первой необходимости в повседневном домашнем быте, как то: производство изделий из льна и конопли (холста, неводов), шерсти (сукон , войлока, валенок) и шкур, гонка смолы дегтю и добыча извести; изготовление различных необходимейших поделок из дерева (посуды разного рода, саней, телег, дуг, колес, нарт и т. п.). В отчетном году населением губернии выделано изделий: из льна и конопли на 21 302 руб. 20 коп., из шерсти на 19 544 руб. 10 коп., из дерева на 24 622 руб. 70 коп., обработано овчин и шкур разных зверей на 4 326 руб. 25 коп., добыто смолы, дегтю и извести на 8 478 руб., травяных изделий (ковриков) на 110 руб., а всего выделано и добыто на сумму до 78 383 руб. 25 коп. Одним из важнейших и главное непрекращавшихся в течение целого года промыслов всего населения, составлявшем характерную черту его быта, был издавна извоз; им занимались как крестьяне, так и многие из горожан. Большой сибирский тракт давал значительный заработок притрактовому населению, особенно в Канском округе, где пролегает более половины этого тракта в губернии. Но к концу 1898 г., когда движение по железной дороге до г. Иркутска установилось, извозный промысел почти совершенно прекратился. Промыслы — рыболовство и звероловство — преобладают почти исключительно в северной части губернии, из них рыболовство является главнейшим промыслом как крестьянского, так и инородческого населения северной части Енисейского уезда с Туруханским краем; в четырех южных округах оно составляет постоянное занятие жителей между другими промыслами, но главное для собственного потребления. По имеющимся сведениям в течение 1898 г. по губернии добыто рыбы: красной, белой и икры на сумму до 129 335 руб. 15 коп. Звероловством занимаются на всем пространстве губернии, с тем лишь различием, что в северной части губернии, собственно в Енисейском уезде и Туруханском крае, этот промысел является постоянным существенным занятием"
d74;1898 г.;;40 жителей, как инородцев, так и русских, служа вместе с рыболовством единственным обеспечением их существования, тогда как в средней южной полосе губернии им занимаются между другими промыслами и только на крайнем юге им специально промышляют в тайге, по отрогам Саян, многие инородцы и некоторые из русских крестьян. Звериный промысел в губернии в 1898 г. выразился добычею на сумму 354 101 руб. На золотых промыслах, расположенных в районе губернии, в отчетном году находилось рабочих 8 804, менее предыдущего года на 364. Добыто золота 190 пуд. 27 ф. 64 з. 22 д., менее же предыдущего года на 4 п. 16 ф. 79 з. 90 д. Работы производились на промыслах: Число приисков:  1-й системы северной тайги — 95  2-й системы южной тайги — 127  3-й Красноярского и Канского округов — 18  4-й Ачинского — 31  5-й Минусинского — 49  6-й Усинского — необ. число Промыто песков, пудов:  1-й системы — 60750372  2-й системы — 101389795  3-й системы — 7606700  4-й системы — 18379100  5-й системы — 28396500  6-й системы — 10675480 Добыто золота:  1-й системы — 51 п. 12 ф. 80 з. 89 д.  2-й системы — 82 п. 16 ф. 47 з. 60 д.  3-й системы — 6 п. 330 ф. 6 з. 41 д.  4-й системы — 13 п. 32 ф. 60 з. 38 д.  5-й системы — 29 п. 6 ф. 45 з. 84 д.  6-й системы — 7 п. 6 ф. 14 з. 94 д. Итого: 190 п. 27 ф. 64 з. 22 д.
d75;15 февраля 1894 г.;;44 Д. Лесоустройство По представлению Министерства государственных имуществ 15 февраля 1894 г. состоялось Высочайше утвержденное положение Государственного совета об отделении лучших и важнейших казенных лесов в иркутском генерал-губернаторстве в особые заказники, с изъятием их из свободного пользования населения и с образованием затем из этих заказников административно-хозяйственных уездов или лесничеств, с возложением главного специального заведования заказными лесами по губерниям на местные казенные палаты. Для исполнения работ по образованию заказников были командированы в распоряжение иркутского генерал-губернатора лесные чины, в составе четырех ревизоров лесоустройства и при них двенадцать лесных кондукторов. Для объединения же и общего направления этих работ назначен вице-инспектор корпуса лесничих. Работы по образованию заказников, начатые чинами лесоустройства в 1895 г., продолжались и в 1898 г. Работы заключались в осмотре лесов вообще и в более подробном исследовании ценных лесных дач. В отчетном году осмотрены леса вдоль р. Енисей в пределах Усинского Пограничного округа и в Ачинском уезде 30-верстная полоса лесов вдоль Московского тракта, севернее последнего, между р. Большой Кемчуг и Улуй. Обязательным постановлением г-на иркутского военного генерал-губернатора 1898 г. упомянутые лесные пространства изъяты из свободного пользования обывателей и образованы заказники: Усинской площадью в 310 000 дес. и Улуйско-Кемчугский площадью в 174 000 дес. Кроме того, произведено подробное исследование в некоторых дачах Ачинского лесничества посредством прорубки просек и разделением дач на отдельные части — кварталы, примерно в 50 000 дес. Производилось подробное исследование насаждений по устройству Мало-Кемчугской дачи Красноярского уезда, расположенной по линии железной дороги, между станциями Жуковка и Еловская, площадью до 60 000 дес., но за поздним открытием полевых работ и по недостатку лесных чинов устройство названной дачи осталось незаконченным.
d76;1895 г.;;44 Д. Лесоустройство По представлению Министерства государственных имуществ 15 февраля 1894 г. состоялось Высочайше утвержденное положение Государственного совета об отделении лучших и важнейших казенных лесов в иркутском генерал-губернаторстве в особые заказники, с изъятием их из свободного пользования населения и с образованием затем из этих заказников административно-хозяйственных уездов или лесничеств, с возложением главного специального заведования заказными лесами по губерниям на местные казенные палаты. Для исполнения работ по образованию заказников были командированы в распоряжение иркутского генерал-губернатора лесные чины, в составе четырех ревизоров лесоустройства и при них двенадцать лесных кондукторов. Для объединения же и общего направления этих работ назначен вице-инспектор корпуса лесничих. Работы по образованию заказников, начатые чинами лесоустройства в 1895 г., продолжались и в 1898 г. Работы заключались в осмотре лесов вообще и в более подробном исследовании ценных лесных дач. В отчетном году осмотрены леса вдоль р. Енисей в пределах Усинского Пограничного округа и в Ачинском уезде 30-верстная полоса лесов вдоль Московского тракта, севернее последнего, между р. Большой Кемчуг и Улуй. Обязательным постановлением г-на иркутского военного генерал-губернатора 1898 г. упомянутые лесные пространства изъяты из свободного пользования обывателей и образованы заказники: Усинской площадью в 310 000 дес. и Улуйско-Кемчугский площадью в 174 000 дес. Кроме того, произведено подробное исследование в некоторых дачах Ачинского лесничества посредством прорубки просек и разделением дач на отдельные части — кварталы, примерно в 50 000 дес. Производилось подробное исследование насаждений по устройству Мало-Кемчугской дачи Красноярского уезда, расположенной по линии железной дороги, между станциями Жуковка и Еловская, площадью до 60 000 дес., но за поздним открытием полевых работ и по недостатку лесных чинов устройство названной дачи осталось незаконченным.
d77;1898 г.;;44 Д. Лесоустройство По представлению Министерства государственных имуществ 15 февраля 1894 г. состоялось Высочайше утвержденное положение Государственного совета об отделении лучших и важнейших казенных лесов в иркутском генерал-губернаторстве в особые заказники, с изъятием их из свободного пользования населения и с образованием затем из этих заказников административно-хозяйственных уездов или лесничеств, с возложением главного специального заведования заказными лесами по губерниям на местные казенные палаты. Для исполнения работ по образованию заказников были командированы в распоряжение иркутского генерал-губернатора лесные чины, в составе четырех ревизоров лесоустройства и при них двенадцать лесных кондукторов. Для объединения же и общего направления этих работ назначен вице-инспектор корпуса лесничих. Работы по образованию заказников, начатые чинами лесоустройства в 1895 г., продолжались и в 1898 г. Работы заключались в осмотре лесов вообще и в более подробном исследовании ценных лесных дач. В отчетном году осмотрены леса вдоль р. Енисей в пределах Усинского Пограничного округа и в Ачинском уезде 30-верстная полоса лесов вдоль Московского тракта, севернее последнего, между р. Большой Кемчуг и Улуй. Обязательным постановлением г-на иркутского военного генерал-губернатора 1898 г. упомянутые лесные пространства изъяты из свободного пользования обывателей и образованы заказники: Усинской площадью в 310 000 дес. и Улуйско-Кемчугский площадью в 174 000 дес. Кроме того, произведено подробное исследование в некоторых дачах Ачинского лесничества посредством прорубки просек и разделением дач на отдельные части — кварталы, примерно в 50 000 дес. Производилось подробное исследование насаждений по устройству Мало-Кемчугской дачи Красноярского уезда, расположенной по линии железной дороги, между станциями Жуковка и Еловская, площадью до 60 000 дес., но за поздним открытием полевых работ и по недостатку лесных чинов устройство названной дачи осталось незаконченным.
d78;1898 г.;;44 Д. Лесоустройство По представлению Министерства государственных имуществ 15 февраля 1894 г. состоялось Высочайше утвержденное положение Государственного совета об отделении лучших и важнейших казенных лесов в иркутском генерал-губернаторстве в особые заказники, с изъятием их из свободного пользования населения и с образованием затем из этих заказников административно-хозяйственных уездов или лесничеств, с возложением главного специального заведования заказными лесами по губерниям на местные казенные палаты. Для исполнения работ по образованию заказников были командированы в распоряжение иркутского генерал-губернатора лесные чины, в составе четырех ревизоров лесоустройства и при них двенадцать лесных кондукторов. Для объединения же и общего направления этих работ назначен вице-инспектор корпуса лесничих. Работы по образованию заказников, начатые чинами лесоустройства в 1895 г., продолжались и в 1898 г. Работы заключались в осмотре лесов вообще и в более подробном исследовании ценных лесных дач. В отчетном году осмотрены леса вдоль р. Енисей в пределах Усинского Пограничного округа и в Ачинском уезде 30-верстная полоса лесов вдоль Московского тракта, севернее последнего, между р. Большой Кемчуг и Улуй. Обязательным постановлением г-на иркутского военного генерал-губернатора 1898 г. упомянутые лесные пространства изъяты из свободного пользования обывателей и образованы заказники: Усинской площадью в 310 000 дес. и Улуйско-Кемчугский площадью в 174 000 дес. Кроме того, произведено подробное исследование в некоторых дачах Ачинского лесничества посредством прорубки просек и разделением дач на отдельные части — кварталы, примерно в 50 000 дес. Производилось подробное исследование насаждений по устройству Мало-Кемчугской дачи Красноярского уезда, расположенной по линии железной дороги, между станциями Жуковка и Еловская, площадью до 60 000 дес., но за поздним открытием полевых работ и по недостатку лесных чинов устройство названной дачи осталось незаконченным.
d79;1 января 1899 г.;;"47 Всех ярмарок в губ. было 16; привезено товара на 663 815 руб., продано на 208 363 руб., менее прошлого года на 34 188 руб. Ярмарок, обороты которых простирались бы на сумму более 306 тыс. руб., не было. Обороты более важных ярмарок в Ачинском уезде были Филипповской и Никольской (Шарыповской волости). Никольской (Балахтинской волости) и Рождественской (Подсосенской волости), оборот которых простирался до 155 400 руб. В Минусинском уезде на шести ярмарках: Рождественской, Покровской, Знаменской , Георгиевской, Крещенской и Введенской продано товара на 52 963 руб. Привозную торговлю составляют мануфактурные, колониальные, галантерейные товары и виноградные вина; вывоз же: хлеб, железо, кожи, овчина, конский волос и щетина. Ж. Движение населения (Приложением к этой статье служит ведомость № 3.) К 1 января 1899 г. по данным первой всеобщей переписи населения 28 января 1897 г. состояло в Енисейской губернии мужеского пола 291 555, женского 268 347, всего 559 902. Население губернии располагается по городам и уездам следующим образом: а) В городах: муж. жен. обоего пола  Красноярске 14573 12027 26600  Енисейске 5952 5587 11539  Канске 4482 3022 7504  Ачинске 3453 3261 6714  Минусинске 5087 5168 10255  Туруханске 106 94 200 Итого: 33653 29159 62812 б) В уездах:  Красноярском 34836 32877 67713  Енисейском 28293 25382 53675  Канском 46950 39202 86152  Ачинском 53424 50668 104092"
d80;28 января 1897 г.;;"47 Всех ярмарок в губ. было 16; привезено товара на 663 815 руб., продано на 208 363 руб., менее прошлого года на 34 188 руб. Ярмарок, обороты которых простирались бы на сумму более 306 тыс. руб., не было. Обороты более важных ярмарок в Ачинском уезде были Филипповской и Никольской (Шарыповской волости). Никольской (Балахтинской волости) и Рождественской (Подсосенской волости), оборот которых простирался до 155 400 руб. В Минусинском уезде на шести ярмарках: Рождественской, Покровской, Знаменской , Георгиевской, Крещенской и Введенской продано товара на 52 963 руб. Привозную торговлю составляют мануфактурные, колониальные, галантерейные товары и виноградные вина; вывоз же: хлеб, железо, кожи, овчина, конский волос и щетина. Ж. Движение населения (Приложением к этой статье служит ведомость № 3.) К 1 января 1899 г. по данным первой всеобщей переписи населения 28 января 1897 г. состояло в Енисейской губернии мужеского пола 291 555, женского 268 347, всего 559 902. Население губернии располагается по городам и уездам следующим образом: а) В городах: муж. жен. обоего пола  Красноярске 14573 12027 26600  Енисейске 5952 5587 11539  Канске 4482 3022 7504  Ачинске 3453 3261 6714  Минусинске 5087 5168 10255  Туруханске 106 94 200 Итого: 33653 29159 62812 б) В уездах:  Красноярском 34836 32877 67713  Енисейском 28293 25382 53675  Канском 46950 39202 86152  Ачинском 53424 50668 104092"
d81;1 января 1898 г.;;Итого: 3. Браков: а) в городах — 432 б) уездах — 3544 Итого в губернии: 3976 II. ПОДАТИ И ПОВИННОСТИ (Приложением к этой статье служит ведомость № 4.) А. Окладные взыскания По подушной и оброчной податям, по сборам на меже - вание, на пособие в пожарных случаях и по экономическому капиталу движение податей было следующее: к 1 января 1898 г. оставалось в недоимке 120 097 руб. 4 ¼ коп. На от - четный год причислено недоимок 17 769 руб. 9 ¾ коп., ис - ключено недоимок 55 352 руб. 4 ½ коп., за причислениями и исключениями причиталось в отчетном году к поступле - нию недоимок 82 514 руб. 14 коп. и оклада 402 176 руб. 48¾ коп., в счет платежей в отчетном году поступило по казначействам своей губернии оклада и недоимок 386 740 руб. 91 коп., и зачтено в прежние годы оклада 3 822 руб. 6¾ коп., осталось в недоимках к 1 января 1899 г. 94 127 руб. 65 коп. Кроме того, осталось к тому же 1 января 44 коп. подати, следующей к поступлению в 1898 г. с кочевых и бродячих инородцев недоимки 11 700 руб. 51 коп. и оклада 1 950 руб. 8½ коп. Налога с недвижимых имуществ и пени с налога оставалось в недоимке 1 823 руб. 5 ½ коп. На отчетный год
d82;1 января 1899 г.;;Итого: 3. Браков: а) в городах — 432 б) уездах — 3544 Итого в губернии: 3976 II. ПОДАТИ И ПОВИННОСТИ (Приложением к этой статье служит ведомость № 4.) А. Окладные взыскания По подушной и оброчной податям, по сборам на меже - вание, на пособие в пожарных случаях и по экономическому капиталу движение податей было следующее: к 1 января 1898 г. оставалось в недоимке 120 097 руб. 4 ¼ коп. На от - четный год причислено недоимок 17 769 руб. 9 ¾ коп., ис - ключено недоимок 55 352 руб. 4 ½ коп., за причислениями и исключениями причиталось в отчетном году к поступле - нию недоимок 82 514 руб. 14 коп. и оклада 402 176 руб. 48¾ коп., в счет платежей в отчетном году поступило по казначействам своей губернии оклада и недоимок 386 740 руб. 91 коп., и зачтено в прежние годы оклада 3 822 руб. 6¾ коп., осталось в недоимках к 1 января 1899 г. 94 127 руб. 65 коп. Кроме того, осталось к тому же 1 января 44 коп. подати, следующей к поступлению в 1898 г. с кочевых и бродячих инородцев недоимки 11 700 руб. 51 коп. и оклада 1 950 руб. 8½ коп. Налога с недвижимых имуществ и пени с налога оставалось в недоимке 1 823 руб. 5 ½ коп. На отчетный год
d83;1898 г.;;Итого: 3. Браков: а) в городах — 432 б) уездах — 3544 Итого в губернии: 3976 II. ПОДАТИ И ПОВИННОСТИ (Приложением к этой статье служит ведомость № 4.) А. Окладные взыскания По подушной и оброчной податям, по сборам на меже - вание, на пособие в пожарных случаях и по экономическому капиталу движение податей было следующее: к 1 января 1898 г. оставалось в недоимке 120 097 руб. 4 ¼ коп. На от - четный год причислено недоимок 17 769 руб. 9 ¾ коп., ис - ключено недоимок 55 352 руб. 4 ½ коп., за причислениями и исключениями причиталось в отчетном году к поступле - нию недоимок 82 514 руб. 14 коп. и оклада 402 176 руб. 48¾ коп., в счет платежей в отчетном году поступило по казначействам своей губернии оклада и недоимок 386 740 руб. 91 коп., и зачтено в прежние годы оклада 3 822 руб. 6¾ коп., осталось в недоимках к 1 января 1899 г. 94 127 руб. 65 коп. Кроме того, осталось к тому же 1 января 44 коп. подати, следующей к поступлению в 1898 г. с кочевых и бродячих инородцев недоимки 11 700 руб. 51 коп. и оклада 1 950 руб. 8½ коп. Налога с недвижимых имуществ и пени с налога оставалось в недоимке 1 823 руб. 5 ½ коп. На отчетный год
d84;1 января 1899 г.;;52 причислено недоимки 642 руб. 6 коп., исключено недоимок 573 руб. 92 ½ коп., за причислениями и исключениями причиталось к поступлению недоимок 1 891 руб. 19 коп. и оклада 18 016 руб. 18 коп. В счет платежей отчетного года поступило по казначействам своей губернии 18 357 руб. 3 коп. и зачтено в прежние годы оклада 1 коп., осталось в недоимках к 1 января 1899 г. 1 550 руб. 33 коп. Б. Земские сборы Губернских земских сборов к 1 января 1898 г. оставалось в недоимке всего 66 406 руб. 27¼ коп., на отчетный год причислено недоимок 2 699 руб. 99 ¼ коп., исключено недоимок 7 589 руб. 8 ¾ коп., за причислениями и исключениями причиталось к получению недоимок 61 517 руб. 17 ¾ коп. и оклада 173 401 руб. 81 ¾ коп. В отчет платежей отчетного года поступило по казначействам своей губернии недоимок 15 668 руб. 95 коп. и оклада 155 539 руб. 20 ½ коп., зачтено за поступлением в прежние годы 664 руб. 68 ¾ коп., осталось в недоимках к 1 января 1899 г. 63 046 руб. 16 коп. Частных земских сборов к 1 января 1898 г. оставалось в недоимке 6 935 руб. 11 ¼ коп., на отчетный год причислено недоимок 84 руб. 41 ¾ коп., исключено недоимок 468 руб. 4½ коп., за причислениями и исключениями причиталось к поступлению недоимок 6 551 руб. 48 ½ коп. В счет платежей отчетного года поступило по казначействам своей губернии недоимок 1 077 руб. 1 коп., зачтено за поступлением в прежние годы недоимок 1 руб. 18¼ коп., осталось в недоимках к 1 января 1899 г. 5 473 руб. 29½ коп. Вообще же по вышеперечисленным податям и земским сборам (подробно показанным в ведомости № 4) с недоимками прежних лет, по счетам Енисейской казенной палаты, следовало в 1898 г. поступить недоимок подушной и оброчной податей 206 961 руб. 99¼ коп., в числе этой суммы числится подлежащих к поступлению в следующие годы по государственным доходам 42467 руб. 67¼ коп. Недоимка против 1897 г. уменьшилась на 29 114 руб. 96½ коп. Из общей суммы недоимок самая значительная часть числится за ссыльными разных категорий.
d85;1 января 1898 г.;;52 причислено недоимки 642 руб. 6 коп., исключено недоимок 573 руб. 92 ½ коп., за причислениями и исключениями причиталось к поступлению недоимок 1 891 руб. 19 коп. и оклада 18 016 руб. 18 коп. В счет платежей отчетного года поступило по казначействам своей губернии 18 357 руб. 3 коп. и зачтено в прежние годы оклада 1 коп., осталось в недоимках к 1 января 1899 г. 1 550 руб. 33 коп. Б. Земские сборы Губернских земских сборов к 1 января 1898 г. оставалось в недоимке всего 66 406 руб. 27¼ коп., на отчетный год причислено недоимок 2 699 руб. 99 ¼ коп., исключено недоимок 7 589 руб. 8 ¾ коп., за причислениями и исключениями причиталось к получению недоимок 61 517 руб. 17 ¾ коп. и оклада 173 401 руб. 81 ¾ коп. В отчет платежей отчетного года поступило по казначействам своей губернии недоимок 15 668 руб. 95 коп. и оклада 155 539 руб. 20 ½ коп., зачтено за поступлением в прежние годы 664 руб. 68 ¾ коп., осталось в недоимках к 1 января 1899 г. 63 046 руб. 16 коп. Частных земских сборов к 1 января 1898 г. оставалось в недоимке 6 935 руб. 11 ¼ коп., на отчетный год причислено недоимок 84 руб. 41 ¾ коп., исключено недоимок 468 руб. 4½ коп., за причислениями и исключениями причиталось к поступлению недоимок 6 551 руб. 48 ½ коп. В счет платежей отчетного года поступило по казначействам своей губернии недоимок 1 077 руб. 1 коп., зачтено за поступлением в прежние годы недоимок 1 руб. 18¼ коп., осталось в недоимках к 1 января 1899 г. 5 473 руб. 29½ коп. Вообще же по вышеперечисленным податям и земским сборам (подробно показанным в ведомости № 4) с недоимками прежних лет, по счетам Енисейской казенной палаты, следовало в 1898 г. поступить недоимок подушной и оброчной податей 206 961 руб. 99¼ коп., в числе этой суммы числится подлежащих к поступлению в следующие годы по государственным доходам 42467 руб. 67¼ коп. Недоимка против 1897 г. уменьшилась на 29 114 руб. 96½ коп. Из общей суммы недоимок самая значительная часть числится за ссыльными разных категорий.
d86;1 января 1899 г.;;52 причислено недоимки 642 руб. 6 коп., исключено недоимок 573 руб. 92 ½ коп., за причислениями и исключениями причиталось к поступлению недоимок 1 891 руб. 19 коп. и оклада 18 016 руб. 18 коп. В счет платежей отчетного года поступило по казначействам своей губернии 18 357 руб. 3 коп. и зачтено в прежние годы оклада 1 коп., осталось в недоимках к 1 января 1899 г. 1 550 руб. 33 коп. Б. Земские сборы Губернских земских сборов к 1 января 1898 г. оставалось в недоимке всего 66 406 руб. 27¼ коп., на отчетный год причислено недоимок 2 699 руб. 99 ¼ коп., исключено недоимок 7 589 руб. 8 ¾ коп., за причислениями и исключениями причиталось к получению недоимок 61 517 руб. 17 ¾ коп. и оклада 173 401 руб. 81 ¾ коп. В отчет платежей отчетного года поступило по казначействам своей губернии недоимок 15 668 руб. 95 коп. и оклада 155 539 руб. 20 ½ коп., зачтено за поступлением в прежние годы 664 руб. 68 ¾ коп., осталось в недоимках к 1 января 1899 г. 63 046 руб. 16 коп. Частных земских сборов к 1 января 1898 г. оставалось в недоимке 6 935 руб. 11 ¼ коп., на отчетный год причислено недоимок 84 руб. 41 ¾ коп., исключено недоимок 468 руб. 4½ коп., за причислениями и исключениями причиталось к поступлению недоимок 6 551 руб. 48 ½ коп. В счет платежей отчетного года поступило по казначействам своей губернии недоимок 1 077 руб. 1 коп., зачтено за поступлением в прежние годы недоимок 1 руб. 18¼ коп., осталось в недоимках к 1 января 1899 г. 5 473 руб. 29½ коп. Вообще же по вышеперечисленным податям и земским сборам (подробно показанным в ведомости № 4) с недоимками прежних лет, по счетам Енисейской казенной палаты, следовало в 1898 г. поступить недоимок подушной и оброчной податей 206 961 руб. 99¼ коп., в числе этой суммы числится подлежащих к поступлению в следующие годы по государственным доходам 42467 руб. 67¼ коп. Недоимка против 1897 г. уменьшилась на 29 114 руб. 96½ коп. Из общей суммы недоимок самая значительная часть числится за ссыльными разных категорий.
d87;1 января 1898 г.;;52 причислено недоимки 642 руб. 6 коп., исключено недоимок 573 руб. 92 ½ коп., за причислениями и исключениями причиталось к поступлению недоимок 1 891 руб. 19 коп. и оклада 18 016 руб. 18 коп. В счет платежей отчетного года поступило по казначействам своей губернии 18 357 руб. 3 коп. и зачтено в прежние годы оклада 1 коп., осталось в недоимках к 1 января 1899 г. 1 550 руб. 33 коп. Б. Земские сборы Губернских земских сборов к 1 января 1898 г. оставалось в недоимке всего 66 406 руб. 27¼ коп., на отчетный год причислено недоимок 2 699 руб. 99 ¼ коп., исключено недоимок 7 589 руб. 8 ¾ коп., за причислениями и исключениями причиталось к получению недоимок 61 517 руб. 17 ¾ коп. и оклада 173 401 руб. 81 ¾ коп. В отчет платежей отчетного года поступило по казначействам своей губернии недоимок 15 668 руб. 95 коп. и оклада 155 539 руб. 20 ½ коп., зачтено за поступлением в прежние годы 664 руб. 68 ¾ коп., осталось в недоимках к 1 января 1899 г. 63 046 руб. 16 коп. Частных земских сборов к 1 января 1898 г. оставалось в недоимке 6 935 руб. 11 ¼ коп., на отчетный год причислено недоимок 84 руб. 41 ¾ коп., исключено недоимок 468 руб. 4½ коп., за причислениями и исключениями причиталось к поступлению недоимок 6 551 руб. 48 ½ коп. В счет платежей отчетного года поступило по казначействам своей губернии недоимок 1 077 руб. 1 коп., зачтено за поступлением в прежние годы недоимок 1 руб. 18¼ коп., осталось в недоимках к 1 января 1899 г. 5 473 руб. 29½ коп. Вообще же по вышеперечисленным податям и земским сборам (подробно показанным в ведомости № 4) с недоимками прежних лет, по счетам Енисейской казенной палаты, следовало в 1898 г. поступить недоимок подушной и оброчной податей 206 961 руб. 99¼ коп., в числе этой суммы числится подлежащих к поступлению в следующие годы по государственным доходам 42467 руб. 67¼ коп. Недоимка против 1897 г. уменьшилась на 29 114 руб. 96½ коп. Из общей суммы недоимок самая значительная часть числится за ссыльными разных категорий.
d88;1 января 1899 г.;;52 причислено недоимки 642 руб. 6 коп., исключено недоимок 573 руб. 92 ½ коп., за причислениями и исключениями причиталось к поступлению недоимок 1 891 руб. 19 коп. и оклада 18 016 руб. 18 коп. В счет платежей отчетного года поступило по казначействам своей губернии 18 357 руб. 3 коп. и зачтено в прежние годы оклада 1 коп., осталось в недоимках к 1 января 1899 г. 1 550 руб. 33 коп. Б. Земские сборы Губернских земских сборов к 1 января 1898 г. оставалось в недоимке всего 66 406 руб. 27¼ коп., на отчетный год причислено недоимок 2 699 руб. 99 ¼ коп., исключено недоимок 7 589 руб. 8 ¾ коп., за причислениями и исключениями причиталось к получению недоимок 61 517 руб. 17 ¾ коп. и оклада 173 401 руб. 81 ¾ коп. В отчет платежей отчетного года поступило по казначействам своей губернии недоимок 15 668 руб. 95 коп. и оклада 155 539 руб. 20 ½ коп., зачтено за поступлением в прежние годы 664 руб. 68 ¾ коп., осталось в недоимках к 1 января 1899 г. 63 046 руб. 16 коп. Частных земских сборов к 1 января 1898 г. оставалось в недоимке 6 935 руб. 11 ¼ коп., на отчетный год причислено недоимок 84 руб. 41 ¾ коп., исключено недоимок 468 руб. 4½ коп., за причислениями и исключениями причиталось к поступлению недоимок 6 551 руб. 48 ½ коп. В счет платежей отчетного года поступило по казначействам своей губернии недоимок 1 077 руб. 1 коп., зачтено за поступлением в прежние годы недоимок 1 руб. 18¼ коп., осталось в недоимках к 1 января 1899 г. 5 473 руб. 29½ коп. Вообще же по вышеперечисленным податям и земским сборам (подробно показанным в ведомости № 4) с недоимками прежних лет, по счетам Енисейской казенной палаты, следовало в 1898 г. поступить недоимок подушной и оброчной податей 206 961 руб. 99¼ коп., в числе этой суммы числится подлежащих к поступлению в следующие годы по государственным доходам 42467 руб. 67¼ коп. Недоимка против 1897 г. уменьшилась на 29 114 руб. 96½ коп. Из общей суммы недоимок самая значительная часть числится за ссыльными разных категорий.
d89;1898 г.;;52 причислено недоимки 642 руб. 6 коп., исключено недоимок 573 руб. 92 ½ коп., за причислениями и исключениями причиталось к поступлению недоимок 1 891 руб. 19 коп. и оклада 18 016 руб. 18 коп. В счет платежей отчетного года поступило по казначействам своей губернии 18 357 руб. 3 коп. и зачтено в прежние годы оклада 1 коп., осталось в недоимках к 1 января 1899 г. 1 550 руб. 33 коп. Б. Земские сборы Губернских земских сборов к 1 января 1898 г. оставалось в недоимке всего 66 406 руб. 27¼ коп., на отчетный год причислено недоимок 2 699 руб. 99 ¼ коп., исключено недоимок 7 589 руб. 8 ¾ коп., за причислениями и исключениями причиталось к получению недоимок 61 517 руб. 17 ¾ коп. и оклада 173 401 руб. 81 ¾ коп. В отчет платежей отчетного года поступило по казначействам своей губернии недоимок 15 668 руб. 95 коп. и оклада 155 539 руб. 20 ½ коп., зачтено за поступлением в прежние годы 664 руб. 68 ¾ коп., осталось в недоимках к 1 января 1899 г. 63 046 руб. 16 коп. Частных земских сборов к 1 января 1898 г. оставалось в недоимке 6 935 руб. 11 ¼ коп., на отчетный год причислено недоимок 84 руб. 41 ¾ коп., исключено недоимок 468 руб. 4½ коп., за причислениями и исключениями причиталось к поступлению недоимок 6 551 руб. 48 ½ коп. В счет платежей отчетного года поступило по казначействам своей губернии недоимок 1 077 руб. 1 коп., зачтено за поступлением в прежние годы недоимок 1 руб. 18¼ коп., осталось в недоимках к 1 января 1899 г. 5 473 руб. 29½ коп. Вообще же по вышеперечисленным податям и земским сборам (подробно показанным в ведомости № 4) с недоимками прежних лет, по счетам Енисейской казенной палаты, следовало в 1898 г. поступить недоимок подушной и оброчной податей 206 961 руб. 99¼ коп., в числе этой суммы числится подлежащих к поступлению в следующие годы по государственным доходам 42467 руб. 67¼ коп. Недоимка против 1897 г. уменьшилась на 29 114 руб. 96½ коп. Из общей суммы недоимок самая значительная часть числится за ссыльными разных категорий.
d90;1897 г.;;52 причислено недоимки 642 руб. 6 коп., исключено недоимок 573 руб. 92 ½ коп., за причислениями и исключениями причиталось к поступлению недоимок 1 891 руб. 19 коп. и оклада 18 016 руб. 18 коп. В счет платежей отчетного года поступило по казначействам своей губернии 18 357 руб. 3 коп. и зачтено в прежние годы оклада 1 коп., осталось в недоимках к 1 января 1899 г. 1 550 руб. 33 коп. Б. Земские сборы Губернских земских сборов к 1 января 1898 г. оставалось в недоимке всего 66 406 руб. 27¼ коп., на отчетный год причислено недоимок 2 699 руб. 99 ¼ коп., исключено недоимок 7 589 руб. 8 ¾ коп., за причислениями и исключениями причиталось к получению недоимок 61 517 руб. 17 ¾ коп. и оклада 173 401 руб. 81 ¾ коп. В отчет платежей отчетного года поступило по казначействам своей губернии недоимок 15 668 руб. 95 коп. и оклада 155 539 руб. 20 ½ коп., зачтено за поступлением в прежние годы 664 руб. 68 ¾ коп., осталось в недоимках к 1 января 1899 г. 63 046 руб. 16 коп. Частных земских сборов к 1 января 1898 г. оставалось в недоимке 6 935 руб. 11 ¼ коп., на отчетный год причислено недоимок 84 руб. 41 ¾ коп., исключено недоимок 468 руб. 4½ коп., за причислениями и исключениями причиталось к поступлению недоимок 6 551 руб. 48 ½ коп. В счет платежей отчетного года поступило по казначействам своей губернии недоимок 1 077 руб. 1 коп., зачтено за поступлением в прежние годы недоимок 1 руб. 18¼ коп., осталось в недоимках к 1 января 1899 г. 5 473 руб. 29½ коп. Вообще же по вышеперечисленным податям и земским сборам (подробно показанным в ведомости № 4) с недоимками прежних лет, по счетам Енисейской казенной палаты, следовало в 1898 г. поступить недоимок подушной и оброчной податей 206 961 руб. 99¼ коп., в числе этой суммы числится подлежащих к поступлению в следующие годы по государственным доходам 42467 руб. 67¼ коп. Недоимка против 1897 г. уменьшилась на 29 114 руб. 96½ коп. Из общей суммы недоимок самая значительная часть числится за ссыльными разных категорий.
d91;1898 год;;"53 В. О казенных доходах и расходах по казначействам Енисейской губернии за 1898 год Всех казенных доходов в 1898 г. было на сумму 3 649 053 руб. 95 коп. Сумма эта составилась из следующих доходов: 1) подушных, оброчных и проч. окладных сборов 413 008 руб. 54 коп.; 2) питейно -акцизных и за казенное вино 241 9191 руб. 75 коп., в каковой сумме заключается: акциза с вина и спирта 2 134 128 руб. 50 коп., с водок, выделываемых из спирта, 6 955 руб., с пива и меда 13 465 руб. 64 коп., с сахара 29 111 руб. 17 коп., с осветительных нефтяных масел 35 076 руб. 53 коп., с табака 4 руб. 80 коп., патентный сбор 194 676 руб. 72 коп. и штрафы 5 773 руб. 39 коп.; 3) от оброчных статей 95 576 руб. 91 коп.; 4) неокладных сборов 721 276 руб. 75 коп., в каковой сумме заключаются случайные доходы 6 081 руб. 21 коп. Казенных расходов произведено в 1898 г. 2 494 968 руб. 59 коп. по нижеследующим ведомствам: по сметам государственного кредита 5 478 руб. 16 коп., по ведомству Святейшего Синода 141 242 руб. 99 коп., по Министерству Императорского Двора 300 руб., Военного министерства 255 561 руб. 8 коп., Министерства финансов 270 038 руб. 11 коп., Министерства земледелия и государственных имуществ 176 927 руб. 24 коп., Министерства внутренних дел 499 894 руб. 69 коп., высших государственных учреждений 90 руб., Министерства народного просвещения 89 180 руб. 91 коп., Министерства юстиции 385 227 руб. 80 коп., Министерства путей сообщения ( чрезвыч . расходы) 279 144 руб. 95 коп., фонд вспомогательных предприятий Сибирской железной дороги 391 882 руб. 66 коп. Доходы превысили расходы на 1 154 085 руб. 36 коп."
d92;1898 г.;;"53 В. О казенных доходах и расходах по казначействам Енисейской губернии за 1898 год Всех казенных доходов в 1898 г. было на сумму 3 649 053 руб. 95 коп. Сумма эта составилась из следующих доходов: 1) подушных, оброчных и проч. окладных сборов 413 008 руб. 54 коп.; 2) питейно -акцизных и за казенное вино 241 9191 руб. 75 коп., в каковой сумме заключается: акциза с вина и спирта 2 134 128 руб. 50 коп., с водок, выделываемых из спирта, 6 955 руб., с пива и меда 13 465 руб. 64 коп., с сахара 29 111 руб. 17 коп., с осветительных нефтяных масел 35 076 руб. 53 коп., с табака 4 руб. 80 коп., патентный сбор 194 676 руб. 72 коп. и штрафы 5 773 руб. 39 коп.; 3) от оброчных статей 95 576 руб. 91 коп.; 4) неокладных сборов 721 276 руб. 75 коп., в каковой сумме заключаются случайные доходы 6 081 руб. 21 коп. Казенных расходов произведено в 1898 г. 2 494 968 руб. 59 коп. по нижеследующим ведомствам: по сметам государственного кредита 5 478 руб. 16 коп., по ведомству Святейшего Синода 141 242 руб. 99 коп., по Министерству Императорского Двора 300 руб., Военного министерства 255 561 руб. 8 коп., Министерства финансов 270 038 руб. 11 коп., Министерства земледелия и государственных имуществ 176 927 руб. 24 коп., Министерства внутренних дел 499 894 руб. 69 коп., высших государственных учреждений 90 руб., Министерства народного просвещения 89 180 руб. 91 коп., Министерства юстиции 385 227 руб. 80 коп., Министерства путей сообщения ( чрезвыч . расходы) 279 144 руб. 95 коп., фонд вспомогательных предприятий Сибирской железной дороги 391 882 руб. 66 коп. Доходы превысили расходы на 1 154 085 руб. 36 коп."
d93;1898 г.;;"53 В. О казенных доходах и расходах по казначействам Енисейской губернии за 1898 год Всех казенных доходов в 1898 г. было на сумму 3 649 053 руб. 95 коп. Сумма эта составилась из следующих доходов: 1) подушных, оброчных и проч. окладных сборов 413 008 руб. 54 коп.; 2) питейно -акцизных и за казенное вино 241 9191 руб. 75 коп., в каковой сумме заключается: акциза с вина и спирта 2 134 128 руб. 50 коп., с водок, выделываемых из спирта, 6 955 руб., с пива и меда 13 465 руб. 64 коп., с сахара 29 111 руб. 17 коп., с осветительных нефтяных масел 35 076 руб. 53 коп., с табака 4 руб. 80 коп., патентный сбор 194 676 руб. 72 коп. и штрафы 5 773 руб. 39 коп.; 3) от оброчных статей 95 576 руб. 91 коп.; 4) неокладных сборов 721 276 руб. 75 коп., в каковой сумме заключаются случайные доходы 6 081 руб. 21 коп. Казенных расходов произведено в 1898 г. 2 494 968 руб. 59 коп. по нижеследующим ведомствам: по сметам государственного кредита 5 478 руб. 16 коп., по ведомству Святейшего Синода 141 242 руб. 99 коп., по Министерству Императорского Двора 300 руб., Военного министерства 255 561 руб. 8 коп., Министерства финансов 270 038 руб. 11 коп., Министерства земледелия и государственных имуществ 176 927 руб. 24 коп., Министерства внутренних дел 499 894 руб. 69 коп., высших государственных учреждений 90 руб., Министерства народного просвещения 89 180 руб. 91 коп., Министерства юстиции 385 227 руб. 80 коп., Министерства путей сообщения ( чрезвыч . расходы) 279 144 руб. 95 коп., фонд вспомогательных предприятий Сибирской железной дороги 391 882 руб. 66 коп. Доходы превысили расходы на 1 154 085 руб. 36 коп."
d94;1898 г.;;Г. Отправление денежных повинностей Постоянные повинности В Енисейской губернии было отбыто в 1898 г. обывателями денежных повинностей. I. Дорожная повинность На устройство и содержание дорог, мостов, плотин (дамб), гатей и перевозов 16 698 руб. 23 коп., прогонные и порционные
d95;1898 г.;;55 Частные волостные повинности Пособие казне на содержание архиерейских домов и монастырей 3 150 руб. Всего по губернии произведено в 1898 г. расходов 270 144 руб. 26 коп. Д. Городские доходы и расходы назВаниЕ городоВ В 1898 г. в приходе В 1898 г. в расходе Остаток + или передержка — против годового дохода руб. коп. руб. коп. руб. коп. В г. Красноярске 111885 38 103060 90 +8804 10 В г. Енисейске 36627 78¼ 35642 31½ +985 46¾ В г. Канске 36341 54 35229 90 +1111 64 В г. Ачинске 21134 54 25806 54 –4672 ,, В г. Минусинске 29092 57 29429 64 –337 7 Итого 235081 43¼ 229169 29½ 5912 13¾ В ведении городских управ состояли следующие капиталы: 1) Красноярской: а) потомственной почетной гражданки Т. И. Щеголевой и сына ее И. С. Щеголева на содержание стипендиатов ремесленного училища 97 100 руб., б) стипендии генерал- майора Замятина 6 730 руб. 98 коп., в) продовольственного капитала для бедных 4 070 руб. 4 коп., г) общего благотворительного капитала 7 659 руб. 67 коп., д) Т. И. и И. С. Щеголевых на содержание Красноярской богадельни на 59 кроватей 124 592 руб. 33 коп., е) Т. И. Щеголевой на содержание сиропитательного дома 100 237 руб. 62 коп., ж) ее же на вспомоществование пострадавшим от пожара 19 990 руб. 97 коп., в) Щеголевых и Переплетчикова на устройство бесплатной столовой 8 300 руб., и) Императора Александра II — 1 330 руб. 32 коп., и) пожертвованный Н. К. Переплетчиковым на содержание в Красноярске мещанской женской школы — 1 200 руб., к) капитал, пожертвованный В. Ф. Хилковым 1 988 руб. 19 коп. и Т. К. Матониным 838 руб. 68 коп., л) городской публичной библиотеки, пожервованный Н. К. Переплетчиковым
d96;1898 г.;;55 Частные волостные повинности Пособие казне на содержание архиерейских домов и монастырей 3 150 руб. Всего по губернии произведено в 1898 г. расходов 270 144 руб. 26 коп. Д. Городские доходы и расходы назВаниЕ городоВ В 1898 г. в приходе В 1898 г. в расходе Остаток + или передержка — против годового дохода руб. коп. руб. коп. руб. коп. В г. Красноярске 111885 38 103060 90 +8804 10 В г. Енисейске 36627 78¼ 35642 31½ +985 46¾ В г. Канске 36341 54 35229 90 +1111 64 В г. Ачинске 21134 54 25806 54 –4672 ,, В г. Минусинске 29092 57 29429 64 –337 7 Итого 235081 43¼ 229169 29½ 5912 13¾ В ведении городских управ состояли следующие капиталы: 1) Красноярской: а) потомственной почетной гражданки Т. И. Щеголевой и сына ее И. С. Щеголева на содержание стипендиатов ремесленного училища 97 100 руб., б) стипендии генерал- майора Замятина 6 730 руб. 98 коп., в) продовольственного капитала для бедных 4 070 руб. 4 коп., г) общего благотворительного капитала 7 659 руб. 67 коп., д) Т. И. и И. С. Щеголевых на содержание Красноярской богадельни на 59 кроватей 124 592 руб. 33 коп., е) Т. И. Щеголевой на содержание сиропитательного дома 100 237 руб. 62 коп., ж) ее же на вспомоществование пострадавшим от пожара 19 990 руб. 97 коп., в) Щеголевых и Переплетчикова на устройство бесплатной столовой 8 300 руб., и) Императора Александра II — 1 330 руб. 32 коп., и) пожертвованный Н. К. Переплетчиковым на содержание в Красноярске мещанской женской школы — 1 200 руб., к) капитал, пожертвованный В. Ф. Хилковым 1 988 руб. 19 коп. и Т. К. Матониным 838 руб. 68 коп., л) городской публичной библиотеки, пожервованный Н. К. Переплетчиковым
d97;1898 г.;;55 Частные волостные повинности Пособие казне на содержание архиерейских домов и монастырей 3 150 руб. Всего по губернии произведено в 1898 г. расходов 270 144 руб. 26 коп. Д. Городские доходы и расходы назВаниЕ городоВ В 1898 г. в приходе В 1898 г. в расходе Остаток + или передержка — против годового дохода руб. коп. руб. коп. руб. коп. В г. Красноярске 111885 38 103060 90 +8804 10 В г. Енисейске 36627 78¼ 35642 31½ +985 46¾ В г. Канске 36341 54 35229 90 +1111 64 В г. Ачинске 21134 54 25806 54 –4672 ,, В г. Минусинске 29092 57 29429 64 –337 7 Итого 235081 43¼ 229169 29½ 5912 13¾ В ведении городских управ состояли следующие капиталы: 1) Красноярской: а) потомственной почетной гражданки Т. И. Щеголевой и сына ее И. С. Щеголева на содержание стипендиатов ремесленного училища 97 100 руб., б) стипендии генерал- майора Замятина 6 730 руб. 98 коп., в) продовольственного капитала для бедных 4 070 руб. 4 коп., г) общего благотворительного капитала 7 659 руб. 67 коп., д) Т. И. и И. С. Щеголевых на содержание Красноярской богадельни на 59 кроватей 124 592 руб. 33 коп., е) Т. И. Щеголевой на содержание сиропитательного дома 100 237 руб. 62 коп., ж) ее же на вспомоществование пострадавшим от пожара 19 990 руб. 97 коп., в) Щеголевых и Переплетчикова на устройство бесплатной столовой 8 300 руб., и) Императора Александра II — 1 330 руб. 32 коп., и) пожертвованный Н. К. Переплетчиковым на содержание в Красноярске мещанской женской школы — 1 200 руб., к) капитал, пожертвованный В. Ф. Хилковым 1 988 руб. 19 коп. и Т. К. Матониным 838 руб. 68 коп., л) городской публичной библиотеки, пожервованный Н. К. Переплетчиковым
d98;1 января 1874 г.;;"58 З. Воинская повинность Воинская повинность отбывалась населением на основании Высочайше утвержденного Поло жения 1 января 1874 г. По разверстке назначено к приему на службу — 956. Для пополнения назначенного числа новобранцев состояло: а) по призывным спискам (ст. 103 уст.) — 3 471; б) по дополнительным спискам А (ст. 158, 353 и 354) — 0; в) по дополнительным спискам Б (ст. 129) — 237. Итого: 3 807. В числе внесенных в призывные списки заключалось: а) имевших право на льготу по семейному положению:  I разряда — 890;  II разряда — 652;  III разряда — 197; Всего: 1 739. б) по вероисповеданию: 1) христиан — 3 437; 2) евреев — 40; 3) магометан — 28. в) по сословиям: 1) лиц, внесенных в ревизские сказки, а равно приписанных к обществам после ревизии (ст. 94 уст.) — 3 446; 2) лиц, изъятых от внесения в десятую народную перепись, а также вышедших после ревизии из податного состояния (ст. 95 уст.) — 59. В числе лиц, внесенных в дополнительный список Б, заключалось получивших отсрочку: 1) по имущественному положению (ст. 52) — 9; 2) на окончание образования (ст. 53, 55) — 3; 3) по невозмужалости для поправления здоровья (ст. 44):  в 1-й раз — 136;  в 2-й раз — 72. На основании 1-го прим. к ст. 60 — 17. Итого: 237."
d99;13 июля 1889 г.;;"60 Не явилось к исполнению призыва: 1) христиан — 92; 2) евреев — 1; 3) магометан — 3. Принято в войска: а) из внесенных в призывные списки — 862. б) из внесенных в дополнительный список Б, поступление коих в войска было отсрочено: По истечении 1 отсрочки — 55; 2 отсрочки — 23; По истечении отсрочки, данной на основании закона 13 июля 1889 г., — 6. 3) на основании отсрочки 52, 53, 55 и 66 ст. уст. — 5. Всего принято: 951. Осталось в недоборе: 1) евреев — 2; 2) магометан — 3. В числе принятых заключается: a) имевших право на льготу: 1) III разряда — 6; 2) II разряда — 0; 3) I разряда — 1; б) женатых — 312. Из них одиночек, семейство которых состоит только из жены и детей (цирк. Мин. вн. дел. 30 мая 1874 г. № 32) — 5. в) имеющих право на сокращенные сроки службы: 1) по 1 п . 56 ст. уст. — 1; 2) по 2 п. 56 ст. уст. — 6; 3) по 3 п . 56 ст. уст. — 32; г) умеющих читать и писать или только читать — 224. Итого: 263. д) зачисленных по приеме в запас — 6; е) способных к службе:  строевой — 932;  нестроевой — 13;"
d100;30 мая 1874 г.;;"60 Не явилось к исполнению призыва: 1) христиан — 92; 2) евреев — 1; 3) магометан — 3. Принято в войска: а) из внесенных в призывные списки — 862. б) из внесенных в дополнительный список Б, поступление коих в войска было отсрочено: По истечении 1 отсрочки — 55; 2 отсрочки — 23; По истечении отсрочки, данной на основании закона 13 июля 1889 г., — 6. 3) на основании отсрочки 52, 53, 55 и 66 ст. уст. — 5. Всего принято: 951. Осталось в недоборе: 1) евреев — 2; 2) магометан — 3. В числе принятых заключается: a) имевших право на льготу: 1) III разряда — 6; 2) II разряда — 0; 3) I разряда — 1; б) женатых — 312. Из них одиночек, семейство которых состоит только из жены и детей (цирк. Мин. вн. дел. 30 мая 1874 г. № 32) — 5. в) имеющих право на сокращенные сроки службы: 1) по 1 п . 56 ст. уст. — 1; 2) по 2 п. 56 ст. уст. — 6; 3) по 3 п . 56 ст. уст. — 32; г) умеющих читать и писать или только читать — 224. Итого: 263. д) зачисленных по приеме в запас — 6; е) способных к службе:  строевой — 932;  нестроевой — 13;"
d101;1897 г.;;"65 конусов у моста, канав и проч.), обыкновенно сопровождающих мостовые сооружения на больших реках. Мостовые работы по возведению каменных опор были исполнены еще в 1897 г. и в минувшем 1898 г. лишь заканчивались в детальной их отделке. Сборка ферм велась с таким расчетом, чтобы, по зимнем ледоставе , можно было начать устройство на реке сплошных подмостей и ко времени весеннего ледохода 1898 г. установить фермы на опоры, 4 фермы уже установлены на опоры. Железо для верхнего строения моста заготовлялось на Нижнетагильских заводах (уральских) и в готовом виде доставлялось на место работ, где собиралось местными средствами. На постройку моста употреблено металла (литого железа) 338 540 пуд.; в том числе около 7 500 пуд. стали и около 100 пуд. чугуна, всего стоимостью в деле на сумму 1 950 000 руб. Почты в 1898 г., как и в предыдущие годы, следовали вообще удовлетворительно, особенно заметные промедления происходили от неустранимых причин, по случаю распутицы весною и осенью или вскрытия и замерзания рек. В. Водные сообщения Главное движение судоходства совершается по р. Енисей, протекающему во всех округах губернии, кроме Канского. От г. Красноярска до г. Енисейска и Минусинска поддерживалось пароходное сообщение пароходами: А. Н. Гадалова „Дедушка“ в 100 сил, которым сделано между городами Красноярском, Енисейском и Минусинском 28 рейсов и перевезено: пассажиров до 5 500 чел. и разного груза до 120 000 тыс. пуд., всего на сумму 32 230 руб. Кроме того, перевозились арестанты с конвоирами Енисейской компании пароходства и торговли почетного гражданина Александра Петровича Кытманова, коллежского асессора Александра Игнатьевича и ветеринара Петра Игнатьевича Кытмановых пароходами: „Енисей“ и „Игнатий“ сделано по Енисею по два рейса; первым пароходом один рейс до Гальчихи , а вторым до Бреховских островов. На обоих пароходах перевезено груза: пушных товаров, рыбы и жиру, а также и пассажиров на сумму до 37 785 руб. Вывозимый"
d102;1898 г.;;"65 конусов у моста, канав и проч.), обыкновенно сопровождающих мостовые сооружения на больших реках. Мостовые работы по возведению каменных опор были исполнены еще в 1897 г. и в минувшем 1898 г. лишь заканчивались в детальной их отделке. Сборка ферм велась с таким расчетом, чтобы, по зимнем ледоставе , можно было начать устройство на реке сплошных подмостей и ко времени весеннего ледохода 1898 г. установить фермы на опоры, 4 фермы уже установлены на опоры. Железо для верхнего строения моста заготовлялось на Нижнетагильских заводах (уральских) и в готовом виде доставлялось на место работ, где собиралось местными средствами. На постройку моста употреблено металла (литого железа) 338 540 пуд.; в том числе около 7 500 пуд. стали и около 100 пуд. чугуна, всего стоимостью в деле на сумму 1 950 000 руб. Почты в 1898 г., как и в предыдущие годы, следовали вообще удовлетворительно, особенно заметные промедления происходили от неустранимых причин, по случаю распутицы весною и осенью или вскрытия и замерзания рек. В. Водные сообщения Главное движение судоходства совершается по р. Енисей, протекающему во всех округах губернии, кроме Канского. От г. Красноярска до г. Енисейска и Минусинска поддерживалось пароходное сообщение пароходами: А. Н. Гадалова „Дедушка“ в 100 сил, которым сделано между городами Красноярском, Енисейском и Минусинском 28 рейсов и перевезено: пассажиров до 5 500 чел. и разного груза до 120 000 тыс. пуд., всего на сумму 32 230 руб. Кроме того, перевозились арестанты с конвоирами Енисейской компании пароходства и торговли почетного гражданина Александра Петровича Кытманова, коллежского асессора Александра Игнатьевича и ветеринара Петра Игнатьевича Кытмановых пароходами: „Енисей“ и „Игнатий“ сделано по Енисею по два рейса; первым пароходом один рейс до Гальчихи , а вторым до Бреховских островов. На обоих пароходах перевезено груза: пушных товаров, рыбы и жиру, а также и пассажиров на сумму до 37 785 руб. Вывозимый"
d103;1898 г.;;"65 конусов у моста, канав и проч.), обыкновенно сопровождающих мостовые сооружения на больших реках. Мостовые работы по возведению каменных опор были исполнены еще в 1897 г. и в минувшем 1898 г. лишь заканчивались в детальной их отделке. Сборка ферм велась с таким расчетом, чтобы, по зимнем ледоставе , можно было начать устройство на реке сплошных подмостей и ко времени весеннего ледохода 1898 г. установить фермы на опоры, 4 фермы уже установлены на опоры. Железо для верхнего строения моста заготовлялось на Нижнетагильских заводах (уральских) и в готовом виде доставлялось на место работ, где собиралось местными средствами. На постройку моста употреблено металла (литого железа) 338 540 пуд.; в том числе около 7 500 пуд. стали и около 100 пуд. чугуна, всего стоимостью в деле на сумму 1 950 000 руб. Почты в 1898 г., как и в предыдущие годы, следовали вообще удовлетворительно, особенно заметные промедления происходили от неустранимых причин, по случаю распутицы весною и осенью или вскрытия и замерзания рек. В. Водные сообщения Главное движение судоходства совершается по р. Енисей, протекающему во всех округах губернии, кроме Канского. От г. Красноярска до г. Енисейска и Минусинска поддерживалось пароходное сообщение пароходами: А. Н. Гадалова „Дедушка“ в 100 сил, которым сделано между городами Красноярском, Енисейском и Минусинском 28 рейсов и перевезено: пассажиров до 5 500 чел. и разного груза до 120 000 тыс. пуд., всего на сумму 32 230 руб. Кроме того, перевозились арестанты с конвоирами Енисейской компании пароходства и торговли почетного гражданина Александра Петровича Кытманова, коллежского асессора Александра Игнатьевича и ветеринара Петра Игнатьевича Кытмановых пароходами: „Енисей“ и „Игнатий“ сделано по Енисею по два рейса; первым пароходом один рейс до Гальчихи , а вторым до Бреховских островов. На обоих пароходах перевезено груза: пушных товаров, рыбы и жиру, а также и пассажиров на сумму до 37 785 руб. Вывозимый"
d104;1898 г.;;"65 конусов у моста, канав и проч.), обыкновенно сопровождающих мостовые сооружения на больших реках. Мостовые работы по возведению каменных опор были исполнены еще в 1897 г. и в минувшем 1898 г. лишь заканчивались в детальной их отделке. Сборка ферм велась с таким расчетом, чтобы, по зимнем ледоставе , можно было начать устройство на реке сплошных подмостей и ко времени весеннего ледохода 1898 г. установить фермы на опоры, 4 фермы уже установлены на опоры. Железо для верхнего строения моста заготовлялось на Нижнетагильских заводах (уральских) и в готовом виде доставлялось на место работ, где собиралось местными средствами. На постройку моста употреблено металла (литого железа) 338 540 пуд.; в том числе около 7 500 пуд. стали и около 100 пуд. чугуна, всего стоимостью в деле на сумму 1 950 000 руб. Почты в 1898 г., как и в предыдущие годы, следовали вообще удовлетворительно, особенно заметные промедления происходили от неустранимых причин, по случаю распутицы весною и осенью или вскрытия и замерзания рек. В. Водные сообщения Главное движение судоходства совершается по р. Енисей, протекающему во всех округах губернии, кроме Канского. От г. Красноярска до г. Енисейска и Минусинска поддерживалось пароходное сообщение пароходами: А. Н. Гадалова „Дедушка“ в 100 сил, которым сделано между городами Красноярском, Енисейском и Минусинском 28 рейсов и перевезено: пассажиров до 5 500 чел. и разного груза до 120 000 тыс. пуд., всего на сумму 32 230 руб. Кроме того, перевозились арестанты с конвоирами Енисейской компании пароходства и торговли почетного гражданина Александра Петровича Кытманова, коллежского асессора Александра Игнатьевича и ветеринара Петра Игнатьевича Кытмановых пароходами: „Енисей“ и „Игнатий“ сделано по Енисею по два рейса; первым пароходом один рейс до Гальчихи , а вторым до Бреховских островов. На обоих пароходах перевезено груза: пушных товаров, рыбы и жиру, а также и пассажиров на сумму до 37 785 руб. Вывозимый"
d105;1898 г.;;"66 из Красноярска груз заключался преимущественно в привозном российском товаре, как то: мануфактурном, бакалейном, москательном, галантерейном, скобяном и проч.; доставляемый же в Красноярск груз заключался в китайских чаях: байховом и кирпичном, рыбе, пушнине, соли, зерновом и молотом хлебе. В Туруханском крае пароходы правильных рейсов не делали и ходили в низовья Енисея за рыбой, пушниной и для торговли мануфактурными, галантерейными и другими товарами. В г. Ачинске по р. Чулым проходило из западной Сибири 9 буксирных пароходов: 3 — наследницы купца Корнилова , 2 — Плотникова , 2 — Курбатова и Игнатьева , 2 — Трапезникова и Ко. На пароходах этих приплавлено в Ачинск груза до 303 000 пуд., заключающегося в мануфактурных товарах, разного рода железе, соли, крупчатке и других; большая часть груза отправлена в Красноярск, Минусинск, Енисейск и Иркутск. На обратные рейсы вышеназванные пароходы приняли в Ачинске на доставку до Томска и Тюмени чая, шерсти, кож и кедрового ореха до 305 000 пуд. Судоходство по Чулыму до 1898 г. признавалось беспрепятственно возможным только до г. Ачинска, в навигацию же 1898 г. пароходом Корнилова доставлено на винокуренный завод Королева, расположенный верстах в 30 от Ачинска, выше по течению р. Чулым, хлеба до 100 тыс. пуд. Пока это была только первая попытка. На устраиваемом по ВЫСОЧАЙШЕМУ повелению, последовавшему в 27 день июля 1882 г., Обь-Енисейском водном канале в отчетном году сделано следующее. По сооружению Обь-Енисейского водного пути за время с 1 января 1898 по 1 января 1899 г. произведены следующие работы: I. По р. Ломоватой : а) на 54 и 57 верстах сделаны землечерпанием два спрямительных перекопа общим протяжением по оси 126,40 саж ., б) на 41, 43, 50 и 59 вер . начаты работою шесть перекопов общею длиною 236 саж . Под все эти перекопы вырублено леса 7 752 кв. саж ., в том числе выкорчевано 3 876 кв. саж ."
d106;1898 г.;;"66 из Красноярска груз заключался преимущественно в привозном российском товаре, как то: мануфактурном, бакалейном, москательном, галантерейном, скобяном и проч.; доставляемый же в Красноярск груз заключался в китайских чаях: байховом и кирпичном, рыбе, пушнине, соли, зерновом и молотом хлебе. В Туруханском крае пароходы правильных рейсов не делали и ходили в низовья Енисея за рыбой, пушниной и для торговли мануфактурными, галантерейными и другими товарами. В г. Ачинске по р. Чулым проходило из западной Сибири 9 буксирных пароходов: 3 — наследницы купца Корнилова , 2 — Плотникова , 2 — Курбатова и Игнатьева , 2 — Трапезникова и Ко. На пароходах этих приплавлено в Ачинск груза до 303 000 пуд., заключающегося в мануфактурных товарах, разного рода железе, соли, крупчатке и других; большая часть груза отправлена в Красноярск, Минусинск, Енисейск и Иркутск. На обратные рейсы вышеназванные пароходы приняли в Ачинске на доставку до Томска и Тюмени чая, шерсти, кож и кедрового ореха до 305 000 пуд. Судоходство по Чулыму до 1898 г. признавалось беспрепятственно возможным только до г. Ачинска, в навигацию же 1898 г. пароходом Корнилова доставлено на винокуренный завод Королева, расположенный верстах в 30 от Ачинска, выше по течению р. Чулым, хлеба до 100 тыс. пуд. Пока это была только первая попытка. На устраиваемом по ВЫСОЧАЙШЕМУ повелению, последовавшему в 27 день июля 1882 г., Обь-Енисейском водном канале в отчетном году сделано следующее. По сооружению Обь-Енисейского водного пути за время с 1 января 1898 по 1 января 1899 г. произведены следующие работы: I. По р. Ломоватой : а) на 54 и 57 верстах сделаны землечерпанием два спрямительных перекопа общим протяжением по оси 126,40 саж ., б) на 41, 43, 50 и 59 вер . начаты работою шесть перекопов общею длиною 236 саж . Под все эти перекопы вырублено леса 7 752 кв. саж ., в том числе выкорчевано 3 876 кв. саж ."
d107;1882 г.;;"66 из Красноярска груз заключался преимущественно в привозном российском товаре, как то: мануфактурном, бакалейном, москательном, галантерейном, скобяном и проч.; доставляемый же в Красноярск груз заключался в китайских чаях: байховом и кирпичном, рыбе, пушнине, соли, зерновом и молотом хлебе. В Туруханском крае пароходы правильных рейсов не делали и ходили в низовья Енисея за рыбой, пушниной и для торговли мануфактурными, галантерейными и другими товарами. В г. Ачинске по р. Чулым проходило из западной Сибири 9 буксирных пароходов: 3 — наследницы купца Корнилова , 2 — Плотникова , 2 — Курбатова и Игнатьева , 2 — Трапезникова и Ко. На пароходах этих приплавлено в Ачинск груза до 303 000 пуд., заключающегося в мануфактурных товарах, разного рода железе, соли, крупчатке и других; большая часть груза отправлена в Красноярск, Минусинск, Енисейск и Иркутск. На обратные рейсы вышеназванные пароходы приняли в Ачинске на доставку до Томска и Тюмени чая, шерсти, кож и кедрового ореха до 305 000 пуд. Судоходство по Чулыму до 1898 г. признавалось беспрепятственно возможным только до г. Ачинска, в навигацию же 1898 г. пароходом Корнилова доставлено на винокуренный завод Королева, расположенный верстах в 30 от Ачинска, выше по течению р. Чулым, хлеба до 100 тыс. пуд. Пока это была только первая попытка. На устраиваемом по ВЫСОЧАЙШЕМУ повелению, последовавшему в 27 день июля 1882 г., Обь-Енисейском водном канале в отчетном году сделано следующее. По сооружению Обь-Енисейского водного пути за время с 1 января 1898 по 1 января 1899 г. произведены следующие работы: I. По р. Ломоватой : а) на 54 и 57 верстах сделаны землечерпанием два спрямительных перекопа общим протяжением по оси 126,40 саж ., б) на 41, 43, 50 и 59 вер . начаты работою шесть перекопов общею длиною 236 саж . Под все эти перекопы вырублено леса 7 752 кв. саж ., в том числе выкорчевано 3 876 кв. саж ."
d108;1 января 1898;;"66 из Красноярска груз заключался преимущественно в привозном российском товаре, как то: мануфактурном, бакалейном, москательном, галантерейном, скобяном и проч.; доставляемый же в Красноярск груз заключался в китайских чаях: байховом и кирпичном, рыбе, пушнине, соли, зерновом и молотом хлебе. В Туруханском крае пароходы правильных рейсов не делали и ходили в низовья Енисея за рыбой, пушниной и для торговли мануфактурными, галантерейными и другими товарами. В г. Ачинске по р. Чулым проходило из западной Сибири 9 буксирных пароходов: 3 — наследницы купца Корнилова , 2 — Плотникова , 2 — Курбатова и Игнатьева , 2 — Трапезникова и Ко. На пароходах этих приплавлено в Ачинск груза до 303 000 пуд., заключающегося в мануфактурных товарах, разного рода железе, соли, крупчатке и других; большая часть груза отправлена в Красноярск, Минусинск, Енисейск и Иркутск. На обратные рейсы вышеназванные пароходы приняли в Ачинске на доставку до Томска и Тюмени чая, шерсти, кож и кедрового ореха до 305 000 пуд. Судоходство по Чулыму до 1898 г. признавалось беспрепятственно возможным только до г. Ачинска, в навигацию же 1898 г. пароходом Корнилова доставлено на винокуренный завод Королева, расположенный верстах в 30 от Ачинска, выше по течению р. Чулым, хлеба до 100 тыс. пуд. Пока это была только первая попытка. На устраиваемом по ВЫСОЧАЙШЕМУ повелению, последовавшему в 27 день июля 1882 г., Обь-Енисейском водном канале в отчетном году сделано следующее. По сооружению Обь-Енисейского водного пути за время с 1 января 1898 по 1 января 1899 г. произведены следующие работы: I. По р. Ломоватой : а) на 54 и 57 верстах сделаны землечерпанием два спрямительных перекопа общим протяжением по оси 126,40 саж ., б) на 41, 43, 50 и 59 вер . начаты работою шесть перекопов общею длиною 236 саж . Под все эти перекопы вырублено леса 7 752 кв. саж ., в том числе выкорчевано 3 876 кв. саж ."
d109;1 января 1899 г.;;"66 из Красноярска груз заключался преимущественно в привозном российском товаре, как то: мануфактурном, бакалейном, москательном, галантерейном, скобяном и проч.; доставляемый же в Красноярск груз заключался в китайских чаях: байховом и кирпичном, рыбе, пушнине, соли, зерновом и молотом хлебе. В Туруханском крае пароходы правильных рейсов не делали и ходили в низовья Енисея за рыбой, пушниной и для торговли мануфактурными, галантерейными и другими товарами. В г. Ачинске по р. Чулым проходило из западной Сибири 9 буксирных пароходов: 3 — наследницы купца Корнилова , 2 — Плотникова , 2 — Курбатова и Игнатьева , 2 — Трапезникова и Ко. На пароходах этих приплавлено в Ачинск груза до 303 000 пуд., заключающегося в мануфактурных товарах, разного рода железе, соли, крупчатке и других; большая часть груза отправлена в Красноярск, Минусинск, Енисейск и Иркутск. На обратные рейсы вышеназванные пароходы приняли в Ачинске на доставку до Томска и Тюмени чая, шерсти, кож и кедрового ореха до 305 000 пуд. Судоходство по Чулыму до 1898 г. признавалось беспрепятственно возможным только до г. Ачинска, в навигацию же 1898 г. пароходом Корнилова доставлено на винокуренный завод Королева, расположенный верстах в 30 от Ачинска, выше по течению р. Чулым, хлеба до 100 тыс. пуд. Пока это была только первая попытка. На устраиваемом по ВЫСОЧАЙШЕМУ повелению, последовавшему в 27 день июля 1882 г., Обь-Енисейском водном канале в отчетном году сделано следующее. По сооружению Обь-Енисейского водного пути за время с 1 января 1898 по 1 января 1899 г. произведены следующие работы: I. По р. Ломоватой : а) на 54 и 57 верстах сделаны землечерпанием два спрямительных перекопа общим протяжением по оси 126,40 саж ., б) на 41, 43, 50 и 59 вер . начаты работою шесть перекопов общею длиною 236 саж . Под все эти перекопы вырублено леса 7 752 кв. саж ., в том числе выкорчевано 3 876 кв. саж ."
d110;1 января 1898 г.;;"68 К 1 января 1898 г. на месте работ состояло рабочих 115 чел. К 1 июня того же года количество рабочих увеличено до 310 чел. В июне вновь отправлено 364 чел., так что в начале лета состояло на работах около 674 чел., из них для надзора за исправностью гидротехнических сооружений состояло 6 старших и 32 младших сторожа при двух шлюзных десятниках. Летние работы 1898 г. были закончены 5 сентября и рабочая партия около 349 чел . отправлена в г. Томск. На зимние работы оставлено было 369 чел., из которых к 1 января 1899 г. осталось 260 чел. На уплату рабочим и служащим и на приобретение разного инвентарного имущества, материалов, инструментов, фуража и провизии израсходовано 207 632 руб. 24 коп. В деле улучшения судоходных условий р. Ангары сделаны последние дополнительные работы по расчистке русла, закончены в истекшем 1898 г. Взорвано динамитом, вынуто из воды и отвезено на берег в следующих 4 пунктах : Аладьиной шивере 7 куб. саж ., выше Тушамы ( оброднике ) 12 куб. саж., Шаманском быке 8 куб. саж ., Падунском пороге 8 куб. саж . Всего взорвано динамитом, поднято и убрано 35 куб. саж. камня, при чем динамита истреблено 29 пуд. 12 фун ., работы велись исключительно хозяйственным способом. По окончании означенных работ оставшийся неизрасходованным динамит частью сдан на Забайкальскую дорогу, около 88 пуд., частью же, в количестве 25 пуд., находились на складе при селе Стрелке. С наступлением осеннего ледохода по р. Ангаре последовало окончательное закрытие работ. Фарватер реки, на всем ее протяжении, от Падунского порога и до с. Стрелки, был оставлен в истекшую навигацию 5-саженными наплавными злаками в количестве 4 000 шт.; уцелевшие к концу навигации вехи убраны последним рейсом парохода „Илим“. Полотно рельсового пути, устроенного в 1896 г. в обход Падунского порога, дало возможность в истекшем 1898 г. с меньшими затруднениями и затратами провести посуху пароход „Лейтенант Малыгин “, доставленный в Иркутск и переданный Управлению Забайкальской дороги."
d111;1898 г.;;"68 К 1 января 1898 г. на месте работ состояло рабочих 115 чел. К 1 июня того же года количество рабочих увеличено до 310 чел. В июне вновь отправлено 364 чел., так что в начале лета состояло на работах около 674 чел., из них для надзора за исправностью гидротехнических сооружений состояло 6 старших и 32 младших сторожа при двух шлюзных десятниках. Летние работы 1898 г. были закончены 5 сентября и рабочая партия около 349 чел . отправлена в г. Томск. На зимние работы оставлено было 369 чел., из которых к 1 января 1899 г. осталось 260 чел. На уплату рабочим и служащим и на приобретение разного инвентарного имущества, материалов, инструментов, фуража и провизии израсходовано 207 632 руб. 24 коп. В деле улучшения судоходных условий р. Ангары сделаны последние дополнительные работы по расчистке русла, закончены в истекшем 1898 г. Взорвано динамитом, вынуто из воды и отвезено на берег в следующих 4 пунктах : Аладьиной шивере 7 куб. саж ., выше Тушамы ( оброднике ) 12 куб. саж., Шаманском быке 8 куб. саж ., Падунском пороге 8 куб. саж . Всего взорвано динамитом, поднято и убрано 35 куб. саж. камня, при чем динамита истреблено 29 пуд. 12 фун ., работы велись исключительно хозяйственным способом. По окончании означенных работ оставшийся неизрасходованным динамит частью сдан на Забайкальскую дорогу, около 88 пуд., частью же, в количестве 25 пуд., находились на складе при селе Стрелке. С наступлением осеннего ледохода по р. Ангаре последовало окончательное закрытие работ. Фарватер реки, на всем ее протяжении, от Падунского порога и до с. Стрелки, был оставлен в истекшую навигацию 5-саженными наплавными злаками в количестве 4 000 шт.; уцелевшие к концу навигации вехи убраны последним рейсом парохода „Илим“. Полотно рельсового пути, устроенного в 1896 г. в обход Падунского порога, дало возможность в истекшем 1898 г. с меньшими затруднениями и затратами провести посуху пароход „Лейтенант Малыгин “, доставленный в Иркутск и переданный Управлению Забайкальской дороги."
d112;1 января 1899 г.;;"68 К 1 января 1898 г. на месте работ состояло рабочих 115 чел. К 1 июня того же года количество рабочих увеличено до 310 чел. В июне вновь отправлено 364 чел., так что в начале лета состояло на работах около 674 чел., из них для надзора за исправностью гидротехнических сооружений состояло 6 старших и 32 младших сторожа при двух шлюзных десятниках. Летние работы 1898 г. были закончены 5 сентября и рабочая партия около 349 чел . отправлена в г. Томск. На зимние работы оставлено было 369 чел., из которых к 1 января 1899 г. осталось 260 чел. На уплату рабочим и служащим и на приобретение разного инвентарного имущества, материалов, инструментов, фуража и провизии израсходовано 207 632 руб. 24 коп. В деле улучшения судоходных условий р. Ангары сделаны последние дополнительные работы по расчистке русла, закончены в истекшем 1898 г. Взорвано динамитом, вынуто из воды и отвезено на берег в следующих 4 пунктах : Аладьиной шивере 7 куб. саж ., выше Тушамы ( оброднике ) 12 куб. саж., Шаманском быке 8 куб. саж ., Падунском пороге 8 куб. саж . Всего взорвано динамитом, поднято и убрано 35 куб. саж. камня, при чем динамита истреблено 29 пуд. 12 фун ., работы велись исключительно хозяйственным способом. По окончании означенных работ оставшийся неизрасходованным динамит частью сдан на Забайкальскую дорогу, около 88 пуд., частью же, в количестве 25 пуд., находились на складе при селе Стрелке. С наступлением осеннего ледохода по р. Ангаре последовало окончательное закрытие работ. Фарватер реки, на всем ее протяжении, от Падунского порога и до с. Стрелки, был оставлен в истекшую навигацию 5-саженными наплавными злаками в количестве 4 000 шт.; уцелевшие к концу навигации вехи убраны последним рейсом парохода „Илим“. Полотно рельсового пути, устроенного в 1896 г. в обход Падунского порога, дало возможность в истекшем 1898 г. с меньшими затруднениями и затратами провести посуху пароход „Лейтенант Малыгин “, доставленный в Иркутск и переданный Управлению Забайкальской дороги."
d113;1898 г.;;"68 К 1 января 1898 г. на месте работ состояло рабочих 115 чел. К 1 июня того же года количество рабочих увеличено до 310 чел. В июне вновь отправлено 364 чел., так что в начале лета состояло на работах около 674 чел., из них для надзора за исправностью гидротехнических сооружений состояло 6 старших и 32 младших сторожа при двух шлюзных десятниках. Летние работы 1898 г. были закончены 5 сентября и рабочая партия около 349 чел . отправлена в г. Томск. На зимние работы оставлено было 369 чел., из которых к 1 января 1899 г. осталось 260 чел. На уплату рабочим и служащим и на приобретение разного инвентарного имущества, материалов, инструментов, фуража и провизии израсходовано 207 632 руб. 24 коп. В деле улучшения судоходных условий р. Ангары сделаны последние дополнительные работы по расчистке русла, закончены в истекшем 1898 г. Взорвано динамитом, вынуто из воды и отвезено на берег в следующих 4 пунктах : Аладьиной шивере 7 куб. саж ., выше Тушамы ( оброднике ) 12 куб. саж., Шаманском быке 8 куб. саж ., Падунском пороге 8 куб. саж . Всего взорвано динамитом, поднято и убрано 35 куб. саж. камня, при чем динамита истреблено 29 пуд. 12 фун ., работы велись исключительно хозяйственным способом. По окончании означенных работ оставшийся неизрасходованным динамит частью сдан на Забайкальскую дорогу, около 88 пуд., частью же, в количестве 25 пуд., находились на складе при селе Стрелке. С наступлением осеннего ледохода по р. Ангаре последовало окончательное закрытие работ. Фарватер реки, на всем ее протяжении, от Падунского порога и до с. Стрелки, был оставлен в истекшую навигацию 5-саженными наплавными злаками в количестве 4 000 шт.; уцелевшие к концу навигации вехи убраны последним рейсом парохода „Илим“. Полотно рельсового пути, устроенного в 1896 г. в обход Падунского порога, дало возможность в истекшем 1898 г. с меньшими затруднениями и затратами провести посуху пароход „Лейтенант Малыгин “, доставленный в Иркутск и переданный Управлению Забайкальской дороги."
d114;1896 г.;;"68 К 1 января 1898 г. на месте работ состояло рабочих 115 чел. К 1 июня того же года количество рабочих увеличено до 310 чел. В июне вновь отправлено 364 чел., так что в начале лета состояло на работах около 674 чел., из них для надзора за исправностью гидротехнических сооружений состояло 6 старших и 32 младших сторожа при двух шлюзных десятниках. Летние работы 1898 г. были закончены 5 сентября и рабочая партия около 349 чел . отправлена в г. Томск. На зимние работы оставлено было 369 чел., из которых к 1 января 1899 г. осталось 260 чел. На уплату рабочим и служащим и на приобретение разного инвентарного имущества, материалов, инструментов, фуража и провизии израсходовано 207 632 руб. 24 коп. В деле улучшения судоходных условий р. Ангары сделаны последние дополнительные работы по расчистке русла, закончены в истекшем 1898 г. Взорвано динамитом, вынуто из воды и отвезено на берег в следующих 4 пунктах : Аладьиной шивере 7 куб. саж ., выше Тушамы ( оброднике ) 12 куб. саж., Шаманском быке 8 куб. саж ., Падунском пороге 8 куб. саж . Всего взорвано динамитом, поднято и убрано 35 куб. саж. камня, при чем динамита истреблено 29 пуд. 12 фун ., работы велись исключительно хозяйственным способом. По окончании означенных работ оставшийся неизрасходованным динамит частью сдан на Забайкальскую дорогу, около 88 пуд., частью же, в количестве 25 пуд., находились на складе при селе Стрелке. С наступлением осеннего ледохода по р. Ангаре последовало окончательное закрытие работ. Фарватер реки, на всем ее протяжении, от Падунского порога и до с. Стрелки, был оставлен в истекшую навигацию 5-саженными наплавными злаками в количестве 4 000 шт.; уцелевшие к концу навигации вехи убраны последним рейсом парохода „Илим“. Полотно рельсового пути, устроенного в 1896 г. в обход Падунского порога, дало возможность в истекшем 1898 г. с меньшими затруднениями и затратами провести посуху пароход „Лейтенант Малыгин “, доставленный в Иркутск и переданный Управлению Забайкальской дороги."
d115;1898 г.;;"68 К 1 января 1898 г. на месте работ состояло рабочих 115 чел. К 1 июня того же года количество рабочих увеличено до 310 чел. В июне вновь отправлено 364 чел., так что в начале лета состояло на работах около 674 чел., из них для надзора за исправностью гидротехнических сооружений состояло 6 старших и 32 младших сторожа при двух шлюзных десятниках. Летние работы 1898 г. были закончены 5 сентября и рабочая партия около 349 чел . отправлена в г. Томск. На зимние работы оставлено было 369 чел., из которых к 1 января 1899 г. осталось 260 чел. На уплату рабочим и служащим и на приобретение разного инвентарного имущества, материалов, инструментов, фуража и провизии израсходовано 207 632 руб. 24 коп. В деле улучшения судоходных условий р. Ангары сделаны последние дополнительные работы по расчистке русла, закончены в истекшем 1898 г. Взорвано динамитом, вынуто из воды и отвезено на берег в следующих 4 пунктах : Аладьиной шивере 7 куб. саж ., выше Тушамы ( оброднике ) 12 куб. саж., Шаманском быке 8 куб. саж ., Падунском пороге 8 куб. саж . Всего взорвано динамитом, поднято и убрано 35 куб. саж. камня, при чем динамита истреблено 29 пуд. 12 фун ., работы велись исключительно хозяйственным способом. По окончании означенных работ оставшийся неизрасходованным динамит частью сдан на Забайкальскую дорогу, около 88 пуд., частью же, в количестве 25 пуд., находились на складе при селе Стрелке. С наступлением осеннего ледохода по р. Ангаре последовало окончательное закрытие работ. Фарватер реки, на всем ее протяжении, от Падунского порога и до с. Стрелки, был оставлен в истекшую навигацию 5-саженными наплавными злаками в количестве 4 000 шт.; уцелевшие к концу навигации вехи убраны последним рейсом парохода „Илим“. Полотно рельсового пути, устроенного в 1896 г. в обход Падунского порога, дало возможность в истекшем 1898 г. с меньшими затруднениями и затратами провести посуху пароход „Лейтенант Малыгин “, доставленный в Иркутск и переданный Управлению Забайкальской дороги."
d116;1898 г.;;"69 Судоходство по р. Ангаре в 1898 г. было сильно затруднено небывалым еще мелководием . Пароход „Первый“, отправившийся с 20 мая из с. Стрелки с баржей, совместно с пароходами „Лейтенант Малыгин “ и „Иоанн Кронштадтский“, причем последнего он вел все время на буксире, убылью воды был задержан в Тушаме на 40 дней и прибыл в Падун с вышеупомянутыми пароходами лишь в последних числах июля месяца. Из предназначенных к перевозке Ангарой 140 тыс. пуд. рельс для Забайкальской дороги получено было для доставки и доставлено пароходами до Падуна 21 143 пуда рельс. Кроме этого груза, доставлено туда же до 3 т. пуд. железного материала и провианта для надобностей работ по проводке парохода „Лейтенант Малыгин “ через Падунский порог. Грузов частных лиц доставлено в разные пункты по р. Ангаре 1 384 пуд. Наконец, по р. Енисей пароходом „Второй“ доставлено из г. Минусинска в Стрелку продовольственного хлеба для Кежемской волости 18 375 пуд. Кроме вышеозначенных работ по расчистке русла р. Ангары, для подъема парохода „Лейтенант Малыгин “, проводки его по помощи дороги и спуска его на воду выше порога, расчищена и выровнена площадь земли около 400 кв. саж., устроен бревенчатый наклонный путь (стапель) шириной 25 саж ., сооружены и подведены полозья под корпус парохода и сооружены ворота для тяги. В Стрелке закончены работы по углублению входа в затон и постройке нового зимовочного двухэтажного здания. Все эти работы закончены к концу истекшего года, равно как и установка всего каравана судов на зимнюю стоянку; необходимый же ремонт судов и их машин пока производится, так как выморозка корпусов судов еще не окончена. Г. Народная нравственность (Приложением к этой статье служит ведомость № 5.) В течение отчетного года судебными местами Енисейской губернии рассмотрено 6 747 преступлений и дел к ним относящихся, по коим суждено 4 510 муж . и 529 жен ., всего 5 030 чел. По статьям уложения о наказаниях совершено преступлений 790. Из этого числа падает: на дела о нарушении"
d117;1898 г.;;"74 Кроме перечисления на поселение означенных ссыльных, в отчетном году были распределены на поселение также и каторжные, окончившие сроки присужденных им работ. Таких поступило 4 муж., которые распределены по уездам: Енисейскому 3 и Канскому 1. Проследовало же каторжных чрез Енисейскую губернию в распоряжение Иркутского тюремного отделения 884 муж., 69 жен. Передвижение ссыльных в пределах губернии производится по Московскому тракту до городов: Ачинска, Красноярска и Канска по железной дороге, а до городов Енисейска и Минусинска этапным порядком; в пункты же, расположенные в стороне от почтовых трактов, — натуральною повинностью сельского населения губернии. На содержание их употреблено 27 263 руб. 31 коп. Положение ссыльных весьма неудовлетворительно, так как из них только самая ограниченная часть, менее испорченная и не отвыкшая от труда, обеспечена и водворена в местах поселения; прочие же ссыльные, причиняя значительный материальный ущерб коренному населению, в довершение этого неблагоприятно влияют на него в нравственном отношении. К отчетному году осталось в тюрьмах арестантов: подсудимых 1 188 муж., 42 жен., пересыльных и срочных 1 518 муж. 109 жен., всего 2 706 муж., 151 жен. В 1898 г. поступило 26 851 муж., 2 881 жен., выбыло 26 753 муж., 2 900 жен. К 1 января 1899 г. осталось подсудимых 1 167 муж., 59 жен., пересыльных и срочных 455 муж., 132 жен. Всех содержащихся в тюрьмах в течение года было: в Красноярске 12 034 муж., 1 920 жен., Енисейске 1 868 муж., 177 жен., Канске 1 196 муж., 100 ж., Ачинске 1163 муж., 86 жен., Минусинске 948 муж., 96 жен. и Туруханске 6 муж.; всего 17 209 муж., 2 379 жен.; кроме сего, в течение года перебывало арестованных в 42 волостных правлениях губернии 7 725 муж., 463 жен. В городе Красноярске арестанты размещались в каменном тюремном замке и деревянной пересыльной тюрьме. Здание тюремного замка в отношении прочности удовлетворительно, но не соответствует числу содержащихся в нем арестантов, а также в некотором отношении требуемым по закону условиям."
d118;1 января 1899 г.;;"74 Кроме перечисления на поселение означенных ссыльных, в отчетном году были распределены на поселение также и каторжные, окончившие сроки присужденных им работ. Таких поступило 4 муж., которые распределены по уездам: Енисейскому 3 и Канскому 1. Проследовало же каторжных чрез Енисейскую губернию в распоряжение Иркутского тюремного отделения 884 муж., 69 жен. Передвижение ссыльных в пределах губернии производится по Московскому тракту до городов: Ачинска, Красноярска и Канска по железной дороге, а до городов Енисейска и Минусинска этапным порядком; в пункты же, расположенные в стороне от почтовых трактов, — натуральною повинностью сельского населения губернии. На содержание их употреблено 27 263 руб. 31 коп. Положение ссыльных весьма неудовлетворительно, так как из них только самая ограниченная часть, менее испорченная и не отвыкшая от труда, обеспечена и водворена в местах поселения; прочие же ссыльные, причиняя значительный материальный ущерб коренному населению, в довершение этого неблагоприятно влияют на него в нравственном отношении. К отчетному году осталось в тюрьмах арестантов: подсудимых 1 188 муж., 42 жен., пересыльных и срочных 1 518 муж. 109 жен., всего 2 706 муж., 151 жен. В 1898 г. поступило 26 851 муж., 2 881 жен., выбыло 26 753 муж., 2 900 жен. К 1 января 1899 г. осталось подсудимых 1 167 муж., 59 жен., пересыльных и срочных 455 муж., 132 жен. Всех содержащихся в тюрьмах в течение года было: в Красноярске 12 034 муж., 1 920 жен., Енисейске 1 868 муж., 177 жен., Канске 1 196 муж., 100 ж., Ачинске 1163 муж., 86 жен., Минусинске 948 муж., 96 жен. и Туруханске 6 муж.; всего 17 209 муж., 2 379 жен.; кроме сего, в течение года перебывало арестованных в 42 волостных правлениях губернии 7 725 муж., 463 жен. В городе Красноярске арестанты размещались в каменном тюремном замке и деревянной пересыльной тюрьме. Здание тюремного замка в отношении прочности удовлетворительно, но не соответствует числу содержащихся в нем арестантов, а также в некотором отношении требуемым по закону условиям."
d119;1 января 1898 г.;;"76 Арестантский труд применялся при всех хозяйственных работах на потребности тюрьмы, а равно и в тех случаях, когда в тюрьме содержались арестанты, знающие какое-либо мастерство: плотничное, столярное и проч. Этими арестантами произведены постройка обмундирования арестантов и другие работы по заказам частных лиц, постройка и ремонт тюремных зданий. Для привлечения к труду арестантов, не знающих мастерства, построена мастерская для ткания холста, организован ассенизационный обоз и положено начало арестантскому кирпичному заводу. Производительность последнего предположено направить преимущественно к воспособлению казне при постройке железной дороги и по сооружению вообще казенных зданий, насколько же окажется возможным — и к городскому благоустройству. Общая сумма арестантских заработков определилась по тюрьмам:  Красноярской — 6 148 руб. 77½ коп.;  Ачинской — 1 215 руб. 1 коп.;  Канской — 444 руб. 97 коп.;  Минусинской — 540 руб. 20 коп.;  Енисейской — 678 руб. 57 коп. Для помещения детей преступников отдельно от родителей существует в г. Красноярске приют для арестантских детей, дом для которого построен в 1985 г. на средства тюремного комитета и пожертвованные разными лицами деньги. В приюте этом в течение отчетного года находились 31 мальчик и 24 девочек, всего 55 чел . Тюремные помещения в городе Енисейске удовлетворительны; в Канске же и особенно Ачинске и Минусинске ветхи и по числу содержащихся оказываются тесными. Неудобства эти по возможности устранялись чрез разные приспособления и поправки на счет казны и сумм тюремных отделений. Относительно нравственного исправления арестантов и проч. соблюдались те же меры, как и в губернской тюрьме. Движение сумм тюремного комитета было следующее. В комитете К 1 января 1898 г. оставалось 25 323 руб. 37 коп."
d120;1898 г.;;"77 В 1898 г. поступило всего казенных и частных сумм 70 224 руб. 37 коп. В 1898 г. израсходовано 80 338 руб. 18¼ коп. Осталось к 1 января 1899 г. 15 209 руб. 24¾ коп. В четырех отделениях К 1 января 1898 г. оставалось 16 224 руб. 88¾ коп. В 1898 г. поступило всего казенных и частных сумм 74 800 руб. 95¼ коп. В 1898 г. израсходовано 44 971 руб. 61 коп. Осталось к 1 января 1899 г. 19 054 руб. 23 коп. В том числе комитет и его отделения имели в долгах: к 1 января 1895 г. — 23 609 руб. 59¾ коп., а к 1 января 1899 г. долга состоит 15 940 руб. 18 коп., так что наличный капитал комитета с отделениями должен считаться к 1899 г. в сумме 18 323 руб. 29 ¾ коп. Расходы были следующие: 1) на содержание наличного состава служащих и канцелярские потребности — 22 328 руб. 41 коп.; 2) на содержание арестантов и тюремных учреждений — 99 714 руб. 76 коп. и 3) на содержание приюта арестантских детей, пособие отделениям, возврат долгов, временные ссуды отделениям и проч. — 3 266 руб. 62 коп., а всего — 125 309 руб. 79¼ коп. Движение сумм экономического поселенческого капитала в течение отчетного года было следующее: к 1 января 1998 г. оставалось а) наличными деньгами 239 руб. 35½ коп.; б) один билет 5 % с выигрышами займа дворянского земельного банка 100 руб.; в) 10 закладных листов 4½ % того же банка 10 000 руб.; г) 14 свидетельств государственной 4 % ренты на 10 000 руб. и д) одна книжка сберегательной кассы государственного банка на 85 руб. 12 коп., итого 20 424 руб. 47½ коп. В течение отчетного года поступило: 1) с поселенцев 15 коп. сбора, на основании 384 и 389 ст. XIV т. уст. о ссыльн., 1 164 руб. 69 коп.; 2) с золотопромышленников, на основании 332 ст. XIV т. уст. о ссыльн . и 63 ст. правил о найме рабочих на частные золотые промысла, за поселенцев, бывших у них на приисках, в экономический капитал по 1 руб. 50 коп. и на устройство оседлости по 1 руб. за каждого рабочего 6 416 руб. 25 коп.; 3) деньги,"
d121;1898 г.;;"77 В 1898 г. поступило всего казенных и частных сумм 70 224 руб. 37 коп. В 1898 г. израсходовано 80 338 руб. 18¼ коп. Осталось к 1 января 1899 г. 15 209 руб. 24¾ коп. В четырех отделениях К 1 января 1898 г. оставалось 16 224 руб. 88¾ коп. В 1898 г. поступило всего казенных и частных сумм 74 800 руб. 95¼ коп. В 1898 г. израсходовано 44 971 руб. 61 коп. Осталось к 1 января 1899 г. 19 054 руб. 23 коп. В том числе комитет и его отделения имели в долгах: к 1 января 1895 г. — 23 609 руб. 59¾ коп., а к 1 января 1899 г. долга состоит 15 940 руб. 18 коп., так что наличный капитал комитета с отделениями должен считаться к 1899 г. в сумме 18 323 руб. 29 ¾ коп. Расходы были следующие: 1) на содержание наличного состава служащих и канцелярские потребности — 22 328 руб. 41 коп.; 2) на содержание арестантов и тюремных учреждений — 99 714 руб. 76 коп. и 3) на содержание приюта арестантских детей, пособие отделениям, возврат долгов, временные ссуды отделениям и проч. — 3 266 руб. 62 коп., а всего — 125 309 руб. 79¼ коп. Движение сумм экономического поселенческого капитала в течение отчетного года было следующее: к 1 января 1998 г. оставалось а) наличными деньгами 239 руб. 35½ коп.; б) один билет 5 % с выигрышами займа дворянского земельного банка 100 руб.; в) 10 закладных листов 4½ % того же банка 10 000 руб.; г) 14 свидетельств государственной 4 % ренты на 10 000 руб. и д) одна книжка сберегательной кассы государственного банка на 85 руб. 12 коп., итого 20 424 руб. 47½ коп. В течение отчетного года поступило: 1) с поселенцев 15 коп. сбора, на основании 384 и 389 ст. XIV т. уст. о ссыльн., 1 164 руб. 69 коп.; 2) с золотопромышленников, на основании 332 ст. XIV т. уст. о ссыльн . и 63 ст. правил о найме рабочих на частные золотые промысла, за поселенцев, бывших у них на приисках, в экономический капитал по 1 руб. 50 коп. и на устройство оседлости по 1 руб. за каждого рабочего 6 416 руб. 25 коп.; 3) деньги,"
d122;1 января 1899 г.;;"77 В 1898 г. поступило всего казенных и частных сумм 70 224 руб. 37 коп. В 1898 г. израсходовано 80 338 руб. 18¼ коп. Осталось к 1 января 1899 г. 15 209 руб. 24¾ коп. В четырех отделениях К 1 января 1898 г. оставалось 16 224 руб. 88¾ коп. В 1898 г. поступило всего казенных и частных сумм 74 800 руб. 95¼ коп. В 1898 г. израсходовано 44 971 руб. 61 коп. Осталось к 1 января 1899 г. 19 054 руб. 23 коп. В том числе комитет и его отделения имели в долгах: к 1 января 1895 г. — 23 609 руб. 59¾ коп., а к 1 января 1899 г. долга состоит 15 940 руб. 18 коп., так что наличный капитал комитета с отделениями должен считаться к 1899 г. в сумме 18 323 руб. 29 ¾ коп. Расходы были следующие: 1) на содержание наличного состава служащих и канцелярские потребности — 22 328 руб. 41 коп.; 2) на содержание арестантов и тюремных учреждений — 99 714 руб. 76 коп. и 3) на содержание приюта арестантских детей, пособие отделениям, возврат долгов, временные ссуды отделениям и проч. — 3 266 руб. 62 коп., а всего — 125 309 руб. 79¼ коп. Движение сумм экономического поселенческого капитала в течение отчетного года было следующее: к 1 января 1998 г. оставалось а) наличными деньгами 239 руб. 35½ коп.; б) один билет 5 % с выигрышами займа дворянского земельного банка 100 руб.; в) 10 закладных листов 4½ % того же банка 10 000 руб.; г) 14 свидетельств государственной 4 % ренты на 10 000 руб. и д) одна книжка сберегательной кассы государственного банка на 85 руб. 12 коп., итого 20 424 руб. 47½ коп. В течение отчетного года поступило: 1) с поселенцев 15 коп. сбора, на основании 384 и 389 ст. XIV т. уст. о ссыльн., 1 164 руб. 69 коп.; 2) с золотопромышленников, на основании 332 ст. XIV т. уст. о ссыльн . и 63 ст. правил о найме рабочих на частные золотые промысла, за поселенцев, бывших у них на приисках, в экономический капитал по 1 руб. 50 коп. и на устройство оседлости по 1 руб. за каждого рабочего 6 416 руб. 25 коп.; 3) деньги,"
d123;1 января 1898 г.;;"77 В 1898 г. поступило всего казенных и частных сумм 70 224 руб. 37 коп. В 1898 г. израсходовано 80 338 руб. 18¼ коп. Осталось к 1 января 1899 г. 15 209 руб. 24¾ коп. В четырех отделениях К 1 января 1898 г. оставалось 16 224 руб. 88¾ коп. В 1898 г. поступило всего казенных и частных сумм 74 800 руб. 95¼ коп. В 1898 г. израсходовано 44 971 руб. 61 коп. Осталось к 1 января 1899 г. 19 054 руб. 23 коп. В том числе комитет и его отделения имели в долгах: к 1 января 1895 г. — 23 609 руб. 59¾ коп., а к 1 января 1899 г. долга состоит 15 940 руб. 18 коп., так что наличный капитал комитета с отделениями должен считаться к 1899 г. в сумме 18 323 руб. 29 ¾ коп. Расходы были следующие: 1) на содержание наличного состава служащих и канцелярские потребности — 22 328 руб. 41 коп.; 2) на содержание арестантов и тюремных учреждений — 99 714 руб. 76 коп. и 3) на содержание приюта арестантских детей, пособие отделениям, возврат долгов, временные ссуды отделениям и проч. — 3 266 руб. 62 коп., а всего — 125 309 руб. 79¼ коп. Движение сумм экономического поселенческого капитала в течение отчетного года было следующее: к 1 января 1998 г. оставалось а) наличными деньгами 239 руб. 35½ коп.; б) один билет 5 % с выигрышами займа дворянского земельного банка 100 руб.; в) 10 закладных листов 4½ % того же банка 10 000 руб.; г) 14 свидетельств государственной 4 % ренты на 10 000 руб. и д) одна книжка сберегательной кассы государственного банка на 85 руб. 12 коп., итого 20 424 руб. 47½ коп. В течение отчетного года поступило: 1) с поселенцев 15 коп. сбора, на основании 384 и 389 ст. XIV т. уст. о ссыльн., 1 164 руб. 69 коп.; 2) с золотопромышленников, на основании 332 ст. XIV т. уст. о ссыльн . и 63 ст. правил о найме рабочих на частные золотые промысла, за поселенцев, бывших у них на приисках, в экономический капитал по 1 руб. 50 коп. и на устройство оседлости по 1 руб. за каждого рабочего 6 416 руб. 25 коп.; 3) деньги,"
d124;1898 г.;;"77 В 1898 г. поступило всего казенных и частных сумм 70 224 руб. 37 коп. В 1898 г. израсходовано 80 338 руб. 18¼ коп. Осталось к 1 января 1899 г. 15 209 руб. 24¾ коп. В четырех отделениях К 1 января 1898 г. оставалось 16 224 руб. 88¾ коп. В 1898 г. поступило всего казенных и частных сумм 74 800 руб. 95¼ коп. В 1898 г. израсходовано 44 971 руб. 61 коп. Осталось к 1 января 1899 г. 19 054 руб. 23 коп. В том числе комитет и его отделения имели в долгах: к 1 января 1895 г. — 23 609 руб. 59¾ коп., а к 1 января 1899 г. долга состоит 15 940 руб. 18 коп., так что наличный капитал комитета с отделениями должен считаться к 1899 г. в сумме 18 323 руб. 29 ¾ коп. Расходы были следующие: 1) на содержание наличного состава служащих и канцелярские потребности — 22 328 руб. 41 коп.; 2) на содержание арестантов и тюремных учреждений — 99 714 руб. 76 коп. и 3) на содержание приюта арестантских детей, пособие отделениям, возврат долгов, временные ссуды отделениям и проч. — 3 266 руб. 62 коп., а всего — 125 309 руб. 79¼ коп. Движение сумм экономического поселенческого капитала в течение отчетного года было следующее: к 1 января 1998 г. оставалось а) наличными деньгами 239 руб. 35½ коп.; б) один билет 5 % с выигрышами займа дворянского земельного банка 100 руб.; в) 10 закладных листов 4½ % того же банка 10 000 руб.; г) 14 свидетельств государственной 4 % ренты на 10 000 руб. и д) одна книжка сберегательной кассы государственного банка на 85 руб. 12 коп., итого 20 424 руб. 47½ коп. В течение отчетного года поступило: 1) с поселенцев 15 коп. сбора, на основании 384 и 389 ст. XIV т. уст. о ссыльн., 1 164 руб. 69 коп.; 2) с золотопромышленников, на основании 332 ст. XIV т. уст. о ссыльн . и 63 ст. правил о найме рабочих на частные золотые промысла, за поселенцев, бывших у них на приисках, в экономический капитал по 1 руб. 50 коп. и на устройство оседлости по 1 руб. за каждого рабочего 6 416 руб. 25 коп.; 3) деньги,"
d125;1898 г.;;"77 В 1898 г. поступило всего казенных и частных сумм 70 224 руб. 37 коп. В 1898 г. израсходовано 80 338 руб. 18¼ коп. Осталось к 1 января 1899 г. 15 209 руб. 24¾ коп. В четырех отделениях К 1 января 1898 г. оставалось 16 224 руб. 88¾ коп. В 1898 г. поступило всего казенных и частных сумм 74 800 руб. 95¼ коп. В 1898 г. израсходовано 44 971 руб. 61 коп. Осталось к 1 января 1899 г. 19 054 руб. 23 коп. В том числе комитет и его отделения имели в долгах: к 1 января 1895 г. — 23 609 руб. 59¾ коп., а к 1 января 1899 г. долга состоит 15 940 руб. 18 коп., так что наличный капитал комитета с отделениями должен считаться к 1899 г. в сумме 18 323 руб. 29 ¾ коп. Расходы были следующие: 1) на содержание наличного состава служащих и канцелярские потребности — 22 328 руб. 41 коп.; 2) на содержание арестантов и тюремных учреждений — 99 714 руб. 76 коп. и 3) на содержание приюта арестантских детей, пособие отделениям, возврат долгов, временные ссуды отделениям и проч. — 3 266 руб. 62 коп., а всего — 125 309 руб. 79¼ коп. Движение сумм экономического поселенческого капитала в течение отчетного года было следующее: к 1 января 1998 г. оставалось а) наличными деньгами 239 руб. 35½ коп.; б) один билет 5 % с выигрышами займа дворянского земельного банка 100 руб.; в) 10 закладных листов 4½ % того же банка 10 000 руб.; г) 14 свидетельств государственной 4 % ренты на 10 000 руб. и д) одна книжка сберегательной кассы государственного банка на 85 руб. 12 коп., итого 20 424 руб. 47½ коп. В течение отчетного года поступило: 1) с поселенцев 15 коп. сбора, на основании 384 и 389 ст. XIV т. уст. о ссыльн., 1 164 руб. 69 коп.; 2) с золотопромышленников, на основании 332 ст. XIV т. уст. о ссыльн . и 63 ст. правил о найме рабочих на частные золотые промысла, за поселенцев, бывших у них на приисках, в экономический капитал по 1 руб. 50 коп. и на устройство оседлости по 1 руб. за каждого рабочего 6 416 руб. 25 коп.; 3) деньги,"
d126;1 января 1899 г.;;"77 В 1898 г. поступило всего казенных и частных сумм 70 224 руб. 37 коп. В 1898 г. израсходовано 80 338 руб. 18¼ коп. Осталось к 1 января 1899 г. 15 209 руб. 24¾ коп. В четырех отделениях К 1 января 1898 г. оставалось 16 224 руб. 88¾ коп. В 1898 г. поступило всего казенных и частных сумм 74 800 руб. 95¼ коп. В 1898 г. израсходовано 44 971 руб. 61 коп. Осталось к 1 января 1899 г. 19 054 руб. 23 коп. В том числе комитет и его отделения имели в долгах: к 1 января 1895 г. — 23 609 руб. 59¾ коп., а к 1 января 1899 г. долга состоит 15 940 руб. 18 коп., так что наличный капитал комитета с отделениями должен считаться к 1899 г. в сумме 18 323 руб. 29 ¾ коп. Расходы были следующие: 1) на содержание наличного состава служащих и канцелярские потребности — 22 328 руб. 41 коп.; 2) на содержание арестантов и тюремных учреждений — 99 714 руб. 76 коп. и 3) на содержание приюта арестантских детей, пособие отделениям, возврат долгов, временные ссуды отделениям и проч. — 3 266 руб. 62 коп., а всего — 125 309 руб. 79¼ коп. Движение сумм экономического поселенческого капитала в течение отчетного года было следующее: к 1 января 1998 г. оставалось а) наличными деньгами 239 руб. 35½ коп.; б) один билет 5 % с выигрышами займа дворянского земельного банка 100 руб.; в) 10 закладных листов 4½ % того же банка 10 000 руб.; г) 14 свидетельств государственной 4 % ренты на 10 000 руб. и д) одна книжка сберегательной кассы государственного банка на 85 руб. 12 коп., итого 20 424 руб. 47½ коп. В течение отчетного года поступило: 1) с поселенцев 15 коп. сбора, на основании 384 и 389 ст. XIV т. уст. о ссыльн., 1 164 руб. 69 коп.; 2) с золотопромышленников, на основании 332 ст. XIV т. уст. о ссыльн . и 63 ст. правил о найме рабочих на частные золотые промысла, за поселенцев, бывших у них на приисках, в экономический капитал по 1 руб. 50 коп. и на устройство оседлости по 1 руб. за каждого рабочего 6 416 руб. 25 коп.; 3) деньги,"
d127;1 января 1895 г.;;"77 В 1898 г. поступило всего казенных и частных сумм 70 224 руб. 37 коп. В 1898 г. израсходовано 80 338 руб. 18¼ коп. Осталось к 1 января 1899 г. 15 209 руб. 24¾ коп. В четырех отделениях К 1 января 1898 г. оставалось 16 224 руб. 88¾ коп. В 1898 г. поступило всего казенных и частных сумм 74 800 руб. 95¼ коп. В 1898 г. израсходовано 44 971 руб. 61 коп. Осталось к 1 января 1899 г. 19 054 руб. 23 коп. В том числе комитет и его отделения имели в долгах: к 1 января 1895 г. — 23 609 руб. 59¾ коп., а к 1 января 1899 г. долга состоит 15 940 руб. 18 коп., так что наличный капитал комитета с отделениями должен считаться к 1899 г. в сумме 18 323 руб. 29 ¾ коп. Расходы были следующие: 1) на содержание наличного состава служащих и канцелярские потребности — 22 328 руб. 41 коп.; 2) на содержание арестантов и тюремных учреждений — 99 714 руб. 76 коп. и 3) на содержание приюта арестантских детей, пособие отделениям, возврат долгов, временные ссуды отделениям и проч. — 3 266 руб. 62 коп., а всего — 125 309 руб. 79¼ коп. Движение сумм экономического поселенческого капитала в течение отчетного года было следующее: к 1 января 1998 г. оставалось а) наличными деньгами 239 руб. 35½ коп.; б) один билет 5 % с выигрышами займа дворянского земельного банка 100 руб.; в) 10 закладных листов 4½ % того же банка 10 000 руб.; г) 14 свидетельств государственной 4 % ренты на 10 000 руб. и д) одна книжка сберегательной кассы государственного банка на 85 руб. 12 коп., итого 20 424 руб. 47½ коп. В течение отчетного года поступило: 1) с поселенцев 15 коп. сбора, на основании 384 и 389 ст. XIV т. уст. о ссыльн., 1 164 руб. 69 коп.; 2) с золотопромышленников, на основании 332 ст. XIV т. уст. о ссыльн . и 63 ст. правил о найме рабочих на частные золотые промысла, за поселенцев, бывших у них на приисках, в экономический капитал по 1 руб. 50 коп. и на устройство оседлости по 1 руб. за каждого рабочего 6 416 руб. 25 коп.; 3) деньги,"
d128;1 января 1899 г.;;"77 В 1898 г. поступило всего казенных и частных сумм 70 224 руб. 37 коп. В 1898 г. израсходовано 80 338 руб. 18¼ коп. Осталось к 1 января 1899 г. 15 209 руб. 24¾ коп. В четырех отделениях К 1 января 1898 г. оставалось 16 224 руб. 88¾ коп. В 1898 г. поступило всего казенных и частных сумм 74 800 руб. 95¼ коп. В 1898 г. израсходовано 44 971 руб. 61 коп. Осталось к 1 января 1899 г. 19 054 руб. 23 коп. В том числе комитет и его отделения имели в долгах: к 1 января 1895 г. — 23 609 руб. 59¾ коп., а к 1 января 1899 г. долга состоит 15 940 руб. 18 коп., так что наличный капитал комитета с отделениями должен считаться к 1899 г. в сумме 18 323 руб. 29 ¾ коп. Расходы были следующие: 1) на содержание наличного состава служащих и канцелярские потребности — 22 328 руб. 41 коп.; 2) на содержание арестантов и тюремных учреждений — 99 714 руб. 76 коп. и 3) на содержание приюта арестантских детей, пособие отделениям, возврат долгов, временные ссуды отделениям и проч. — 3 266 руб. 62 коп., а всего — 125 309 руб. 79¼ коп. Движение сумм экономического поселенческого капитала в течение отчетного года было следующее: к 1 января 1998 г. оставалось а) наличными деньгами 239 руб. 35½ коп.; б) один билет 5 % с выигрышами займа дворянского земельного банка 100 руб.; в) 10 закладных листов 4½ % того же банка 10 000 руб.; г) 14 свидетельств государственной 4 % ренты на 10 000 руб. и д) одна книжка сберегательной кассы государственного банка на 85 руб. 12 коп., итого 20 424 руб. 47½ коп. В течение отчетного года поступило: 1) с поселенцев 15 коп. сбора, на основании 384 и 389 ст. XIV т. уст. о ссыльн., 1 164 руб. 69 коп.; 2) с золотопромышленников, на основании 332 ст. XIV т. уст. о ссыльн . и 63 ст. правил о найме рабочих на частные золотые промысла, за поселенцев, бывших у них на приисках, в экономический капитал по 1 руб. 50 коп. и на устройство оседлости по 1 руб. за каждого рабочего 6 416 руб. 25 коп.; 3) деньги,"
d129;1899 г.;;"77 В 1898 г. поступило всего казенных и частных сумм 70 224 руб. 37 коп. В 1898 г. израсходовано 80 338 руб. 18¼ коп. Осталось к 1 января 1899 г. 15 209 руб. 24¾ коп. В четырех отделениях К 1 января 1898 г. оставалось 16 224 руб. 88¾ коп. В 1898 г. поступило всего казенных и частных сумм 74 800 руб. 95¼ коп. В 1898 г. израсходовано 44 971 руб. 61 коп. Осталось к 1 января 1899 г. 19 054 руб. 23 коп. В том числе комитет и его отделения имели в долгах: к 1 января 1895 г. — 23 609 руб. 59¾ коп., а к 1 января 1899 г. долга состоит 15 940 руб. 18 коп., так что наличный капитал комитета с отделениями должен считаться к 1899 г. в сумме 18 323 руб. 29 ¾ коп. Расходы были следующие: 1) на содержание наличного состава служащих и канцелярские потребности — 22 328 руб. 41 коп.; 2) на содержание арестантов и тюремных учреждений — 99 714 руб. 76 коп. и 3) на содержание приюта арестантских детей, пособие отделениям, возврат долгов, временные ссуды отделениям и проч. — 3 266 руб. 62 коп., а всего — 125 309 руб. 79¼ коп. Движение сумм экономического поселенческого капитала в течение отчетного года было следующее: к 1 января 1998 г. оставалось а) наличными деньгами 239 руб. 35½ коп.; б) один билет 5 % с выигрышами займа дворянского земельного банка 100 руб.; в) 10 закладных листов 4½ % того же банка 10 000 руб.; г) 14 свидетельств государственной 4 % ренты на 10 000 руб. и д) одна книжка сберегательной кассы государственного банка на 85 руб. 12 коп., итого 20 424 руб. 47½ коп. В течение отчетного года поступило: 1) с поселенцев 15 коп. сбора, на основании 384 и 389 ст. XIV т. уст. о ссыльн., 1 164 руб. 69 коп.; 2) с золотопромышленников, на основании 332 ст. XIV т. уст. о ссыльн . и 63 ст. правил о найме рабочих на частные золотые промысла, за поселенцев, бывших у них на приисках, в экономический капитал по 1 руб. 50 коп. и на устройство оседлости по 1 руб. за каждого рабочего 6 416 руб. 25 коп.; 3) деньги,"
d130;1 января 1899 г.;;"78 оставшиеся после смерти ссыльных и вырученные чрез продажу их имуществ на основании 431 ст. XIV т. уст. о ссыльн . 1592 руб. 63 коп.; 4) оставшиеся не выданными в пособие ссыльным за смертию их и по другим причинам 606 руб. 20 коп.; 5) выручены за билетные бланки об увольнении ссыльнопоселенцев на золотые промыслы 208 руб.; 6) получено из Красноярского отделения государственного банка по конверсии 10 — 4 ½ % закладных листов дворянского земельного банка на 3 ½ %, закладные листы того же банка 10 000 руб. и доплаты деньгами 200 руб.; 7) выручено от продажи одного 3½ % закладного листа дворянского земельного банка 4 895 руб. 71 коп.; 8) получено % из Красноярского отделения Государственного банка по % бумагам 605 руб. 72 коп. Итого в приходе 25 689 руб. 20 коп., а с остатков 46 113 руб. 67½ коп. За то же время израсходовано: 1) выдано в пособие на пропитание поселенцам, подлежащим, на основании 395, 396 и 397 ст. XIV т. уст. о ссыльных, призрению в богадельнях 14 569 руб. 63 коп.; 2) уплачено 2- му отделению Енисейского губернского управления за призрение ссыльных в богадельне общественного призрения 808 руб. 37 коп. 3) уплачено приюту арестантских детей за содержание малолетних детей ссыльнопоселенцев 57 руб. 39 коп.; 4) возвращено в разные учреждения, как неправильно поступившие , в экономический поселенческий капитал 3 руб. 55 коп.; 5) возвращено волостным правлениям за представленные ими бланки билетов об увольнении ссыльнопоселенцев на золотые промысла 7 руб. 50 коп. 6) обменено 10 — 4½ закладных листов дворянского земельного банка по 1 000 руб. каждый с принадлежащими к ним купонами на 3 ½ % закладные листы того же банка 10 000 руб.; 7) обменено 4 купона от 4 ½ % закладные листы того же банка на наличные деньги 90 руб.; 8) выписан в расход один 3½ % закладной лист дворянского земельного банка для обмена на наличные деньги 5 000 руб.; итого в расходе 30 536 руб. 44 коп. Затем в 1 января 1899 г. осталось: а) наличными деньгами 392 руб. 11½ коп., б) один билет 5 % с выигрышами займа дворянского земельного банка 100 руб.; в) 14 свидетельств государственной 4 % ренты на 10 000 руб.; г) одна книжка сберегательной кассы государственного банка 85 руб."
d131;1898 г.;;Ж. Пожары (Приложением к этой статье служит ведомость № 6.) В течение отчетного года было в губернии пожаров 427, более предыдущего года на 99, причиненный ими убыток простирался до 307 516 руб. 46 коп., более же предшествовавшего года на 30 098 руб. 16 коп. З. Различные происшествия Кроме недорода вообще по всем уездам губернии хлеба и пожаров, других народных бедствий не было. IV. НАРОДНОЕ ЗДРАВИЕ И ОБЩЕСТВЕННОЕ ПРИЗРЕНИЕ . А. Врачи Всех врачей по Енисейской губернии, военного и гражданского ведомства, в отчетном году состояло 71. Распределение их по городам было следующее: в Красноярске 20 и 4 ветеринарных, Енисейске 6 и 3 ветеринарных, Канске 4, Ачинске 2 и 1 ветеринарный, Минусинске 2 и 1 ветеринарный и Туруханске 1, в округах: Красноярском 3, Енисейском 4, Ачинском 6, Канском 5 и 1 ветеринарный, Минусинском 7 и Усинском крае 1 (ветеринарный). В 1898 г. сельская врачебная часть получила коренное изменение. Высочайше утвержденное положение 27 мая 1897 г. по сельской врачебной части в иркутском генерал-губернаторстве распоряжением последнего введено в Енисейской губернии с 1 января 1898 г. Согласно новому положению прежнее деление врачей на окружных, которых было 6, сельских 5 и переселенческих 3, было уничтожено, а вся губерния разделена на 22 сельских участка, с отдельными участками в Туруханском крае и Усинском пограничном округе, так что всего сельских врачей в губернии должно быть 24 и 2 командировочных при врачебном отделении, но в отчетном году удалось заместить только 22 участка.
d132;27 мая 1897 г.;;Ж. Пожары (Приложением к этой статье служит ведомость № 6.) В течение отчетного года было в губернии пожаров 427, более предыдущего года на 99, причиненный ими убыток простирался до 307 516 руб. 46 коп., более же предшествовавшего года на 30 098 руб. 16 коп. З. Различные происшествия Кроме недорода вообще по всем уездам губернии хлеба и пожаров, других народных бедствий не было. IV. НАРОДНОЕ ЗДРАВИЕ И ОБЩЕСТВЕННОЕ ПРИЗРЕНИЕ . А. Врачи Всех врачей по Енисейской губернии, военного и гражданского ведомства, в отчетном году состояло 71. Распределение их по городам было следующее: в Красноярске 20 и 4 ветеринарных, Енисейске 6 и 3 ветеринарных, Канске 4, Ачинске 2 и 1 ветеринарный, Минусинске 2 и 1 ветеринарный и Туруханске 1, в округах: Красноярском 3, Енисейском 4, Ачинском 6, Канском 5 и 1 ветеринарный, Минусинском 7 и Усинском крае 1 (ветеринарный). В 1898 г. сельская врачебная часть получила коренное изменение. Высочайше утвержденное положение 27 мая 1897 г. по сельской врачебной части в иркутском генерал-губернаторстве распоряжением последнего введено в Енисейской губернии с 1 января 1898 г. Согласно новому положению прежнее деление врачей на окружных, которых было 6, сельских 5 и переселенческих 3, было уничтожено, а вся губерния разделена на 22 сельских участка, с отдельными участками в Туруханском крае и Усинском пограничном округе, так что всего сельских врачей в губернии должно быть 24 и 2 командировочных при врачебном отделении, но в отчетном году удалось заместить только 22 участка.
d133;1 января 1898 г.;;Ж. Пожары (Приложением к этой статье служит ведомость № 6.) В течение отчетного года было в губернии пожаров 427, более предыдущего года на 99, причиненный ими убыток простирался до 307 516 руб. 46 коп., более же предшествовавшего года на 30 098 руб. 16 коп. З. Различные происшествия Кроме недорода вообще по всем уездам губернии хлеба и пожаров, других народных бедствий не было. IV. НАРОДНОЕ ЗДРАВИЕ И ОБЩЕСТВЕННОЕ ПРИЗРЕНИЕ . А. Врачи Всех врачей по Енисейской губернии, военного и гражданского ведомства, в отчетном году состояло 71. Распределение их по городам было следующее: в Красноярске 20 и 4 ветеринарных, Енисейске 6 и 3 ветеринарных, Канске 4, Ачинске 2 и 1 ветеринарный, Минусинске 2 и 1 ветеринарный и Туруханске 1, в округах: Красноярском 3, Енисейском 4, Ачинском 6, Канском 5 и 1 ветеринарный, Минусинском 7 и Усинском крае 1 (ветеринарный). В 1898 г. сельская врачебная часть получила коренное изменение. Высочайше утвержденное положение 27 мая 1897 г. по сельской врачебной части в иркутском генерал-губернаторстве распоряжением последнего введено в Енисейской губернии с 1 января 1898 г. Согласно новому положению прежнее деление врачей на окружных, которых было 6, сельских 5 и переселенческих 3, было уничтожено, а вся губерния разделена на 22 сельских участка, с отдельными участками в Туруханском крае и Усинском пограничном округе, так что всего сельских врачей в губернии должно быть 24 и 2 командировочных при врачебном отделении, но в отчетном году удалось заместить только 22 участка.
d134;1898 г.;;"80 Б. Аптеки В отчетном 1898 г. по Енисейской губернии, во всех городах, кроме заштатного города Туруханска, имелось 10 аптек; из них нормальных 5 и сельских 5. Нормальные: в Красноярске 2, Енисейске , Ачинске и Минусинске по 1. Сельские : в г. Канске, с. Рыбинском Канского округа, с. Абаканском Минусинского округа и с. Балахтинском Ачинского округа, и с. Казачинском Енисейского округа. Общий оборот аптек и число поступивших в них рецептов был следующий. назВаниЕ аПтЕк Число рецептов и повторений Средняя стоимость рецепта Выручка по рецептам Выручка по ручной продаже Общий годовой оборот аптек руб. коп. руб. коп. руб. коп. руб. коп. В Красноярске 1) Смирновой и Зейдель 15097 — 58,31 8804 27 11109 3 19913 30 2) Общ. врач. Ен. губ.19467 — 60,32 11743 63 12035 91 23779 54 Енисейская 15224 — 45 7012 50 1918 6 8930 56 Ачинская 5771 — 59,8 2258 47 3325 37 5583 84 Минусинская 4073 — 45,5 1859 10 4292 39 6151 49 Канская сельская 5978 — 47,13 2817 87 4324 30 7142 17 Абаканская 635 — 62,33 396 4 537 79 933 83 Рыбинская 1177 — 56,5 665 59 1382 85 2048 44 Балахтинская 188 — 58,36 110 22 998 65 1108 87 Казачинская 584 — 64,7 378 5 571 10 949 15 Итого 68194 — 55,57 36045 74 40495 45 76541 19 В. Оспопрививание В отчетном году оспопрививание производилось оспопрививателями, фельдшерами, врачами и частными лицами, преимущественно детритом, получаемым из частных телятников. Всего привито 15 596 детей, ревакцинировано 40 лиц. Натуральная оспа была у 48 лиц, с 8 смертными случаями. Оспопрививание ведется недостаточно интенсивно, а последнее объясняется ограниченным контингентом оспопрививателей ,"
d135;1895 г.;;81 которых насчитывается до 60 человек и которые избираются сельскими обществами из своей среды, в большинстве оказываются безграмотными, неспособными и занимаются своим делом не по желанию, а по принуждению. Г. Больницы и дома умалишенных. Во всех городах Енисейской губернии имеются городские больницы ведомства общественного призрения , а именно: в г. Красноярске на 125, Енисейске на 45, Канске на 40, Ачинске и Минусинске на 35 кроватей каждая, а всего 280 кроватей в губернии, для всего гражданского населения, равного 546 738 чел., то есть число коек, едва ли могущее считаться сколько нибудь достаточным. Красноярская и Енисейская больница помещаются в собственных каменных, а прочие в деревянных домах. Все здания окружных больниц, за исключением Красноярской, во многих отношениях можно считать неудовлетворительными. К постройкам новых зданий для больницы в г. Ачинске предполагалось приступить еще в 1895 г., но ввиду высоких цен на строительные материалы и рабочие руки по случаю ведения работ по линии Сибирской железной дороги, постройка зданий Ачинской больницы отложена до более благоприятного времени. Постройка Енисейской больницы в настоящее время производится хозяйственным способом чрез особую комиссию из членов больничного совета, и в 1898 г. произведена уже часть работ. Постройка Минусинской больницы сдана с торгов за 33 380 руб., и произведена также часть работ. При Красноярской больнице состоит единственный для всей губернии дом умалишенных на 20 кроватей. Помещение это всегда переполнено вдвое и более против положенного числа кроватей. Помещение дома умалишенных крайне ветхое, тесное, не удовлетворяющее самым скромным требованиям. Не имеется специалиста для заведования домом умалишенных. Общее число содержащихся в доме умалишенных в 1898 г. было 134, из них умерло 11 человек.
d136;1898 г.;;81 которых насчитывается до 60 человек и которые избираются сельскими обществами из своей среды, в большинстве оказываются безграмотными, неспособными и занимаются своим делом не по желанию, а по принуждению. Г. Больницы и дома умалишенных. Во всех городах Енисейской губернии имеются городские больницы ведомства общественного призрения , а именно: в г. Красноярске на 125, Енисейске на 45, Канске на 40, Ачинске и Минусинске на 35 кроватей каждая, а всего 280 кроватей в губернии, для всего гражданского населения, равного 546 738 чел., то есть число коек, едва ли могущее считаться сколько нибудь достаточным. Красноярская и Енисейская больница помещаются в собственных каменных, а прочие в деревянных домах. Все здания окружных больниц, за исключением Красноярской, во многих отношениях можно считать неудовлетворительными. К постройкам новых зданий для больницы в г. Ачинске предполагалось приступить еще в 1895 г., но ввиду высоких цен на строительные материалы и рабочие руки по случаю ведения работ по линии Сибирской железной дороги, постройка зданий Ачинской больницы отложена до более благоприятного времени. Постройка Енисейской больницы в настоящее время производится хозяйственным способом чрез особую комиссию из членов больничного совета, и в 1898 г. произведена уже часть работ. Постройка Минусинской больницы сдана с торгов за 33 380 руб., и произведена также часть работ. При Красноярской больнице состоит единственный для всей губернии дом умалишенных на 20 кроватей. Помещение это всегда переполнено вдвое и более против положенного числа кроватей. Помещение дома умалишенных крайне ветхое, тесное, не удовлетворяющее самым скромным требованиям. Не имеется специалиста для заведования домом умалишенных. Общее число содержащихся в доме умалишенных в 1898 г. было 134, из них умерло 11 человек.
d137;1898 г.;;81 которых насчитывается до 60 человек и которые избираются сельскими обществами из своей среды, в большинстве оказываются безграмотными, неспособными и занимаются своим делом не по желанию, а по принуждению. Г. Больницы и дома умалишенных. Во всех городах Енисейской губернии имеются городские больницы ведомства общественного призрения , а именно: в г. Красноярске на 125, Енисейске на 45, Канске на 40, Ачинске и Минусинске на 35 кроватей каждая, а всего 280 кроватей в губернии, для всего гражданского населения, равного 546 738 чел., то есть число коек, едва ли могущее считаться сколько нибудь достаточным. Красноярская и Енисейская больница помещаются в собственных каменных, а прочие в деревянных домах. Все здания окружных больниц, за исключением Красноярской, во многих отношениях можно считать неудовлетворительными. К постройкам новых зданий для больницы в г. Ачинске предполагалось приступить еще в 1895 г., но ввиду высоких цен на строительные материалы и рабочие руки по случаю ведения работ по линии Сибирской железной дороги, постройка зданий Ачинской больницы отложена до более благоприятного времени. Постройка Енисейской больницы в настоящее время производится хозяйственным способом чрез особую комиссию из членов больничного совета, и в 1898 г. произведена уже часть работ. Постройка Минусинской больницы сдана с торгов за 33 380 руб., и произведена также часть работ. При Красноярской больнице состоит единственный для всей губернии дом умалишенных на 20 кроватей. Помещение это всегда переполнено вдвое и более против положенного числа кроватей. Помещение дома умалишенных крайне ветхое, тесное, не удовлетворяющее самым скромным требованиям. Не имеется специалиста для заведования домом умалишенных. Общее число содержащихся в доме умалишенных в 1898 г. было 134, из них умерло 11 человек.
d138;1898 г.;;82 В Красноярске, Енисейске , Ачинске и Минусинске функционировали амбулаторные лечебницы, обставленные весьма хорошо, и в них, кроме подачи медицинского совета, широко больные снабжаются бесплатно медикаментами. При Красноярской лечебнице имеется хирургический барак на 8 кроватей, очень хорошо обставленный, где оказывается помощь бедным больным совершенно бесплатно. В нем получили пособие 89 больных, которым было сделано 105 операций. В Туруханском крае больные пользуются бесплатным лекарством от врача, так же как и сельское население в прочих округах губернии. В существующей при обществе врачей в г. Красноярске женской фельдшерской школе обучалось всего 19 учениц. Окончивших курс школы в отчетном году не было. Число пользованных в городских больницах в отчетном году было следующее: назВаниЕ больниц Оставалось к 1898 г. В 1898 г. Осталось к 1899 г.заболеловыздоровелоумерло Красноярская 133 1491 1304 160 160 Енисейская 42 433 365 66 44 Ачинская 21 283 249 27 28 Канская 48 489 411 85 41 Минусинская 10 264 229 27 18 Итого 254 2960 2558 365 291 Кроме городских больниц, в городах существуют еще тюремные больницы на средства Енисейского губернского попечительного общества о тюрьмах и его отделений: Красноярская на 150 кроватей, Канская на 40, Ачинская на 35, Минусинская на 30 и Енисейская на 26. Число пользованных в тюремных больницах в отчетном году было следующее: назВаниЕ больниц Оставалось к 1898 г. В 1898 г. Осталось к 1899 г.заболеловыздоровелоумерло Красноярская 97 1308 1186 97 122 Канская 31 438 434 8 27
d139;1898 г.;;82 В Красноярске, Енисейске , Ачинске и Минусинске функционировали амбулаторные лечебницы, обставленные весьма хорошо, и в них, кроме подачи медицинского совета, широко больные снабжаются бесплатно медикаментами. При Красноярской лечебнице имеется хирургический барак на 8 кроватей, очень хорошо обставленный, где оказывается помощь бедным больным совершенно бесплатно. В нем получили пособие 89 больных, которым было сделано 105 операций. В Туруханском крае больные пользуются бесплатным лекарством от врача, так же как и сельское население в прочих округах губернии. В существующей при обществе врачей в г. Красноярске женской фельдшерской школе обучалось всего 19 учениц. Окончивших курс школы в отчетном году не было. Число пользованных в городских больницах в отчетном году было следующее: назВаниЕ больниц Оставалось к 1898 г. В 1898 г. Осталось к 1899 г.заболеловыздоровелоумерло Красноярская 133 1491 1304 160 160 Енисейская 42 433 365 66 44 Ачинская 21 283 249 27 28 Канская 48 489 411 85 41 Минусинская 10 264 229 27 18 Итого 254 2960 2558 365 291 Кроме городских больниц, в городах существуют еще тюремные больницы на средства Енисейского губернского попечительного общества о тюрьмах и его отделений: Красноярская на 150 кроватей, Канская на 40, Ачинская на 35, Минусинская на 30 и Енисейская на 26. Число пользованных в тюремных больницах в отчетном году было следующее: назВаниЕ больниц Оставалось к 1898 г. В 1898 г. Осталось к 1899 г.заболеловыздоровелоумерло Красноярская 97 1308 1186 97 122 Канская 31 438 434 8 27
d140;1899 г.;;82 В Красноярске, Енисейске , Ачинске и Минусинске функционировали амбулаторные лечебницы, обставленные весьма хорошо, и в них, кроме подачи медицинского совета, широко больные снабжаются бесплатно медикаментами. При Красноярской лечебнице имеется хирургический барак на 8 кроватей, очень хорошо обставленный, где оказывается помощь бедным больным совершенно бесплатно. В нем получили пособие 89 больных, которым было сделано 105 операций. В Туруханском крае больные пользуются бесплатным лекарством от врача, так же как и сельское население в прочих округах губернии. В существующей при обществе врачей в г. Красноярске женской фельдшерской школе обучалось всего 19 учениц. Окончивших курс школы в отчетном году не было. Число пользованных в городских больницах в отчетном году было следующее: назВаниЕ больниц Оставалось к 1898 г. В 1898 г. Осталось к 1899 г.заболеловыздоровелоумерло Красноярская 133 1491 1304 160 160 Енисейская 42 433 365 66 44 Ачинская 21 283 249 27 28 Канская 48 489 411 85 41 Минусинская 10 264 229 27 18 Итого 254 2960 2558 365 291 Кроме городских больниц, в городах существуют еще тюремные больницы на средства Енисейского губернского попечительного общества о тюрьмах и его отделений: Красноярская на 150 кроватей, Канская на 40, Ачинская на 35, Минусинская на 30 и Енисейская на 26. Число пользованных в тюремных больницах в отчетном году было следующее: назВаниЕ больниц Оставалось к 1898 г. В 1898 г. Осталось к 1899 г.заболеловыздоровелоумерло Красноярская 97 1308 1186 97 122 Канская 31 438 434 8 27
d141;1898 г.;;82 В Красноярске, Енисейске , Ачинске и Минусинске функционировали амбулаторные лечебницы, обставленные весьма хорошо, и в них, кроме подачи медицинского совета, широко больные снабжаются бесплатно медикаментами. При Красноярской лечебнице имеется хирургический барак на 8 кроватей, очень хорошо обставленный, где оказывается помощь бедным больным совершенно бесплатно. В нем получили пособие 89 больных, которым было сделано 105 операций. В Туруханском крае больные пользуются бесплатным лекарством от врача, так же как и сельское население в прочих округах губернии. В существующей при обществе врачей в г. Красноярске женской фельдшерской школе обучалось всего 19 учениц. Окончивших курс школы в отчетном году не было. Число пользованных в городских больницах в отчетном году было следующее: назВаниЕ больниц Оставалось к 1898 г. В 1898 г. Осталось к 1899 г.заболеловыздоровелоумерло Красноярская 133 1491 1304 160 160 Енисейская 42 433 365 66 44 Ачинская 21 283 249 27 28 Канская 48 489 411 85 41 Минусинская 10 264 229 27 18 Итого 254 2960 2558 365 291 Кроме городских больниц, в городах существуют еще тюремные больницы на средства Енисейского губернского попечительного общества о тюрьмах и его отделений: Красноярская на 150 кроватей, Канская на 40, Ачинская на 35, Минусинская на 30 и Енисейская на 26. Число пользованных в тюремных больницах в отчетном году было следующее: назВаниЕ больниц Оставалось к 1898 г. В 1898 г. Осталось к 1899 г.заболеловыздоровелоумерло Красноярская 97 1308 1186 97 122 Канская 31 438 434 8 27
d142;1898 г.;;82 В Красноярске, Енисейске , Ачинске и Минусинске функционировали амбулаторные лечебницы, обставленные весьма хорошо, и в них, кроме подачи медицинского совета, широко больные снабжаются бесплатно медикаментами. При Красноярской лечебнице имеется хирургический барак на 8 кроватей, очень хорошо обставленный, где оказывается помощь бедным больным совершенно бесплатно. В нем получили пособие 89 больных, которым было сделано 105 операций. В Туруханском крае больные пользуются бесплатным лекарством от врача, так же как и сельское население в прочих округах губернии. В существующей при обществе врачей в г. Красноярске женской фельдшерской школе обучалось всего 19 учениц. Окончивших курс школы в отчетном году не было. Число пользованных в городских больницах в отчетном году было следующее: назВаниЕ больниц Оставалось к 1898 г. В 1898 г. Осталось к 1899 г.заболеловыздоровелоумерло Красноярская 133 1491 1304 160 160 Енисейская 42 433 365 66 44 Ачинская 21 283 249 27 28 Канская 48 489 411 85 41 Минусинская 10 264 229 27 18 Итого 254 2960 2558 365 291 Кроме городских больниц, в городах существуют еще тюремные больницы на средства Енисейского губернского попечительного общества о тюрьмах и его отделений: Красноярская на 150 кроватей, Канская на 40, Ачинская на 35, Минусинская на 30 и Енисейская на 26. Число пользованных в тюремных больницах в отчетном году было следующее: назВаниЕ больниц Оставалось к 1898 г. В 1898 г. Осталось к 1899 г.заболеловыздоровелоумерло Красноярская 97 1308 1186 97 122 Канская 31 438 434 8 27
d143;1899 г.;;82 В Красноярске, Енисейске , Ачинске и Минусинске функционировали амбулаторные лечебницы, обставленные весьма хорошо, и в них, кроме подачи медицинского совета, широко больные снабжаются бесплатно медикаментами. При Красноярской лечебнице имеется хирургический барак на 8 кроватей, очень хорошо обставленный, где оказывается помощь бедным больным совершенно бесплатно. В нем получили пособие 89 больных, которым было сделано 105 операций. В Туруханском крае больные пользуются бесплатным лекарством от врача, так же как и сельское население в прочих округах губернии. В существующей при обществе врачей в г. Красноярске женской фельдшерской школе обучалось всего 19 учениц. Окончивших курс школы в отчетном году не было. Число пользованных в городских больницах в отчетном году было следующее: назВаниЕ больниц Оставалось к 1898 г. В 1898 г. Осталось к 1899 г.заболеловыздоровелоумерло Красноярская 133 1491 1304 160 160 Енисейская 42 433 365 66 44 Ачинская 21 283 249 27 28 Канская 48 489 411 85 41 Минусинская 10 264 229 27 18 Итого 254 2960 2558 365 291 Кроме городских больниц, в городах существуют еще тюремные больницы на средства Енисейского губернского попечительного общества о тюрьмах и его отделений: Красноярская на 150 кроватей, Канская на 40, Ачинская на 35, Минусинская на 30 и Енисейская на 26. Число пользованных в тюремных больницах в отчетном году было следующее: назВаниЕ больниц Оставалось к 1898 г. В 1898 г. Осталось к 1899 г.заболеловыздоровелоумерло Красноярская 97 1308 1186 97 122 Канская 31 438 434 8 27
d144;1898 г.;;"83 назВаниЕ больниц Оставалось к 1898 г. В 1898 г. Осталось к 1899 г.заболеловыздоровелоумерло Ачинская 24 375 370 9 20 Минусинская 31 208 205 5 29 Енисейская 27 323 306 14 30 Итого 210 2652 2501 133 228 Кроме поименованных выше больниц существует в г. Красноярске: 1) родильный приют, в котором в течение года было рожениц 283 и 2) приют для новорожденных, в котором к 1 января 1899 г. осталось 4 детей обоего пола. Сельское население губернии пользовалось даровыми лекарствами из имеющихся на 15 фельдшерских пунктах сельских аптечек, а приисковые рабочие — из частных аптек золотопромышленников. Аптеки и аптекарские магазины в отчетном году были обревизованы все, и никаких злоупотреблений или нарушений правил аптекарского устава не обнаружено. Д. Эпидемии и эпизоотии Главными заразными болезнями между жителями Енисейской губернии были: брюшной тиф, корь, дифтерит, малярия и скарлатина. По всем уездам всех заболеваний разными болезнями было в больницах 6 076 с 488 смертными случаями и вне больниц 99 825 с 752 смертными случаями. Всего больных заразными болезнями было 19 913 и умерших 411 чел . В отчетном году на домашних животных существовали следующие болезни: сибирская язва, ящур, сап, бешенство, эмфизематозный карбункул, чесотка и отравление ожогом. Этими болезнями заболело всего 4 495 голов; из них выздоровело 4 124, пало и убито 309. В числе заболевших животных были 671 лошадь, 3 081 голова крупного рогатого скота, 23 овцы. Е. Насильственные и случайные смерти (Приложением к этой статье служит ведомость № 7.) Смертоубийств в отчетном году в Енисейской губернии было 118, а жертвами — муж. 109 и жен . 9; самоубийц — муж. 51, жен . 3; скоропостижно умерших — муж. 102 и жен . 6; найдено мертвых тел — муж. 34, жен. 2; жертвами случайной"
d145;1898 г.;;"83 назВаниЕ больниц Оставалось к 1898 г. В 1898 г. Осталось к 1899 г.заболеловыздоровелоумерло Ачинская 24 375 370 9 20 Минусинская 31 208 205 5 29 Енисейская 27 323 306 14 30 Итого 210 2652 2501 133 228 Кроме поименованных выше больниц существует в г. Красноярске: 1) родильный приют, в котором в течение года было рожениц 283 и 2) приют для новорожденных, в котором к 1 января 1899 г. осталось 4 детей обоего пола. Сельское население губернии пользовалось даровыми лекарствами из имеющихся на 15 фельдшерских пунктах сельских аптечек, а приисковые рабочие — из частных аптек золотопромышленников. Аптеки и аптекарские магазины в отчетном году были обревизованы все, и никаких злоупотреблений или нарушений правил аптекарского устава не обнаружено. Д. Эпидемии и эпизоотии Главными заразными болезнями между жителями Енисейской губернии были: брюшной тиф, корь, дифтерит, малярия и скарлатина. По всем уездам всех заболеваний разными болезнями было в больницах 6 076 с 488 смертными случаями и вне больниц 99 825 с 752 смертными случаями. Всего больных заразными болезнями было 19 913 и умерших 411 чел . В отчетном году на домашних животных существовали следующие болезни: сибирская язва, ящур, сап, бешенство, эмфизематозный карбункул, чесотка и отравление ожогом. Этими болезнями заболело всего 4 495 голов; из них выздоровело 4 124, пало и убито 309. В числе заболевших животных были 671 лошадь, 3 081 голова крупного рогатого скота, 23 овцы. Е. Насильственные и случайные смерти (Приложением к этой статье служит ведомость № 7.) Смертоубийств в отчетном году в Енисейской губернии было 118, а жертвами — муж. 109 и жен . 9; самоубийц — муж. 51, жен . 3; скоропостижно умерших — муж. 102 и жен . 6; найдено мертвых тел — муж. 34, жен. 2; жертвами случайной"
d146;1899 г.;;"83 назВаниЕ больниц Оставалось к 1898 г. В 1898 г. Осталось к 1899 г.заболеловыздоровелоумерло Ачинская 24 375 370 9 20 Минусинская 31 208 205 5 29 Енисейская 27 323 306 14 30 Итого 210 2652 2501 133 228 Кроме поименованных выше больниц существует в г. Красноярске: 1) родильный приют, в котором в течение года было рожениц 283 и 2) приют для новорожденных, в котором к 1 января 1899 г. осталось 4 детей обоего пола. Сельское население губернии пользовалось даровыми лекарствами из имеющихся на 15 фельдшерских пунктах сельских аптечек, а приисковые рабочие — из частных аптек золотопромышленников. Аптеки и аптекарские магазины в отчетном году были обревизованы все, и никаких злоупотреблений или нарушений правил аптекарского устава не обнаружено. Д. Эпидемии и эпизоотии Главными заразными болезнями между жителями Енисейской губернии были: брюшной тиф, корь, дифтерит, малярия и скарлатина. По всем уездам всех заболеваний разными болезнями было в больницах 6 076 с 488 смертными случаями и вне больниц 99 825 с 752 смертными случаями. Всего больных заразными болезнями было 19 913 и умерших 411 чел . В отчетном году на домашних животных существовали следующие болезни: сибирская язва, ящур, сап, бешенство, эмфизематозный карбункул, чесотка и отравление ожогом. Этими болезнями заболело всего 4 495 голов; из них выздоровело 4 124, пало и убито 309. В числе заболевших животных были 671 лошадь, 3 081 голова крупного рогатого скота, 23 овцы. Е. Насильственные и случайные смерти (Приложением к этой статье служит ведомость № 7.) Смертоубийств в отчетном году в Енисейской губернии было 118, а жертвами — муж. 109 и жен . 9; самоубийц — муж. 51, жен . 3; скоропостижно умерших — муж. 102 и жен . 6; найдено мертвых тел — муж. 34, жен. 2; жертвами случайной"
d147;1 января 1899 г.;;"83 назВаниЕ больниц Оставалось к 1898 г. В 1898 г. Осталось к 1899 г.заболеловыздоровелоумерло Ачинская 24 375 370 9 20 Минусинская 31 208 205 5 29 Енисейская 27 323 306 14 30 Итого 210 2652 2501 133 228 Кроме поименованных выше больниц существует в г. Красноярске: 1) родильный приют, в котором в течение года было рожениц 283 и 2) приют для новорожденных, в котором к 1 января 1899 г. осталось 4 детей обоего пола. Сельское население губернии пользовалось даровыми лекарствами из имеющихся на 15 фельдшерских пунктах сельских аптечек, а приисковые рабочие — из частных аптек золотопромышленников. Аптеки и аптекарские магазины в отчетном году были обревизованы все, и никаких злоупотреблений или нарушений правил аптекарского устава не обнаружено. Д. Эпидемии и эпизоотии Главными заразными болезнями между жителями Енисейской губернии были: брюшной тиф, корь, дифтерит, малярия и скарлатина. По всем уездам всех заболеваний разными болезнями было в больницах 6 076 с 488 смертными случаями и вне больниц 99 825 с 752 смертными случаями. Всего больных заразными болезнями было 19 913 и умерших 411 чел . В отчетном году на домашних животных существовали следующие болезни: сибирская язва, ящур, сап, бешенство, эмфизематозный карбункул, чесотка и отравление ожогом. Этими болезнями заболело всего 4 495 голов; из них выздоровело 4 124, пало и убито 309. В числе заболевших животных были 671 лошадь, 3 081 голова крупного рогатого скота, 23 овцы. Е. Насильственные и случайные смерти (Приложением к этой статье служит ведомость № 7.) Смертоубийств в отчетном году в Енисейской губернии было 118, а жертвами — муж. 109 и жен . 9; самоубийц — муж. 51, жен . 3; скоропостижно умерших — муж. 102 и жен . 6; найдено мертвых тел — муж. 34, жен. 2; жертвами случайной"
d148;1875 г.;;"84 смерти — муж. 334, жен . 28; всего же от неестественной смерти умерло 630 муж. и 48 жен . Ж. Богадельни и другие благотворительные учреждения На счет бывшего Енисейского приказа общественного призрения , кроме 5 городовых больниц, содержались в г. Красноярске: а) богадельня на 20 кроватей и 2 запасных для лиц разного звания, в которой содержалось 18 муж., 9 жен . И богадельня для инвалидов на 20 же кроватей, в которой никто не призревался , и б) родовспомогательное отделение с приютом для детей; по 6 кроватей для рожениц и детей, на содержание которых, вместе с Красноярскою городскою больницею, израсходовано 36 120 руб. 94 коп.; на окружные же больницы израсходовано: в Енисейске 7 413 руб. 54 коп.; Канске 7 948 руб. 40 коп.; Ачинске 8 460 руб. 36 коп. и Мину синске 5 600 руб. 36 коп. В Красноярской Щеголевской богадельне, учрежденной в 1875 г., в течение отчетного года средним числом содержалось 59 чел . разного звания лиц бедных и престарелых; содержание их обошлось в 4 474 руб. 27½ коп. Богадельня эта содержится на проценты с основного капитала 118 200 руб., пожертвованного Т. И. Щеголевой и И. С. Токаревой . В 1874 г. в Красноярске учреждено Синельниковское общество благотворителей и попечения сирот по уставу, утвержденному 24 мая 1875 г. г-ном министром внутренних дел. По уставу, утвержденному управляющим Министерством внутренних дел 7 июля 1884 г., открыто в г. Красноярске общество попечения о начальном образовании. В 1885 г. открыта городскою думою бесплатная лечебница для приходящих, помещающаяся с 1888 г. в собственном каменном доме, устроенном на пожертвованный почетным гражданином Л. П. Кузнецовым капитал, в сумме 12 406 руб. 47 коп. При лечебнице имеется Александровский хирургический барак. 12 февраля 1889 г. в г. Красноярске открыт общественный музей и библиотека. 14 января 1892 г. открыт при Красноярской городской управе городской ломбард по уставу, утвержденному г- ном министром внутренних дел 13 сентября 1891 г. Ломбард помещается в здании городской управы. В декабре месяце 1898 г. открыта городскою"
d149;1874 г.;;"84 смерти — муж. 334, жен . 28; всего же от неестественной смерти умерло 630 муж. и 48 жен . Ж. Богадельни и другие благотворительные учреждения На счет бывшего Енисейского приказа общественного призрения , кроме 5 городовых больниц, содержались в г. Красноярске: а) богадельня на 20 кроватей и 2 запасных для лиц разного звания, в которой содержалось 18 муж., 9 жен . И богадельня для инвалидов на 20 же кроватей, в которой никто не призревался , и б) родовспомогательное отделение с приютом для детей; по 6 кроватей для рожениц и детей, на содержание которых, вместе с Красноярскою городскою больницею, израсходовано 36 120 руб. 94 коп.; на окружные же больницы израсходовано: в Енисейске 7 413 руб. 54 коп.; Канске 7 948 руб. 40 коп.; Ачинске 8 460 руб. 36 коп. и Мину синске 5 600 руб. 36 коп. В Красноярской Щеголевской богадельне, учрежденной в 1875 г., в течение отчетного года средним числом содержалось 59 чел . разного звания лиц бедных и престарелых; содержание их обошлось в 4 474 руб. 27½ коп. Богадельня эта содержится на проценты с основного капитала 118 200 руб., пожертвованного Т. И. Щеголевой и И. С. Токаревой . В 1874 г. в Красноярске учреждено Синельниковское общество благотворителей и попечения сирот по уставу, утвержденному 24 мая 1875 г. г-ном министром внутренних дел. По уставу, утвержденному управляющим Министерством внутренних дел 7 июля 1884 г., открыто в г. Красноярске общество попечения о начальном образовании. В 1885 г. открыта городскою думою бесплатная лечебница для приходящих, помещающаяся с 1888 г. в собственном каменном доме, устроенном на пожертвованный почетным гражданином Л. П. Кузнецовым капитал, в сумме 12 406 руб. 47 коп. При лечебнице имеется Александровский хирургический барак. 12 февраля 1889 г. в г. Красноярске открыт общественный музей и библиотека. 14 января 1892 г. открыт при Красноярской городской управе городской ломбард по уставу, утвержденному г- ном министром внутренних дел 13 сентября 1891 г. Ломбард помещается в здании городской управы. В декабре месяце 1898 г. открыта городскою"
d150;24 мая 1875 г.;;"84 смерти — муж. 334, жен . 28; всего же от неестественной смерти умерло 630 муж. и 48 жен . Ж. Богадельни и другие благотворительные учреждения На счет бывшего Енисейского приказа общественного призрения , кроме 5 городовых больниц, содержались в г. Красноярске: а) богадельня на 20 кроватей и 2 запасных для лиц разного звания, в которой содержалось 18 муж., 9 жен . И богадельня для инвалидов на 20 же кроватей, в которой никто не призревался , и б) родовспомогательное отделение с приютом для детей; по 6 кроватей для рожениц и детей, на содержание которых, вместе с Красноярскою городскою больницею, израсходовано 36 120 руб. 94 коп.; на окружные же больницы израсходовано: в Енисейске 7 413 руб. 54 коп.; Канске 7 948 руб. 40 коп.; Ачинске 8 460 руб. 36 коп. и Мину синске 5 600 руб. 36 коп. В Красноярской Щеголевской богадельне, учрежденной в 1875 г., в течение отчетного года средним числом содержалось 59 чел . разного звания лиц бедных и престарелых; содержание их обошлось в 4 474 руб. 27½ коп. Богадельня эта содержится на проценты с основного капитала 118 200 руб., пожертвованного Т. И. Щеголевой и И. С. Токаревой . В 1874 г. в Красноярске учреждено Синельниковское общество благотворителей и попечения сирот по уставу, утвержденному 24 мая 1875 г. г-ном министром внутренних дел. По уставу, утвержденному управляющим Министерством внутренних дел 7 июля 1884 г., открыто в г. Красноярске общество попечения о начальном образовании. В 1885 г. открыта городскою думою бесплатная лечебница для приходящих, помещающаяся с 1888 г. в собственном каменном доме, устроенном на пожертвованный почетным гражданином Л. П. Кузнецовым капитал, в сумме 12 406 руб. 47 коп. При лечебнице имеется Александровский хирургический барак. 12 февраля 1889 г. в г. Красноярске открыт общественный музей и библиотека. 14 января 1892 г. открыт при Красноярской городской управе городской ломбард по уставу, утвержденному г- ном министром внутренних дел 13 сентября 1891 г. Ломбард помещается в здании городской управы. В декабре месяце 1898 г. открыта городскою"
d151;7 июля 1884 г.;;"84 смерти — муж. 334, жен . 28; всего же от неестественной смерти умерло 630 муж. и 48 жен . Ж. Богадельни и другие благотворительные учреждения На счет бывшего Енисейского приказа общественного призрения , кроме 5 городовых больниц, содержались в г. Красноярске: а) богадельня на 20 кроватей и 2 запасных для лиц разного звания, в которой содержалось 18 муж., 9 жен . И богадельня для инвалидов на 20 же кроватей, в которой никто не призревался , и б) родовспомогательное отделение с приютом для детей; по 6 кроватей для рожениц и детей, на содержание которых, вместе с Красноярскою городскою больницею, израсходовано 36 120 руб. 94 коп.; на окружные же больницы израсходовано: в Енисейске 7 413 руб. 54 коп.; Канске 7 948 руб. 40 коп.; Ачинске 8 460 руб. 36 коп. и Мину синске 5 600 руб. 36 коп. В Красноярской Щеголевской богадельне, учрежденной в 1875 г., в течение отчетного года средним числом содержалось 59 чел . разного звания лиц бедных и престарелых; содержание их обошлось в 4 474 руб. 27½ коп. Богадельня эта содержится на проценты с основного капитала 118 200 руб., пожертвованного Т. И. Щеголевой и И. С. Токаревой . В 1874 г. в Красноярске учреждено Синельниковское общество благотворителей и попечения сирот по уставу, утвержденному 24 мая 1875 г. г-ном министром внутренних дел. По уставу, утвержденному управляющим Министерством внутренних дел 7 июля 1884 г., открыто в г. Красноярске общество попечения о начальном образовании. В 1885 г. открыта городскою думою бесплатная лечебница для приходящих, помещающаяся с 1888 г. в собственном каменном доме, устроенном на пожертвованный почетным гражданином Л. П. Кузнецовым капитал, в сумме 12 406 руб. 47 коп. При лечебнице имеется Александровский хирургический барак. 12 февраля 1889 г. в г. Красноярске открыт общественный музей и библиотека. 14 января 1892 г. открыт при Красноярской городской управе городской ломбард по уставу, утвержденному г- ном министром внутренних дел 13 сентября 1891 г. Ломбард помещается в здании городской управы. В декабре месяце 1898 г. открыта городскою"
d152;1885 г.;;"84 смерти — муж. 334, жен . 28; всего же от неестественной смерти умерло 630 муж. и 48 жен . Ж. Богадельни и другие благотворительные учреждения На счет бывшего Енисейского приказа общественного призрения , кроме 5 городовых больниц, содержались в г. Красноярске: а) богадельня на 20 кроватей и 2 запасных для лиц разного звания, в которой содержалось 18 муж., 9 жен . И богадельня для инвалидов на 20 же кроватей, в которой никто не призревался , и б) родовспомогательное отделение с приютом для детей; по 6 кроватей для рожениц и детей, на содержание которых, вместе с Красноярскою городскою больницею, израсходовано 36 120 руб. 94 коп.; на окружные же больницы израсходовано: в Енисейске 7 413 руб. 54 коп.; Канске 7 948 руб. 40 коп.; Ачинске 8 460 руб. 36 коп. и Мину синске 5 600 руб. 36 коп. В Красноярской Щеголевской богадельне, учрежденной в 1875 г., в течение отчетного года средним числом содержалось 59 чел . разного звания лиц бедных и престарелых; содержание их обошлось в 4 474 руб. 27½ коп. Богадельня эта содержится на проценты с основного капитала 118 200 руб., пожертвованного Т. И. Щеголевой и И. С. Токаревой . В 1874 г. в Красноярске учреждено Синельниковское общество благотворителей и попечения сирот по уставу, утвержденному 24 мая 1875 г. г-ном министром внутренних дел. По уставу, утвержденному управляющим Министерством внутренних дел 7 июля 1884 г., открыто в г. Красноярске общество попечения о начальном образовании. В 1885 г. открыта городскою думою бесплатная лечебница для приходящих, помещающаяся с 1888 г. в собственном каменном доме, устроенном на пожертвованный почетным гражданином Л. П. Кузнецовым капитал, в сумме 12 406 руб. 47 коп. При лечебнице имеется Александровский хирургический барак. 12 февраля 1889 г. в г. Красноярске открыт общественный музей и библиотека. 14 января 1892 г. открыт при Красноярской городской управе городской ломбард по уставу, утвержденному г- ном министром внутренних дел 13 сентября 1891 г. Ломбард помещается в здании городской управы. В декабре месяце 1898 г. открыта городскою"
d153;1888 г.;;"84 смерти — муж. 334, жен . 28; всего же от неестественной смерти умерло 630 муж. и 48 жен . Ж. Богадельни и другие благотворительные учреждения На счет бывшего Енисейского приказа общественного призрения , кроме 5 городовых больниц, содержались в г. Красноярске: а) богадельня на 20 кроватей и 2 запасных для лиц разного звания, в которой содержалось 18 муж., 9 жен . И богадельня для инвалидов на 20 же кроватей, в которой никто не призревался , и б) родовспомогательное отделение с приютом для детей; по 6 кроватей для рожениц и детей, на содержание которых, вместе с Красноярскою городскою больницею, израсходовано 36 120 руб. 94 коп.; на окружные же больницы израсходовано: в Енисейске 7 413 руб. 54 коп.; Канске 7 948 руб. 40 коп.; Ачинске 8 460 руб. 36 коп. и Мину синске 5 600 руб. 36 коп. В Красноярской Щеголевской богадельне, учрежденной в 1875 г., в течение отчетного года средним числом содержалось 59 чел . разного звания лиц бедных и престарелых; содержание их обошлось в 4 474 руб. 27½ коп. Богадельня эта содержится на проценты с основного капитала 118 200 руб., пожертвованного Т. И. Щеголевой и И. С. Токаревой . В 1874 г. в Красноярске учреждено Синельниковское общество благотворителей и попечения сирот по уставу, утвержденному 24 мая 1875 г. г-ном министром внутренних дел. По уставу, утвержденному управляющим Министерством внутренних дел 7 июля 1884 г., открыто в г. Красноярске общество попечения о начальном образовании. В 1885 г. открыта городскою думою бесплатная лечебница для приходящих, помещающаяся с 1888 г. в собственном каменном доме, устроенном на пожертвованный почетным гражданином Л. П. Кузнецовым капитал, в сумме 12 406 руб. 47 коп. При лечебнице имеется Александровский хирургический барак. 12 февраля 1889 г. в г. Красноярске открыт общественный музей и библиотека. 14 января 1892 г. открыт при Красноярской городской управе городской ломбард по уставу, утвержденному г- ном министром внутренних дел 13 сентября 1891 г. Ломбард помещается в здании городской управы. В декабре месяце 1898 г. открыта городскою"
d154;12 февраля 1889 г.;;"84 смерти — муж. 334, жен . 28; всего же от неестественной смерти умерло 630 муж. и 48 жен . Ж. Богадельни и другие благотворительные учреждения На счет бывшего Енисейского приказа общественного призрения , кроме 5 городовых больниц, содержались в г. Красноярске: а) богадельня на 20 кроватей и 2 запасных для лиц разного звания, в которой содержалось 18 муж., 9 жен . И богадельня для инвалидов на 20 же кроватей, в которой никто не призревался , и б) родовспомогательное отделение с приютом для детей; по 6 кроватей для рожениц и детей, на содержание которых, вместе с Красноярскою городскою больницею, израсходовано 36 120 руб. 94 коп.; на окружные же больницы израсходовано: в Енисейске 7 413 руб. 54 коп.; Канске 7 948 руб. 40 коп.; Ачинске 8 460 руб. 36 коп. и Мину синске 5 600 руб. 36 коп. В Красноярской Щеголевской богадельне, учрежденной в 1875 г., в течение отчетного года средним числом содержалось 59 чел . разного звания лиц бедных и престарелых; содержание их обошлось в 4 474 руб. 27½ коп. Богадельня эта содержится на проценты с основного капитала 118 200 руб., пожертвованного Т. И. Щеголевой и И. С. Токаревой . В 1874 г. в Красноярске учреждено Синельниковское общество благотворителей и попечения сирот по уставу, утвержденному 24 мая 1875 г. г-ном министром внутренних дел. По уставу, утвержденному управляющим Министерством внутренних дел 7 июля 1884 г., открыто в г. Красноярске общество попечения о начальном образовании. В 1885 г. открыта городскою думою бесплатная лечебница для приходящих, помещающаяся с 1888 г. в собственном каменном доме, устроенном на пожертвованный почетным гражданином Л. П. Кузнецовым капитал, в сумме 12 406 руб. 47 коп. При лечебнице имеется Александровский хирургический барак. 12 февраля 1889 г. в г. Красноярске открыт общественный музей и библиотека. 14 января 1892 г. открыт при Красноярской городской управе городской ломбард по уставу, утвержденному г- ном министром внутренних дел 13 сентября 1891 г. Ломбард помещается в здании городской управы. В декабре месяце 1898 г. открыта городскою"
d155;14 января 1892 г.;;"84 смерти — муж. 334, жен . 28; всего же от неестественной смерти умерло 630 муж. и 48 жен . Ж. Богадельни и другие благотворительные учреждения На счет бывшего Енисейского приказа общественного призрения , кроме 5 городовых больниц, содержались в г. Красноярске: а) богадельня на 20 кроватей и 2 запасных для лиц разного звания, в которой содержалось 18 муж., 9 жен . И богадельня для инвалидов на 20 же кроватей, в которой никто не призревался , и б) родовспомогательное отделение с приютом для детей; по 6 кроватей для рожениц и детей, на содержание которых, вместе с Красноярскою городскою больницею, израсходовано 36 120 руб. 94 коп.; на окружные же больницы израсходовано: в Енисейске 7 413 руб. 54 коп.; Канске 7 948 руб. 40 коп.; Ачинске 8 460 руб. 36 коп. и Мину синске 5 600 руб. 36 коп. В Красноярской Щеголевской богадельне, учрежденной в 1875 г., в течение отчетного года средним числом содержалось 59 чел . разного звания лиц бедных и престарелых; содержание их обошлось в 4 474 руб. 27½ коп. Богадельня эта содержится на проценты с основного капитала 118 200 руб., пожертвованного Т. И. Щеголевой и И. С. Токаревой . В 1874 г. в Красноярске учреждено Синельниковское общество благотворителей и попечения сирот по уставу, утвержденному 24 мая 1875 г. г-ном министром внутренних дел. По уставу, утвержденному управляющим Министерством внутренних дел 7 июля 1884 г., открыто в г. Красноярске общество попечения о начальном образовании. В 1885 г. открыта городскою думою бесплатная лечебница для приходящих, помещающаяся с 1888 г. в собственном каменном доме, устроенном на пожертвованный почетным гражданином Л. П. Кузнецовым капитал, в сумме 12 406 руб. 47 коп. При лечебнице имеется Александровский хирургический барак. 12 февраля 1889 г. в г. Красноярске открыт общественный музей и библиотека. 14 января 1892 г. открыт при Красноярской городской управе городской ломбард по уставу, утвержденному г- ном министром внутренних дел 13 сентября 1891 г. Ломбард помещается в здании городской управы. В декабре месяце 1898 г. открыта городскою"
d156;13 сентября 1891 г.;;"84 смерти — муж. 334, жен . 28; всего же от неестественной смерти умерло 630 муж. и 48 жен . Ж. Богадельни и другие благотворительные учреждения На счет бывшего Енисейского приказа общественного призрения , кроме 5 городовых больниц, содержались в г. Красноярске: а) богадельня на 20 кроватей и 2 запасных для лиц разного звания, в которой содержалось 18 муж., 9 жен . И богадельня для инвалидов на 20 же кроватей, в которой никто не призревался , и б) родовспомогательное отделение с приютом для детей; по 6 кроватей для рожениц и детей, на содержание которых, вместе с Красноярскою городскою больницею, израсходовано 36 120 руб. 94 коп.; на окружные же больницы израсходовано: в Енисейске 7 413 руб. 54 коп.; Канске 7 948 руб. 40 коп.; Ачинске 8 460 руб. 36 коп. и Мину синске 5 600 руб. 36 коп. В Красноярской Щеголевской богадельне, учрежденной в 1875 г., в течение отчетного года средним числом содержалось 59 чел . разного звания лиц бедных и престарелых; содержание их обошлось в 4 474 руб. 27½ коп. Богадельня эта содержится на проценты с основного капитала 118 200 руб., пожертвованного Т. И. Щеголевой и И. С. Токаревой . В 1874 г. в Красноярске учреждено Синельниковское общество благотворителей и попечения сирот по уставу, утвержденному 24 мая 1875 г. г-ном министром внутренних дел. По уставу, утвержденному управляющим Министерством внутренних дел 7 июля 1884 г., открыто в г. Красноярске общество попечения о начальном образовании. В 1885 г. открыта городскою думою бесплатная лечебница для приходящих, помещающаяся с 1888 г. в собственном каменном доме, устроенном на пожертвованный почетным гражданином Л. П. Кузнецовым капитал, в сумме 12 406 руб. 47 коп. При лечебнице имеется Александровский хирургический барак. 12 февраля 1889 г. в г. Красноярске открыт общественный музей и библиотека. 14 января 1892 г. открыт при Красноярской городской управе городской ломбард по уставу, утвержденному г- ном министром внутренних дел 13 сентября 1891 г. Ломбард помещается в здании городской управы. В декабре месяце 1898 г. открыта городскою"
d157;1898 г.;;"84 смерти — муж. 334, жен . 28; всего же от неестественной смерти умерло 630 муж. и 48 жен . Ж. Богадельни и другие благотворительные учреждения На счет бывшего Енисейского приказа общественного призрения , кроме 5 городовых больниц, содержались в г. Красноярске: а) богадельня на 20 кроватей и 2 запасных для лиц разного звания, в которой содержалось 18 муж., 9 жен . И богадельня для инвалидов на 20 же кроватей, в которой никто не призревался , и б) родовспомогательное отделение с приютом для детей; по 6 кроватей для рожениц и детей, на содержание которых, вместе с Красноярскою городскою больницею, израсходовано 36 120 руб. 94 коп.; на окружные же больницы израсходовано: в Енисейске 7 413 руб. 54 коп.; Канске 7 948 руб. 40 коп.; Ачинске 8 460 руб. 36 коп. и Мину синске 5 600 руб. 36 коп. В Красноярской Щеголевской богадельне, учрежденной в 1875 г., в течение отчетного года средним числом содержалось 59 чел . разного звания лиц бедных и престарелых; содержание их обошлось в 4 474 руб. 27½ коп. Богадельня эта содержится на проценты с основного капитала 118 200 руб., пожертвованного Т. И. Щеголевой и И. С. Токаревой . В 1874 г. в Красноярске учреждено Синельниковское общество благотворителей и попечения сирот по уставу, утвержденному 24 мая 1875 г. г-ном министром внутренних дел. По уставу, утвержденному управляющим Министерством внутренних дел 7 июля 1884 г., открыто в г. Красноярске общество попечения о начальном образовании. В 1885 г. открыта городскою думою бесплатная лечебница для приходящих, помещающаяся с 1888 г. в собственном каменном доме, устроенном на пожертвованный почетным гражданином Л. П. Кузнецовым капитал, в сумме 12 406 руб. 47 коп. При лечебнице имеется Александровский хирургический барак. 12 февраля 1889 г. в г. Красноярске открыт общественный музей и библиотека. 14 января 1892 г. открыт при Красноярской городской управе городской ломбард по уставу, утвержденному г- ном министром внутренних дел 13 сентября 1891 г. Ломбард помещается в здании городской управы. В декабре месяце 1898 г. открыта городскою"
d158;1898 г.;;"85 думою общественная чайная, которая помещается в деревянном здании, нарочно для сего устроенном. В г. Енисейске одна богадельня содержится на средства города; в ней в 1898 г. было призрено 17 муж., 18 жен .; на содержание призреваемых израсходовано 326 руб. 44½ коп. в год. В г. Ачинске одна богадельня, построенная на благотворительный капитал; в ней призревались до 20 чел. на свои средства; отопление и освещение здания, погребение умерших и другие мелочные расходы производятся из сумм города. В г. Канске для бедных престарелых жителей содержится на счет городских средств особый для их приюта дом. Сельских богаделен 15, именно: одна в Красноярском округе с селе Кекурском Нахвальской волости, где отведено деревянное здание для помещения престарелых и безродных, которые содержатся на % с капитала, пожертвованного умершим купцом Матониным ; одна в Енисейском уезде — в селе Анциферовском содержится на % с капитала, завещанного в пользу ее умершим коммерции советником Кытмановым, в 1898 г. призревалось в ней 4 муж., 2 жен . В Ачинском — 3 богадельни, в с. Балахтинском, Назаровском и Шарыповском, в которых призревались престарелые: дряхлые крестьяне, отставные солдаты и ссыльнопоселенцы. Крестьяне и солдаты призревались на средства, ассигнуемые сельскими обществами, а ссыльнопоселенцы — на отпускаемое денежное от казны пособие и на доброхотные приношения; кроме того, в с. Покровском и Ужурском имеются ночлежные дома, в которых призреваемые снабжаются только бесплатным от общества помещением и отоплением, пищею же и одеждою пользуются от добровольных приношений. В Минусинском уезде 8 богаделен, в с. Новоселовском, Абаканском, Тесинском, Каратузском, Шушенском , Ермаковском , Бейском и в колониях Верхней и Нижней Буланке . В Канском уезде 2 богадельни — в с. Рыбинском и Тасеевском, которые отопляются и освещаются на счет общества, а содержание призреваемых доставляется благотворителями. Кроме сего, к числу благотворительных заведений относится Александровский дом призрения бедных детей в г. Енисейске , построенный в память события 4 апреля 1866 г. В течение"
d159;1898 г.;;"85 думою общественная чайная, которая помещается в деревянном здании, нарочно для сего устроенном. В г. Енисейске одна богадельня содержится на средства города; в ней в 1898 г. было призрено 17 муж., 18 жен .; на содержание призреваемых израсходовано 326 руб. 44½ коп. в год. В г. Ачинске одна богадельня, построенная на благотворительный капитал; в ней призревались до 20 чел. на свои средства; отопление и освещение здания, погребение умерших и другие мелочные расходы производятся из сумм города. В г. Канске для бедных престарелых жителей содержится на счет городских средств особый для их приюта дом. Сельских богаделен 15, именно: одна в Красноярском округе с селе Кекурском Нахвальской волости, где отведено деревянное здание для помещения престарелых и безродных, которые содержатся на % с капитала, пожертвованного умершим купцом Матониным ; одна в Енисейском уезде — в селе Анциферовском содержится на % с капитала, завещанного в пользу ее умершим коммерции советником Кытмановым, в 1898 г. призревалось в ней 4 муж., 2 жен . В Ачинском — 3 богадельни, в с. Балахтинском, Назаровском и Шарыповском, в которых призревались престарелые: дряхлые крестьяне, отставные солдаты и ссыльнопоселенцы. Крестьяне и солдаты призревались на средства, ассигнуемые сельскими обществами, а ссыльнопоселенцы — на отпускаемое денежное от казны пособие и на доброхотные приношения; кроме того, в с. Покровском и Ужурском имеются ночлежные дома, в которых призреваемые снабжаются только бесплатным от общества помещением и отоплением, пищею же и одеждою пользуются от добровольных приношений. В Минусинском уезде 8 богаделен, в с. Новоселовском, Абаканском, Тесинском, Каратузском, Шушенском , Ермаковском , Бейском и в колониях Верхней и Нижней Буланке . В Канском уезде 2 богадельни — в с. Рыбинском и Тасеевском, которые отопляются и освещаются на счет общества, а содержание призреваемых доставляется благотворителями. Кроме сего, к числу благотворительных заведений относится Александровский дом призрения бедных детей в г. Енисейске , построенный в память события 4 апреля 1866 г. В течение"
d160;4 апреля 1866 г.;;"85 думою общественная чайная, которая помещается в деревянном здании, нарочно для сего устроенном. В г. Енисейске одна богадельня содержится на средства города; в ней в 1898 г. было призрено 17 муж., 18 жен .; на содержание призреваемых израсходовано 326 руб. 44½ коп. в год. В г. Ачинске одна богадельня, построенная на благотворительный капитал; в ней призревались до 20 чел. на свои средства; отопление и освещение здания, погребение умерших и другие мелочные расходы производятся из сумм города. В г. Канске для бедных престарелых жителей содержится на счет городских средств особый для их приюта дом. Сельских богаделен 15, именно: одна в Красноярском округе с селе Кекурском Нахвальской волости, где отведено деревянное здание для помещения престарелых и безродных, которые содержатся на % с капитала, пожертвованного умершим купцом Матониным ; одна в Енисейском уезде — в селе Анциферовском содержится на % с капитала, завещанного в пользу ее умершим коммерции советником Кытмановым, в 1898 г. призревалось в ней 4 муж., 2 жен . В Ачинском — 3 богадельни, в с. Балахтинском, Назаровском и Шарыповском, в которых призревались престарелые: дряхлые крестьяне, отставные солдаты и ссыльнопоселенцы. Крестьяне и солдаты призревались на средства, ассигнуемые сельскими обществами, а ссыльнопоселенцы — на отпускаемое денежное от казны пособие и на доброхотные приношения; кроме того, в с. Покровском и Ужурском имеются ночлежные дома, в которых призреваемые снабжаются только бесплатным от общества помещением и отоплением, пищею же и одеждою пользуются от добровольных приношений. В Минусинском уезде 8 богаделен, в с. Новоселовском, Абаканском, Тесинском, Каратузском, Шушенском , Ермаковском , Бейском и в колониях Верхней и Нижней Буланке . В Канском уезде 2 богадельни — в с. Рыбинском и Тасеевском, которые отопляются и освещаются на счет общества, а содержание призреваемых доставляется благотворителями. Кроме сего, к числу благотворительных заведений относится Александровский дом призрения бедных детей в г. Енисейске , построенный в память события 4 апреля 1866 г. В течение"
d161;1 января 1899 г.;;86 года призревалось в нем 20 ч. детей бедных мещан и других сословий, на что употреблено 2 350 руб. 24 коп. В ведении бывшего приказа общественного призрения состоят к 1 января 1899 г. следующие капиталы: Оставалось к 1898 г. В приходе за 1898 г. В расходе за 1898 г. Осталось к 1899 г. руб. коп.руб.коп. руб. коп. руб.коп. Капитал 1-го разряда: Принадлежащий собственно бывшему приказу общественного призрения 99728 90½ 97434 8½ 78749 94¼ 118413 4¾ На предназначенное употребление: Капитал 2-го разряда: 1) На постройку больниц ведомства общественного призрения 233464 82 51580 7½ 77188 72½ 207856 17 2) Пожертвованного инородцами на уничтожение сифилиса в Ачинском и Минусинском округах 3697 81 34 – – – 3731 81 3) Кружечного сбора в пользу богоугодных заведений 1334 85¼ 2 42 – – 1337 27¼ Капитал 3-го разряда: Апелляционного 593 20½ – – 112 11 481 9½ Капитал 4-го разряда: 1) Молотилина 565 24 23 46 – – 588 70 2) Пожертвованного на сооружение церкви при Красноярских богоугодных заведениях 1380 49 549 40 – – 1929 89 3) Залогового 1006 – – – 1006 – – – Итого 341771 32¼ 149623 44 157056 77¾ 334337 98½ Примечание. В числе суммы прихода капитала 1-го разряда показаны 12 491 руб., отпущенные в пособие из земских сборов. Капитал 1-го разряда заключается: а) в 4 % облигациях бывшего главного общества российских железных дорог, конвертированных на постройку казенных железных дорог на 75 000 руб., б) 4 % государственной ренте именной
d162;1898 г.;;86 года призревалось в нем 20 ч. детей бедных мещан и других сословий, на что употреблено 2 350 руб. 24 коп. В ведении бывшего приказа общественного призрения состоят к 1 января 1899 г. следующие капиталы: Оставалось к 1898 г. В приходе за 1898 г. В расходе за 1898 г. Осталось к 1899 г. руб. коп.руб.коп. руб. коп. руб.коп. Капитал 1-го разряда: Принадлежащий собственно бывшему приказу общественного призрения 99728 90½ 97434 8½ 78749 94¼ 118413 4¾ На предназначенное употребление: Капитал 2-го разряда: 1) На постройку больниц ведомства общественного призрения 233464 82 51580 7½ 77188 72½ 207856 17 2) Пожертвованного инородцами на уничтожение сифилиса в Ачинском и Минусинском округах 3697 81 34 – – – 3731 81 3) Кружечного сбора в пользу богоугодных заведений 1334 85¼ 2 42 – – 1337 27¼ Капитал 3-го разряда: Апелляционного 593 20½ – – 112 11 481 9½ Капитал 4-го разряда: 1) Молотилина 565 24 23 46 – – 588 70 2) Пожертвованного на сооружение церкви при Красноярских богоугодных заведениях 1380 49 549 40 – – 1929 89 3) Залогового 1006 – – – 1006 – – – Итого 341771 32¼ 149623 44 157056 77¾ 334337 98½ Примечание. В числе суммы прихода капитала 1-го разряда показаны 12 491 руб., отпущенные в пособие из земских сборов. Капитал 1-го разряда заключается: а) в 4 % облигациях бывшего главного общества российских железных дорог, конвертированных на постройку казенных железных дорог на 75 000 руб., б) 4 % государственной ренте именной
d163;1898 г.;;86 года призревалось в нем 20 ч. детей бедных мещан и других сословий, на что употреблено 2 350 руб. 24 коп. В ведении бывшего приказа общественного призрения состоят к 1 января 1899 г. следующие капиталы: Оставалось к 1898 г. В приходе за 1898 г. В расходе за 1898 г. Осталось к 1899 г. руб. коп.руб.коп. руб. коп. руб.коп. Капитал 1-го разряда: Принадлежащий собственно бывшему приказу общественного призрения 99728 90½ 97434 8½ 78749 94¼ 118413 4¾ На предназначенное употребление: Капитал 2-го разряда: 1) На постройку больниц ведомства общественного призрения 233464 82 51580 7½ 77188 72½ 207856 17 2) Пожертвованного инородцами на уничтожение сифилиса в Ачинском и Минусинском округах 3697 81 34 – – – 3731 81 3) Кружечного сбора в пользу богоугодных заведений 1334 85¼ 2 42 – – 1337 27¼ Капитал 3-го разряда: Апелляционного 593 20½ – – 112 11 481 9½ Капитал 4-го разряда: 1) Молотилина 565 24 23 46 – – 588 70 2) Пожертвованного на сооружение церкви при Красноярских богоугодных заведениях 1380 49 549 40 – – 1929 89 3) Залогового 1006 – – – 1006 – – – Итого 341771 32¼ 149623 44 157056 77¾ 334337 98½ Примечание. В числе суммы прихода капитала 1-го разряда показаны 12 491 руб., отпущенные в пособие из земских сборов. Капитал 1-го разряда заключается: а) в 4 % облигациях бывшего главного общества российских железных дорог, конвертированных на постройку казенных железных дорог на 75 000 руб., б) 4 % государственной ренте именной
d164;1898 г.;;86 года призревалось в нем 20 ч. детей бедных мещан и других сословий, на что употреблено 2 350 руб. 24 коп. В ведении бывшего приказа общественного призрения состоят к 1 января 1899 г. следующие капиталы: Оставалось к 1898 г. В приходе за 1898 г. В расходе за 1898 г. Осталось к 1899 г. руб. коп.руб.коп. руб. коп. руб.коп. Капитал 1-го разряда: Принадлежащий собственно бывшему приказу общественного призрения 99728 90½ 97434 8½ 78749 94¼ 118413 4¾ На предназначенное употребление: Капитал 2-го разряда: 1) На постройку больниц ведомства общественного призрения 233464 82 51580 7½ 77188 72½ 207856 17 2) Пожертвованного инородцами на уничтожение сифилиса в Ачинском и Минусинском округах 3697 81 34 – – – 3731 81 3) Кружечного сбора в пользу богоугодных заведений 1334 85¼ 2 42 – – 1337 27¼ Капитал 3-го разряда: Апелляционного 593 20½ – – 112 11 481 9½ Капитал 4-го разряда: 1) Молотилина 565 24 23 46 – – 588 70 2) Пожертвованного на сооружение церкви при Красноярских богоугодных заведениях 1380 49 549 40 – – 1929 89 3) Залогового 1006 – – – 1006 – – – Итого 341771 32¼ 149623 44 157056 77¾ 334337 98½ Примечание. В числе суммы прихода капитала 1-го разряда показаны 12 491 руб., отпущенные в пособие из земских сборов. Капитал 1-го разряда заключается: а) в 4 % облигациях бывшего главного общества российских железных дорог, конвертированных на постройку казенных железных дорог на 75 000 руб., б) 4 % государственной ренте именной
d165;1899 г.;;86 года призревалось в нем 20 ч. детей бедных мещан и других сословий, на что употреблено 2 350 руб. 24 коп. В ведении бывшего приказа общественного призрения состоят к 1 января 1899 г. следующие капиталы: Оставалось к 1898 г. В приходе за 1898 г. В расходе за 1898 г. Осталось к 1899 г. руб. коп.руб.коп. руб. коп. руб.коп. Капитал 1-го разряда: Принадлежащий собственно бывшему приказу общественного призрения 99728 90½ 97434 8½ 78749 94¼ 118413 4¾ На предназначенное употребление: Капитал 2-го разряда: 1) На постройку больниц ведомства общественного призрения 233464 82 51580 7½ 77188 72½ 207856 17 2) Пожертвованного инородцами на уничтожение сифилиса в Ачинском и Минусинском округах 3697 81 34 – – – 3731 81 3) Кружечного сбора в пользу богоугодных заведений 1334 85¼ 2 42 – – 1337 27¼ Капитал 3-го разряда: Апелляционного 593 20½ – – 112 11 481 9½ Капитал 4-го разряда: 1) Молотилина 565 24 23 46 – – 588 70 2) Пожертвованного на сооружение церкви при Красноярских богоугодных заведениях 1380 49 549 40 – – 1929 89 3) Залогового 1006 – – – 1006 – – – Итого 341771 32¼ 149623 44 157056 77¾ 334337 98½ Примечание. В числе суммы прихода капитала 1-го разряда показаны 12 491 руб., отпущенные в пособие из земских сборов. Капитал 1-го разряда заключается: а) в 4 % облигациях бывшего главного общества российских железных дорог, конвертированных на постройку казенных железных дорог на 75 000 руб., б) 4 % государственной ренте именной
d166;1 января 1899 г.;;"87 на 38 900 руб. и на предъявителя на 3 800 руб. и наличными деньгами 713 руб. 4¾ коп. По капиталу 2-го разряда строительному к 1 января 1899 г. поступило остатком 207 856 руб. 17 коп.; сумма эта заключается: а) в % облигациях бывшего главного общ . российских железных дорог, конвертированных на постройку казенных железных дорог на 102 000 руб., б) 3 ½ % закладных листах дворянского земельного банка на 5 600 руб., в) 4 % государственной ренте на предъявителя на 27 000 руб. и именной на 73 200 руб. и наличными деньгами 56 руб. 17 коп. Инородческий капитал заключается а) в 3½ % закладных листах дворянского, земельного банка 1 700 руб., б) 4 % государств. ренте на 1 800 руб. и в) наличными деньгами 231 руб. 81 коп. Капитал кружечного сбора в пользу богоугодных заведений: а) 4 % ренте на 900 руб., б) деньгами 437 руб. 27¼ коп. Капитала 3-го разряда апелляционного: наличными деньгами 481 руб. 9½ коп. Капитал 4-го разряда — Молотилина — заключается: а) в 4 % государственной ренте на 400 руб. и б) деньгами 188 руб. 70 коп. Пожертвованных на устройство церкви при Красноярских богоугодных заведениях: а) 4 % государственной ренты 1 300 руб. и б) наличными деньгами 629 руб. 89 коп. В сумме 77 188 руб. 72 ½ коп. по капиталу 2-го разряда строительному заключаются 5 650 руб. 8½ коп. снесенные расходом на счет капитала 1-го разряда расходного. Разница в % бумагах произошла вследствие конверсии их начисленной курсовой разницы при обмене их и продажи % бумаг, а также обмена книжек на наличные деньги. V. НАРОДНОЕ ОБРАЗОВАНИЕ А. Учебные и воспитательные заведения (Приложением к этой статье служит ведомость № 8.) Учебных заведений в губернии к 1 января 1899 г. числилось 273, учащихся в них было 7 884 муж. и 3 869 жен. п., всего 11 753 чел., более чем в предшествовавшем году"
d167;1 января 1899 г.;;"87 на 38 900 руб. и на предъявителя на 3 800 руб. и наличными деньгами 713 руб. 4¾ коп. По капиталу 2-го разряда строительному к 1 января 1899 г. поступило остатком 207 856 руб. 17 коп.; сумма эта заключается: а) в % облигациях бывшего главного общ . российских железных дорог, конвертированных на постройку казенных железных дорог на 102 000 руб., б) 3 ½ % закладных листах дворянского земельного банка на 5 600 руб., в) 4 % государственной ренте на предъявителя на 27 000 руб. и именной на 73 200 руб. и наличными деньгами 56 руб. 17 коп. Инородческий капитал заключается а) в 3½ % закладных листах дворянского, земельного банка 1 700 руб., б) 4 % государств. ренте на 1 800 руб. и в) наличными деньгами 231 руб. 81 коп. Капитал кружечного сбора в пользу богоугодных заведений: а) 4 % ренте на 900 руб., б) деньгами 437 руб. 27¼ коп. Капитала 3-го разряда апелляционного: наличными деньгами 481 руб. 9½ коп. Капитал 4-го разряда — Молотилина — заключается: а) в 4 % государственной ренте на 400 руб. и б) деньгами 188 руб. 70 коп. Пожертвованных на устройство церкви при Красноярских богоугодных заведениях: а) 4 % государственной ренты 1 300 руб. и б) наличными деньгами 629 руб. 89 коп. В сумме 77 188 руб. 72 ½ коп. по капиталу 2-го разряда строительному заключаются 5 650 руб. 8½ коп. снесенные расходом на счет капитала 1-го разряда расходного. Разница в % бумагах произошла вследствие конверсии их начисленной курсовой разницы при обмене их и продажи % бумаг, а также обмена книжек на наличные деньги. V. НАРОДНОЕ ОБРАЗОВАНИЕ А. Учебные и воспитательные заведения (Приложением к этой статье служит ведомость № 8.) Учебных заведений в губернии к 1 января 1899 г. числилось 273, учащихся в них было 7 884 муж. и 3 869 жен. п., всего 11 753 чел., более чем в предшествовавшем году"
d168;1898 г.;;"88 на 1 894 учащихся. В общее число учебных заведений входило: а) 55 сельских начальных с 2 997 учащимися обоего пола; б) 120 церковно-приходских школ и 45 школ грамотности с 4 396 учащимися. К числу улучшений относятся: введение в школы учебников, признанных лучшими; составление расписаний по программе; пополнение и приведение в порядок школьных библиотек; принятие в состав учителей лиц с высшим образованием, специально-педагогическим цензом; пополнение школ учебными руководствами и пособиями и т. п. К числу воспитательных заведений относятся: приют арестантских детей, о котором упомянуто в ст. о тюрьмах, и Красноярское Щеголевское ремесленное училище, Училище помещается в каменном здании, пожертвованном Щеголевой . Лица бедного состояния обучаются бесплатно. Как пансионеры , так и своекоштные, а также и прислуга помещаются на всем готовом содержании в самом училище. Существующее число школ в губернии далеко не удовлетворяет потребности в образовании. Б. Музеи В Енисейской губернии три музея — в Красноярске, Минусинске и Енисейске ; при музеях имеются библиотеки. Красноярский музей, за неимением еще средств, вполне достаточных на постройку собственного здания на отведенном городского думою месте, временно помещается в наемном здании; Минусинский музей — в специально построенном для него здании. VI. ДВИЖЕНИЕ ПЕРЕСЕЛЕНИЯ ПО ЕНИСЕЙСКОЙ ГУБЕРНИИ И ОБРАЗОВАНИЕ ПЕРЕСЕЛЕНЧЕСКИХ УЧАСТКОВ Движение переселенцев производилось в 1898 г. от Томска до городов Ачинска, Красноярска и Канска по Средне-Сибирской железной дороге; до Минусинска же — тележным передвижением. Город Ачинск был трактом, где велась правильная регистрация всех проходящих переселенцев как в другие города Енисейской губернии, так и дальше в Восточную Сибирь."
d169;1898 г.;;90 ПО АЧИНСКОМУ УЕЗДУПО АЧИНСКОМУ УЕЗДУ назВани Е участкоВ и ВолостЕй На какое число душ м. п. участок образован Число водво рившихся Воспользовались в отчетном году ссудами Зачислено за ходоками Свободных До 1898 г. Семей, вышедших в отчет ном году из губерний На домоустройство На продовольствие На посев Семей Душ Всего Прибывших Черниговской Витебской Тамбовской Уфимской Рязанской Саратовской Гродненской Могилевской Орловской Казанской ТульскойПензенской Полтавской Киевской Виленской Минской Воронежской Курской Душ Всего до 1899 г. Семей Сумма Семей Сумма Семей Сумма Мужского Женского С разрешения Самовольно Мужского Женского Семей Душ руб.коп. руб.коп. руб.коп. Женщин Ачинского уезда По 1-му участку волости: Большеулуйская 1511 246 770 705 80 — — — — — — — — — — — — — — — — — — — — 259 235 326 1029 940 116 2800 — 145 2059 20 123 1237 90 85 — Покровская 1978 509 1623 1442 61 — — — — — — — — — — — — — — — — — — — — 196 199 570 1819 1642 90 2245 — 84 978 30 168 1669 10 20 7 Итого 3489 755 2393 2147 141 — — — — — — — — — — — — — — — — — — — — 455 434 896 2912 2581 206 5045 — 229 3037 50 291 2907 — 105 7 По 2-му участку волости: Назаровская 4787 1055 3715 3308 100 — — — — — — — — — — — — — — — — — — — — 345 364 1155 4060 3672 171 3990 — 147 1732 70 307 2917 30 125 104 Подсосенская 577 85 299 273 32 — — — — — — — — — — — — — — — — — — — — 119 101 117 418 374 39 1065 — 37 491 40 59 631 40 36 6 Итого 5364 1140 4014 3581 132 — — — — — — — — — — — — — — — — — — — — 464 465 1272 4478 4046 210 5055 — 184 2224 10 366 3548 70 161 110 Причислено к обществам крестьянстарожилов — 133 405 369 34 — — — — — — — — — — — — — — — — — — — — 116 100 167 521 469 54 1255 — 8 71 20 53 621 60 — — По 3-му участку волости: Ужурская 2062 278 889 856 57 — — — — — — — — — — — — — — — — — — — — 168 209 335 1215 1065 — — — — — — — — — 714 54 Шарыповская 1165 259 948 869 38 — — — — — — — — — — — — — — — — — — — — 134 138 297 1082 1007 — — — — — — — — — 151 12 Итого 3227 537 1837 1725 95 — — — — — — — — — — — — — — — — — — — — 302 347 632 2297 2072 — — — — — — — — — 865 66 По 4-му участку волость: Балахтинская 2884 207 599 538 195 — — — — — — — — — — — — — 708 464 402 1307 1184 — — — — — — — — — 1063 393 — — — — — 139 139 А всего 14966 2772 92488360 597 — — — — — — — — — — — — — 2081 1992 3369 1131510352 470 11353 — 421 5332 80 710 7077 30 2194 576 — — 395 5262 20 4861 3624
d170;1899 г.;;90 ПО АЧИНСКОМУ УЕЗДУПО АЧИНСКОМУ УЕЗДУ назВани Е участкоВ и ВолостЕй На какое число душ м. п. участок образован Число водво рившихся Воспользовались в отчетном году ссудами Зачислено за ходоками Свободных До 1898 г. Семей, вышедших в отчет ном году из губерний На домоустройство На продовольствие На посев Семей Душ Всего Прибывших Черниговской Витебской Тамбовской Уфимской Рязанской Саратовской Гродненской Могилевской Орловской Казанской ТульскойПензенской Полтавской Киевской Виленской Минской Воронежской Курской Душ Всего до 1899 г. Семей Сумма Семей Сумма Семей Сумма Мужского Женского С разрешения Самовольно Мужского Женского Семей Душ руб.коп. руб.коп. руб.коп. Женщин Ачинского уезда По 1-му участку волости: Большеулуйская 1511 246 770 705 80 — — — — — — — — — — — — — — — — — — — — 259 235 326 1029 940 116 2800 — 145 2059 20 123 1237 90 85 — Покровская 1978 509 1623 1442 61 — — — — — — — — — — — — — — — — — — — — 196 199 570 1819 1642 90 2245 — 84 978 30 168 1669 10 20 7 Итого 3489 755 2393 2147 141 — — — — — — — — — — — — — — — — — — — — 455 434 896 2912 2581 206 5045 — 229 3037 50 291 2907 — 105 7 По 2-му участку волости: Назаровская 4787 1055 3715 3308 100 — — — — — — — — — — — — — — — — — — — — 345 364 1155 4060 3672 171 3990 — 147 1732 70 307 2917 30 125 104 Подсосенская 577 85 299 273 32 — — — — — — — — — — — — — — — — — — — — 119 101 117 418 374 39 1065 — 37 491 40 59 631 40 36 6 Итого 5364 1140 4014 3581 132 — — — — — — — — — — — — — — — — — — — — 464 465 1272 4478 4046 210 5055 — 184 2224 10 366 3548 70 161 110 Причислено к обществам крестьянстарожилов — 133 405 369 34 — — — — — — — — — — — — — — — — — — — — 116 100 167 521 469 54 1255 — 8 71 20 53 621 60 — — По 3-му участку волости: Ужурская 2062 278 889 856 57 — — — — — — — — — — — — — — — — — — — — 168 209 335 1215 1065 — — — — — — — — — 714 54 Шарыповская 1165 259 948 869 38 — — — — — — — — — — — — — — — — — — — — 134 138 297 1082 1007 — — — — — — — — — 151 12 Итого 3227 537 1837 1725 95 — — — — — — — — — — — — — — — — — — — — 302 347 632 2297 2072 — — — — — — — — — 865 66 По 4-му участку волость: Балахтинская 2884 207 599 538 195 — — — — — — — — — — — — — 708 464 402 1307 1184 — — — — — — — — — 1063 393 — — — — — 139 139 А всего 14966 2772 92488360 597 — — — — — — — — — — — — — 2081 1992 3369 1131510352 470 11353 — 421 5332 80 710 7077 30 2194 576 — — 395 5262 20 4861 3624
d171;1898 г.;;91 ПО АЧИНСКОМУ УЕЗДУПО АЧИНСКОМУ УЕЗДУ назВани Е участкоВ и Во лост Ей На какое число душ м. п. участок образован Число водво рившихся Воспользовались в отчетном году ссудами Зачислено за ходоками Свободных До 1898 г. Семей, вышедших в отчет ном году из губерний На домоустройство На продовольствие На посев Семей Душ Всего Прибывших Черниговской Витебской Тамбовской Уфимской Рязанской Саратовской Гродненской Могилевской Орловской Казанской ТульскойПензенской Полтавской Киевской Виленской Минской Воронежской Курской Душ Всего до 1899 г. Семей Сумма Семей Сумма Семей Сумма Мужского Женского С разрешения Самовольно Мужского Женского Семей Душ руб.коп. руб.коп. руб.коп. Женщин Ачинского уезда По 1-му участку волости: Большеулуйская 1511 246 770 705 80 — — — — — — — — — — — — — — — — — — — — 259 235 326 1029 940 116 2800 — 145 2059 20 123 1237 90 85 — Покровская 1978 509 1623 1442 61 — — — — — — — — — — — — — — — — — — — — 196 199 570 1819 1642 90 2245 — 84 978 30 168 1669 10 20 7 Итого 3489 755 2393 2147 141 — — — — — — — — — — — — — — — — — — — — 455 434 896 2912 2581 206 5045 — 229 3037 50 291 2907 — 105 7 По 2-му участку волости: Назаровская 4787 1055 3715 3308 100 — — — — — — — — — — — — — — — — — — — — 345 364 1155 4060 3672 171 3990 — 147 1732 70 307 2917 30 125 104 Подсосенская 577 85 299 273 32 — — — — — — — — — — — — — — — — — — — — 119 101 117 418 374 39 1065 — 37 491 40 59 631 40 36 6 Итого 5364 1140 4014 3581 132 — — — — — — — — — — — — — — — — — — — — 464 465 1272 4478 4046 210 5055 — 184 2224 10 366 3548 70 161 110 Причислено к обществам крестьянстарожилов — 133 405 369 34 — — — — — — — — — — — — — — — — — — — — 116 100 167 521 469 54 1255 — 8 71 20 53 621 60 — — По 3-му участку волости: Ужурская 2062 278 889 856 57 — — — — — — — — — — — — — — — — — — — — 168 209 335 1215 1065 — — — — — — — — — 714 54 Шарыповская 1165 259 948 869 38 — — — — — — — — — — — — — — — — — — — — 134 138 297 1082 1007 — — — — — — — — — 151 12 Итого 3227 537 1837 1725 95 — — — — — — — — — — — — — — — — — — — — 302 347 632 2297 2072 — — — — — — — — — 865 66 По 4-му участку волость: Балахтинская 2884 207 599 538 195 — — — — — — — — — — — — — 708 464 402 1307 1184 — — — — — — — — — 1063 393 — — — — — 139 139 А всего 14966 2772 92488360 597 — — — — — — — — — — — — — 2081 1992 3369 1131510352 470 11353 — 421 5332 80 710 7077 30 2194 576 — — 395 5262 20 4861 3624
d172;1899 г.;;91 ПО АЧИНСКОМУ УЕЗДУПО АЧИНСКОМУ УЕЗДУ назВани Е участкоВ и Во лост Ей На какое число душ м. п. участок образован Число водво рившихся Воспользовались в отчетном году ссудами Зачислено за ходоками Свободных До 1898 г. Семей, вышедших в отчет ном году из губерний На домоустройство На продовольствие На посев Семей Душ Всего Прибывших Черниговской Витебской Тамбовской Уфимской Рязанской Саратовской Гродненской Могилевской Орловской Казанской ТульскойПензенской Полтавской Киевской Виленской Минской Воронежской Курской Душ Всего до 1899 г. Семей Сумма Семей Сумма Семей Сумма Мужского Женского С разрешения Самовольно Мужского Женского Семей Душ руб.коп. руб.коп. руб.коп. Женщин Ачинского уезда По 1-му участку волости: Большеулуйская 1511 246 770 705 80 — — — — — — — — — — — — — — — — — — — — 259 235 326 1029 940 116 2800 — 145 2059 20 123 1237 90 85 — Покровская 1978 509 1623 1442 61 — — — — — — — — — — — — — — — — — — — — 196 199 570 1819 1642 90 2245 — 84 978 30 168 1669 10 20 7 Итого 3489 755 2393 2147 141 — — — — — — — — — — — — — — — — — — — — 455 434 896 2912 2581 206 5045 — 229 3037 50 291 2907 — 105 7 По 2-му участку волости: Назаровская 4787 1055 3715 3308 100 — — — — — — — — — — — — — — — — — — — — 345 364 1155 4060 3672 171 3990 — 147 1732 70 307 2917 30 125 104 Подсосенская 577 85 299 273 32 — — — — — — — — — — — — — — — — — — — — 119 101 117 418 374 39 1065 — 37 491 40 59 631 40 36 6 Итого 5364 1140 4014 3581 132 — — — — — — — — — — — — — — — — — — — — 464 465 1272 4478 4046 210 5055 — 184 2224 10 366 3548 70 161 110 Причислено к обществам крестьянстарожилов — 133 405 369 34 — — — — — — — — — — — — — — — — — — — — 116 100 167 521 469 54 1255 — 8 71 20 53 621 60 — — По 3-му участку волости: Ужурская 2062 278 889 856 57 — — — — — — — — — — — — — — — — — — — — 168 209 335 1215 1065 — — — — — — — — — 714 54 Шарыповская 1165 259 948 869 38 — — — — — — — — — — — — — — — — — — — — 134 138 297 1082 1007 — — — — — — — — — 151 12 Итого 3227 537 1837 1725 95 — — — — — — — — — — — — — — — — — — — — 302 347 632 2297 2072 — — — — — — — — — 865 66 По 4-му участку волость: Балахтинская 2884 207 599 538 195 — — — — — — — — — — — — — 708 464 402 1307 1184 — — — — — — — — — 1063 393 — — — — — 139 139 А всего 14966 2772 92488360 597 — — — — — — — — — — — — — 2081 1992 3369 1131510352 470 11353 — 421 5332 80 710 7077 30 2194 576 — — 395 5262 20 4861 3624
d173;1898 г.;;92 ПО КРАСНОЯРСКОМУ УЕЗДУПО КРАСНОЯРСКОМУ УЕЗДУ назВани Е уЕзда и ВолостЕй На какое число душ м. п. участок образован Число водво рившихся Воспользовались в отчетном году ссудами Зачислено за ходоками Свободных До 1898 г. Семей, вышедших в отчет ном году из губерний На домоустройство На продовольствие На посев Семей Душ Всего Прибывших Витебской Виленской Вятской Киевской Минской Гродненской Калужской Харьковской Гродненской Минской Полтавской Душ Всего до 1899 г. Семей Сумма Семей Сумма Семей Сумма Мужчин Женщин С разрешения Самовольно Мужского Женского Семей Душ руб.коп. руб.коп. руб.коп. Мужчин Женщин Красноярского уезда волости: Вознесенская 1215 39 112 81 98 92 6 16 37 2 3 8 — 3 1 — — 5 265 235 137 377 316 67 2495 — 40 445 — 30 470 — 782 49 Еловская 1084 81 258 219 44 44 — 4 14 — — 26 — — — — — — 173 141 125 431 360 44 1269 — 36 416 — 8 124 — 568 89 Погорельская 564 61 167 169 41 41 — — 4 — 35 — — — — — 2 — 120 113 102 287 282 40 1180 — 38 400 — 32 480 — 185 89 Заледеевская 48 — — — 5 5 — 4 — — — — — — — — — 1 16 14 5 16 14 4 120 — 1 5 — 2 22 — 31 1 Итого 2911 181 537 469 188 182 6 24 55 2 38 34 — 3 1 — 2 6 574 503 369 1111 972 155 5064 — 115 1266 — 72 1096 — 1566 228
d174;1899 г.;;92 ПО КРАСНОЯРСКОМУ УЕЗДУПО КРАСНОЯРСКОМУ УЕЗДУ назВани Е уЕзда и ВолостЕй На какое число душ м. п. участок образован Число водво рившихся Воспользовались в отчетном году ссудами Зачислено за ходоками Свободных До 1898 г. Семей, вышедших в отчет ном году из губерний На домоустройство На продовольствие На посев Семей Душ Всего Прибывших Витебской Виленской Вятской Киевской Минской Гродненской Калужской Харьковской Гродненской Минской Полтавской Душ Всего до 1899 г. Семей Сумма Семей Сумма Семей Сумма Мужчин Женщин С разрешения Самовольно Мужского Женского Семей Душ руб.коп. руб.коп. руб.коп. Мужчин Женщин Красноярского уезда волости: Вознесенская 1215 39 112 81 98 92 6 16 37 2 3 8 — 3 1 — — 5 265 235 137 377 316 67 2495 — 40 445 — 30 470 — 782 49 Еловская 1084 81 258 219 44 44 — 4 14 — — 26 — — — — — — 173 141 125 431 360 44 1269 — 36 416 — 8 124 — 568 89 Погорельская 564 61 167 169 41 41 — — 4 — 35 — — — — — 2 — 120 113 102 287 282 40 1180 — 38 400 — 32 480 — 185 89 Заледеевская 48 — — — 5 5 — 4 — — — — — — — — — 1 16 14 5 16 14 4 120 — 1 5 — 2 22 — 31 1 Итого 2911 181 537 469 188 182 6 24 55 2 38 34 — 3 1 — 2 6 574 503 369 1111 972 155 5064 — 115 1266 — 72 1096 — 1566 228
d175;1898 г.;;93 ПО КРАСНОЯРСКОМУ УЕЗДУПО КРАСНОЯРСКОМУ УЕЗДУ назВани Е уЕзда и Во лост Ей На какое число душ м. п. участок образован Число водво рившихся Воспользовались в отчетном году ссудами Зачислено за ходоками Свободных До 1898 г. Семей, вышедших в отчет ном году из губерний На домоустройство На продовольствие На посев Семей Душ Всего Прибывших Витебской Виленской Вятской Киевской Минской Гродненской Калужской Харьковской Гродненской Минской Полтавской Душ Всего до 1899 г. Семей Сумма Семей Сумма Семей Сумма Мужчин Женщин С разрешения Самовольно Мужского Женского Семей Душ руб.коп. руб.коп. руб.коп. Мужчин Женщин Красноярского уезда волости: Вознесенская 1215 39 112 81 98 92 6 16 37 2 3 8 — 3 1 — — 5 265 235 137 377 316 67 2495 — 40 445 — 30 470 — 782 49 Еловская 1084 81 258 219 44 44 — 4 14 — — 26 — — — — — — 173 141 125 431 360 44 1269 — 36 416 — 8 124 — 568 89 Погорельская 564 61 167 169 41 41 — — 4 — 35 — — — — — 2 — 120 113 102 287 282 40 1180 — 38 400 — 32 480 — 185 89 Заледеевская 48 — — — 5 5 — 4 — — — — — — — — — 1 16 14 5 16 14 4 120 — 1 5 — 2 22 — 31 1 Итого 2911 181 537 469 188 182 6 24 55 2 38 34 — 3 1 — 2 6 574 503 369 1111 972 155 5064 — 115 1266 — 72 1096 — 1566 228
d176;1899 г.;;93 ПО КРАСНОЯРСКОМУ УЕЗДУПО КРАСНОЯРСКОМУ УЕЗДУ назВани Е уЕзда и Во лост Ей На какое число душ м. п. участок образован Число водво рившихся Воспользовались в отчетном году ссудами Зачислено за ходоками Свободных До 1898 г. Семей, вышедших в отчет ном году из губерний На домоустройство На продовольствие На посев Семей Душ Всего Прибывших Витебской Виленской Вятской Киевской Минской Гродненской Калужской Харьковской Гродненской Минской Полтавской Душ Всего до 1899 г. Семей Сумма Семей Сумма Семей Сумма Мужчин Женщин С разрешения Самовольно Мужского Женского Семей Душ руб.коп. руб.коп. руб.коп. Мужчин Женщин Красноярского уезда волости: Вознесенская 1215 39 112 81 98 92 6 16 37 2 3 8 — 3 1 — — 5 265 235 137 377 316 67 2495 — 40 445 — 30 470 — 782 49 Еловская 1084 81 258 219 44 44 — 4 14 — — 26 — — — — — — 173 141 125 431 360 44 1269 — 36 416 — 8 124 — 568 89 Погорельская 564 61 167 169 41 41 — — 4 — 35 — — — — — 2 — 120 113 102 287 282 40 1180 — 38 400 — 32 480 — 185 89 Заледеевская 48 — — — 5 5 — 4 — — — — — — — — — 1 16 14 5 16 14 4 120 — 1 5 — 2 22 — 31 1 Итого 2911 181 537 469 188 182 6 24 55 2 38 34 — 3 1 — 2 6 574 503 369 1111 972 155 5064 — 115 1266 — 72 1096 — 1566 228
d177;1898 г.;;94 ПО КАНСКОМУ УЕЗДУПО КАНСКОМУ УЕЗДУ назВани Е уЕзда На какое число душ м. п. участок образован Число водво рившихся Воспользовались в отчетном году ссудами Зачислено за ходоками Свободных До 1898 г. Семей, вышедших в отчет ном году из губерний На домоустройство На продовольствие На посев Семей Душ Всего Прибывших Полтавской Черниговской Киевской Могилевской Гродненской Витебской Орловской Тамбовской Самарской Тульской Друг. губерний Душ Всего до 1899 г. Семей Сумма Семей Сумма Семей Сумма Мужчин Женщин С разрешения Самовольно Мужского Женского Семей Душ руб.коп. руб.коп. руб.коп. Женщин Канский уезд Восточная часть: 9 I. На участках, образованных чинами губернского межевого ведомства 1-го участка 852 163 457 418 52 — — 4 10 29 — — — 6 9 — — — — 175 147 215 632 565 554 14895 — 112 1180 — 749 10200 — — 4070 II. На участках, образованных 1-й Енисейской партией 83-го участка 15525 386 1368 1124 233 — — 50 33 8 25 24 19 — 6 — — — 68 934 793 619 2302 1917 III. В селениях старожилов — — — — 14 — — — — — — — — — — — — — 44 — 14 44 — — — — — — — — — — — — Западная часть: I. На участках, образованных чинами губернского межевого ведомства 9-го участка 4297 716 2401 2304 106 — — 41 5 — — — — 11 — 8 41 — 428 385 822 2829 2689 1474 34119 — 120 1121 — 1103 15648 — 1240 — II. На участках образованных 1-й Енисейской партiей 53-го участка 12065 576 1698 1640 635 — — 8 20 — — 15 3 153 120 — — — 2406 2089 1211 4104 3729 III. В селениях старожилов — — — — 5 — — — — — — — — — — — 168 148 19 — 5 19 — — — — — — — — — — — — Итого 32739 1841 5924 5486 1045 — — 103 68 37 25 39 22 179 120 8 209 216 4006 3414 2886 9930 8900 2028 49014 — 232 2301 — 1852 25848 — — 5310
d178;1899 г.;;94 ПО КАНСКОМУ УЕЗДУПО КАНСКОМУ УЕЗДУ назВани Е уЕзда На какое число душ м. п. участок образован Число водво рившихся Воспользовались в отчетном году ссудами Зачислено за ходоками Свободных До 1898 г. Семей, вышедших в отчет ном году из губерний На домоустройство На продовольствие На посев Семей Душ Всего Прибывших Полтавской Черниговской Киевской Могилевской Гродненской Витебской Орловской Тамбовской Самарской Тульской Друг. губерний Душ Всего до 1899 г. Семей Сумма Семей Сумма Семей Сумма Мужчин Женщин С разрешения Самовольно Мужского Женского Семей Душ руб.коп. руб.коп. руб.коп. Женщин Канский уезд Восточная часть: 9 I. На участках, образованных чинами губернского межевого ведомства 1-го участка 852 163 457 418 52 — — 4 10 29 — — — 6 9 — — — — 175 147 215 632 565 554 14895 — 112 1180 — 749 10200 — — 4070 II. На участках, образованных 1-й Енисейской партией 83-го участка 15525 386 1368 1124 233 — — 50 33 8 25 24 19 — 6 — — — 68 934 793 619 2302 1917 III. В селениях старожилов — — — — 14 — — — — — — — — — — — — — 44 — 14 44 — — — — — — — — — — — — Западная часть: I. На участках, образованных чинами губернского межевого ведомства 9-го участка 4297 716 2401 2304 106 — — 41 5 — — — — 11 — 8 41 — 428 385 822 2829 2689 1474 34119 — 120 1121 — 1103 15648 — 1240 — II. На участках образованных 1-й Енисейской партiей 53-го участка 12065 576 1698 1640 635 — — 8 20 — — 15 3 153 120 — — — 2406 2089 1211 4104 3729 III. В селениях старожилов — — — — 5 — — — — — — — — — — — 168 148 19 — 5 19 — — — — — — — — — — — — Итого 32739 1841 5924 5486 1045 — — 103 68 37 25 39 22 179 120 8 209 216 4006 3414 2886 9930 8900 2028 49014 — 232 2301 — 1852 25848 — — 5310
d179;1898 г.;;95 ПО КАНСКОМУ УЕЗДУПО КАНСКОМУ УЕЗДУ назВани Е уЕзда На какое число душ м. п. участок образован Число водво рившихся Воспользовались в отчетном году ссудами Зачислено за ходоками Свободных До 1898 г. Семей, вышедших в отчет ном году из губерний На домоустройство На продовольствие На посев Семей Душ Всего Прибывших Полтавской Черниговской Киевской Могилевской Гродненской Витебской Орловской Тамбовской Самарской Тульской Друг. губерний Душ Всего до 1899 г. Семей Сумма Семей Сумма Семей Сумма Мужчин Женщин С разрешения Самовольно Мужского Женского Семей Душ руб.коп. руб.коп. руб.коп. Женщин Канский уезд Восточная часть: 9 I. На участках, образованных чинами губернского межевого ведомства 1-го участка 852 163 457 418 52 — — 4 10 29 — — — 6 9 — — — — 175 147 215 632 565 554 14895 — 112 1180 — 749 10200 — — 4070 II. На участках, образованных 1-й Енисейской партией 83-го участка 15525 386 1368 1124 233 — — 50 33 8 25 24 19 — 6 — — — 68 934 793 619 2302 1917 III. В селениях старожилов — — — — 14 — — — — — — — — — — — — — 44 — 14 44 — — — — — — — — — — — — Западная часть: I. На участках, образованных чинами губернского межевого ведомства 9-го участка 4297 716 2401 2304 106 — — 41 5 — — — — 11 — 8 41 — 428 385 822 2829 2689 1474 34119 — 120 1121 — 1103 15648 — 1240 — II. На участках образованных 1-й Енисейской партiей 53-го участка 12065 576 1698 1640 635 — — 8 20 — — 15 3 153 120 — — — 2406 2089 1211 4104 3729 III. В селениях старожилов — — — — 5 — — — — — — — — — — — 168 148 19 — 5 19 — — — — — — — — — — — — Итого 32739 1841 5924 5486 1045 — — 103 68 37 25 39 22 179 120 8 209 216 4006 3414 2886 9930 8900 2028 49014 — 232 2301 — 1852 25848 — — 5310
d180;1899 г.;;95 ПО КАНСКОМУ УЕЗДУПО КАНСКОМУ УЕЗДУ назВани Е уЕзда На какое число душ м. п. участок образован Число водво рившихся Воспользовались в отчетном году ссудами Зачислено за ходоками Свободных До 1898 г. Семей, вышедших в отчет ном году из губерний На домоустройство На продовольствие На посев Семей Душ Всего Прибывших Полтавской Черниговской Киевской Могилевской Гродненской Витебской Орловской Тамбовской Самарской Тульской Друг. губерний Душ Всего до 1899 г. Семей Сумма Семей Сумма Семей Сумма Мужчин Женщин С разрешения Самовольно Мужского Женского Семей Душ руб.коп. руб.коп. руб.коп. Женщин Канский уезд Восточная часть: 9 I. На участках, образованных чинами губернского межевого ведомства 1-го участка 852 163 457 418 52 — — 4 10 29 — — — 6 9 — — — — 175 147 215 632 565 554 14895 — 112 1180 — 749 10200 — — 4070 II. На участках, образованных 1-й Енисейской партией 83-го участка 15525 386 1368 1124 233 — — 50 33 8 25 24 19 — 6 — — — 68 934 793 619 2302 1917 III. В селениях старожилов — — — — 14 — — — — — — — — — — — — — 44 — 14 44 — — — — — — — — — — — — Западная часть: I. На участках, образованных чинами губернского межевого ведомства 9-го участка 4297 716 2401 2304 106 — — 41 5 — — — — 11 — 8 41 — 428 385 822 2829 2689 1474 34119 — 120 1121 — 1103 15648 — 1240 — II. На участках образованных 1-й Енисейской партiей 53-го участка 12065 576 1698 1640 635 — — 8 20 — — 15 3 153 120 — — — 2406 2089 1211 4104 3729 III. В селениях старожилов — — — — 5 — — — — — — — — — — — 168 148 19 — 5 19 — — — — — — — — — — — — Итого 32739 1841 5924 5486 1045 — — 103 68 37 25 39 22 179 120 8 209 216 4006 3414 2886 9930 8900 2028 49014 — 232 2301 — 1852 25848 — — 5310
d181;1898 г.;;96 ПО МИНУСИНСКОМУ УЕЗДУПО МИНУСИНСКОМУ УЕЗДУНа какое число душ м. п. участок образован Число водво рившихся Воспользовались в отчетном году ссудами Зачислено за ходоками Свободных До 1898 г. Семей, вышедших в отчет ном году из губерний На домоустройство На продовольствиеНа посев Семей Душ Всего Прибывших Курской Херсонской Киевской Черниговской Полтавской Орловской Вятской Пермской Енисейской Воронежской Витебской Подольской Костромской Самарской Тульской Тамбовской Рязанской Екатеринослав Гродненской Курляндской Плоцкой Волынской Саратовской Минской Могилевской Виленской Душ Всего до 1899 г. Семей Сумма Семей Сумма Семей Сумма Мужчин Женщин С разрешения Самовольно Мужского Женского Семей Душ руб.коп. руб.коп. руб.коп. Мужчин Женщин По 1-му участку волости: Тесинская 1424 — 673 — — — — 57 27 — 19 48 3 2 — — — — — — — — — — — — — — — — — — — 156 — — 829 — — — — — — — — — — 424 171 Курагинская 1598 — 1051 — — — — 3 — — — — — 22 51 — — — — — — — — — — — — — — — — — — 76 — — 1126 — — — — — — — — — — 273 198 Ермаковская 1254 — 583 — — — — — 14 — — — 49 11 13 8 53 8 — 2 5 39 6 2 3 — — — — — — — — 213 — — 797 — — — — — — — — — — 448 124 Сагайская 1226 — 574 — — — — — 41 8 — — 1 6 — 3 — — — — — 45 2 — 3 — — — — — — — — 109 — — 683 — — — — — — — — — — 270 273 Бейская 59 — 42 — — — — — 12 1 — — — — — — — — 4 — — — — — — — — — — — — — — 17 — — 59 — — — — — — — — — — — — Итого 5921 2923 60 94 9 19 48 53 41 64 11 53 8 4 2 5 84 8 2 6 571 3494 1415 766 По 2-му участку: Абаканская 2644 76 242 187 71 57 14 — — — 5 2 2 — — — — 38 — — — — — 1 — 9 1 1 3 — 2 5 2 239 198 147 481 385 51 1940 — 30 466 30 34 538 10 983 939 Идринская 1901 352 1030 943 28 20 8 — — — — 10 — 2 — — — — — — — 1 — — — — — — — 14 1 — — 91 82 380 1121 1025 21 665 — 9 112 40 7 99 20 379 251 Новоселовская 283 — — — 1 1 — — — — — — — — — — — 1 — — — — — — — — — — — — — — — 7 3 1 7 3 1 30 — — — — — — — 25 180 Причислено к обществам крестьян-старожилов — — — — 5 5 — — — — — — 2 — — — — — — — — — — — — — — — 3 — — — — 17 20 5 17 20 3 90 — 4 90 — — — — — — Итого 4828 428 1272 1130 105 83 22 — — — 5 12 4 2 — — — 39 — — — 1 — 1 — — 1 1 6 14 3 5 2 354 303 533 1626 1433 76 2725 — 43 668 70 41 637 30 1387 1370 Всего 10749 428 4195 1130 105 83 22 60 94 9 24 60 57 43 64 11 53 47 4 2 5 85 8 3 6 9 1 1 6 14 3 5 4 925 303 533 5120 1433 76 2725 — 43 668 70 41 637 30 2802 2136
d182;1899 г.;;96 ПО МИНУСИНСКОМУ УЕЗДУПО МИНУСИНСКОМУ УЕЗДУНа какое число душ м. п. участок образован Число водво рившихся Воспользовались в отчетном году ссудами Зачислено за ходоками Свободных До 1898 г. Семей, вышедших в отчет ном году из губерний На домоустройство На продовольствиеНа посев Семей Душ Всего Прибывших Курской Херсонской Киевской Черниговской Полтавской Орловской Вятской Пермской Енисейской Воронежской Витебской Подольской Костромской Самарской Тульской Тамбовской Рязанской Екатеринослав Гродненской Курляндской Плоцкой Волынской Саратовской Минской Могилевской Виленской Душ Всего до 1899 г. Семей Сумма Семей Сумма Семей Сумма Мужчин Женщин С разрешения Самовольно Мужского Женского Семей Душ руб.коп. руб.коп. руб.коп. Мужчин Женщин По 1-му участку волости: Тесинская 1424 — 673 — — — — 57 27 — 19 48 3 2 — — — — — — — — — — — — — — — — — — — 156 — — 829 — — — — — — — — — — 424 171 Курагинская 1598 — 1051 — — — — 3 — — — — — 22 51 — — — — — — — — — — — — — — — — — — 76 — — 1126 — — — — — — — — — — 273 198 Ермаковская 1254 — 583 — — — — — 14 — — — 49 11 13 8 53 8 — 2 5 39 6 2 3 — — — — — — — — 213 — — 797 — — — — — — — — — — 448 124 Сагайская 1226 — 574 — — — — — 41 8 — — 1 6 — 3 — — — — — 45 2 — 3 — — — — — — — — 109 — — 683 — — — — — — — — — — 270 273 Бейская 59 — 42 — — — — — 12 1 — — — — — — — — 4 — — — — — — — — — — — — — — 17 — — 59 — — — — — — — — — — — — Итого 5921 2923 60 94 9 19 48 53 41 64 11 53 8 4 2 5 84 8 2 6 571 3494 1415 766 По 2-му участку: Абаканская 2644 76 242 187 71 57 14 — — — 5 2 2 — — — — 38 — — — — — 1 — 9 1 1 3 — 2 5 2 239 198 147 481 385 51 1940 — 30 466 30 34 538 10 983 939 Идринская 1901 352 1030 943 28 20 8 — — — — 10 — 2 — — — — — — — 1 — — — — — — — 14 1 — — 91 82 380 1121 1025 21 665 — 9 112 40 7 99 20 379 251 Новоселовская 283 — — — 1 1 — — — — — — — — — — — 1 — — — — — — — — — — — — — — — 7 3 1 7 3 1 30 — — — — — — — 25 180 Причислено к обществам крестьян-старожилов — — — — 5 5 — — — — — — 2 — — — — — — — — — — — — — — — 3 — — — — 17 20 5 17 20 3 90 — 4 90 — — — — — — Итого 4828 428 1272 1130 105 83 22 — — — 5 12 4 2 — — — 39 — — — 1 — 1 — — 1 1 6 14 3 5 2 354 303 533 1626 1433 76 2725 — 43 668 70 41 637 30 1387 1370 Всего 10749 428 4195 1130 105 83 22 60 94 9 24 60 57 43 64 11 53 47 4 2 5 85 8 3 6 9 1 1 6 14 3 5 4 925 303 533 5120 1433 76 2725 — 43 668 70 41 637 30 2802 2136
d183;1898 г.;;97 ПО МИНУСИНСКОМУ УЕЗДУПО МИНУСИНСКОМУ УЕЗДУНа какое число душ м. п. участок образован Число водво рившихся Воспользовались в отчетном году ссудами Зачислено за ходоками Свободных До 1898 г. Семей, вышедших в отчет ном году из губерний На домоустройство На продовольствиеНа посев Семей Душ Всего Прибывших Курской Херсонской Киевской Черниговской Полтавской Орловской Вятской Пермской Енисейской Воронежской Витебской Подольской Костромской Самарской Тульской Тамбовской Рязанской Екатеринослав Гродненской Курляндской Плоцкой Волынской Саратовской Минской Могилевской Виленской Душ Всего до 1899 г. Семей Сумма Семей Сумма Семей Сумма Мужчин Женщин С разрешения Самовольно Мужского Женского Семей Душ руб.коп. руб.коп. руб.коп. Мужчин Женщин По 1-му участку волости: Тесинская 1424 — 673 — — — — 57 27 — 19 48 3 2 — — — — — — — — — — — — — — — — — — — 156 — — 829 — — — — — — — — — — 424 171 Курагинская 1598 — 1051 — — — — 3 — — — — — 22 51 — — — — — — — — — — — — — — — — — — 76 — — 1126 — — — — — — — — — — 273 198 Ермаковская 1254 — 583 — — — — — 14 — — — 49 11 13 8 53 8 — 2 5 39 6 2 3 — — — — — — — — 213 — — 797 — — — — — — — — — — 448 124 Сагайская 1226 — 574 — — — — — 41 8 — — 1 6 — 3 — — — — — 45 2 — 3 — — — — — — — — 109 — — 683 — — — — — — — — — — 270 273 Бейская 59 — 42 — — — — — 12 1 — — — — — — — — 4 — — — — — — — — — — — — — — 17 — — 59 — — — — — — — — — — — — Итого 5921 2923 60 94 9 19 48 53 41 64 11 53 8 4 2 5 84 8 2 6 571 3494 1415 766 По 2-му участку: Абаканская 2644 76 242 187 71 57 14 — — — 5 2 2 — — — — 38 — — — — — 1 — 9 1 1 3 — 2 5 2 239 198 147 481 385 51 1940 — 30 466 30 34 538 10 983 939 Идринская 1901 352 1030 943 28 20 8 — — — — 10 — 2 — — — — — — — 1 — — — — — — — 14 1 — — 91 82 380 1121 1025 21 665 — 9 112 40 7 99 20 379 251 Новоселовская 283 — — — 1 1 — — — — — — — — — — — 1 — — — — — — — — — — — — — — — 7 3 1 7 3 1 30 — — — — — — — 25 180 Причислено к обществам крестьян-старожилов — — — — 5 5 — — — — — — 2 — — — — — — — — — — — — — — — 3 — — — — 17 20 5 17 20 3 90 — 4 90 — — — — — — Итого 4828 428 1272 1130 105 83 22 — — — 5 12 4 2 — — — 39 — — — 1 — 1 — — 1 1 6 14 3 5 2 354 303 533 1626 1433 76 2725 — 43 668 70 41 637 30 1387 1370 Всего 10749 428 4195 1130 105 83 22 60 94 9 24 60 57 43 64 11 53 47 4 2 5 85 8 3 6 9 1 1 6 14 3 5 4 925 303 533 5120 1433 76 2725 — 43 668 70 41 637 30 2802 2136
d184;1899 г.;;97 ПО МИНУСИНСКОМУ УЕЗДУПО МИНУСИНСКОМУ УЕЗДУНа какое число душ м. п. участок образован Число водво рившихся Воспользовались в отчетном году ссудами Зачислено за ходоками Свободных До 1898 г. Семей, вышедших в отчет ном году из губерний На домоустройство На продовольствиеНа посев Семей Душ Всего Прибывших Курской Херсонской Киевской Черниговской Полтавской Орловской Вятской Пермской Енисейской Воронежской Витебской Подольской Костромской Самарской Тульской Тамбовской Рязанской Екатеринослав Гродненской Курляндской Плоцкой Волынской Саратовской Минской Могилевской Виленской Душ Всего до 1899 г. Семей Сумма Семей Сумма Семей Сумма Мужчин Женщин С разрешения Самовольно Мужского Женского Семей Душ руб.коп. руб.коп. руб.коп. Мужчин Женщин По 1-му участку волости: Тесинская 1424 — 673 — — — — 57 27 — 19 48 3 2 — — — — — — — — — — — — — — — — — — — 156 — — 829 — — — — — — — — — — 424 171 Курагинская 1598 — 1051 — — — — 3 — — — — — 22 51 — — — — — — — — — — — — — — — — — — 76 — — 1126 — — — — — — — — — — 273 198 Ермаковская 1254 — 583 — — — — — 14 — — — 49 11 13 8 53 8 — 2 5 39 6 2 3 — — — — — — — — 213 — — 797 — — — — — — — — — — 448 124 Сагайская 1226 — 574 — — — — — 41 8 — — 1 6 — 3 — — — — — 45 2 — 3 — — — — — — — — 109 — — 683 — — — — — — — — — — 270 273 Бейская 59 — 42 — — — — — 12 1 — — — — — — — — 4 — — — — — — — — — — — — — — 17 — — 59 — — — — — — — — — — — — Итого 5921 2923 60 94 9 19 48 53 41 64 11 53 8 4 2 5 84 8 2 6 571 3494 1415 766 По 2-му участку: Абаканская 2644 76 242 187 71 57 14 — — — 5 2 2 — — — — 38 — — — — — 1 — 9 1 1 3 — 2 5 2 239 198 147 481 385 51 1940 — 30 466 30 34 538 10 983 939 Идринская 1901 352 1030 943 28 20 8 — — — — 10 — 2 — — — — — — — 1 — — — — — — — 14 1 — — 91 82 380 1121 1025 21 665 — 9 112 40 7 99 20 379 251 Новоселовская 283 — — — 1 1 — — — — — — — — — — — 1 — — — — — — — — — — — — — — — 7 3 1 7 3 1 30 — — — — — — — 25 180 Причислено к обществам крестьян-старожилов — — — — 5 5 — — — — — — 2 — — — — — — — — — — — — — — — 3 — — — — 17 20 5 17 20 3 90 — 4 90 — — — — — — Итого 4828 428 1272 1130 105 83 22 — — — 5 12 4 2 — — — 39 — — — 1 — 1 — — 1 1 6 14 3 5 2 354 303 533 1626 1433 76 2725 — 43 668 70 41 637 30 1387 1370 Всего 10749 428 4195 1130 105 83 22 60 94 9 24 60 57 43 64 11 53 47 4 2 5 85 8 3 6 9 1 1 6 14 3 5 4 925 303 533 5120 1433 76 2725 — 43 668 70 41 637 30 2802 2136
d185;1898 г.;;98 Образование из казенных земель переселенческих и запасных участков В 1898 г. в Енисейской губернии работало две партии Министерства земледелия и государственных имуществ по образованию из казенных земель переселенческих и запасных участков: 1-я Енисейская партия в Канском уезде и 2-я в Ачинском и Минусинском уездах. Следующая сводная таблица показывает результаты одной 1-й партии в 1898 г. назВаниЕ округа и Волости Число участков Площадь земли в десятинахНа какое число душ м. п. образован участок УдобнойНеудобнойВсего Канский уезд Ирбейская волость: переселенческий участок 1 3950,6 149,92 4100,52 255 Тинская волость: переселенческих 7 24608,02 3911,04 28519,06 1582 запасных 2 5839,88 217,1 6056,98 373 Тасеевская волость: переселенческих 3 9188,04 1054,37 10242,41 587 запасный 1 3049,6 616,8 3666,4 195 Устьянская волость: переселенческих 7 22897,2 5894,67 28791,87 1475 запасных 3 4189,4 584,6 4774 278 И т о г о переселенческих 18 60643,86 11007 71650,86 3899 запасных 6 13078,88 1418,5 14497,38 851 А всего 24 73722,74 12425,5 86148,24 4750 Вторая же партия занималась исследованием таежных пространств в Манском и Кемчугском районах по закону 27 апреля 1896 г. В обоих районах таежных пространств исследовано 770 тыс. дес. Из этого числа проектировано : лесных дач 250 тыс. дес., для отвода переселенческих участков 148 тыс. дес., под вольные заселения 362 тыс. дес . и предположено в запас для населения 10 тыс. дес.
d186;1898 г.;;98 Образование из казенных земель переселенческих и запасных участков В 1898 г. в Енисейской губернии работало две партии Министерства земледелия и государственных имуществ по образованию из казенных земель переселенческих и запасных участков: 1-я Енисейская партия в Канском уезде и 2-я в Ачинском и Минусинском уездах. Следующая сводная таблица показывает результаты одной 1-й партии в 1898 г. назВаниЕ округа и Волости Число участков Площадь земли в десятинахНа какое число душ м. п. образован участок УдобнойНеудобнойВсего Канский уезд Ирбейская волость: переселенческий участок 1 3950,6 149,92 4100,52 255 Тинская волость: переселенческих 7 24608,02 3911,04 28519,06 1582 запасных 2 5839,88 217,1 6056,98 373 Тасеевская волость: переселенческих 3 9188,04 1054,37 10242,41 587 запасный 1 3049,6 616,8 3666,4 195 Устьянская волость: переселенческих 7 22897,2 5894,67 28791,87 1475 запасных 3 4189,4 584,6 4774 278 И т о г о переселенческих 18 60643,86 11007 71650,86 3899 запасных 6 13078,88 1418,5 14497,38 851 А всего 24 73722,74 12425,5 86148,24 4750 Вторая же партия занималась исследованием таежных пространств в Манском и Кемчугском районах по закону 27 апреля 1896 г. В обоих районах таежных пространств исследовано 770 тыс. дес. Из этого числа проектировано : лесных дач 250 тыс. дес., для отвода переселенческих участков 148 тыс. дес., под вольные заселения 362 тыс. дес . и предположено в запас для населения 10 тыс. дес.
d187;27 апреля 1896 г.;;98 Образование из казенных земель переселенческих и запасных участков В 1898 г. в Енисейской губернии работало две партии Министерства земледелия и государственных имуществ по образованию из казенных земель переселенческих и запасных участков: 1-я Енисейская партия в Канском уезде и 2-я в Ачинском и Минусинском уездах. Следующая сводная таблица показывает результаты одной 1-й партии в 1898 г. назВаниЕ округа и Волости Число участков Площадь земли в десятинахНа какое число душ м. п. образован участок УдобнойНеудобнойВсего Канский уезд Ирбейская волость: переселенческий участок 1 3950,6 149,92 4100,52 255 Тинская волость: переселенческих 7 24608,02 3911,04 28519,06 1582 запасных 2 5839,88 217,1 6056,98 373 Тасеевская волость: переселенческих 3 9188,04 1054,37 10242,41 587 запасный 1 3049,6 616,8 3666,4 195 Устьянская волость: переселенческих 7 22897,2 5894,67 28791,87 1475 запасных 3 4189,4 584,6 4774 278 И т о г о переселенческих 18 60643,86 11007 71650,86 3899 запасных 6 13078,88 1418,5 14497,38 851 А всего 24 73722,74 12425,5 86148,24 4750 Вторая же партия занималась исследованием таежных пространств в Манском и Кемчугском районах по закону 27 апреля 1896 г. В обоих районах таежных пространств исследовано 770 тыс. дес. Из этого числа проектировано : лесных дач 250 тыс. дес., для отвода переселенческих участков 148 тыс. дес., под вольные заселения 362 тыс. дес . и предположено в запас для населения 10 тыс. дес.
d188;1 января 1898 г.;;№ 4 ВЕДОМОСТЬ О ПОСТУПЛЕНИИ СБОРОВ И НЕДОИМОК В ЕНИСЕЙСКОЙ ГУБЕРНИИ ЗА 1898 ГОД Наименование окладных сборов, разрядов плательщиков и уездов К 1 января 1898 г. числилось ПричисленоИсключено За причислениями и исключениями причиталось к поступлению Недоимок Оклада Отсроченных и рассроченных Срочных Отсроченных и рассроченных Срочных Отсроченных и рассроченных Срочных Всего В том числеОтсроченных и рассроченных Срочных Подати и окладные платежи § 1 ст. 7. I. Подушная подать С крестьян-старожилов 12637–31 8107–59* — * 2790–29* 419–90 21306–2 * 11518–* * — из ссыльных — 4915–2 — * — 3785–32* * — 288–* * — казаков * 21–17 1/* — 1–22 1–22 — 53–19 30–79*/* 22–* * — административно сосланных — * — 35–78* — 664–66* 90–71*/* — 90–* * С оседлых инородцев — * — — — — 59–63*/* — * * С купцов и мещан, проживающих в селениях — 296–79 — — — 36–5½ * — 170–* * С кочевых инородцев — 25–80 — — — 1–2 24–78 — 24–78 * С поселенцев — полнаго оклада — 548*–97 — 804–27 — *7821–32 443–* — 443–* * — половиннаго оклада — 1237–44* — 238–* — * * — * * Итого 12*–85⅓ 20624–2⅓ — 4196–47* 2791–54* 11953–* 22704–* 9877–* * * 44 * податн. следующей к поступлению в 1898 г. с кочевых и бродячих инородцев — 11700–51 — — — — 11700–51 1700–51 * Межевой сбор С крестьян-старожилов — 414–* — 8–45 — 1–79* 420–* — 420–93 * — из ссыльных — 771–* — 1–26 — 743– 61 29–* — 29–37* * — казаков — 1–83 — — — — 1–83 — 1–83 * — переселенцев половиннаго оклада — 1–23 — –79 — *–9 1–81 — 1–84 *
d189;1898 г.;;№ 4 ВЕДОМОСТЬ О ПОСТУПЛЕНИИ СБОРОВ И НЕДОИМОК В ЕНИСЕЙСКОЙ ГУБЕРНИИ ЗА 1898 ГОД Наименование окладных сборов, разрядов плательщиков и уездов К 1 января 1898 г. числилось ПричисленоИсключено За причислениями и исключениями причиталось к поступлению Недоимок Оклада Отсроченных и рассроченных Срочных Отсроченных и рассроченных Срочных Отсроченных и рассроченных Срочных Всего В том числеОтсроченных и рассроченных Срочных Подати и окладные платежи § 1 ст. 7. I. Подушная подать С крестьян-старожилов 12637–31 8107–59* — * 2790–29* 419–90 21306–2 * 11518–* * — из ссыльных — 4915–2 — * — 3785–32* * — 288–* * — казаков * 21–17 1/* — 1–22 1–22 — 53–19 30–79*/* 22–* * — административно сосланных — * — 35–78* — 664–66* 90–71*/* — 90–* * С оседлых инородцев — * — — — — 59–63*/* — * * С купцов и мещан, проживающих в селениях — 296–79 — — — 36–5½ * — 170–* * С кочевых инородцев — 25–80 — — — 1–2 24–78 — 24–78 * С поселенцев — полнаго оклада — 548*–97 — 804–27 — *7821–32 443–* — 443–* * — половиннаго оклада — 1237–44* — 238–* — * * — * * Итого 12*–85⅓ 20624–2⅓ — 4196–47* 2791–54* 11953–* 22704–* 9877–* * * 44 * податн. следующей к поступлению в 1898 г. с кочевых и бродячих инородцев — 11700–51 — — — — 11700–51 1700–51 * Межевой сбор С крестьян-старожилов — 414–* — 8–45 — 1–79* 420–* — 420–93 * — из ссыльных — 771–* — 1–26 — 743– 61 29–* — 29–37* * — казаков — 1–83 — — — — 1–83 — 1–83 * — переселенцев половиннаго оклада — 1–23 — –79 — *–9 1–81 — 1–84 *
d190;1 января 1899 г.;;107 В счет платежей отчетного года В счет платежей будущих лет поступило по казначействам своей губернии и исключено за поступлением по казначействам других губерний Осталось в недоимках к 1 января 1899 г. Всего (оклада и недоимки) поступило по казначейства своей губернии за другие Примечания Поступило по казначействам своей губернии в отчетном году Зачтено за поступлением в прежние годы по своей и по другим губерниям Исключено за поступлением по казначействам других губерний в отчетном году Всего поступило, зачтено и исключено Всего В том числе Недоимок отсрочен. и рассроченных Оклада Отсрочен. и рассроченных Срочных и оклада отч. года Недоимок Оклада Недоимок Оклада Недоимок Оклада * 104294–43 — * — — * — 187—2 * 9847—* 14676—* — * 726—* — *—81 * — — * — 9—* 2—11 — 2—11 — * 780—62 — * —1 — — 788—6 — *—1 46—37* 30—79 * 15—58 — * 72—* — * — — 167—83 — — — — — — * 1937—50 — *—2 — — * — — 91—66* — 91—* — * 22—49 — 1—34 — — 43—76 — 1—35 243—* — 243—* — * 2161—18 — *—3 — — 2163—* — — 28—35 — 28—35 — * 1467—* — 195—1 * — — 2106—* — 3—* — — — — * * — * — — * — — — — — — * 1*2122–* — 1*2122— * — — 117378—* — * * 9877—84 * — * — — — — — — — — — — *–59* — * 2542–71* — * — — 2742–12* — 1–65* 341–40 — 341–40 — * 41–62* — *–90 — — 71–90 — 7–7 — — — — * 18–34 — — — — 18–50 — — 1–70* — 1–70* — * 8–2* — *–5 * — — 9–32 — — 2–91 — 2–91 —
d191;1 января 1898 г.;;108 Наименование окладных сборов, разрядов плательщиков и уездов К 1 января 1898 г. числилось ПричисленоИсключено За причислениями и исключениями причиталось к поступлению Недоимок Оклада Отсроченных и рассроченных Срочных Отсроченных и рассроченных Срочных Отсроченных и рассроченных Срочных Всего В том числеОтсроченных и рассроченных Срочных — административно сосланных — 102–83* — 4–1* — 98–1* 8–75 — 8–75 * С оседлых инородцев — 3–9 — — — — 3–9 — 3–9 * С купцов и мещан, проживающих в селениях — 27–46* — — — 4–* 23–46 — 23–46 * С кочевых инородцев — 2–91 — — — — 2–91 — 2–91 * Итого — * — 11–12* — 847–60* * — 492–18* * § 1 ст. 8 Оборочная подать С мещан г. Канска *–44 — — 231–54 231–54 — 2301–44 1972–* * * С крестьян-старожилов * * — * 9157–47* 980–4 48875–* 16721–70 32153–* * — из ссыльных — * — 64–6 — 8226–* 418–75* — 118–75* * — переселенцев полного оклада — 66–63 — * — *–22 116–* — 116–63* * — переселенцев половинного оклада — — — — — — — — — * — административно сосланных — *–44 — 123–30 — 1484–81 143–* — 143–99 * С купцов и мещан, живущих в селениях — 442–85* — — — 80–83 362–2* — 362–2* * С поселенцев — полнаго оклада — 13017–* — 1795–* — *–72* 1338–2 — 1308–2 * — половиннаго оклада — *–71* — 787–87 — * 493–* — * * Итого 28183–70* 51882–70* — 12777–* — * * * * * § 1 ст. 8 Налога с недвижимого имущества и пеня с налога 1814–61 208–44 * — 642–6 568–21 34–71* 1871–19 1970–40 814–70 * Губернская подать С крестьян-старожилов — 4279–* — 71–67* — 3–18 4347–96* — 4347–96* * — из ссыльных — 18740–* — 77–40* — 2073–* *–92* — 16743–* * — казаков — *–64* — — — 13–41* — — — — — переселенцев половинного оклада — — — 1–54* — — 1–54* — 1–34* — — переселенцев полного оклада — — — — — — — — — * С оседлых инородцев — 8–4* — — — — 8–* — 8–34* *
d192;1 января 1899 г.;;109 В счет платежей отчетного года В счет платежей будущих лет поступило по казначействам своей губернии и исключено за поступлением по казначействам других губерний Осталось в недоимках к 1 января 1899 г. Всего (оклада и недоимки) поступило по казначейства своей губернии за другие Примечания Поступило по казначействам своей губернии в отчетном году Зачтено за поступлением в прежние годы по своей и по другим губерниям Исключено за поступлением по казначействам других губерний в отчетном году Всего поступило, зачтено и исключено Всего В том числе Недоимок отсрочен. и рассроченных Оклада Отсрочен. и рассроченных Срочных и оклада отч. года Недоимок Оклада Недоимок Оклада Недоимок Оклада * 4–29* — *–12 — — 13–16* — 7–18 — — — — * *–19 — *–8 — — 46–* — — 2–11 — 2–11 — * *–54 — — — — 2–71 — — 23–45 — 23–45 — * 201–57 — — — — 291–67 — — 3–53 — 3–53 — * * — 10–22 — — 3105–76* — 1–90* * — 375–* — – 5381—* — — — — 3712—70 — — 1972—* 1972—* — — * * — 1040—* — — 235558—* — 236 —* * 16721—79 43474—46 — * 1485—* — 64—84* — — * — 15—7 6—* — 6—85 — * 749—34* — * — — * — — 246—* — 246—87 * — * — — — — — — — — 4—88 * — 4—88 * — * *—11* — 11—62* — — *—67* — — — — — — * 60–40 — 2–74 — — * — 2–74 * — 566–* — * 2799—* — *—71 — — 4432—97* — — — — — — * 2912—* — * — — * — — — — — — * * — 1767–* — — *–6 — 253–94* 62871–* *–69 44176–* — * *–6 — *–1 — — *–4 — 43–46 1556–33 1076–49 473–93 — * 14725–* — * — — 16219–* — 77–* 2032–* — 2932–68* — * 1376–61 — 2–* — — 2511–34* — 18–11* * — * — * — — — — — — — — — — — — * — — — — — — — — 1–54* — 1–54* — * — — — — — — — — *–71 — 4–71 — * * — 1–6 * — — 135–34* — *–18 *–* — * —
d193;1 января 1898 г.;;110 Наименование окладных сборов, разрядов плательщиков и уездов К 1 января 1898 г. числилось ПричисленоИсключено За причислениями и исключениями причиталось к поступлению Недоимок Оклада Отсроченных и рассроченных Срочных Отсроченных и рассроченных Срочных Отсроченных и рассроченных Срочных Всего В том числеОтсроченных и рассроченных Срочных С купцов и мещан, проживающих в селениях — 878–* — — — 130–15* 747–90 — 747–90 * С кочевых инородцев — 50–25* — — — — 50–25* — 30–25* * С переселенцев полного оклада — 19875–52* — 2202–9* — 3680– 14* 18327–47* — 18297– 47* * С удобных земель, принадлежащих сельским обществам — 7703–31 — 195–* — 24–75* 7873–93 — 7873–* * С прочих сословий С мещан городов — 14763–9 — 131–15* — 1612– 84* * — 13281–25 * С удобных земель, принадлежащих городам — 39–35 — — — — 30–* — *–25 * 10 % сбора с налога недвижимых имуществ городов — 63–13* — — — 50–57* 12–55* — 12–55* * Пеня с 25 % сбора — — — 30–60 — — 20–40 — 20–40 * Итого — 66405–27* — * — 7589–* 61517–17* — 61517–17* * Частная подать С крестьян-старожилов — * — 6–94 — 1–* * — * — — из ссыльных — 2976–* — 15–92 — 264–17* 2727–77 — 2727–77 — — казаков — *–1 — * — — * — 13–63* — — переселенцев половинного оклада — 1–47* — * — * 2–32 — 2–33 — С оседлых инородцев — *–68 — — — — * — *—68 — С купцов и мещан, проживающих в селениях — * — — — 27–46* 176–12* — 170–* — С кочевых инородцев — 1–14 — — — — 1–14 — 1–14 — С переселенцев полного оклада — * — 47–11* — 175–5* 1474–* — 1474–9 — Итого — *–11* — * — 468–* * — * — Оброчной подати с оседлых инородцев по округам — *–75 — — — — 99–75 — *–75 *
d194;1 января 1899 г.;;111 В счет платежей отчетного года В счет платежей будущих лет поступило по казначействам своей губернии и исключено за поступлением по казначействам других губерний Осталось в недоимках к 1 января 1899 г. Всего (оклада и недоимки) поступило по казначейства своей губернии за другие Примечания Поступило по казначействам своей губернии в отчетном году Зачтено за поступлением в прежние годы по своей и по другим губерниям Исключено за поступлением по казначействам других губерний в отчетном году Всего поступило, зачтено и исключено Всего В том числе Недоимок отсрочен. и рассроченных Оклада Отсрочен. и рассроченных Срочных и оклада отч. года Недоимок Оклада Недоимок Оклада Недоимок Оклада * 18–20 — — — — 71–88 — — 791–30 — 791–* — * — — — — — — — — * — *—25* — * * — 222–56 * — — *–14 — 180–26* 18770–* — 18770–20* — * * — *–66* — *–14 — 135–15 16287–* — 10287–* — * *–44* — — — — 17148–48* — — *–21* — 11599–21* — * *–88 — — — — *–23 — — — — — — * 4351–* — 5–69 — — * — — 147–* — 147–* — * — — — — — * — — — — — — * * — *–65* — — 171872–84 — 431–65* 63046–16 — 63046–16 — * — — — — — 587–17* — — 1574–22* — 1574–22* — * — — — — — *–87 — — 2593–90 — *–90 — * — — — — — 12–95 — — *–70 * — *–70* — * — — — — — 1–14 — — 1–19 — 1–19 — * — — — — — *–68 — — — — — — * — — — — — 8–* — — 162–3* — 162–* — * — — — — — — — — 1–14 — 1–14 — * — 1–18* — — — 353–* — — 1140–10* — 1140–10* — * — 1–18* — — — 1078–19* — — 5473–* — 5473–* — * *–57 — 25–49 — — 4140–64 — *–1 * — 123–* —
d195;1 января 1898 г.;;112 Наименование окладных сборов, разрядов плательщиков и уездов К 1 января 1898 г. числилось ПричисленоИсключено За причислениями и исключениями причиталось к поступлению Недоимок Оклада Отсроченных и рассроченных Срочных Отсроченных и рассроченных Срочных Отсроченных и рассроченных Срочных Всего В том числеОтсроченных и рассроченных Срочных Ясачного сбора с кочевых бродячих инородцев по округам — 1905–41 — — — 7–70 1897–71 — *–71 * Пожарного капитала — 886–* — 2–12 — * 852–* — 852–26* — Экономического капитала С поселенцев — полного оклада — *–48 — * — 423–* 1400–51 — 1480–* * — половинного — 887–* — 555–4 — 488–* * — * * Всего по губернии * *–32 — *–56* 12818–74* *–31* 164174–* * *–57* *
d196;1 января 1899 г.;;113 В счет платежей отчетного года В счет платежей будущих лет поступило по казначействам своей губернии и исключено за поступлением по казначействам других губерний Осталось в недоимках к 1 января 1899 г. Всего (оклада и недоимки) поступило по казначейства своей губернии за другие Примечания Поступило по казначействам своей губернии в отчетном году Зачтено за поступлением в прежние годы по своей и по другим губерниям Исключено за поступлением по казначействам других губерний в отчетном году Всего поступило, зачтено и исключено Всего В том числе Недоимок отсрочен. и рассроченных Оклада Отсрочен. и рассроченных Срочных и оклада отч. года Недоимок Оклада Недоимок Оклада Недоимок Оклада * *–98* — *–71* — — 15792–* — * 2732–15 — 2732–15 — * — — — — — 190–5* — — 656–21 — 656–21 — * * — *–15 — — *–92* — 85–44* 1400–92* — 1460–* — * * — 36–75 — — *–12 — 184–78 973–* — 973–25* — * * 1–18* *–75* — — *–4 — 1733–34 177848–2* * 148199–9* —
